# Object Export From Tinkercad Server 2015

mtllib obj.mtl

o obj_0
v -3 		62 		6
v -3 		62 		1
v -3 		59 		6
v -3 		59 		1
v 31 		59 		6
v 31 		59 		1
v 31 		62 		6
v 31 		62 		1
# 8 vertices

g group_0_14900002

usemtl color_14900002
s 0

f 1 	2 	3
f 2 	4 	3
f 5 	6 	7
f 6 	8 	7
f 5 	7 	3
f 7 	1 	3
f 8 	6 	2
f 6 	4 	2
f 7 	8 	1
f 8 	2 	1
f 3 	4 	5
f 4 	6 	5
# 12 faces

 #end of obj_0

o obj_1
v -31 		62 		37
v -31 		62 		21
v -31 		59 		37
v -31 		59 		21
v 32 		59 		37
v 32 		59 		21
v 32 		62 		37
v 32 		62 		21
# 8 vertices

g group_1_1650274

usemtl color_1650274
s 0

f 9 	10 	11
f 10 	12 	11
f 13 	14 	15
f 14 	16 	15
f 13 	15 	11
f 15 	9 	11
f 16 	14 	10
f 14 	12 	10
f 15 	16 	9
f 16 	10 	9
f 11 	12 	13
f 12 	14 	13
# 12 faces

 #end of obj_1

o obj_2
v -31 		62 		21
v -31 		62 		1
v -31 		59 		21
v -31 		59 		1
v -13 		59 		21
v -13 		59 		1
v -13 		62 		21
v -13 		62 		1
# 8 vertices

g group_2_14900002

usemtl color_14900002
s 0

f 17 	18 	19
f 18 	20 	19
f 21 	22 	23
f 22 	24 	23
f 21 	23 	19
f 23 	17 	19
f 24 	22 	18
f 22 	20 	18
f 23 	24 	17
f 24 	18 	17
f 19 	20 	21
f 20 	22 	21
# 12 faces

 #end of obj_2

o obj_3
v -20 		62 		21
v -20 		62 		13
v -20 		59 		21
v -20 		59 		13
v 14 		59 		21
v 14 		59 		13
v 14 		62 		21
v 14 		62 		13
# 8 vertices

g group_3_14900002

usemtl color_14900002
s 0

f 25 	26 	27
f 26 	28 	27
f 29 	30 	31
f 30 	32 	31
f 29 	31 	27
f 31 	25 	27
f 32 	30 	26
f 30 	28 	26
f 31 	32 	25
f 32 	26 	25
f 27 	28 	29
f 28 	30 	29
# 12 faces

 #end of obj_3

o obj_4
v -30 		1 		31
v 29 		1 		31
v -30 		1 		33
v 29 		1 		33
v -30 		60 		33
v 29 		60 		33
v -30 		60 		31
v 29 		60 		31
# 8 vertices

g group_4_1650274

usemtl color_1650274
s 0

f 33 	34 	35
f 34 	36 	35
f 37 	38 	39
f 38 	40 	39
f 37 	39 	35
f 39 	33 	35
f 40 	38 	34
f 38 	36 	34
f 39 	40 	33
f 40 	34 	33
f 35 	36 	37
f 36 	38 	37
# 12 faces

 #end of obj_4

o obj_5
v 13.0978 		62 		29.464
v 13.0778 		62 		29.2665
v 13.0712 		62 		29.0614
v 13.1777 		62 		29.8363
v 13.1311 		62 		29.6539
v 13.311 		62 		30.1784
v 13.2377 		62 		30.0112
v 13.4908 		62 		30.4902
v 13.3942 		62 		30.3381
v 13.724 		62 		30.7718
v 13.6007 		62 		30.6348
v 14.0104 		62 		31.023
v 13.8605 		62 		30.9012
v 14.3501 		62 		31.2349
v 14.1736 		62 		31.1335
v 14.7431 		62 		31.4105
v 14.54 		62 		31.3273
v 15.1894 		62 		31.5498
v 14.9596 		62 		31.4847
v 15.6913 		62 		31.6557
v 15.4331 		62 		31.608
v 16.2508 		62 		31.7193
v 15.9638 		62 		31.6928
v 16.8681 		62 		31.7405
v 16.5522 		62 		31.7352
v 21.1246 		62 		31.0684
v 21.1246 		62 		31.7405
v 17.6375 		62 		26.9181
v 19.8257 		62 		24.2299
v 19.8257 		62 		30.3056
v 17.3077 		62 		26.9181
v 21.1246 		62 		22.7405
v 21.1246 		62 		23.4125
v 20.5451 		62 		23.4125
v 16.0587 		62 		23.4125
v 16.0587 		62 		22.7405
v 16.8015 		62 		26.189
v 17.1678 		62 		26.1824
v 17.6375 		62 		26.1824
v 16.1287 		62 		26.2415
v 16.4551 		62 		26.2087
v 15.5358 		62 		26.3464
v 15.8223 		62 		26.2874
v 15.0176 		62 		26.5018
v 15.2694 		62 		26.4186
v 14.5625 		62 		26.6956
v 14.782 		62 		26.5942
v 14.1717 		62 		26.9256
v 14.359 		62 		26.8061
v 13.8447 		62 		27.1908
v 14.0004 		62 		27.0543
v 13.5782 		62 		27.4834
v 13.704 		62 		27.3338
v 13.3718 		62 		27.8023
v 13.4675 		62 		27.6396
v 13.2238 		62 		28.1481
v 13.291 		62 		27.9715
v 13.1261 		62 		28.5074
v 13.1689 		62 		28.3267
v 13.0773 		62 		28.8747
v 13.0956 		62 		28.69
v 19.8273 		62 		30.3848
v 17.139 		62 		26.9211
v 20.4926 		62 		23.4133
v 16.908 		62 		23.4125
v 20.5451 		62 		31.0684
v 19.8323 		62 		30.4589
v 16.9791 		62 		26.9302
v 20.4419 		62 		23.4155
v 16.9547 		62 		23.413
v 19.8407 		62 		30.5281
v 16.8281 		62 		26.9453
v 20.3927 		62 		23.4193
v 17.0013 		62 		23.4145
v 20.4957 		62 		31.0677
v 19.8523 		62 		30.5921
v 19.8273 		62 		24.1421
v 20.3453 		62 		23.4246
v 17.0479 		62 		23.4171
v 20.4474 		62 		31.0654
v 19.8673 		62 		30.6512
v 20.2995 		62 		23.4314
v 17.0946 		62 		23.4206
v 20.4002 		62 		31.0616
v 19.8856 		62 		30.7052
v 20.2553 		62 		23.4398
v 17.1412 		62 		23.4251
v 20.3541 		62 		31.0563
v 19.9037 		62 		30.7543
v 20.2131 		62 		23.4504
v 17.1878 		62 		23.4307
v 20.3092 		62 		31.0495
v 19.9245 		62 		30.799
v 20.1732 		62 		23.464
v 17.2303 		62 		23.441
v 20.2653 		62 		31.0412
v 19.9481 		62 		30.8391
v 20.1354 		62 		23.4806
v 17.2711 		62 		23.4539
v 20.2229 		62 		31.0306
v 17.6375 		62 		30.9958
v 20.0999 		62 		23.5003
v 17.3102 		62 		23.4693
v 20.1821 		62 		31.017
v 19.9745 		62 		30.8747
v 20.0666 		62 		23.523
v 17.3477 		62 		23.4872
v 20.1429 		62 		31.0003
v 20.0036 		62 		30.9057
v 20.1055 		62 		30.9806
v 20.0355 		62 		30.9322
v 20.0355 		62 		23.5487
v 20.0697 		62 		30.9579
v 20.0036 		62 		23.5808
v 19.9745 		62 		23.6164
v 17.0979 		62 		30.9958
v 19.9481 		62 		23.6555
v 16.9455 		62 		30.9922
v 19.9245 		62 		23.6981
v 16.8015 		62 		30.9816
v 19.9037 		62 		23.7443
v 16.6657 		62 		30.964
v 19.8856 		62 		23.794
v 16.5383 		62 		30.9393
v 19.8673 		62 		23.8515
v 16.4193 		62 		30.9075
v 19.8523 		62 		23.915
v 16.3085 		62 		30.8686
v 19.8407 		62 		23.9847
v 16.2053 		62 		30.8257
v 19.8323 		62 		24.0603
v 16.1087 		62 		30.7758
v 16.0188 		62 		30.7188
v 17.3835 		62 		23.5076
v 15.9355 		62 		30.6547
v 17.4176 		62 		23.5306
v 15.8589 		62 		30.5836
v 17.4498 		62 		23.5596
v 15.789 		62 		30.5054
v 17.4798 		62 		23.5921
v 15.7254 		62 		30.4229
v 17.5076 		62 		23.6282
v 17.5331 		62 		23.6678
v 15.6679 		62 		30.3328
v 17.5564 		62 		23.711
v 15.6166 		62 		30.2352
v 17.5775 		62 		23.7576
v 15.5714 		62 		30.13
v 17.5958 		62 		23.8116
v 15.5322 		62 		30.0172
v 17.6108 		62 		23.8706
v 15.4992 		62 		29.8969
v 17.6225 		62 		23.9347
v 15.4687 		62 		29.769
v 17.6308 		62 		24.0038
v 15.4437 		62 		29.6335
v 17.6358 		62 		24.078
v 15.4243 		62 		29.4905
v 17.6375 		62 		24.1572
v 15.4104 		62 		29.3399
v 15.402 		62 		29.1817
v 15.3993 		62 		29.0159
v 16.686 		62 		26.9665
v 15.4023 		62 		28.8328
v 16.5528 		62 		26.9937
v 15.4115 		62 		28.6587
v 16.4284 		62 		27.027
v 15.4268 		62 		28.4937
v 16.3121 		62 		27.0702
v 15.4481 		62 		28.3378
v 16.2031 		62 		27.1209
v 15.4756 		62 		28.191
v 16.1012 		62 		27.1792
v 15.5092 		62 		28.0533
v 15.5489 		62 		27.9241
v 16.0066 		62 		27.245
v 15.5947 		62 		27.803
v 15.9191 		62 		27.3184
v 15.6466 		62 		27.69
v 15.8389 		62 		27.3994
v 15.7046 		62 		27.5851
v 15.7687 		62 		27.4882
v 13.0712 		63 		29.0614
v 13.0778 		63 		29.2665
v 13.0978 		63 		29.464
v 13.1311 		63 		29.6539
v 13.1777 		63 		29.8363
v 13.2377 		63 		30.0112
v 13.311 		63 		30.1784
v 13.3942 		63 		30.3381
v 13.4908 		63 		30.4902
v 13.6007 		63 		30.6348
v 13.724 		63 		30.7718
v 13.8605 		63 		30.9012
v 14.0104 		63 		31.023
v 14.1736 		63 		31.1335
v 14.3501 		63 		31.2349
v 14.54 		63 		31.3273
v 14.7431 		63 		31.4105
v 14.9596 		63 		31.4847
v 15.1894 		63 		31.5498
v 15.4331 		63 		31.608
v 15.6913 		63 		31.6557
v 15.9638 		63 		31.6928
v 16.2508 		63 		31.7193
v 16.5522 		63 		31.7352
v 16.8681 		63 		31.7405
v 21.1246 		63 		31.7405
v 21.1246 		63 		31.0684
v 19.8257 		63 		30.3056
v 19.8257 		63 		24.2299
v 17.6375 		63 		26.9181
v 17.3077 		63 		26.9181
v 20.5451 		63 		23.4125
v 21.1246 		63 		23.4125
v 21.1246 		63 		22.7405
v 16.0587 		63 		22.7405
v 16.0587 		63 		23.4125
v 17.6375 		63 		26.1824
v 17.1678 		63 		26.1824
v 16.8015 		63 		26.189
v 16.4551 		63 		26.2087
v 16.1287 		63 		26.2415
v 15.8223 		63 		26.2874
v 15.5358 		63 		26.3464
v 15.2694 		63 		26.4186
v 15.0176 		63 		26.5018
v 14.782 		63 		26.5942
v 14.5625 		63 		26.6956
v 14.359 		63 		26.8061
v 14.1717 		63 		26.9256
v 14.0004 		63 		27.0543
v 13.8447 		63 		27.1908
v 13.704 		63 		27.3338
v 13.5782 		63 		27.4834
v 13.4675 		63 		27.6396
v 13.3718 		63 		27.8023
v 13.291 		63 		27.9715
v 13.2238 		63 		28.1481
v 13.1689 		63 		28.3267
v 13.1261 		63 		28.5074
v 13.0956 		63 		28.69
v 13.0773 		63 		28.8747
v 19.8273 		63 		30.3848
v 17.139 		63 		26.9211
v 20.4926 		63 		23.4133
v 16.908 		63 		23.4125
v 20.5451 		63 		31.0684
v 19.8323 		63 		30.4589
v 16.9791 		63 		26.9302
v 20.4419 		63 		23.4155
v 16.9547 		63 		23.413
v 19.8407 		63 		30.5281
v 16.8281 		63 		26.9453
v 20.3927 		63 		23.4193
v 17.0013 		63 		23.4145
v 20.4957 		63 		31.0677
v 19.8523 		63 		30.5921
v 19.8273 		63 		24.1421
v 20.3453 		63 		23.4246
v 17.0479 		63 		23.4171
v 20.4474 		63 		31.0654
v 19.8673 		63 		30.6512
v 20.2995 		63 		23.4314
v 17.0946 		63 		23.4206
v 20.4002 		63 		31.0616
v 19.8856 		63 		30.7052
v 20.2553 		63 		23.4398
v 17.1412 		63 		23.4251
v 20.3541 		63 		31.0563
v 19.9037 		63 		30.7543
v 20.2131 		63 		23.4504
v 17.1878 		63 		23.4307
v 20.3092 		63 		31.0495
v 19.9245 		63 		30.799
v 20.1732 		63 		23.464
v 17.2303 		63 		23.441
v 20.2653 		63 		31.0412
v 19.9481 		63 		30.8391
v 20.1354 		63 		23.4806
v 17.2711 		63 		23.4539
v 20.2229 		63 		31.0306
v 17.6375 		63 		30.9958
v 20.0999 		63 		23.5003
v 17.3102 		63 		23.4693
v 20.1821 		63 		31.017
v 19.9745 		63 		30.8747
v 20.0666 		63 		23.523
v 17.3477 		63 		23.4872
v 20.1429 		63 		31.0003
v 20.0036 		63 		30.9057
v 20.1055 		63 		30.9806
v 20.0355 		63 		30.9322
v 20.0355 		63 		23.5487
v 20.0697 		63 		30.9579
v 20.0036 		63 		23.5808
v 19.9745 		63 		23.6164
v 17.0979 		63 		30.9958
v 19.9481 		63 		23.6555
v 16.9455 		63 		30.9922
v 19.9245 		63 		23.6981
v 16.8015 		63 		30.9816
v 19.9037 		63 		23.7443
v 16.6657 		63 		30.964
v 19.8856 		63 		23.794
v 16.5383 		63 		30.9393
v 19.8673 		63 		23.8515
v 16.4193 		63 		30.9075
v 19.8523 		63 		23.915
v 16.3085 		63 		30.8686
v 19.8407 		63 		23.9847
v 16.2053 		63 		30.8257
v 19.8323 		63 		24.0603
v 16.1087 		63 		30.7758
v 16.0188 		63 		30.7188
v 17.3835 		63 		23.5076
v 15.9355 		63 		30.6547
v 17.4176 		63 		23.5306
v 15.8589 		63 		30.5836
v 17.4498 		63 		23.5596
v 15.789 		63 		30.5054
v 17.4798 		63 		23.5921
v 15.7254 		63 		30.4229
v 17.5076 		63 		23.6282
v 17.5331 		63 		23.6678
v 15.6679 		63 		30.3328
v 17.5564 		63 		23.711
v 15.6166 		63 		30.2352
v 17.5775 		63 		23.7576
v 15.5714 		63 		30.13
v 17.5958 		63 		23.8116
v 15.5322 		63 		30.0172
v 17.6108 		63 		23.8706
v 15.4992 		63 		29.8969
v 17.6225 		63 		23.9347
v 15.4687 		63 		29.769
v 17.6308 		63 		24.0038
v 15.4437 		63 		29.6335
v 17.6358 		63 		24.078
v 15.4243 		63 		29.4905
v 17.6375 		63 		24.1572
v 15.4104 		63 		29.3399
v 15.402 		63 		29.1817
v 15.3993 		63 		29.0159
v 16.686 		63 		26.9665
v 15.4023 		63 		28.8328
v 16.5528 		63 		26.9937
v 15.4115 		63 		28.6587
v 16.4284 		63 		27.027
v 15.4268 		63 		28.4937
v 16.3121 		63 		27.0702
v 15.4481 		63 		28.3378
v 16.2031 		63 		27.1209
v 15.4756 		63 		28.191
v 16.1012 		63 		27.1792
v 15.5092 		63 		28.0533
v 15.5489 		63 		27.9241
v 16.0066 		63 		27.245
v 15.5947 		63 		27.803
v 15.9191 		63 		27.3184
v 15.6466 		63 		27.69
v 15.8389 		63 		27.3994
v 15.7046 		63 		27.5851
v 15.7687 		63 		27.4882
v 4.8256 		62 		26.7052
v 4.8048 		62 		26.4274
v 4.7979 		62 		26.137
v 4.9089 		62 		27.2228
v 4.8603 		62 		26.9703
v 5.0477 		62 		27.69
v 4.9713 		62 		27.4627
v 5.2375 		62 		28.1068
v 5.1368 		62 		27.9047
v 5.474 		62 		28.4731
v 5.3499 		62 		28.2962
v 5.7571 		62 		28.7889
v 5.6097 		62 		28.6373
v 6.0913 		62 		29.0553
v 5.9189 		62 		28.9282
v 6.4676 		62 		29.2733
v 6.2742 		62 		29.1703
v 6.8862 		62 		29.4428
v 6.6716 		62 		29.3641
v 7.3458 		62 		29.5639
v 7.111 		62 		29.5094
v 7.8454 		62 		29.6365
v 7.5906 		62 		29.6063
v 8.385 		62 		29.6608
v 8.1102 		62 		29.6547
v 9.4807 		62 		29.5639
v 8.957 		62 		29.6365
v 10.3833 		62 		29.2733
v 9.9562 		62 		29.4428
v 11.0928 		62 		28.7889
v 10.7622 		62 		29.0553
v 11.5979 		62 		28.1068
v 11.3706 		62 		28.4731
v 11.901 		62 		27.2228
v 11.7747 		62 		27.69
v 12.002 		62 		26.137
v 11.9768 		62 		26.7052
v 9.8418 		62 		26.3593
v 9.8438 		62 		26.137
v 9.8418 		62 		25.9176
v 11.9754 		62 		25.573
v 11.9954 		62 		25.8492
v 11.8954 		62 		25.0553
v 11.9421 		62 		25.3083
v 11.7622 		62 		24.5841
v 11.8355 		62 		24.8139
v 11.5724 		62 		24.1673
v 11.6731 		62 		24.3694
v 11.3359 		62 		23.801
v 11.46 		62 		23.9779
v 11.0528 		62 		23.4852
v 11.2002 		62 		23.6368
v 10.7186 		62 		23.2188
v 10.891 		62 		23.3459
v 10.3423 		62 		23.0008
v 10.5357 		62 		23.1037
v 9.9237 		62 		22.8313
v 10.1383 		62 		22.91
v 9.4596 		62 		22.7102
v 9.6961 		62 		22.7647
v 8.96 		62 		22.6375
v 9.2143 		62 		22.6678
v 8.4249 		62 		22.6133
v 8.6969 		62 		22.6194
v 7.3291 		62 		22.7102
v 7.8529 		62 		22.6375
v 6.4265 		62 		23.0008
v 6.8537 		62 		22.8313
v 5.7171 		62 		23.4852
v 6.0477 		62 		23.2188
v 5.2064 		62 		24.1673
v 5.4362 		62 		23.801
v 4.9 		62 		25.0513
v 5.0277 		62 		24.5841
v 4.8234 		62 		25.5689
v 9.836 		62 		26.572
v 9.836 		62 		25.7072
v 9.8263 		62 		25.5059
v 9.8263 		62 		26.775
v 9.8127 		62 		25.3136
v 9.8127 		62 		26.9685
v 9.7952 		62 		25.1305
v 9.7952 		62 		27.1524
v 9.7738 		62 		24.9564
v 9.7738 		62 		27.3267
v 9.7447 		62 		24.7887
v 9.7477 		62 		27.4915
v 9.7106 		62 		24.6305
v 9.7161 		62 		27.6466
v 9.6714 		62 		24.4819
v 9.6789 		62 		27.7922
v 9.6273 		62 		24.3429
v 9.6362 		62 		27.9282
v 9.5782 		62 		24.2135
v 9.5879 		62 		28.0545
v 9.524 		62 		24.0936
v 9.534 		62 		28.1713
v 9.4616 		62 		23.9834
v 9.4744 		62 		28.2788
v 9.3941 		62 		23.8828
v 9.4086 		62 		28.3772
v 9.3217 		62 		23.7917
v 9.2443 		62 		23.7102
v 9.3367 		62 		28.4665
v 9.2587 		62 		28.5467
v 9.1618 		62 		23.6383
v 9.1746 		62 		28.6179
v 9.0744 		62 		23.576
v 9.0844 		62 		28.6799
v 8.9778 		62 		23.5233
v 8.9878 		62 		28.7326
v 8.8746 		62 		23.4801
v 8.8846 		62 		28.7758
v 8.7647 		62 		23.4466
v 8.7746 		62 		28.8093
v 8.6481 		62 		23.4226
v 8.6581 		62 		28.8333
v 8.5248 		62 		23.4082
v 8.5348 		62 		28.8477
v 8.395 		62 		23.4034
v 8.4049 		62 		28.8525
v 8.2651 		62 		23.4082
v 8.275 		62 		28.8477
v 8.1418 		62 		23.4226
v 8.1518 		62 		28.8333
v 8.0253 		62 		23.4466
v 8.0352 		62 		28.8093
v 7.9153 		62 		23.4801
v 7.8121 		62 		23.5233
v 7.9253 		62 		28.7758
v 7.7155 		62 		23.576
v 7.8221 		62 		28.7326
v 7.6284 		62 		23.6383
v 7.7255 		62 		28.6799
v 7.5468 		62 		23.7102
v 7.6381 		62 		28.6179
v 7.4707 		62 		23.7917
v 7.5556 		62 		28.5467
v 7.4782 		62 		28.4665
v 7.4002 		62 		23.8828
v 7.4058 		62 		28.3772
v 7.3353 		62 		23.9834
v 7.3383 		62 		28.2788
v 7.2759 		62 		24.0936
v 7.2759 		62 		28.1713
v 7.219 		62 		24.2135
v 7.1682 		62 		24.3429
v 7.2217 		62 		28.0545
v 7.1235 		62 		24.4819
v 7.1726 		62 		27.9282
v 7.0849 		62 		24.6305
v 7.1285 		62 		27.7922
v 7.0524 		62 		24.7887
v 7.0893 		62 		27.6466
v 7.0261 		62 		24.9564
v 7.0552 		62 		27.4915
v 7.0016 		62 		25.1305
v 7.0261 		62 		27.3267
v 6.9817 		62 		25.3136
v 7.0016 		62 		27.1524
v 6.9661 		62 		25.5059
v 6.9817 		62 		26.9685
v 6.955 		62 		25.7072
v 6.9661 		62 		26.775
v 6.9483 		62 		25.9176
v 6.955 		62 		26.572
v 6.9461 		62 		26.137
v 6.9483 		62 		26.3593
v 4.7979 		63 		26.137
v 4.8048 		63 		26.4274
v 4.8256 		63 		26.7052
v 4.8603 		63 		26.9703
v 4.9089 		63 		27.2228
v 4.9713 		63 		27.4627
v 5.0477 		63 		27.69
v 5.1368 		63 		27.9047
v 5.2375 		63 		28.1068
v 5.3499 		63 		28.2962
v 5.474 		63 		28.4731
v 5.6097 		63 		28.6373
v 5.7571 		63 		28.7889
v 5.9189 		63 		28.9282
v 6.0913 		63 		29.0553
v 6.2742 		63 		29.1703
v 6.4676 		63 		29.2733
v 6.6716 		63 		29.3641
v 6.8862 		63 		29.4428
v 7.111 		63 		29.5094
v 7.3458 		63 		29.5639
v 7.5906 		63 		29.6063
v 7.8454 		63 		29.6365
v 8.1102 		63 		29.6547
v 8.385 		63 		29.6608
v 8.957 		63 		29.6365
v 9.4807 		63 		29.5639
v 9.9562 		63 		29.4428
v 10.3833 		63 		29.2733
v 10.7622 		63 		29.0553
v 11.0928 		63 		28.7889
v 11.3706 		63 		28.4731
v 11.5979 		63 		28.1068
v 11.7747 		63 		27.69
v 11.901 		63 		27.2228
v 11.9768 		63 		26.7052
v 12.002 		63 		26.137
v 9.8438 		63 		26.137
v 9.8418 		63 		26.3593
v 9.8418 		63 		25.9176
v 11.9954 		63 		25.8492
v 11.9754 		63 		25.573
v 11.9421 		63 		25.3083
v 11.8954 		63 		25.0553
v 11.8355 		63 		24.8139
v 11.7622 		63 		24.5841
v 11.6731 		63 		24.3694
v 11.5724 		63 		24.1673
v 11.46 		63 		23.9779
v 11.3359 		63 		23.801
v 11.2002 		63 		23.6368
v 11.0528 		63 		23.4852
v 10.891 		63 		23.3459
v 10.7186 		63 		23.2188
v 10.5357 		63 		23.1037
v 10.3423 		63 		23.0008
v 10.1383 		63 		22.91
v 9.9237 		63 		22.8313
v 9.6961 		63 		22.7647
v 9.4596 		63 		22.7102
v 9.2143 		63 		22.6678
v 8.96 		63 		22.6375
v 8.6969 		63 		22.6194
v 8.4249 		63 		22.6133
v 7.8529 		63 		22.6375
v 7.3291 		63 		22.7102
v 6.8537 		63 		22.8313
v 6.4265 		63 		23.0008
v 6.0477 		63 		23.2188
v 5.7171 		63 		23.4852
v 5.4362 		63 		23.801
v 5.2064 		63 		24.1673
v 5.0277 		63 		24.5841
v 4.9 		63 		25.0513
v 4.8234 		63 		25.5689
v 9.836 		63 		26.572
v 9.836 		63 		25.7072
v 9.8263 		63 		25.5059
v 9.8263 		63 		26.775
v 9.8127 		63 		25.3136
v 9.8127 		63 		26.9685
v 9.7952 		63 		25.1305
v 9.7952 		63 		27.1524
v 9.7738 		63 		24.9564
v 9.7738 		63 		27.3267
v 9.7447 		63 		24.7887
v 9.7477 		63 		27.4915
v 9.7106 		63 		24.6305
v 9.7161 		63 		27.6466
v 9.6714 		63 		24.4819
v 9.6789 		63 		27.7922
v 9.6273 		63 		24.3429
v 9.6362 		63 		27.9282
v 9.5782 		63 		24.2135
v 9.5879 		63 		28.0545
v 9.524 		63 		24.0936
v 9.534 		63 		28.1713
v 9.4616 		63 		23.9834
v 9.4744 		63 		28.2788
v 9.3941 		63 		23.8828
v 9.4086 		63 		28.3772
v 9.3217 		63 		23.7917
v 9.2443 		63 		23.7102
v 9.3367 		63 		28.4665
v 9.2587 		63 		28.5467
v 9.1618 		63 		23.6383
v 9.1746 		63 		28.6179
v 9.0744 		63 		23.576
v 9.0844 		63 		28.6799
v 8.9778 		63 		23.5233
v 8.9878 		63 		28.7326
v 8.8746 		63 		23.4801
v 8.8846 		63 		28.7758
v 8.7647 		63 		23.4466
v 8.7746 		63 		28.8093
v 8.6481 		63 		23.4226
v 8.6581 		63 		28.8333
v 8.5248 		63 		23.4082
v 8.5348 		63 		28.8477
v 8.395 		63 		23.4034
v 8.4049 		63 		28.8525
v 8.2651 		63 		23.4082
v 8.275 		63 		28.8477
v 8.1418 		63 		23.4226
v 8.1518 		63 		28.8333
v 8.0253 		63 		23.4466
v 8.0352 		63 		28.8093
v 7.9153 		63 		23.4801
v 7.8121 		63 		23.5233
v 7.9253 		63 		28.7758
v 7.7155 		63 		23.576
v 7.8221 		63 		28.7326
v 7.6284 		63 		23.6383
v 7.7255 		63 		28.6799
v 7.5468 		63 		23.7102
v 7.6381 		63 		28.6179
v 7.4707 		63 		23.7917
v 7.5556 		63 		28.5467
v 7.4782 		63 		28.4665
v 7.4002 		63 		23.8828
v 7.4058 		63 		28.3772
v 7.3353 		63 		23.9834
v 7.3383 		63 		28.2788
v 7.2759 		63 		24.0936
v 7.2759 		63 		28.1713
v 7.219 		63 		24.2135
v 7.1682 		63 		24.3429
v 7.2217 		63 		28.0545
v 7.1235 		63 		24.4819
v 7.1726 		63 		27.9282
v 7.0849 		63 		24.6305
v 7.1285 		63 		27.7922
v 7.0524 		63 		24.7887
v 7.0893 		63 		27.6466
v 7.0261 		63 		24.9564
v 7.0552 		63 		27.4915
v 7.0016 		63 		25.1305
v 7.0261 		63 		27.3267
v 6.9817 		63 		25.3136
v 7.0016 		63 		27.1524
v 6.9661 		63 		25.5059
v 6.9817 		63 		26.9685
v 6.955 		63 		25.7072
v 6.9661 		63 		26.775
v 6.9483 		63 		25.9176
v 6.955 		63 		26.572
v 6.9461 		63 		26.137
v 6.9483 		63 		26.3593
v 3.9086 		62 		22.7405
v 3.9086 		62 		23.4125
v 3.7487 		62 		23.4125
v -0.5078 		62 		23.4125
v -0.5078 		62 		22.7405
v 3.9086 		62 		31.6587
v 3.9086 		62 		32.3217
v 0.6512 		62 		32.3217
v 3.6979 		62 		23.4133
v -0.338 		62 		23.4125
v 3.7487 		62 		31.6587
v 3.6455 		62 		23.4155
v -0.2872 		62 		23.4133
v 3.6982 		62 		31.658
v 3.5913 		62 		23.4193
v -0.2347 		62 		23.4155
v 3.6466 		62 		31.6557
v 3.5356 		62 		23.4246
v -0.1806 		62 		23.4193
v 3.5938 		62 		31.6519
v 3.4781 		62 		23.4314
v -0.1248 		62 		23.4246
v 3.54 		62 		31.6466
v 3.419 		62 		23.4398
v -0.0674 		62 		23.4314
v 3.485 		62 		31.6398
v 3.3632 		62 		23.4504
v -0.0082 		62 		23.4398
v 3.429 		62 		31.6315
v 3.3091 		62 		23.464
v 0.0478 		62 		23.4504
v 3.3729 		62 		31.6209
v 3.2566 		62 		23.4806
v 0.1028 		62 		23.464
v 3.318 		62 		31.6073
v 3.2058 		62 		23.5003
v 0.1566 		62 		23.4806
v 3.2641 		62 		31.5906
v 3.1567 		62 		23.523
v 0.2094 		62 		23.5003
v 3.2114 		62 		31.5709
v 3.1092 		62 		23.5487
v 0.261 		62 		23.523
v 3.1598 		62 		31.5482
v 3.0607 		62 		23.5808
v 0.3115 		62 		23.5487
v 3.1092 		62 		31.5225
v 3.0149 		62 		23.6164
v 0.3601 		62 		23.5808
v 3.0607 		62 		31.4932
v 2.9718 		62 		23.6555
v 0.4059 		62 		23.6164
v 3.0149 		62 		31.4599
v 2.9718 		62 		31.4226
v 2.9316 		62 		23.6981
v 2.9316 		62 		31.3812
v 2.8941 		62 		23.7443
v 2.8941 		62 		31.3358
v 2.8594 		62 		23.794
v 2.8594 		62 		31.2864
v 2.8289 		62 		23.8515
v 2.8289 		62 		31.2349
v 2.8039 		62 		23.915
v 2.8039 		62 		31.1774
v 2.7845 		62 		23.9847
v 0.6512 		62 		24.2299
v 2.7706 		62 		24.0603
v 0.6487 		62 		24.1421
v 2.7623 		62 		24.1421
v 2.7845 		62 		31.1138
v 2.7595 		62 		24.2299
v 0.6412 		62 		24.0603
v 0.4489 		62 		23.6555
v 0.6287 		62 		23.9847
v 0.4891 		62 		23.6981
v 0.6113 		62 		23.915
v 0.5266 		62 		23.7443
v 2.7706 		62 		31.0442
v 0.5613 		62 		23.794
v 2.7623 		62 		30.9685
v 0.5888 		62 		23.8515
v 2.7595 		62 		30.8868
v 3.7487 		63 		23.4125
v 3.9086 		63 		23.4125
v 3.9086 		63 		22.7405
v -0.5078 		63 		22.7405
v -0.5078 		63 		23.4125
v 0.6512 		63 		32.3217
v 3.9086 		63 		32.3217
v 3.9086 		63 		31.6587
v 3.6979 		63 		23.4133
v -0.338 		63 		23.4125
v 3.7487 		63 		31.6587
v 3.6455 		63 		23.4155
v -0.2872 		63 		23.4133
v 3.6982 		63 		31.658
v 3.5913 		63 		23.4193
v -0.2347 		63 		23.4155
v 3.6466 		63 		31.6557
v 3.5356 		63 		23.4246
v -0.1806 		63 		23.4193
v 3.5938 		63 		31.6519
v 3.4781 		63 		23.4314
v -0.1248 		63 		23.4246
v 3.54 		63 		31.6466
v 3.419 		63 		23.4398
v -0.0674 		63 		23.4314
v 3.485 		63 		31.6398
v 3.3632 		63 		23.4504
v -0.0082 		63 		23.4398
v 3.429 		63 		31.6315
v 3.3091 		63 		23.464
v 0.0478 		63 		23.4504
v 3.3729 		63 		31.6209
v 3.2566 		63 		23.4806
v 0.1028 		63 		23.464
v 3.318 		63 		31.6073
v 3.2058 		63 		23.5003
v 0.1566 		63 		23.4806
v 3.2641 		63 		31.5906
v 3.1567 		63 		23.523
v 0.2094 		63 		23.5003
v 3.2114 		63 		31.5709
v 3.1092 		63 		23.5487
v 0.261 		63 		23.523
v 3.1598 		63 		31.5482
v 3.0607 		63 		23.5808
v 0.3115 		63 		23.5487
v 3.1092 		63 		31.5225
v 3.0149 		63 		23.6164
v 0.3601 		63 		23.5808
v 3.0607 		63 		31.4932
v 2.9718 		63 		23.6555
v 0.4059 		63 		23.6164
v 3.0149 		63 		31.4599
v 2.9718 		63 		31.4226
v 2.9316 		63 		23.6981
v 2.9316 		63 		31.3812
v 2.8941 		63 		23.7443
v 2.8941 		63 		31.3358
v 2.8594 		63 		23.794
v 2.8594 		63 		31.2864
v 2.8289 		63 		23.8515
v 2.8289 		63 		31.2349
v 2.8039 		63 		23.915
v 2.8039 		63 		31.1774
v 2.7845 		63 		23.9847
v 0.6512 		63 		24.2299
v 2.7706 		63 		24.0603
v 0.6487 		63 		24.1421
v 2.7623 		63 		24.1421
v 2.7845 		63 		31.1138
v 2.7595 		63 		24.2299
v 0.6412 		63 		24.0603
v 0.4489 		63 		23.6555
v 0.6287 		63 		23.9847
v 0.4891 		63 		23.6981
v 0.6113 		63 		23.915
v 0.5266 		63 		23.7443
v 2.7706 		63 		31.0442
v 0.5613 		63 		23.794
v 2.7623 		63 		30.9685
v 0.5888 		63 		23.8515
v 2.7595 		63 		30.8868
v -1.9492 		62 		31.4637
v -1.9467 		62 		31.5407
v -1.9492 		62 		31.6176
v -1.9691 		62 		31.3204
v -1.9567 		62 		31.3903
v -2.0091 		62 		31.1913
v -1.9866 		62 		31.2541
v -2.0685 		62 		31.0762
v -2.0366 		62 		31.132
v -2.144 		62 		30.9753
v -2.1043 		62 		31.024
v -2.235 		62 		30.8886
v -2.1876 		62 		30.9302
v -2.3411 		62 		30.8156
v -2.2864 		62 		30.8505
v -2.4587 		62 		30.7551
v -2.3985 		62 		30.7839
v -2.5875 		62 		30.7067
v -2.5218 		62 		30.7294
v -2.7271 		62 		30.6703
v -2.6561 		62 		30.687
v -2.8759 		62 		30.6461
v -2.8004 		62 		30.6567
v -3.0336 		62 		30.634
v -2.9536 		62 		30.6386
v -3.1951 		62 		30.634
v -3.1157 		62 		30.6325
v -3.3505 		62 		30.6461
v -3.2734 		62 		30.6386
v -3.5015 		62 		30.6703
v -3.4266 		62 		30.6567
v -3.6442 		62 		30.7067
v -3.5753 		62 		30.687
v -3.7752 		62 		30.7551
v -3.7108 		62 		30.7294
v -3.8973 		62 		30.8156
v -3.8374 		62 		30.7839
v -4.0067 		62 		30.8886
v -3.955 		62 		30.8505
v -4.0999 		62 		30.9753
v -4.055 		62 		30.9302
v -4.1799 		62 		31.0762
v -4.1416 		62 		31.024
v -4.2454 		62 		31.1913
v -4.2148 		62 		31.132
v -4.2898 		62 		31.3204
v -4.2703 		62 		31.2541
v -4.312 		62 		31.4637
v -4.3036 		62 		31.3903
v -4.312 		62 		31.6176
v -4.3147 		62 		31.5407
v -4.2898 		62 		31.7609
v -4.3036 		62 		31.691
v -4.2454 		62 		31.8901
v -4.2703 		62 		31.8273
v -4.1799 		62 		32.0051
v -4.2148 		62 		31.9493
v -4.0999 		62 		32.106
v -4.1416 		62 		32.0573
v -4.0067 		62 		32.1928
v -4.055 		62 		32.1512
v -3.8973 		62 		32.2657
v -3.955 		62 		32.2309
v -3.7752 		62 		32.3262
v -3.8374 		62 		32.2975
v -3.6442 		62 		32.3747
v -3.7108 		62 		32.352
v -3.5015 		62 		32.411
v -3.5753 		62 		32.3944
v -3.3505 		62 		32.4352
v -3.4266 		62 		32.4246
v -3.1951 		62 		32.4473
v -3.2734 		62 		32.4428
v -3.0336 		62 		32.4473
v -3.1157 		62 		32.4488
v -2.8759 		62 		32.4352
v -2.9536 		62 		32.4428
v -2.7271 		62 		32.411
v -2.8004 		62 		32.4246
v -2.5875 		62 		32.3747
v -2.6561 		62 		32.3944
v -2.4587 		62 		32.3262
v -2.5218 		62 		32.352
v -2.3411 		62 		32.2657
v -2.3985 		62 		32.2975
v -2.235 		62 		32.1928
v -2.2864 		62 		32.2309
v -2.144 		62 		32.106
v -2.1876 		62 		32.1512
v -2.0685 		62 		32.0051
v -2.1043 		62 		32.0573
v -2.0091 		62 		31.8901
v -2.0366 		62 		31.9493
v -1.9691 		62 		31.7609
v -1.9866 		62 		31.8273
v -1.9567 		62 		31.691
v -1.9492 		63 		31.6176
v -1.9467 		63 		31.5407
v -1.9492 		63 		31.4637
v -1.9567 		63 		31.3903
v -1.9691 		63 		31.3204
v -1.9866 		63 		31.2541
v -2.0091 		63 		31.1913
v -2.0366 		63 		31.132
v -2.0685 		63 		31.0762
v -2.1043 		63 		31.024
v -2.144 		63 		30.9753
v -2.1876 		63 		30.9302
v -2.235 		63 		30.8886
v -2.2864 		63 		30.8505
v -2.3411 		63 		30.8156
v -2.3985 		63 		30.7839
v -2.4587 		63 		30.7551
v -2.5218 		63 		30.7294
v -2.5875 		63 		30.7067
v -2.6561 		63 		30.687
v -2.7271 		63 		30.6703
v -2.8004 		63 		30.6567
v -2.8759 		63 		30.6461
v -2.9536 		63 		30.6386
v -3.0336 		63 		30.634
v -3.1157 		63 		30.6325
v -3.1951 		63 		30.634
v -3.2734 		63 		30.6386
v -3.3505 		63 		30.6461
v -3.4266 		63 		30.6567
v -3.5015 		63 		30.6703
v -3.5753 		63 		30.687
v -3.6442 		63 		30.7067
v -3.7108 		63 		30.7294
v -3.7752 		63 		30.7551
v -3.8374 		63 		30.7839
v -3.8973 		63 		30.8156
v -3.955 		63 		30.8505
v -4.0067 		63 		30.8886
v -4.055 		63 		30.9302
v -4.0999 		63 		30.9753
v -4.1416 		63 		31.024
v -4.1799 		63 		31.0762
v -4.2148 		63 		31.132
v -4.2454 		63 		31.1913
v -4.2703 		63 		31.2541
v -4.2898 		63 		31.3204
v -4.3036 		63 		31.3903
v -4.312 		63 		31.4637
v -4.3147 		63 		31.5407
v -4.312 		63 		31.6176
v -4.3036 		63 		31.691
v -4.2898 		63 		31.7609
v -4.2703 		63 		31.8273
v -4.2454 		63 		31.8901
v -4.2148 		63 		31.9493
v -4.1799 		63 		32.0051
v -4.1416 		63 		32.0573
v -4.0999 		63 		32.106
v -4.055 		63 		32.1512
v -4.0067 		63 		32.1928
v -3.955 		63 		32.2309
v -3.8973 		63 		32.2657
v -3.8374 		63 		32.2975
v -3.7752 		63 		32.3262
v -3.7108 		63 		32.352
v -3.6442 		63 		32.3747
v -3.5753 		63 		32.3944
v -3.5015 		63 		32.411
v -3.4266 		63 		32.4246
v -3.3505 		63 		32.4352
v -3.2734 		63 		32.4428
v -3.1951 		63 		32.4473
v -3.1157 		63 		32.4488
v -3.0336 		63 		32.4473
v -2.9536 		63 		32.4428
v -2.8759 		63 		32.4352
v -2.8004 		63 		32.4246
v -2.7271 		63 		32.411
v -2.6561 		63 		32.3944
v -2.5875 		63 		32.3747
v -2.5218 		63 		32.352
v -2.4587 		63 		32.3262
v -2.3985 		63 		32.2975
v -2.3411 		63 		32.2657
v -2.2864 		63 		32.2309
v -2.235 		63 		32.1928
v -2.1876 		63 		32.1512
v -2.144 		63 		32.106
v -2.1043 		63 		32.0573
v -2.0685 		63 		32.0051
v -2.0366 		63 		31.9493
v -2.0091 		63 		31.8901
v -1.9866 		63 		31.8273
v -1.9691 		63 		31.7609
v -1.9567 		63 		31.691
v -0.9874 		62 		22.7405
v -0.9874 		62 		23.4125
v -1.1473 		62 		23.4125
v -5.4039 		62 		23.4125
v -5.4039 		62 		22.7405
v -0.9874 		62 		28.8252
v -0.9874 		62 		29.4973
v -4.2448 		62 		29.4973
v -1.1981 		62 		23.4133
v -5.234 		62 		23.4125
v -1.1473 		62 		28.8252
v -1.2506 		62 		23.4155
v -5.1832 		62 		23.4133
v -1.1978 		62 		28.8245
v -1.3047 		62 		23.4193
v -5.1307 		62 		23.4155
v -1.2495 		62 		28.8222
v -1.3605 		62 		23.4246
v -5.0766 		62 		23.4193
v -1.3022 		62 		28.8184
v -1.4179 		62 		23.4314
v -5.0208 		62 		23.4246
v -1.356 		62 		28.8131
v -1.477 		62 		23.4398
v -4.9634 		62 		23.4314
v -1.411 		62 		28.8063
v -1.5328 		62 		23.4504
v -4.9043 		62 		23.4398
v -1.4671 		62 		28.798
v -1.587 		62 		23.464
v -4.8482 		62 		23.4504
v -1.5231 		62 		28.7874
v -1.6394 		62 		23.4806
v -4.7932 		62 		23.464
v -1.5781 		62 		28.7738
v -1.6902 		62 		23.5003
v -4.7394 		62 		23.4806
v -1.6319 		62 		28.7571
v -1.7393 		62 		23.523
v -4.6867 		62 		23.5003
v -1.6847 		62 		28.7374
v -1.7868 		62 		23.5487
v -4.635 		62 		23.523
v -1.7363 		62 		28.7147
v -1.8354 		62 		23.5808
v -4.5845 		62 		23.5487
v -1.7868 		62 		28.689
v -1.8812 		62 		23.6164
v -4.536 		62 		23.5808
v -1.8354 		62 		28.6597
v -1.9242 		62 		23.6555
v -4.4902 		62 		23.6164
v -1.8812 		62 		28.6264
v -1.9242 		62 		28.5891
v -1.9644 		62 		23.6981
v -1.9644 		62 		28.5477
v -2.0019 		62 		23.7443
v -2.0019 		62 		28.5023
v -2.0366 		62 		23.794
v -2.0366 		62 		28.4529
v -2.0671 		62 		23.8515
v -2.0671 		62 		28.4014
v -2.0921 		62 		23.915
v -4.2448 		62 		24.2299
v -2.1115 		62 		23.9847
v -4.2473 		62 		24.1421
v -2.1254 		62 		24.0603
v -4.2548 		62 		24.0603
v -2.1337 		62 		24.1421
v -4.2673 		62 		23.9847
v -2.1365 		62 		24.2299
v -4.2848 		62 		23.915
v -4.4471 		62 		23.6555
v -4.3073 		62 		23.8515
v -4.4069 		62 		23.6981
v -4.3347 		62 		23.794
v -4.3694 		62 		23.7443
v -2.0921 		62 		28.3439
v -2.1115 		62 		28.2803
v -2.1365 		62 		28.0533
v -2.1254 		62 		28.2107
v -2.1337 		62 		28.135
v -1.1473 		63 		23.4125
v -0.9874 		63 		23.4125
v -0.9874 		63 		22.7405
v -5.4039 		63 		22.7405
v -5.4039 		63 		23.4125
v -4.2448 		63 		29.4973
v -0.9874 		63 		29.4973
v -0.9874 		63 		28.8252
v -1.1981 		63 		23.4133
v -5.234 		63 		23.4125
v -1.1473 		63 		28.8252
v -1.2506 		63 		23.4155
v -5.1832 		63 		23.4133
v -1.1978 		63 		28.8245
v -1.3047 		63 		23.4193
v -5.1307 		63 		23.4155
v -1.2495 		63 		28.8222
v -1.3605 		63 		23.4246
v -5.0766 		63 		23.4193
v -1.3022 		63 		28.8184
v -1.4179 		63 		23.4314
v -5.0208 		63 		23.4246
v -1.356 		63 		28.8131
v -1.477 		63 		23.4398
v -4.9634 		63 		23.4314
v -1.411 		63 		28.8063
v -1.5328 		63 		23.4504
v -4.9043 		63 		23.4398
v -1.4671 		63 		28.798
v -1.587 		63 		23.464
v -4.8482 		63 		23.4504
v -1.5231 		63 		28.7874
v -1.6394 		63 		23.4806
v -4.7932 		63 		23.464
v -1.5781 		63 		28.7738
v -1.6902 		63 		23.5003
v -4.7394 		63 		23.4806
v -1.6319 		63 		28.7571
v -1.7393 		63 		23.523
v -4.6867 		63 		23.5003
v -1.6847 		63 		28.7374
v -1.7868 		63 		23.5487
v -4.635 		63 		23.523
v -1.7363 		63 		28.7147
v -1.8354 		63 		23.5808
v -4.5845 		63 		23.5487
v -1.7868 		63 		28.689
v -1.8812 		63 		23.6164
v -4.536 		63 		23.5808
v -1.8354 		63 		28.6597
v -1.9242 		63 		23.6555
v -4.4902 		63 		23.6164
v -1.8812 		63 		28.6264
v -1.9242 		63 		28.5891
v -1.9644 		63 		23.6981
v -1.9644 		63 		28.5477
v -2.0019 		63 		23.7443
v -2.0019 		63 		28.5023
v -2.0366 		63 		23.794
v -2.0366 		63 		28.4529
v -2.0671 		63 		23.8515
v -2.0671 		63 		28.4014
v -2.0921 		63 		23.915
v -4.2448 		63 		24.2299
v -2.1115 		63 		23.9847
v -4.2473 		63 		24.1421
v -2.1254 		63 		24.0603
v -4.2548 		63 		24.0603
v -2.1337 		63 		24.1421
v -4.2673 		63 		23.9847
v -2.1365 		63 		24.2299
v -4.2848 		63 		23.915
v -4.4471 		63 		23.6555
v -4.3073 		63 		23.8515
v -4.4069 		63 		23.6981
v -4.3347 		63 		23.794
v -4.3694 		63 		23.7443
v -2.0921 		63 		28.3439
v -2.1115 		63 		28.2803
v -2.1365 		63 		28.0533
v -2.1254 		63 		28.2107
v -2.1337 		63 		28.135
v -9.9613 		62 		22.6169
v -9.7304 		62 		22.6133
v -9.4778 		62 		22.6181
v -10.3898 		62 		22.6451
v -10.1811 		62 		22.6275
v -10.774 		62 		22.7016
v -10.5874 		62 		22.6698
v -11.1112 		62 		22.7821
v -10.9494 		62 		22.7405
v -11.4065 		62 		22.879
v -11.2636 		62 		22.8283
v -11.6641 		62 		22.994
v -11.54 		62 		22.9342
v -11.8839 		62 		23.1264
v -11.7787 		62 		23.0583
v -12.066 		62 		23.2718
v -11.9796 		62 		23.1976
v -12.2103 		62 		23.4292
v -12.1428 		62 		23.3489
v -12.3171 		62 		23.5939
v -12.2683 		62 		23.5124
v -12.3882 		62 		23.7554
v -12.3571 		62 		23.6749
v -12.4237 		62 		23.9148
v -12.4104 		62 		23.8353
v -12.4257 		62 		24.051
v -12.4282 		62 		23.9937
v -12.4057 		62 		24.164
v -12.4182 		62 		24.1078
v -12.3657 		62 		24.275
v -12.3882 		62 		24.2198
v -12.3091 		62 		24.3795
v -12.3382 		62 		24.3298
v -12.2358 		62 		24.4683
v -12.275 		62 		24.4256
v -12.1426 		62 		24.5429
v -12.1917 		62 		24.5074
v -12.0465 		62 		24.5033
v -12.0884 		62 		24.575
v -10.8242 		62 		27.2657
v -10.6496 		62 		27.2632
v -10.6482 		62 		27.3686
v -11.1417 		62 		27.2859
v -10.9882 		62 		27.2733
v -11.417 		62 		27.3262
v -11.2846 		62 		27.3035
v -11.6513 		62 		27.3858
v -11.5389 		62 		27.354
v -11.8511 		62 		27.4584
v -11.7554 		62 		27.4206
v -12.0177 		62 		27.5432
v -11.9386 		62 		27.4993
v -12.1517 		62 		27.6401
v -12.0884 		62 		27.5901
v -12.2583 		62 		27.749
v -12.2083 		62 		27.693
v -12.3382 		62 		27.8701
v -12.3016 		62 		27.8081
v -12.3926 		62 		27.9993
v -12.3682 		62 		27.9352
v -12.4282 		62 		28.1305
v -12.4126 		62 		28.0644
v -12.4459 		62 		28.2657
v -12.4393 		62 		28.1976
v -12.4432 		62 		28.4249
v -12.4482 		62 		28.3348
v -12.4032 		62 		28.6005
v -12.4282 		62 		28.5134
v -12.3233 		62 		28.77
v -12.3682 		62 		28.686
v -12.2036 		62 		28.9322
v -12.2683 		62 		28.8525
v -12.046 		62 		29.0795
v -12.1295 		62 		29.0079
v -11.8506 		62 		29.2107
v -11.953 		62 		29.1471
v -11.6177 		62 		29.3285
v -11.7387 		62 		29.2702
v -11.349 		62 		29.4314
v -11.4878 		62 		29.3822
v -11.0448 		62 		29.5162
v -11.2014 		62 		29.4761
v -10.7021 		62 		29.5851
v -10.8794 		62 		29.5518
v -10.3224 		62 		29.6335
v -10.5164 		62 		29.6123
v -9.9094 		62 		29.6577
v -10.12 		62 		29.6486
v -9.4534 		62 		29.6557
v -9.6904 		62 		29.6608
v -8.9959 		62 		29.6153
v -9.2219 		62 		29.6406
v -8.5607 		62 		29.5346
v -8.7756 		62 		29.58
v -8.1466 		62 		29.4148
v -8.3515 		62 		29.4791
v -7.7669 		62 		29.2453
v -7.9518 		62 		29.3368
v -7.4272 		62 		29.0212
v -7.5921 		62 		29.1401
v -7.1247 		62 		28.745
v -7.2723 		62 		28.8888
v -6.8627 		62 		28.412
v -6.9881 		62 		28.5861
v -6.6451 		62 		28.0185
v -6.7483 		62 		28.2228
v -6.4735 		62 		27.5598
v -6.5529 		62 		27.799
v -6.3581 		62 		27.027
v -6.4086 		62 		27.3025
v -6.3004 		62 		26.4216
v -6.322 		62 		26.7334
v -6.3001 		62 		25.7763
v -6.2931 		62 		26.0916
v -6.3556 		62 		25.1971
v -6.3209 		62 		25.4781
v -6.4666 		62 		24.6865
v -6.4042 		62 		24.9332
v -6.6318 		62 		24.2427
v -6.5429 		62 		24.4569
v -6.8427 		62 		23.8553
v -6.7317 		62 		24.0422
v -7.098 		62 		23.5223
v -6.9648 		62 		23.6819
v -7.4003 		62 		23.2463
v -7.2424 		62 		23.3762
v -7.7445 		62 		23.0243
v -7.5677 		62 		23.129
v -8.1264 		62 		22.8527
v -7.9307 		62 		22.9322
v -8.5452 		62 		22.7332
v -8.3315 		62 		22.7859
v -8.9959 		62 		22.6565
v -8.7667 		62 		22.69
v -9.233 		62 		22.6325
v -12.0007 		62 		24.4337
v -10.6441 		62 		27.4731
v -11.9511 		62 		24.3661
v -10.6371 		62 		27.5765
v -11.8975 		62 		24.3005
v -10.6274 		62 		27.6789
v -11.84 		62 		24.2369
v -10.6149 		62 		27.7803
v -10.5996 		62 		27.8807
v -11.7787 		62 		24.1754
v -10.5844 		62 		27.9784
v -11.7104 		62 		24.1133
v -10.5652 		62 		28.0714
v -11.6388 		62 		24.0543
v -10.5422 		62 		28.16
v -11.5639 		62 		23.9983
v -11.4856 		62 		23.9453
v -10.5153 		62 		28.244
v -11.404 		62 		23.8954
v -10.4845 		62 		28.3235
v -11.3191 		62 		23.8484
v -10.4498 		62 		28.3984
v -11.2339 		62 		23.802
v -10.4145 		62 		28.4688
v -11.1448 		62 		23.7596
v -10.3754 		62 		28.5346
v -11.0518 		62 		23.7213
v -10.3324 		62 		28.5959
v -10.9549 		62 		23.687
v -10.2855 		62 		28.6527
v -10.8542 		62 		23.6567
v -10.2347 		62 		28.7049
v -10.7495 		62 		23.6305
v -10.18 		62 		28.7526
v -10.6449 		62 		23.6083
v -10.1206 		62 		28.7942
v -10.5375 		62 		23.5901
v -10.0556 		62 		28.8283
v -10.4273 		62 		23.576
v -9.9851 		62 		28.8547
v -10.3143 		62 		23.5659
v -9.9091 		62 		28.8737
v -10.1986 		62 		23.5598
v -9.8275 		62 		28.885
v -10.0801 		62 		23.5578
v -9.7403 		62 		28.8888
v -9.8006 		62 		23.5752
v -9.6421 		62 		28.885
v -9.5483 		62 		23.6275
v -9.5472 		62 		28.8737
v -9.3232 		62 		23.7145
v -9.4556 		62 		28.8547
v -9.1253 		62 		23.8363
v -9.3673 		62 		28.8283
v -8.9546 		62 		23.993
v -9.2824 		62 		28.7942
v -8.8111 		62 		24.1845
v -9.2008 		62 		28.7526
v -9.1197 		62 		28.7021
v -8.6951 		62 		24.4143
v -9.0431 		62 		28.6416
v -8.6002 		62 		24.6799
v -8.971 		62 		28.5709
v -8.5263 		62 		24.9814
v -8.9032 		62 		28.4902
v -8.4736 		62 		25.3187
v -8.84 		62 		28.3994
v -8.442 		62 		25.6918
v -8.7811 		62 		28.2985
v -8.4314 		62 		26.1007
v -8.4339 		62 		26.3626
v -8.7267 		62 		28.1865
v -8.4414 		62 		26.6093
v -8.6768 		62 		28.0624
v -8.4539 		62 		26.8409
v -8.6312 		62 		27.9261
v -8.4714 		62 		27.0573
v -8.5902 		62 		27.7778
v -8.4939 		62 		27.2586
v -8.5535 		62 		27.6174
v -8.5213 		62 		27.4448
v -9.4778 		63 		22.6181
v -9.7304 		63 		22.6133
v -9.9613 		63 		22.6169
v -10.1811 		63 		22.6275
v -10.3898 		63 		22.6451
v -10.5874 		63 		22.6698
v -10.774 		63 		22.7016
v -10.9494 		63 		22.7405
v -11.1112 		63 		22.7821
v -11.2636 		63 		22.8283
v -11.4065 		63 		22.879
v -11.54 		63 		22.9342
v -11.6641 		63 		22.994
v -11.7787 		63 		23.0583
v -11.8839 		63 		23.1264
v -11.9796 		63 		23.1976
v -12.066 		63 		23.2718
v -12.1428 		63 		23.3489
v -12.2103 		63 		23.4292
v -12.2683 		63 		23.5124
v -12.3171 		63 		23.5939
v -12.3571 		63 		23.6749
v -12.3882 		63 		23.7554
v -12.4104 		63 		23.8353
v -12.4237 		63 		23.9148
v -12.4282 		63 		23.9937
v -12.4257 		63 		24.051
v -12.4182 		63 		24.1078
v -12.4057 		63 		24.164
v -12.3882 		63 		24.2198
v -12.3657 		63 		24.275
v -12.3382 		63 		24.3298
v -12.3091 		63 		24.3795
v -12.275 		63 		24.4256
v -12.2358 		63 		24.4683
v -12.1917 		63 		24.5074
v -12.1426 		63 		24.5429
v -12.0884 		63 		24.575
v -12.0465 		63 		24.5033
v -10.6482 		63 		27.3686
v -10.6496 		63 		27.2632
v -10.8242 		63 		27.2657
v -10.9882 		63 		27.2733
v -11.1417 		63 		27.2859
v -11.2846 		63 		27.3035
v -11.417 		63 		27.3262
v -11.5389 		63 		27.354
v -11.6513 		63 		27.3858
v -11.7554 		63 		27.4206
v -11.8511 		63 		27.4584
v -11.9386 		63 		27.4993
v -12.0177 		63 		27.5432
v -12.0884 		63 		27.5901
v -12.1517 		63 		27.6401
v -12.2083 		63 		27.693
v -12.2583 		63 		27.749
v -12.3016 		63 		27.8081
v -12.3382 		63 		27.8701
v -12.3682 		63 		27.9352
v -12.3926 		63 		27.9993
v -12.4126 		63 		28.0644
v -12.4282 		63 		28.1305
v -12.4393 		63 		28.1976
v -12.4459 		63 		28.2657
v -12.4482 		63 		28.3348
v -12.4432 		63 		28.4249
v -12.4282 		63 		28.5134
v -12.4032 		63 		28.6005
v -12.3682 		63 		28.686
v -12.3233 		63 		28.77
v -12.2683 		63 		28.8525
v -12.2036 		63 		28.9322
v -12.1295 		63 		29.0079
v -12.046 		63 		29.0795
v -11.953 		63 		29.1471
v -11.8506 		63 		29.2107
v -11.7387 		63 		29.2702
v -11.6177 		63 		29.3285
v -11.4878 		63 		29.3822
v -11.349 		63 		29.4314
v -11.2014 		63 		29.4761
v -11.0448 		63 		29.5162
v -10.8794 		63 		29.5518
v -10.7021 		63 		29.5851
v -10.5164 		63 		29.6123
v -10.3224 		63 		29.6335
v -10.12 		63 		29.6486
v -9.9094 		63 		29.6577
v -9.6904 		63 		29.6608
v -9.4534 		63 		29.6557
v -9.2219 		63 		29.6406
v -8.9959 		63 		29.6153
v -8.7756 		63 		29.58
v -8.5607 		63 		29.5346
v -8.3515 		63 		29.4791
v -8.1466 		63 		29.4148
v -7.9518 		63 		29.3368
v -7.7669 		63 		29.2453
v -7.5921 		63 		29.1401
v -7.4272 		63 		29.0212
v -7.2723 		63 		28.8888
v -7.1247 		63 		28.745
v -6.9881 		63 		28.5861
v -6.8627 		63 		28.412
v -6.7483 		63 		28.2228
v -6.6451 		63 		28.0185
v -6.5529 		63 		27.799
v -6.4735 		63 		27.5598
v -6.4086 		63 		27.3025
v -6.3581 		63 		27.027
v -6.322 		63 		26.7334
v -6.3004 		63 		26.4216
v -6.2931 		63 		26.0916
v -6.3001 		63 		25.7763
v -6.3209 		63 		25.4781
v -6.3556 		63 		25.1971
v -6.4042 		63 		24.9332
v -6.4666 		63 		24.6865
v -6.5429 		63 		24.4569
v -6.6318 		63 		24.2427
v -6.7317 		63 		24.0422
v -6.8427 		63 		23.8553
v -6.9648 		63 		23.6819
v -7.098 		63 		23.5223
v -7.2424 		63 		23.3762
v -7.4003 		63 		23.2463
v -7.5677 		63 		23.129
v -7.7445 		63 		23.0243
v -7.9307 		63 		22.9322
v -8.1264 		63 		22.8527
v -8.3315 		63 		22.7859
v -8.5452 		63 		22.7332
v -8.7667 		63 		22.69
v -8.9959 		63 		22.6565
v -9.233 		63 		22.6325
v -12.0007 		63 		24.4337
v -10.6441 		63 		27.4731
v -11.9511 		63 		24.3661
v -10.6371 		63 		27.5765
v -11.8975 		63 		24.3005
v -10.6274 		63 		27.6789
v -11.84 		63 		24.2369
v -10.6149 		63 		27.7803
v -10.5996 		63 		27.8807
v -11.7787 		63 		24.1754
v -10.5844 		63 		27.9784
v -11.7104 		63 		24.1133
v -10.5652 		63 		28.0714
v -11.6388 		63 		24.0543
v -10.5422 		63 		28.16
v -11.5639 		63 		23.9983
v -11.4856 		63 		23.9453
v -10.5153 		63 		28.244
v -11.404 		63 		23.8954
v -10.4845 		63 		28.3235
v -11.3191 		63 		23.8484
v -10.4498 		63 		28.3984
v -11.2339 		63 		23.802
v -10.4145 		63 		28.4688
v -11.1448 		63 		23.7596
v -10.3754 		63 		28.5346
v -11.0518 		63 		23.7213
v -10.3324 		63 		28.5959
v -10.9549 		63 		23.687
v -10.2855 		63 		28.6527
v -10.8542 		63 		23.6567
v -10.2347 		63 		28.7049
v -10.7495 		63 		23.6305
v -10.18 		63 		28.7526
v -10.6449 		63 		23.6083
v -10.1206 		63 		28.7942
v -10.5375 		63 		23.5901
v -10.0556 		63 		28.8283
v -10.4273 		63 		23.576
v -9.9851 		63 		28.8547
v -10.3143 		63 		23.5659
v -9.9091 		63 		28.8737
v -10.1986 		63 		23.5598
v -9.8275 		63 		28.885
v -10.0801 		63 		23.5578
v -9.7403 		63 		28.8888
v -9.8006 		63 		23.5752
v -9.6421 		63 		28.885
v -9.5483 		63 		23.6275
v -9.5472 		63 		28.8737
v -9.3232 		63 		23.7145
v -9.4556 		63 		28.8547
v -9.1253 		63 		23.8363
v -9.3673 		63 		28.8283
v -8.9546 		63 		23.993
v -9.2824 		63 		28.7942
v -8.8111 		63 		24.1845
v -9.2008 		63 		28.7526
v -9.1197 		63 		28.7021
v -8.6951 		63 		24.4143
v -9.0431 		63 		28.6416
v -8.6002 		63 		24.6799
v -8.971 		63 		28.5709
v -8.5263 		63 		24.9814
v -8.9032 		63 		28.4902
v -8.4736 		63 		25.3187
v -8.84 		63 		28.3994
v -8.442 		63 		25.6918
v -8.7811 		63 		28.2985
v -8.4314 		63 		26.1007
v -8.4339 		63 		26.3626
v -8.7267 		63 		28.1865
v -8.4414 		63 		26.6093
v -8.6768 		63 		28.0624
v -8.4539 		63 		26.8409
v -8.6312 		63 		27.9261
v -8.4714 		63 		27.0573
v -8.5902 		63 		27.7778
v -8.4939 		63 		27.2586
v -8.5535 		63 		27.6174
v -8.5213 		63 		27.4448
v -17.645 		62 		22.6264
v -17.4252 		62 		22.6166
v -17.1943 		62 		22.6133
v -18.0514 		62 		22.6658
v -17.8538 		62 		22.6428
v -18.4133 		62 		22.7314
v -18.2379 		62 		22.6953
v -18.7342 		62 		22.8071
v -18.5785 		62 		22.767
v -19.0173 		62 		22.9009
v -18.8804 		62 		22.8517
v -19.2626 		62 		23.0129
v -19.1447 		62 		22.9546
v -19.4691 		62 		23.1451
v -19.3709 		62 		23.0778
v -19.6357 		62 		23.2874
v -19.5574 		62 		23.215
v -19.7622 		62 		23.4398
v -19.7039 		62 		23.3623
v -19.8566 		62 		23.6063
v -19.8141 		62 		23.5223
v -19.9132 		62 		23.7788
v -19.8896 		62 		23.6918
v -19.9321 		62 		23.9574
v -19.9274 		62 		23.8674
v -19.8899 		62 		24.2198
v -19.9215 		62 		24.0957
v -19.7633 		62 		24.4256
v -19.8372 		62 		24.3298
v -19.5524 		62 		24.575
v -19.6684 		62 		24.5074
v -20.2918 		62 		26.6184
v -20.2918 		62 		25.9736
v -15.7555 		62 		25.9736
v -20.2663 		62 		27.0957
v -20.2854 		62 		26.8618
v -20.1896 		62 		27.5346
v -20.2343 		62 		27.3199
v -20.062 		62 		27.9352
v -20.1322 		62 		27.7397
v -19.8932 		62 		28.2904
v -19.9832 		62 		28.1179
v -19.6801 		62 		28.6053
v -19.7922 		62 		28.4529
v -19.4225 		62 		28.8797
v -19.5568 		62 		28.7475
v -19.1216 		62 		29.1128
v -19.2773 		62 		29.0016
v -18.7786 		62 		29.3035
v -18.9554 		62 		29.2135
v -18.3933 		62 		29.4519
v -18.5912 		62 		29.383
v -17.977 		62 		29.5629
v -18.1893 		62 		29.5129
v -17.5274 		62 		29.6295
v -17.7563 		62 		29.6017
v -17.0444 		62 		29.6517
v -17.2901 		62 		29.6461
v -16.5182 		62 		29.6264
v -16.7763 		62 		29.6454
v -16.0319 		62 		29.5508
v -16.27 		62 		29.5949
v -15.5856 		62 		29.4246
v -15.8038 		62 		29.494
v -15.1815 		62 		29.249
v -15.378 		62 		29.3429
v -14.8218 		62 		29.025
v -14.9961 		62 		29.1431
v -14.5065 		62 		28.7526
v -14.6586 		62 		28.8949
v -14.2367 		62 		28.4256
v -14.3658 		62 		28.5952
v -14.0135 		62 		28.0503
v -14.1193 		62 		28.244
v -13.837 		62 		27.6264
v -13.9195 		62 		27.8444
v -13.7094 		62 		27.1552
v -13.7668 		62 		27.3966
v -13.6327 		62 		26.6375
v -13.6647 		62 		26.9022
v -15.7949 		62 		27.1017
v -15.7854 		62 		26.7818
v -18.1735 		62 		26.7818
v -13.6072 		62 		26.0735
v -13.6136 		62 		26.3613
v -13.6327 		62 		25.5427
v -13.6136 		62 		25.803
v -13.7094 		62 		25.0523
v -13.6647 		62 		25.2924
v -13.837 		62 		24.6022
v -13.7668 		62 		24.8222
v -14.0147 		62 		24.1996
v -13.9197 		62 		24.3956
v -14.2411 		62 		23.8394
v -14.1218 		62 		24.0142
v -14.5165 		62 		23.5215
v -14.3727 		62 		23.6751
v -14.8418 		62 		23.248
v -14.6727 		62 		23.379
v -15.2181 		62 		23.021
v -15.0236 		62 		23.1287
v -15.6456 		62 		22.8404
v -15.4255 		62 		22.9249
v -16.1152 		62 		22.7142
v -15.8745 		62 		22.771
v -16.6314 		62 		22.6386
v -16.3675 		62 		22.6701
v -16.907 		62 		22.6196
v -19.5105 		62 		24.5033
v -15.8232 		62 		27.3954
v -19.4647 		62 		24.4337
v -15.8704 		62 		27.6628
v -19.415 		62 		24.3661
v -15.9364 		62 		27.9039
v -19.3614 		62 		24.3005
v -16.0214 		62 		28.1189
v -19.304 		62 		24.2369
v -16.1252 		62 		28.3076
v -19.2426 		62 		24.1754
v -16.2484 		62 		28.4685
v -19.1807 		62 		24.1133
v -16.385 		62 		28.6002
v -19.115 		62 		24.0543
v -16.5348 		62 		28.7026
v -19.0453 		62 		23.9983
v -16.698 		62 		28.7758
v -18.9717 		62 		23.9453
v -18.8943 		62 		23.8954
v -16.8746 		62 		28.8197
v -18.813 		62 		23.8484
v -17.0644 		62 		28.8343
v -18.7281 		62 		23.802
v -17.1618 		62 		28.8303
v -18.6398 		62 		23.7596
v -17.2543 		62 		28.8182
v -18.5482 		62 		23.7213
v -17.3417 		62 		28.798
v -18.4533 		62 		23.687
v -17.4241 		62 		28.7697
v -18.355 		62 		23.6567
v -17.5016 		62 		28.7334
v -18.2534 		62 		23.6305
v -18.1519 		62 		23.6083
v -17.574 		62 		28.689
v -17.6417 		62 		28.6373
v -18.0469 		62 		23.5901
v -17.705 		62 		28.579
v -17.9387 		62 		23.576
v -17.7638 		62 		28.5142
v -17.8271 		62 		23.5659
v -17.8182 		62 		28.4428
v -17.7122 		62 		23.5598
v -17.8682 		62 		28.3648
v -17.594 		62 		23.5578
v -17.9137 		62 		28.2803
v -17.4505 		62 		23.5616
v -17.9551 		62 		28.1893
v -17.3131 		62 		23.573
v -17.9925 		62 		28.0916
v -17.1818 		62 		23.5919
v -18.0261 		62 		27.9874
v -17.0566 		62 		23.6184
v -18.0558 		62 		27.8767
v -16.9376 		62 		23.6524
v -18.0816 		62 		27.7594
v -16.8246 		62 		23.6941
v -18.1036 		62 		27.6355
v -16.7141 		62 		23.7465
v -18.1249 		62 		27.5059
v -16.6092 		62 		23.8071
v -18.1424 		62 		27.3711
v -16.5099 		62 		23.8757
v -18.156 		62 		27.2314
v -18.1657 		62 		27.0866
v -16.416 		62 		23.9524
v -18.1716 		62 		26.9367
v -16.3278 		62 		24.0371
v -16.2451 		62 		24.13
v -16.1712 		62 		24.2342
v -16.103 		62 		24.3469
v -15.7591 		62 		25.7667
v -16.0402 		62 		24.4683
v -15.7699 		62 		25.5699
v -15.9831 		62 		24.5982
v -15.7879 		62 		25.3833
v -15.9314 		62 		24.7367
v -15.8132 		62 		25.2067
v -15.8854 		62 		24.8838
v -15.8457 		62 		25.0402
v -17.1943 		63 		22.6133
v -17.4252 		63 		22.6166
v -17.645 		63 		22.6264
v -17.8538 		63 		22.6428
v -18.0514 		63 		22.6658
v -18.2379 		63 		22.6953
v -18.4133 		63 		22.7314
v -18.5785 		63 		22.767
v -18.7342 		63 		22.8071
v -18.8804 		63 		22.8517
v -19.0173 		63 		22.9009
v -19.1447 		63 		22.9546
v -19.2626 		63 		23.0129
v -19.3709 		63 		23.0778
v -19.4691 		63 		23.1451
v -19.5574 		63 		23.215
v -19.6357 		63 		23.2874
v -19.7039 		63 		23.3623
v -19.7622 		63 		23.4398
v -19.8141 		63 		23.5223
v -19.8566 		63 		23.6063
v -19.8896 		63 		23.6918
v -19.9132 		63 		23.7788
v -19.9274 		63 		23.8674
v -19.9321 		63 		23.9574
v -19.9215 		63 		24.0957
v -19.8899 		63 		24.2198
v -19.8372 		63 		24.3298
v -19.7633 		63 		24.4256
v -19.6684 		63 		24.5074
v -19.5524 		63 		24.575
v -15.7555 		63 		25.9736
v -20.2918 		63 		25.9736
v -20.2918 		63 		26.6184
v -20.2854 		63 		26.8618
v -20.2663 		63 		27.0957
v -20.2343 		63 		27.3199
v -20.1896 		63 		27.5346
v -20.1322 		63 		27.7397
v -20.062 		63 		27.9352
v -19.9832 		63 		28.1179
v -19.8932 		63 		28.2904
v -19.7922 		63 		28.4529
v -19.6801 		63 		28.6053
v -19.5568 		63 		28.7475
v -19.4225 		63 		28.8797
v -19.2773 		63 		29.0016
v -19.1216 		63 		29.1128
v -18.9554 		63 		29.2135
v -18.7786 		63 		29.3035
v -18.5912 		63 		29.383
v -18.3933 		63 		29.4519
v -18.1893 		63 		29.5129
v -17.977 		63 		29.5629
v -17.7563 		63 		29.6017
v -17.5274 		63 		29.6295
v -17.2901 		63 		29.6461
v -17.0444 		63 		29.6517
v -16.7763 		63 		29.6454
v -16.5182 		63 		29.6264
v -16.27 		63 		29.5949
v -16.0319 		63 		29.5508
v -15.8038 		63 		29.494
v -15.5856 		63 		29.4246
v -15.378 		63 		29.3429
v -15.1815 		63 		29.249
v -14.9961 		63 		29.1431
v -14.8218 		63 		29.025
v -14.6586 		63 		28.8949
v -14.5065 		63 		28.7526
v -14.3658 		63 		28.5952
v -14.2367 		63 		28.4256
v -14.1193 		63 		28.244
v -14.0135 		63 		28.0503
v -13.9195 		63 		27.8444
v -13.837 		63 		27.6264
v -13.7668 		63 		27.3966
v -13.7094 		63 		27.1552
v -13.6647 		63 		26.9022
v -13.6327 		63 		26.6375
v -15.7854 		63 		26.7818
v -15.7949 		63 		27.1017
v -18.1735 		63 		26.7818
v -13.6136 		63 		26.3613
v -13.6072 		63 		26.0735
v -13.6136 		63 		25.803
v -13.6327 		63 		25.5427
v -13.6647 		63 		25.2924
v -13.7094 		63 		25.0523
v -13.7668 		63 		24.8222
v -13.837 		63 		24.6022
v -13.9197 		63 		24.3956
v -14.0147 		63 		24.1996
v -14.1218 		63 		24.0142
v -14.2411 		63 		23.8394
v -14.3727 		63 		23.6751
v -14.5165 		63 		23.5215
v -14.6727 		63 		23.379
v -14.8418 		63 		23.248
v -15.0236 		63 		23.1287
v -15.2181 		63 		23.021
v -15.4255 		63 		22.9249
v -15.6456 		63 		22.8404
v -15.8745 		63 		22.771
v -16.1152 		63 		22.7142
v -16.3675 		63 		22.6701
v -16.6314 		63 		22.6386
v -16.907 		63 		22.6196
v -19.5105 		63 		24.5033
v -15.8232 		63 		27.3954
v -19.4647 		63 		24.4337
v -15.8704 		63 		27.6628
v -19.415 		63 		24.3661
v -15.9364 		63 		27.9039
v -19.3614 		63 		24.3005
v -16.0214 		63 		28.1189
v -19.304 		63 		24.2369
v -16.1252 		63 		28.3076
v -19.2426 		63 		24.1754
v -16.2484 		63 		28.4685
v -19.1807 		63 		24.1133
v -16.385 		63 		28.6002
v -19.115 		63 		24.0543
v -16.5348 		63 		28.7026
v -19.0453 		63 		23.9983
v -16.698 		63 		28.7758
v -18.9717 		63 		23.9453
v -18.8943 		63 		23.8954
v -16.8746 		63 		28.8197
v -18.813 		63 		23.8484
v -17.0644 		63 		28.8343
v -18.7281 		63 		23.802
v -17.1618 		63 		28.8303
v -18.6398 		63 		23.7596
v -17.2543 		63 		28.8182
v -18.5482 		63 		23.7213
v -17.3417 		63 		28.798
v -18.4533 		63 		23.687
v -17.4241 		63 		28.7697
v -18.355 		63 		23.6567
v -17.5016 		63 		28.7334
v -18.2534 		63 		23.6305
v -18.1519 		63 		23.6083
v -17.574 		63 		28.689
v -17.6417 		63 		28.6373
v -18.0469 		63 		23.5901
v -17.705 		63 		28.579
v -17.9387 		63 		23.576
v -17.7638 		63 		28.5142
v -17.8271 		63 		23.5659
v -17.8182 		63 		28.4428
v -17.7122 		63 		23.5598
v -17.8682 		63 		28.3648
v -17.594 		63 		23.5578
v -17.9137 		63 		28.2803
v -17.4505 		63 		23.5616
v -17.9551 		63 		28.1893
v -17.3131 		63 		23.573
v -17.9925 		63 		28.0916
v -17.1818 		63 		23.5919
v -18.0261 		63 		27.9874
v -17.0566 		63 		23.6184
v -18.0558 		63 		27.8767
v -16.9376 		63 		23.6524
v -18.0816 		63 		27.7594
v -16.8246 		63 		23.6941
v -18.1036 		63 		27.6355
v -16.7141 		63 		23.7465
v -18.1249 		63 		27.5059
v -16.6092 		63 		23.8071
v -18.1424 		63 		27.3711
v -16.5099 		63 		23.8757
v -18.156 		63 		27.2314
v -18.1657 		63 		27.0866
v -16.416 		63 		23.9524
v -18.1716 		63 		26.9367
v -16.3278 		63 		24.0371
v -16.2451 		63 		24.13
v -16.1712 		63 		24.2342
v -16.103 		63 		24.3469
v -15.7591 		63 		25.7667
v -16.0402 		63 		24.4683
v -15.7699 		63 		25.5699
v -15.9831 		63 		24.5982
v -15.7879 		63 		25.3833
v -15.9314 		63 		24.7367
v -15.8132 		63 		25.2067
v -15.8854 		63 		24.8838
v -15.8457 		63 		25.0402
# 2030 vertices

g group_5_16448250

usemtl color_16448250
s 0

f 41 	42 	43
f 44 	45 	41
f 46 	47 	44
f 48 	49 	46
f 50 	51 	48
f 52 	53 	50
f 54 	55 	52
f 56 	57 	54
f 58 	59 	56
f 60 	61 	58
f 62 	63 	60
f 64 	65 	62
f 66 	67 	64
f 68 	69 	70
f 69 	68 	71
f 72 	73 	74
f 75 	76 	72
f 77 	78 	79
f 80 	81 	77
f 82 	83 	80
f 84 	85 	82
f 86 	87 	84
f 88 	89 	86
f 90 	91 	88
f 92 	93 	90
f 94 	95 	92
f 96 	97 	94
f 98 	99 	96
f 100 	101 	98
f 41 	43 	100
f 46 	44 	41
f 50 	48 	46
f 54 	52 	50
f 58 	56 	54
f 62 	60 	58
f 66 	64 	62
f 68 	70 	102
f 69 	71 	103
f 72 	74 	104
f 105 	75 	72
f 80 	77 	79
f 84 	82 	80
f 88 	86 	84
f 92 	90 	88
f 96 	94 	92
f 100 	98 	96
f 46 	41 	100
f 54 	50 	46
f 62 	58 	54
f 106 	66 	62
f 68 	102 	107
f 69 	103 	108
f 72 	104 	109
f 110 	105 	72
f 84 	80 	79
f 92 	88 	84
f 100 	96 	92
f 54 	46 	100
f 106 	62 	54
f 68 	107 	111
f 69 	108 	112
f 72 	109 	113
f 114 	110 	72
f 92 	84 	79
f 54 	100 	92
f 115 	106 	54
f 68 	111 	116
f 117 	69 	112
f 72 	113 	118
f 119 	114 	72
f 120 	115 	54
f 68 	116 	121
f 72 	118 	122
f 123 	119 	72
f 124 	120 	54
f 68 	121 	125
f 72 	122 	126
f 127 	123 	72
f 128 	124 	54
f 68 	125 	129
f 72 	126 	130
f 131 	127 	72
f 132 	128 	54
f 68 	129 	133
f 72 	130 	134
f 135 	131 	72
f 136 	132 	54
f 68 	133 	137
f 72 	134 	138
f 139 	135 	72
f 140 	136 	54
f 141 	68 	137
f 72 	138 	142
f 143 	139 	72
f 144 	140 	54
f 141 	137 	145
f 72 	142 	146
f 147 	143 	72
f 148 	144 	54
f 141 	145 	149
f 147 	72 	146
f 150 	148 	54
f 141 	149 	151
f 147 	146 	152
f 153 	150 	54
f 141 	151 	153
f 147 	152 	154
f 141 	153 	54
f 147 	154 	155
f 156 	141 	54
f 147 	155 	157
f 158 	156 	54
f 147 	157 	159
f 160 	158 	54
f 147 	159 	161
f 162 	160 	54
f 147 	161 	163
f 164 	162 	54
f 147 	163 	165
f 166 	164 	54
f 147 	165 	167
f 168 	166 	54
f 147 	167 	169
f 170 	168 	54
f 147 	169 	171
f 172 	170 	54
f 147 	171 	117
f 173 	172 	54
f 174 	147 	117
f 175 	173 	54
f 176 	174 	117
f 177 	175 	54
f 178 	176 	117
f 179 	177 	54
f 180 	178 	117
f 181 	179 	54
f 182 	180 	117
f 181 	54 	92
f 183 	182 	117
f 184 	181 	92
f 185 	183 	117
f 186 	184 	92
f 187 	185 	117
f 188 	186 	92
f 189 	187 	117
f 190 	188 	92
f 191 	189 	117
f 192 	190 	92
f 193 	191 	117
f 194 	192 	92
f 195 	193 	117
f 196 	194 	92
f 197 	195 	117
f 198 	196 	92
f 199 	197 	117
f 200 	198 	92
f 79 	199 	117
f 201 	200 	92
f 79 	117 	112
f 202 	201 	92
f 79 	112 	203
f 204 	202 	92
f 79 	203 	205
f 206 	204 	92
f 79 	205 	207
f 208 	206 	92
f 79 	207 	209
f 210 	208 	92
f 79 	209 	211
f 212 	210 	92
f 79 	211 	213
f 214 	212 	92
f 92 	79 	213
f 215 	214 	92
f 92 	213 	216
f 217 	215 	92
f 92 	216 	218
f 219 	217 	92
f 92 	218 	220
f 221 	219 	92
f 92 	220 	222
f 222 	221 	92
f 223 	224 	225
f 225 	226 	227
f 227 	228 	229
f 229 	230 	231
f 231 	232 	233
f 233 	234 	235
f 235 	236 	237
f 237 	238 	239
f 239 	240 	241
f 241 	242 	243
f 243 	244 	245
f 245 	246 	247
f 247 	248 	249
f 250 	251 	252
f 253 	252 	251
f 254 	255 	256
f 256 	257 	258
f 259 	260 	261
f 261 	262 	263
f 263 	264 	265
f 265 	266 	267
f 267 	268 	269
f 269 	270 	271
f 271 	272 	273
f 273 	274 	275
f 275 	276 	277
f 277 	278 	279
f 279 	280 	281
f 281 	282 	283
f 283 	223 	225
f 225 	227 	229
f 229 	231 	233
f 233 	235 	237
f 237 	239 	241
f 241 	243 	245
f 245 	247 	249
f 284 	250 	252
f 285 	253 	251
f 286 	254 	256
f 256 	258 	287
f 259 	261 	263
f 263 	265 	267
f 267 	269 	271
f 271 	273 	275
f 275 	277 	279
f 279 	281 	283
f 283 	225 	229
f 229 	233 	237
f 237 	241 	245
f 245 	249 	288
f 289 	284 	252
f 290 	285 	251
f 291 	286 	256
f 256 	287 	292
f 259 	263 	267
f 267 	271 	275
f 275 	279 	283
f 283 	229 	237
f 237 	245 	288
f 293 	289 	252
f 294 	290 	251
f 295 	291 	256
f 256 	292 	296
f 259 	267 	275
f 275 	283 	237
f 237 	288 	297
f 298 	293 	252
f 294 	251 	299
f 300 	295 	256
f 256 	296 	301
f 237 	297 	302
f 303 	298 	252
f 304 	300 	256
f 256 	301 	305
f 237 	302 	306
f 307 	303 	252
f 308 	304 	256
f 256 	305 	309
f 237 	306 	310
f 311 	307 	252
f 312 	308 	256
f 256 	309 	313
f 237 	310 	314
f 315 	311 	252
f 316 	312 	256
f 256 	313 	317
f 237 	314 	318
f 319 	315 	252
f 320 	316 	256
f 256 	317 	321
f 237 	318 	322
f 319 	252 	323
f 324 	320 	256
f 256 	321 	325
f 237 	322 	326
f 327 	319 	323
f 328 	324 	256
f 256 	325 	329
f 237 	326 	330
f 331 	327 	323
f 328 	256 	329
f 237 	330 	332
f 333 	331 	323
f 334 	328 	329
f 237 	332 	335
f 335 	333 	323
f 336 	334 	329
f 237 	335 	323
f 337 	336 	329
f 237 	323 	338
f 339 	337 	329
f 237 	338 	340
f 341 	339 	329
f 237 	340 	342
f 343 	341 	329
f 237 	342 	344
f 345 	343 	329
f 237 	344 	346
f 347 	345 	329
f 237 	346 	348
f 349 	347 	329
f 237 	348 	350
f 351 	349 	329
f 237 	350 	352
f 353 	351 	329
f 237 	352 	354
f 299 	353 	329
f 237 	354 	355
f 299 	329 	356
f 237 	355 	357
f 299 	356 	358
f 237 	357 	359
f 299 	358 	360
f 237 	359 	361
f 299 	360 	362
f 237 	361 	363
f 299 	362 	364
f 275 	237 	363
f 299 	364 	365
f 275 	363 	366
f 299 	365 	367
f 275 	366 	368
f 299 	367 	369
f 275 	368 	370
f 299 	369 	371
f 275 	370 	372
f 299 	371 	373
f 275 	372 	374
f 299 	373 	375
f 275 	374 	376
f 299 	375 	377
f 275 	376 	378
f 299 	377 	379
f 275 	378 	380
f 299 	379 	381
f 275 	380 	382
f 299 	381 	259
f 275 	382 	383
f 294 	299 	259
f 275 	383 	384
f 385 	294 	259
f 275 	384 	386
f 387 	385 	259
f 275 	386 	388
f 389 	387 	259
f 275 	388 	390
f 391 	389 	259
f 275 	390 	392
f 393 	391 	259
f 275 	392 	394
f 395 	393 	259
f 275 	394 	396
f 395 	259 	275
f 275 	396 	397
f 398 	395 	275
f 275 	397 	399
f 400 	398 	275
f 275 	399 	401
f 402 	400 	275
f 275 	401 	403
f 404 	402 	275
f 275 	403 	404
f 42 	41 	224
f 41 	225 	224
f 41 	45 	225
f 45 	226 	225
f 45 	44 	226
f 44 	227 	226
f 44 	47 	227
f 47 	228 	227
f 47 	46 	228
f 46 	229 	228
f 46 	49 	229
f 49 	230 	229
f 49 	48 	230
f 48 	231 	230
f 48 	51 	231
f 51 	232 	231
f 51 	50 	232
f 50 	233 	232
f 50 	53 	233
f 53 	234 	233
f 53 	52 	234
f 52 	235 	234
f 52 	55 	235
f 55 	236 	235
f 55 	54 	236
f 54 	237 	236
f 54 	57 	237
f 57 	238 	237
f 57 	56 	238
f 56 	239 	238
f 56 	59 	239
f 59 	240 	239
f 59 	58 	240
f 58 	241 	240
f 58 	61 	241
f 61 	242 	241
f 61 	60 	242
f 60 	243 	242
f 60 	63 	243
f 63 	244 	243
f 63 	62 	244
f 62 	245 	244
f 62 	65 	245
f 65 	246 	245
f 65 	64 	246
f 64 	247 	246
f 64 	67 	247
f 67 	248 	247
f 67 	66 	248
f 66 	249 	248
f 66 	106 	249
f 106 	288 	249
f 106 	115 	288
f 115 	297 	288
f 115 	120 	297
f 120 	302 	297
f 120 	124 	302
f 124 	306 	302
f 124 	128 	306
f 128 	310 	306
f 128 	132 	310
f 132 	314 	310
f 132 	136 	314
f 136 	318 	314
f 136 	140 	318
f 140 	322 	318
f 140 	144 	322
f 144 	326 	322
f 144 	148 	326
f 148 	330 	326
f 148 	150 	330
f 150 	332 	330
f 150 	153 	332
f 153 	335 	332
f 153 	151 	335
f 151 	333 	335
f 151 	149 	333
f 149 	331 	333
f 149 	145 	331
f 145 	327 	331
f 145 	137 	327
f 137 	319 	327
f 137 	133 	319
f 133 	315 	319
f 133 	129 	315
f 129 	311 	315
f 129 	125 	311
f 125 	307 	311
f 125 	121 	307
f 121 	303 	307
f 121 	116 	303
f 116 	298 	303
f 116 	111 	298
f 111 	293 	298
f 111 	107 	293
f 107 	289 	293
f 107 	102 	289
f 102 	284 	289
f 102 	70 	284
f 70 	250 	284
f 70 	69 	250
f 69 	251 	250
f 69 	117 	251
f 117 	299 	251
f 117 	171 	299
f 171 	353 	299
f 171 	169 	353
f 169 	351 	353
f 169 	167 	351
f 167 	349 	351
f 167 	165 	349
f 165 	347 	349
f 165 	163 	347
f 163 	345 	347
f 163 	161 	345
f 161 	343 	345
f 161 	159 	343
f 159 	341 	343
f 159 	157 	341
f 157 	339 	341
f 157 	155 	339
f 155 	337 	339
f 155 	154 	337
f 154 	336 	337
f 154 	152 	336
f 152 	334 	336
f 152 	146 	334
f 146 	328 	334
f 146 	142 	328
f 142 	324 	328
f 142 	138 	324
f 138 	320 	324
f 138 	134 	320
f 134 	316 	320
f 134 	130 	316
f 130 	312 	316
f 130 	126 	312
f 126 	308 	312
f 126 	122 	308
f 122 	304 	308
f 122 	118 	304
f 118 	300 	304
f 118 	113 	300
f 113 	295 	300
f 113 	109 	295
f 109 	291 	295
f 109 	104 	291
f 104 	286 	291
f 104 	74 	286
f 74 	254 	286
f 74 	73 	254
f 73 	255 	254
f 73 	72 	255
f 72 	256 	255
f 72 	76 	256
f 76 	257 	256
f 76 	75 	257
f 75 	258 	257
f 75 	105 	258
f 105 	287 	258
f 105 	110 	287
f 110 	292 	287
f 110 	114 	292
f 114 	296 	292
f 114 	119 	296
f 119 	301 	296
f 119 	123 	301
f 123 	305 	301
f 123 	127 	305
f 127 	309 	305
f 127 	131 	309
f 131 	313 	309
f 131 	135 	313
f 135 	317 	313
f 135 	139 	317
f 139 	321 	317
f 139 	143 	321
f 143 	325 	321
f 143 	147 	325
f 147 	329 	325
f 147 	174 	329
f 174 	356 	329
f 174 	176 	356
f 176 	358 	356
f 176 	178 	358
f 178 	360 	358
f 178 	180 	360
f 180 	362 	360
f 180 	182 	362
f 182 	364 	362
f 182 	183 	364
f 183 	365 	364
f 183 	185 	365
f 185 	367 	365
f 185 	187 	367
f 187 	369 	367
f 187 	189 	369
f 189 	371 	369
f 189 	191 	371
f 191 	373 	371
f 191 	193 	373
f 193 	375 	373
f 193 	195 	375
f 195 	377 	375
f 195 	197 	377
f 197 	379 	377
f 197 	199 	379
f 199 	381 	379
f 199 	79 	381
f 79 	259 	381
f 79 	78 	259
f 78 	260 	259
f 78 	77 	260
f 77 	261 	260
f 77 	81 	261
f 81 	262 	261
f 81 	80 	262
f 80 	263 	262
f 80 	83 	263
f 83 	264 	263
f 83 	82 	264
f 82 	265 	264
f 82 	85 	265
f 85 	266 	265
f 85 	84 	266
f 84 	267 	266
f 84 	87 	267
f 87 	268 	267
f 87 	86 	268
f 86 	269 	268
f 86 	89 	269
f 89 	270 	269
f 89 	88 	270
f 88 	271 	270
f 88 	91 	271
f 91 	272 	271
f 91 	90 	272
f 90 	273 	272
f 90 	93 	273
f 93 	274 	273
f 93 	92 	274
f 92 	275 	274
f 92 	95 	275
f 95 	276 	275
f 95 	94 	276
f 94 	277 	276
f 94 	97 	277
f 97 	278 	277
f 97 	96 	278
f 96 	279 	278
f 96 	99 	279
f 99 	280 	279
f 99 	98 	280
f 98 	281 	280
f 98 	101 	281
f 101 	282 	281
f 101 	100 	282
f 100 	283 	282
f 100 	43 	283
f 43 	223 	283
f 43 	42 	223
f 42 	224 	223
f 141 	156 	323
f 156 	338 	323
f 156 	158 	338
f 158 	340 	338
f 158 	160 	340
f 160 	342 	340
f 160 	162 	342
f 162 	344 	342
f 162 	164 	344
f 164 	346 	344
f 164 	166 	346
f 166 	348 	346
f 166 	168 	348
f 168 	350 	348
f 168 	170 	350
f 170 	352 	350
f 170 	172 	352
f 172 	354 	352
f 172 	173 	354
f 173 	355 	354
f 173 	175 	355
f 175 	357 	355
f 175 	177 	357
f 177 	359 	357
f 177 	179 	359
f 179 	361 	359
f 179 	181 	361
f 181 	363 	361
f 181 	184 	363
f 184 	366 	363
f 184 	186 	366
f 186 	368 	366
f 186 	188 	368
f 188 	370 	368
f 188 	190 	370
f 190 	372 	370
f 190 	192 	372
f 192 	374 	372
f 192 	194 	374
f 194 	376 	374
f 194 	196 	376
f 196 	378 	376
f 196 	198 	378
f 198 	380 	378
f 198 	200 	380
f 200 	382 	380
f 200 	201 	382
f 201 	383 	382
f 201 	202 	383
f 202 	384 	383
f 202 	204 	384
f 204 	386 	384
f 204 	206 	386
f 206 	388 	386
f 206 	208 	388
f 208 	390 	388
f 208 	210 	390
f 210 	392 	390
f 210 	212 	392
f 212 	394 	392
f 212 	214 	394
f 214 	396 	394
f 214 	215 	396
f 215 	397 	396
f 215 	217 	397
f 217 	399 	397
f 217 	219 	399
f 219 	401 	399
f 219 	221 	401
f 221 	403 	401
f 221 	222 	403
f 222 	404 	403
f 222 	220 	404
f 220 	402 	404
f 220 	218 	402
f 218 	400 	402
f 218 	216 	400
f 216 	398 	400
f 216 	213 	398
f 213 	395 	398
f 213 	211 	395
f 211 	393 	395
f 211 	209 	393
f 209 	391 	393
f 209 	207 	391
f 207 	389 	391
f 207 	205 	389
f 205 	387 	389
f 205 	203 	387
f 203 	385 	387
f 203 	112 	385
f 112 	294 	385
f 112 	108 	294
f 108 	290 	294
f 108 	103 	290
f 103 	285 	290
f 103 	71 	285
f 71 	253 	285
f 71 	68 	253
f 68 	252 	253
f 68 	141 	252
f 141 	323 	252
f 405 	406 	407
f 408 	409 	405
f 410 	411 	408
f 412 	413 	410
f 414 	415 	412
f 416 	417 	414
f 418 	419 	416
f 420 	421 	418
f 422 	423 	420
f 424 	425 	422
f 426 	427 	424
f 428 	429 	426
f 430 	431 	428
f 432 	433 	430
f 434 	435 	432
f 436 	437 	434
f 438 	439 	436
f 440 	441 	438
f 442 	443 	440
f 440 	443 	444
f 445 	446 	440
f 447 	448 	445
f 449 	450 	447
f 451 	452 	449
f 453 	454 	451
f 455 	456 	453
f 457 	458 	455
f 459 	460 	457
f 461 	462 	459
f 463 	464 	461
f 465 	466 	463
f 467 	468 	465
f 469 	470 	467
f 471 	472 	469
f 473 	474 	471
f 475 	476 	473
f 477 	478 	475
f 407 	479 	477
f 408 	405 	407
f 412 	410 	408
f 416 	414 	412
f 420 	418 	416
f 424 	422 	420
f 428 	426 	424
f 432 	430 	428
f 436 	434 	432
f 440 	438 	436
f 480 	442 	440
f 440 	444 	481
f 447 	445 	440
f 451 	449 	447
f 455 	453 	451
f 459 	457 	455
f 463 	461 	459
f 467 	465 	463
f 471 	469 	467
f 475 	473 	471
f 407 	477 	475
f 412 	408 	407
f 420 	416 	412
f 428 	424 	420
f 436 	432 	428
f 480 	440 	436
f 440 	481 	482
f 451 	447 	440
f 459 	455 	451
f 467 	463 	459
f 475 	471 	467
f 412 	407 	475
f 428 	420 	412
f 483 	480 	436
f 440 	482 	484
f 459 	451 	440
f 485 	483 	436
f 440 	484 	486
f 467 	459 	440
f 487 	485 	436
f 440 	486 	488
f 489 	487 	436
f 440 	488 	490
f 491 	489 	436
f 440 	490 	492
f 493 	491 	436
f 440 	492 	494
f 495 	493 	436
f 440 	494 	496
f 497 	495 	436
f 440 	496 	498
f 499 	497 	436
f 440 	498 	500
f 501 	499 	436
f 440 	500 	502
f 503 	501 	436
f 440 	502 	504
f 505 	503 	436
f 440 	504 	506
f 505 	436 	428
f 440 	506 	507
f 508 	505 	428
f 467 	440 	507
f 509 	508 	428
f 467 	507 	510
f 511 	509 	428
f 467 	510 	512
f 513 	511 	428
f 467 	512 	514
f 515 	513 	428
f 467 	514 	516
f 517 	515 	428
f 467 	516 	518
f 519 	517 	428
f 467 	518 	520
f 521 	519 	428
f 467 	520 	522
f 523 	521 	428
f 467 	522 	524
f 525 	523 	428
f 467 	524 	526
f 527 	525 	428
f 467 	526 	528
f 529 	527 	428
f 467 	528 	530
f 531 	529 	428
f 467 	530 	532
f 531 	428 	412
f 467 	532 	533
f 534 	531 	412
f 467 	533 	535
f 536 	534 	412
f 467 	535 	537
f 538 	536 	412
f 467 	537 	539
f 540 	538 	412
f 467 	539 	541
f 542 	540 	412
f 475 	467 	541
f 543 	542 	412
f 475 	541 	544
f 545 	543 	412
f 475 	544 	546
f 547 	545 	412
f 475 	546 	548
f 549 	547 	412
f 475 	548 	550
f 549 	412 	475
f 475 	550 	551
f 552 	549 	475
f 475 	551 	553
f 554 	552 	475
f 475 	553 	555
f 556 	554 	475
f 475 	555 	557
f 558 	556 	475
f 475 	557 	559
f 560 	558 	475
f 475 	559 	561
f 562 	560 	475
f 475 	561 	563
f 564 	562 	475
f 475 	563 	565
f 566 	564 	475
f 475 	565 	567
f 568 	566 	475
f 475 	567 	569
f 570 	568 	475
f 475 	569 	571
f 572 	570 	475
f 475 	571 	572
f 573 	574 	575
f 575 	576 	577
f 577 	578 	579
f 579 	580 	581
f 581 	582 	583
f 583 	584 	585
f 585 	586 	587
f 587 	588 	589
f 589 	590 	591
f 591 	592 	593
f 593 	594 	595
f 595 	596 	597
f 597 	598 	599
f 599 	600 	601
f 601 	602 	603
f 603 	604 	605
f 605 	606 	607
f 607 	608 	609
f 609 	610 	611
f 612 	610 	609
f 609 	613 	614
f 614 	615 	616
f 616 	617 	618
f 618 	619 	620
f 620 	621 	622
f 622 	623 	624
f 624 	625 	626
f 626 	627 	628
f 628 	629 	630
f 630 	631 	632
f 632 	633 	634
f 634 	635 	636
f 636 	637 	638
f 638 	639 	640
f 640 	641 	642
f 642 	643 	644
f 644 	645 	646
f 646 	647 	573
f 573 	575 	577
f 577 	579 	581
f 581 	583 	585
f 585 	587 	589
f 589 	591 	593
f 593 	595 	597
f 597 	599 	601
f 601 	603 	605
f 605 	607 	609
f 609 	611 	648
f 649 	612 	609
f 609 	614 	616
f 616 	618 	620
f 620 	622 	624
f 624 	626 	628
f 628 	630 	632
f 632 	634 	636
f 636 	638 	640
f 640 	642 	644
f 644 	646 	573
f 573 	577 	581
f 581 	585 	589
f 589 	593 	597
f 597 	601 	605
f 605 	609 	648
f 650 	649 	609
f 609 	616 	620
f 620 	624 	628
f 628 	632 	636
f 636 	640 	644
f 644 	573 	581
f 581 	589 	597
f 605 	648 	651
f 652 	650 	609
f 609 	620 	628
f 605 	651 	653
f 654 	652 	609
f 609 	628 	636
f 605 	653 	655
f 656 	654 	609
f 605 	655 	657
f 658 	656 	609
f 605 	657 	659
f 660 	658 	609
f 605 	659 	661
f 662 	660 	609
f 605 	661 	663
f 664 	662 	609
f 605 	663 	665
f 666 	664 	609
f 605 	665 	667
f 668 	666 	609
f 605 	667 	669
f 670 	668 	609
f 605 	669 	671
f 672 	670 	609
f 605 	671 	673
f 674 	672 	609
f 597 	605 	673
f 675 	674 	609
f 597 	673 	676
f 675 	609 	636
f 597 	676 	677
f 678 	675 	636
f 597 	677 	679
f 680 	678 	636
f 597 	679 	681
f 682 	680 	636
f 597 	681 	683
f 684 	682 	636
f 597 	683 	685
f 686 	684 	636
f 597 	685 	687
f 688 	686 	636
f 597 	687 	689
f 690 	688 	636
f 597 	689 	691
f 692 	690 	636
f 597 	691 	693
f 694 	692 	636
f 597 	693 	695
f 696 	694 	636
f 597 	695 	697
f 698 	696 	636
f 597 	697 	699
f 700 	698 	636
f 581 	597 	699
f 701 	700 	636
f 581 	699 	702
f 703 	701 	636
f 581 	702 	704
f 705 	703 	636
f 581 	704 	706
f 707 	705 	636
f 581 	706 	708
f 709 	707 	636
f 581 	708 	710
f 709 	636 	644
f 581 	710 	711
f 712 	709 	644
f 581 	711 	713
f 714 	712 	644
f 581 	713 	715
f 716 	714 	644
f 581 	715 	717
f 718 	716 	644
f 644 	581 	717
f 719 	718 	644
f 644 	717 	720
f 721 	719 	644
f 644 	720 	722
f 723 	721 	644
f 644 	722 	724
f 725 	723 	644
f 644 	724 	726
f 727 	725 	644
f 644 	726 	728
f 729 	727 	644
f 644 	728 	730
f 731 	729 	644
f 644 	730 	732
f 733 	731 	644
f 644 	732 	734
f 735 	733 	644
f 644 	734 	736
f 737 	735 	644
f 644 	736 	738
f 739 	737 	644
f 644 	738 	740
f 740 	739 	644
f 406 	405 	574
f 405 	575 	574
f 405 	409 	575
f 409 	576 	575
f 409 	408 	576
f 408 	577 	576
f 408 	411 	577
f 411 	578 	577
f 411 	410 	578
f 410 	579 	578
f 410 	413 	579
f 413 	580 	579
f 413 	412 	580
f 412 	581 	580
f 412 	415 	581
f 415 	582 	581
f 415 	414 	582
f 414 	583 	582
f 414 	417 	583
f 417 	584 	583
f 417 	416 	584
f 416 	585 	584
f 416 	419 	585
f 419 	586 	585
f 419 	418 	586
f 418 	587 	586
f 418 	421 	587
f 421 	588 	587
f 421 	420 	588
f 420 	589 	588
f 420 	423 	589
f 423 	590 	589
f 423 	422 	590
f 422 	591 	590
f 422 	425 	591
f 425 	592 	591
f 425 	424 	592
f 424 	593 	592
f 424 	427 	593
f 427 	594 	593
f 427 	426 	594
f 426 	595 	594
f 426 	429 	595
f 429 	596 	595
f 429 	428 	596
f 428 	597 	596
f 428 	431 	597
f 431 	598 	597
f 431 	430 	598
f 430 	599 	598
f 430 	433 	599
f 433 	600 	599
f 433 	432 	600
f 432 	601 	600
f 432 	435 	601
f 435 	602 	601
f 435 	434 	602
f 434 	603 	602
f 434 	437 	603
f 437 	604 	603
f 437 	436 	604
f 436 	605 	604
f 436 	439 	605
f 439 	606 	605
f 439 	438 	606
f 438 	607 	606
f 438 	441 	607
f 441 	608 	607
f 441 	440 	608
f 440 	609 	608
f 440 	446 	609
f 446 	613 	609
f 446 	445 	613
f 445 	614 	613
f 445 	448 	614
f 448 	615 	614
f 448 	447 	615
f 447 	616 	615
f 447 	450 	616
f 450 	617 	616
f 450 	449 	617
f 449 	618 	617
f 449 	452 	618
f 452 	619 	618
f 452 	451 	619
f 451 	620 	619
f 451 	454 	620
f 454 	621 	620
f 454 	453 	621
f 453 	622 	621
f 453 	456 	622
f 456 	623 	622
f 456 	455 	623
f 455 	624 	623
f 455 	458 	624
f 458 	625 	624
f 458 	457 	625
f 457 	626 	625
f 457 	460 	626
f 460 	627 	626
f 460 	459 	627
f 459 	628 	627
f 459 	462 	628
f 462 	629 	628
f 462 	461 	629
f 461 	630 	629
f 461 	464 	630
f 464 	631 	630
f 464 	463 	631
f 463 	632 	631
f 463 	466 	632
f 466 	633 	632
f 466 	465 	633
f 465 	634 	633
f 465 	468 	634
f 468 	635 	634
f 468 	467 	635
f 467 	636 	635
f 467 	470 	636
f 470 	637 	636
f 470 	469 	637
f 469 	638 	637
f 469 	472 	638
f 472 	639 	638
f 472 	471 	639
f 471 	640 	639
f 471 	474 	640
f 474 	641 	640
f 474 	473 	641
f 473 	642 	641
f 473 	476 	642
f 476 	643 	642
f 476 	475 	643
f 475 	644 	643
f 475 	478 	644
f 478 	645 	644
f 478 	477 	645
f 477 	646 	645
f 477 	479 	646
f 479 	647 	646
f 479 	407 	647
f 407 	573 	647
f 407 	406 	573
f 406 	574 	573
f 442 	480 	611
f 480 	648 	611
f 480 	483 	648
f 483 	651 	648
f 483 	485 	651
f 485 	653 	651
f 485 	487 	653
f 487 	655 	653
f 487 	489 	655
f 489 	657 	655
f 489 	491 	657
f 491 	659 	657
f 491 	493 	659
f 493 	661 	659
f 493 	495 	661
f 495 	663 	661
f 495 	497 	663
f 497 	665 	663
f 497 	499 	665
f 499 	667 	665
f 499 	501 	667
f 501 	669 	667
f 501 	503 	669
f 503 	671 	669
f 503 	505 	671
f 505 	673 	671
f 505 	508 	673
f 508 	676 	673
f 508 	509 	676
f 509 	677 	676
f 509 	511 	677
f 511 	679 	677
f 511 	513 	679
f 513 	681 	679
f 513 	515 	681
f 515 	683 	681
f 515 	517 	683
f 517 	685 	683
f 517 	519 	685
f 519 	687 	685
f 519 	521 	687
f 521 	689 	687
f 521 	523 	689
f 523 	691 	689
f 523 	525 	691
f 525 	693 	691
f 525 	527 	693
f 527 	695 	693
f 527 	529 	695
f 529 	697 	695
f 529 	531 	697
f 531 	699 	697
f 531 	534 	699
f 534 	702 	699
f 534 	536 	702
f 536 	704 	702
f 536 	538 	704
f 538 	706 	704
f 538 	540 	706
f 540 	708 	706
f 540 	542 	708
f 542 	710 	708
f 542 	543 	710
f 543 	711 	710
f 543 	545 	711
f 545 	713 	711
f 545 	547 	713
f 547 	715 	713
f 547 	549 	715
f 549 	717 	715
f 549 	552 	717
f 552 	720 	717
f 552 	554 	720
f 554 	722 	720
f 554 	556 	722
f 556 	724 	722
f 556 	558 	724
f 558 	726 	724
f 558 	560 	726
f 560 	728 	726
f 560 	562 	728
f 562 	730 	728
f 562 	564 	730
f 564 	732 	730
f 564 	566 	732
f 566 	734 	732
f 566 	568 	734
f 568 	736 	734
f 568 	570 	736
f 570 	738 	736
f 570 	572 	738
f 572 	740 	738
f 572 	571 	740
f 571 	739 	740
f 571 	569 	739
f 569 	737 	739
f 569 	567 	737
f 567 	735 	737
f 567 	565 	735
f 565 	733 	735
f 565 	563 	733
f 563 	731 	733
f 563 	561 	731
f 561 	729 	731
f 561 	559 	729
f 559 	727 	729
f 559 	557 	727
f 557 	725 	727
f 557 	555 	725
f 555 	723 	725
f 555 	553 	723
f 553 	721 	723
f 553 	551 	721
f 551 	719 	721
f 551 	550 	719
f 550 	718 	719
f 550 	548 	718
f 548 	716 	718
f 548 	546 	716
f 546 	714 	716
f 546 	544 	714
f 544 	712 	714
f 544 	541 	712
f 541 	709 	712
f 541 	539 	709
f 539 	707 	709
f 539 	537 	707
f 537 	705 	707
f 537 	535 	705
f 535 	703 	705
f 535 	533 	703
f 533 	701 	703
f 533 	532 	701
f 532 	700 	701
f 532 	530 	700
f 530 	698 	700
f 530 	528 	698
f 528 	696 	698
f 528 	526 	696
f 526 	694 	696
f 526 	524 	694
f 524 	692 	694
f 524 	522 	692
f 522 	690 	692
f 522 	520 	690
f 520 	688 	690
f 520 	518 	688
f 518 	686 	688
f 518 	516 	686
f 516 	684 	686
f 516 	514 	684
f 514 	682 	684
f 514 	512 	682
f 512 	680 	682
f 512 	510 	680
f 510 	678 	680
f 510 	507 	678
f 507 	675 	678
f 507 	506 	675
f 506 	674 	675
f 506 	504 	674
f 504 	672 	674
f 504 	502 	672
f 502 	670 	672
f 502 	500 	670
f 500 	668 	670
f 500 	498 	668
f 498 	666 	668
f 498 	496 	666
f 496 	664 	666
f 496 	494 	664
f 494 	662 	664
f 494 	492 	662
f 492 	660 	662
f 492 	490 	660
f 490 	658 	660
f 490 	488 	658
f 488 	656 	658
f 488 	486 	656
f 486 	654 	656
f 486 	484 	654
f 484 	652 	654
f 484 	482 	652
f 482 	650 	652
f 482 	481 	650
f 481 	649 	650
f 481 	444 	649
f 444 	612 	649
f 444 	443 	612
f 443 	610 	612
f 443 	442 	610
f 442 	611 	610
f 741 	742 	743
f 744 	745 	741
f 746 	747 	748
f 741 	743 	749
f 750 	744 	741
f 751 	746 	748
f 741 	749 	752
f 753 	750 	741
f 754 	751 	748
f 741 	752 	755
f 756 	753 	741
f 757 	754 	748
f 741 	755 	758
f 759 	756 	741
f 760 	757 	748
f 741 	758 	761
f 762 	759 	741
f 763 	760 	748
f 741 	761 	764
f 765 	762 	741
f 766 	763 	748
f 741 	764 	767
f 768 	765 	741
f 769 	766 	748
f 741 	767 	770
f 771 	768 	741
f 772 	769 	748
f 741 	770 	773
f 774 	771 	741
f 775 	772 	748
f 741 	773 	776
f 777 	774 	741
f 778 	775 	748
f 741 	776 	779
f 780 	777 	741
f 781 	778 	748
f 741 	779 	782
f 783 	780 	741
f 784 	781 	748
f 741 	782 	785
f 786 	783 	741
f 787 	784 	748
f 741 	785 	788
f 789 	786 	741
f 790 	787 	748
f 741 	788 	791
f 792 	789 	741
f 793 	790 	748
f 792 	741 	791
f 794 	793 	748
f 792 	791 	795
f 796 	794 	748
f 792 	795 	797
f 798 	796 	748
f 792 	797 	799
f 800 	798 	748
f 792 	799 	801
f 802 	800 	748
f 792 	801 	803
f 804 	802 	748
f 792 	803 	805
f 804 	748 	806
f 792 	805 	807
f 804 	806 	808
f 792 	807 	809
f 810 	804 	808
f 792 	809 	811
f 810 	808 	812
f 813 	792 	811
f 810 	812 	814
f 815 	813 	811
f 810 	814 	816
f 817 	815 	811
f 818 	810 	816
f 819 	817 	811
f 820 	818 	816
f 821 	819 	811
f 822 	820 	816
f 816 	821 	811
f 811 	822 	816
f 823 	824 	825
f 825 	826 	827
f 828 	829 	830
f 831 	823 	825
f 825 	827 	832
f 828 	830 	833
f 834 	831 	825
f 825 	832 	835
f 828 	833 	836
f 837 	834 	825
f 825 	835 	838
f 828 	836 	839
f 840 	837 	825
f 825 	838 	841
f 828 	839 	842
f 843 	840 	825
f 825 	841 	844
f 828 	842 	845
f 846 	843 	825
f 825 	844 	847
f 828 	845 	848
f 849 	846 	825
f 825 	847 	850
f 828 	848 	851
f 852 	849 	825
f 825 	850 	853
f 828 	851 	854
f 855 	852 	825
f 825 	853 	856
f 828 	854 	857
f 858 	855 	825
f 825 	856 	859
f 828 	857 	860
f 861 	858 	825
f 825 	859 	862
f 828 	860 	863
f 864 	861 	825
f 825 	862 	865
f 828 	863 	866
f 867 	864 	825
f 825 	865 	868
f 828 	866 	869
f 870 	867 	825
f 825 	868 	871
f 828 	869 	872
f 873 	870 	825
f 825 	871 	874
f 828 	872 	875
f 873 	825 	874
f 828 	875 	876
f 877 	873 	874
f 828 	876 	878
f 879 	877 	874
f 828 	878 	880
f 881 	879 	874
f 828 	880 	882
f 883 	881 	874
f 828 	882 	884
f 885 	883 	874
f 828 	884 	886
f 887 	885 	874
f 888 	828 	886
f 889 	887 	874
f 890 	888 	886
f 891 	889 	874
f 890 	886 	892
f 893 	891 	874
f 894 	890 	892
f 893 	874 	895
f 896 	894 	892
f 893 	895 	897
f 898 	896 	892
f 893 	897 	899
f 898 	892 	900
f 893 	899 	901
f 898 	900 	902
f 893 	901 	903
f 898 	902 	904
f 893 	903 	898
f 898 	904 	893
f 742 	741 	824
f 741 	825 	824
f 741 	745 	825
f 745 	826 	825
f 745 	744 	826
f 744 	827 	826
f 744 	750 	827
f 750 	832 	827
f 750 	753 	832
f 753 	835 	832
f 753 	756 	835
f 756 	838 	835
f 756 	759 	838
f 759 	841 	838
f 759 	762 	841
f 762 	844 	841
f 762 	765 	844
f 765 	847 	844
f 765 	768 	847
f 768 	850 	847
f 768 	771 	850
f 771 	853 	850
f 771 	774 	853
f 774 	856 	853
f 774 	777 	856
f 777 	859 	856
f 777 	780 	859
f 780 	862 	859
f 780 	783 	862
f 783 	865 	862
f 783 	786 	865
f 786 	868 	865
f 786 	789 	868
f 789 	871 	868
f 789 	792 	871
f 792 	874 	871
f 792 	813 	874
f 813 	895 	874
f 813 	815 	895
f 815 	897 	895
f 815 	817 	897
f 817 	899 	897
f 817 	819 	899
f 819 	901 	899
f 819 	821 	901
f 821 	903 	901
f 821 	816 	903
f 816 	898 	903
f 816 	814 	898
f 814 	896 	898
f 814 	812 	896
f 812 	894 	896
f 812 	808 	894
f 808 	890 	894
f 808 	806 	890
f 806 	888 	890
f 806 	748 	888
f 748 	828 	888
f 748 	747 	828
f 747 	829 	828
f 747 	746 	829
f 746 	830 	829
f 746 	751 	830
f 751 	833 	830
f 751 	754 	833
f 754 	836 	833
f 754 	757 	836
f 757 	839 	836
f 757 	760 	839
f 760 	842 	839
f 760 	763 	842
f 763 	845 	842
f 763 	766 	845
f 766 	848 	845
f 766 	769 	848
f 769 	851 	848
f 769 	772 	851
f 772 	854 	851
f 772 	775 	854
f 775 	857 	854
f 775 	778 	857
f 778 	860 	857
f 778 	781 	860
f 781 	863 	860
f 781 	784 	863
f 784 	866 	863
f 784 	787 	866
f 787 	869 	866
f 787 	790 	869
f 790 	872 	869
f 790 	793 	872
f 793 	875 	872
f 793 	794 	875
f 794 	876 	875
f 794 	796 	876
f 796 	878 	876
f 796 	798 	878
f 798 	880 	878
f 798 	800 	880
f 800 	882 	880
f 800 	802 	882
f 802 	884 	882
f 802 	804 	884
f 804 	886 	884
f 804 	810 	886
f 810 	892 	886
f 810 	818 	892
f 818 	900 	892
f 818 	820 	900
f 820 	902 	900
f 820 	822 	902
f 822 	904 	902
f 822 	811 	904
f 811 	893 	904
f 811 	809 	893
f 809 	891 	893
f 809 	807 	891
f 807 	889 	891
f 807 	805 	889
f 805 	887 	889
f 805 	803 	887
f 803 	885 	887
f 803 	801 	885
f 801 	883 	885
f 801 	799 	883
f 799 	881 	883
f 799 	797 	881
f 797 	879 	881
f 797 	795 	879
f 795 	877 	879
f 795 	791 	877
f 791 	873 	877
f 791 	788 	873
f 788 	870 	873
f 788 	785 	870
f 785 	867 	870
f 785 	782 	867
f 782 	864 	867
f 782 	779 	864
f 779 	861 	864
f 779 	776 	861
f 776 	858 	861
f 776 	773 	858
f 773 	855 	858
f 773 	770 	855
f 770 	852 	855
f 770 	767 	852
f 767 	849 	852
f 767 	764 	849
f 764 	846 	849
f 764 	761 	846
f 761 	843 	846
f 761 	758 	843
f 758 	840 	843
f 758 	755 	840
f 755 	837 	840
f 755 	752 	837
f 752 	834 	837
f 752 	749 	834
f 749 	831 	834
f 749 	743 	831
f 743 	823 	831
f 743 	742 	823
f 742 	824 	823
f 905 	906 	907
f 908 	909 	905
f 910 	911 	908
f 912 	913 	910
f 914 	915 	912
f 916 	917 	914
f 918 	919 	916
f 920 	921 	918
f 922 	923 	920
f 924 	925 	922
f 926 	927 	924
f 928 	929 	926
f 930 	931 	928
f 932 	933 	930
f 934 	935 	932
f 936 	937 	934
f 938 	939 	936
f 940 	941 	938
f 942 	943 	940
f 944 	945 	942
f 946 	947 	944
f 948 	949 	946
f 950 	951 	948
f 952 	953 	950
f 954 	955 	952
f 956 	957 	954
f 958 	959 	956
f 960 	961 	958
f 962 	963 	960
f 964 	965 	962
f 966 	967 	964
f 968 	969 	966
f 970 	971 	968
f 972 	973 	970
f 974 	975 	972
f 976 	977 	974
f 978 	979 	976
f 980 	981 	978
f 982 	983 	980
f 984 	985 	982
f 986 	987 	984
f 988 	989 	986
f 990 	991 	988
f 992 	993 	990
f 994 	995 	992
f 996 	997 	994
f 998 	999 	996
f 907 	1000 	998
f 908 	905 	907
f 912 	910 	908
f 916 	914 	912
f 920 	918 	916
f 924 	922 	920
f 928 	926 	924
f 932 	930 	928
f 936 	934 	932
f 940 	938 	936
f 944 	942 	940
f 948 	946 	944
f 952 	950 	948
f 956 	954 	952
f 960 	958 	956
f 964 	962 	960
f 968 	966 	964
f 972 	970 	968
f 976 	974 	972
f 980 	978 	976
f 984 	982 	980
f 988 	986 	984
f 992 	990 	988
f 996 	994 	992
f 907 	998 	996
f 912 	908 	907
f 920 	916 	912
f 928 	924 	920
f 936 	932 	928
f 944 	940 	936
f 952 	948 	944
f 960 	956 	952
f 968 	964 	960
f 976 	972 	968
f 984 	980 	976
f 992 	988 	984
f 907 	996 	992
f 920 	912 	907
f 936 	928 	920
f 952 	944 	936
f 968 	960 	952
f 984 	976 	968
f 907 	992 	984
f 936 	920 	907
f 968 	952 	936
f 907 	984 	968
f 968 	936 	907
f 1001 	1002 	1003
f 1003 	1004 	1005
f 1005 	1006 	1007
f 1007 	1008 	1009
f 1009 	1010 	1011
f 1011 	1012 	1013
f 1013 	1014 	1015
f 1015 	1016 	1017
f 1017 	1018 	1019
f 1019 	1020 	1021
f 1021 	1022 	1023
f 1023 	1024 	1025
f 1025 	1026 	1027
f 1027 	1028 	1029
f 1029 	1030 	1031
f 1031 	1032 	1033
f 1033 	1034 	1035
f 1035 	1036 	1037
f 1037 	1038 	1039
f 1039 	1040 	1041
f 1041 	1042 	1043
f 1043 	1044 	1045
f 1045 	1046 	1047
f 1047 	1048 	1049
f 1049 	1050 	1051
f 1051 	1052 	1053
f 1053 	1054 	1055
f 1055 	1056 	1057
f 1057 	1058 	1059
f 1059 	1060 	1061
f 1061 	1062 	1063
f 1063 	1064 	1065
f 1065 	1066 	1067
f 1067 	1068 	1069
f 1069 	1070 	1071
f 1071 	1072 	1073
f 1073 	1074 	1075
f 1075 	1076 	1077
f 1077 	1078 	1079
f 1079 	1080 	1081
f 1081 	1082 	1083
f 1083 	1084 	1085
f 1085 	1086 	1087
f 1087 	1088 	1089
f 1089 	1090 	1091
f 1091 	1092 	1093
f 1093 	1094 	1095
f 1095 	1096 	1001
f 1001 	1003 	1005
f 1005 	1007 	1009
f 1009 	1011 	1013
f 1013 	1015 	1017
f 1017 	1019 	1021
f 1021 	1023 	1025
f 1025 	1027 	1029
f 1029 	1031 	1033
f 1033 	1035 	1037
f 1037 	1039 	1041
f 1041 	1043 	1045
f 1045 	1047 	1049
f 1049 	1051 	1053
f 1053 	1055 	1057
f 1057 	1059 	1061
f 1061 	1063 	1065
f 1065 	1067 	1069
f 1069 	1071 	1073
f 1073 	1075 	1077
f 1077 	1079 	1081
f 1081 	1083 	1085
f 1085 	1087 	1089
f 1089 	1091 	1093
f 1093 	1095 	1001
f 1001 	1005 	1009
f 1009 	1013 	1017
f 1017 	1021 	1025
f 1025 	1029 	1033
f 1033 	1037 	1041
f 1041 	1045 	1049
f 1049 	1053 	1057
f 1057 	1061 	1065
f 1065 	1069 	1073
f 1073 	1077 	1081
f 1081 	1085 	1089
f 1089 	1093 	1001
f 1001 	1009 	1017
f 1017 	1025 	1033
f 1033 	1041 	1049
f 1049 	1057 	1065
f 1065 	1073 	1081
f 1081 	1089 	1001
f 1001 	1017 	1033
f 1033 	1049 	1065
f 1065 	1081 	1001
f 1001 	1033 	1065
f 905 	909 	1003
f 909 	1004 	1003
f 909 	908 	1004
f 908 	1005 	1004
f 908 	911 	1005
f 911 	1006 	1005
f 911 	910 	1006
f 910 	1007 	1006
f 910 	913 	1007
f 913 	1008 	1007
f 913 	912 	1008
f 912 	1009 	1008
f 912 	915 	1009
f 915 	1010 	1009
f 915 	914 	1010
f 914 	1011 	1010
f 914 	917 	1011
f 917 	1012 	1011
f 917 	916 	1012
f 916 	1013 	1012
f 916 	919 	1013
f 919 	1014 	1013
f 919 	918 	1014
f 918 	1015 	1014
f 918 	921 	1015
f 921 	1016 	1015
f 921 	920 	1016
f 920 	1017 	1016
f 920 	923 	1017
f 923 	1018 	1017
f 923 	922 	1018
f 922 	1019 	1018
f 922 	925 	1019
f 925 	1020 	1019
f 925 	924 	1020
f 924 	1021 	1020
f 924 	927 	1021
f 927 	1022 	1021
f 927 	926 	1022
f 926 	1023 	1022
f 926 	929 	1023
f 929 	1024 	1023
f 929 	928 	1024
f 928 	1025 	1024
f 928 	931 	1025
f 931 	1026 	1025
f 931 	930 	1026
f 930 	1027 	1026
f 930 	933 	1027
f 933 	1028 	1027
f 933 	932 	1028
f 932 	1029 	1028
f 932 	935 	1029
f 935 	1030 	1029
f 935 	934 	1030
f 934 	1031 	1030
f 934 	937 	1031
f 937 	1032 	1031
f 937 	936 	1032
f 936 	1033 	1032
f 936 	939 	1033
f 939 	1034 	1033
f 939 	938 	1034
f 938 	1035 	1034
f 938 	941 	1035
f 941 	1036 	1035
f 941 	940 	1036
f 940 	1037 	1036
f 940 	943 	1037
f 943 	1038 	1037
f 943 	942 	1038
f 942 	1039 	1038
f 942 	945 	1039
f 945 	1040 	1039
f 945 	944 	1040
f 944 	1041 	1040
f 944 	947 	1041
f 947 	1042 	1041
f 947 	946 	1042
f 946 	1043 	1042
f 946 	949 	1043
f 949 	1044 	1043
f 949 	948 	1044
f 948 	1045 	1044
f 948 	951 	1045
f 951 	1046 	1045
f 951 	950 	1046
f 950 	1047 	1046
f 950 	953 	1047
f 953 	1048 	1047
f 953 	952 	1048
f 952 	1049 	1048
f 952 	955 	1049
f 955 	1050 	1049
f 955 	954 	1050
f 954 	1051 	1050
f 954 	957 	1051
f 957 	1052 	1051
f 957 	956 	1052
f 956 	1053 	1052
f 956 	959 	1053
f 959 	1054 	1053
f 959 	958 	1054
f 958 	1055 	1054
f 958 	961 	1055
f 961 	1056 	1055
f 961 	960 	1056
f 960 	1057 	1056
f 960 	963 	1057
f 963 	1058 	1057
f 963 	962 	1058
f 962 	1059 	1058
f 962 	965 	1059
f 965 	1060 	1059
f 965 	964 	1060
f 964 	1061 	1060
f 964 	967 	1061
f 967 	1062 	1061
f 967 	966 	1062
f 966 	1063 	1062
f 966 	969 	1063
f 969 	1064 	1063
f 969 	968 	1064
f 968 	1065 	1064
f 968 	971 	1065
f 971 	1066 	1065
f 971 	970 	1066
f 970 	1067 	1066
f 970 	973 	1067
f 973 	1068 	1067
f 973 	972 	1068
f 972 	1069 	1068
f 972 	975 	1069
f 975 	1070 	1069
f 975 	974 	1070
f 974 	1071 	1070
f 974 	977 	1071
f 977 	1072 	1071
f 977 	976 	1072
f 976 	1073 	1072
f 976 	979 	1073
f 979 	1074 	1073
f 979 	978 	1074
f 978 	1075 	1074
f 978 	981 	1075
f 981 	1076 	1075
f 981 	980 	1076
f 980 	1077 	1076
f 980 	983 	1077
f 983 	1078 	1077
f 983 	982 	1078
f 982 	1079 	1078
f 982 	985 	1079
f 985 	1080 	1079
f 985 	984 	1080
f 984 	1081 	1080
f 984 	987 	1081
f 987 	1082 	1081
f 987 	986 	1082
f 986 	1083 	1082
f 986 	989 	1083
f 989 	1084 	1083
f 989 	988 	1084
f 988 	1085 	1084
f 988 	991 	1085
f 991 	1086 	1085
f 991 	990 	1086
f 990 	1087 	1086
f 990 	993 	1087
f 993 	1088 	1087
f 993 	992 	1088
f 992 	1089 	1088
f 992 	995 	1089
f 995 	1090 	1089
f 995 	994 	1090
f 994 	1091 	1090
f 994 	997 	1091
f 997 	1092 	1091
f 997 	996 	1092
f 996 	1093 	1092
f 996 	999 	1093
f 999 	1094 	1093
f 999 	998 	1094
f 998 	1095 	1094
f 998 	1000 	1095
f 1000 	1096 	1095
f 1000 	907 	1096
f 907 	1001 	1096
f 907 	906 	1001
f 906 	1002 	1001
f 906 	905 	1002
f 905 	1003 	1002
f 1097 	1098 	1099
f 1100 	1101 	1097
f 1102 	1103 	1104
f 1097 	1099 	1105
f 1106 	1100 	1097
f 1107 	1102 	1104
f 1097 	1105 	1108
f 1109 	1106 	1097
f 1110 	1107 	1104
f 1097 	1108 	1111
f 1112 	1109 	1097
f 1113 	1110 	1104
f 1097 	1111 	1114
f 1115 	1112 	1097
f 1116 	1113 	1104
f 1097 	1114 	1117
f 1118 	1115 	1097
f 1119 	1116 	1104
f 1097 	1117 	1120
f 1121 	1118 	1097
f 1122 	1119 	1104
f 1097 	1120 	1123
f 1124 	1121 	1097
f 1125 	1122 	1104
f 1097 	1123 	1126
f 1127 	1124 	1097
f 1128 	1125 	1104
f 1097 	1126 	1129
f 1130 	1127 	1097
f 1131 	1128 	1104
f 1097 	1129 	1132
f 1133 	1130 	1097
f 1134 	1131 	1104
f 1097 	1132 	1135
f 1136 	1133 	1097
f 1137 	1134 	1104
f 1097 	1135 	1138
f 1139 	1136 	1097
f 1140 	1137 	1104
f 1097 	1138 	1141
f 1142 	1139 	1097
f 1143 	1140 	1104
f 1097 	1141 	1144
f 1145 	1142 	1097
f 1146 	1143 	1104
f 1097 	1144 	1147
f 1148 	1145 	1097
f 1149 	1146 	1104
f 1148 	1097 	1147
f 1150 	1149 	1104
f 1148 	1147 	1151
f 1152 	1150 	1104
f 1148 	1151 	1153
f 1154 	1152 	1104
f 1148 	1153 	1155
f 1156 	1154 	1104
f 1148 	1155 	1157
f 1158 	1156 	1104
f 1148 	1157 	1159
f 1158 	1104 	1160
f 1148 	1159 	1161
f 1158 	1160 	1162
f 1148 	1161 	1163
f 1158 	1162 	1164
f 1148 	1163 	1165
f 1158 	1164 	1166
f 1148 	1165 	1167
f 1158 	1166 	1168
f 1169 	1148 	1167
f 1158 	1168 	1170
f 1171 	1169 	1167
f 1158 	1170 	1172
f 1173 	1171 	1167
f 1174 	1158 	1172
f 1172 	1173 	1167
f 1175 	1174 	1172
f 1172 	1167 	1176
f 1177 	1175 	1172
f 1172 	1176 	1178
f 1178 	1177 	1172
f 1179 	1180 	1181
f 1181 	1182 	1183
f 1184 	1185 	1186
f 1187 	1179 	1181
f 1181 	1183 	1188
f 1184 	1186 	1189
f 1190 	1187 	1181
f 1181 	1188 	1191
f 1184 	1189 	1192
f 1193 	1190 	1181
f 1181 	1191 	1194
f 1184 	1192 	1195
f 1196 	1193 	1181
f 1181 	1194 	1197
f 1184 	1195 	1198
f 1199 	1196 	1181
f 1181 	1197 	1200
f 1184 	1198 	1201
f 1202 	1199 	1181
f 1181 	1200 	1203
f 1184 	1201 	1204
f 1205 	1202 	1181
f 1181 	1203 	1206
f 1184 	1204 	1207
f 1208 	1205 	1181
f 1181 	1206 	1209
f 1184 	1207 	1210
f 1211 	1208 	1181
f 1181 	1209 	1212
f 1184 	1210 	1213
f 1214 	1211 	1181
f 1181 	1212 	1215
f 1184 	1213 	1216
f 1217 	1214 	1181
f 1181 	1215 	1218
f 1184 	1216 	1219
f 1220 	1217 	1181
f 1181 	1218 	1221
f 1184 	1219 	1222
f 1223 	1220 	1181
f 1181 	1221 	1224
f 1184 	1222 	1225
f 1226 	1223 	1181
f 1181 	1224 	1227
f 1184 	1225 	1228
f 1229 	1226 	1181
f 1181 	1227 	1230
f 1184 	1228 	1231
f 1229 	1181 	1230
f 1184 	1231 	1232
f 1233 	1229 	1230
f 1184 	1232 	1234
f 1235 	1233 	1230
f 1184 	1234 	1236
f 1237 	1235 	1230
f 1184 	1236 	1238
f 1239 	1237 	1230
f 1184 	1238 	1240
f 1241 	1239 	1230
f 1242 	1184 	1240
f 1243 	1241 	1230
f 1244 	1242 	1240
f 1245 	1243 	1230
f 1246 	1244 	1240
f 1247 	1245 	1230
f 1248 	1246 	1240
f 1249 	1247 	1230
f 1250 	1248 	1240
f 1249 	1230 	1251
f 1252 	1250 	1240
f 1249 	1251 	1253
f 1254 	1252 	1240
f 1249 	1253 	1255
f 1254 	1240 	1256
f 1249 	1255 	1254
f 1254 	1256 	1257
f 1258 	1249 	1254
f 1254 	1257 	1259
f 1260 	1258 	1254
f 1254 	1259 	1260
f 1098 	1097 	1180
f 1097 	1181 	1180
f 1097 	1101 	1181
f 1101 	1182 	1181
f 1101 	1100 	1182
f 1100 	1183 	1182
f 1100 	1106 	1183
f 1106 	1188 	1183
f 1106 	1109 	1188
f 1109 	1191 	1188
f 1109 	1112 	1191
f 1112 	1194 	1191
f 1112 	1115 	1194
f 1115 	1197 	1194
f 1115 	1118 	1197
f 1118 	1200 	1197
f 1118 	1121 	1200
f 1121 	1203 	1200
f 1121 	1124 	1203
f 1124 	1206 	1203
f 1124 	1127 	1206
f 1127 	1209 	1206
f 1127 	1130 	1209
f 1130 	1212 	1209
f 1130 	1133 	1212
f 1133 	1215 	1212
f 1133 	1136 	1215
f 1136 	1218 	1215
f 1136 	1139 	1218
f 1139 	1221 	1218
f 1139 	1142 	1221
f 1142 	1224 	1221
f 1142 	1145 	1224
f 1145 	1227 	1224
f 1145 	1148 	1227
f 1148 	1230 	1227
f 1148 	1169 	1230
f 1169 	1251 	1230
f 1169 	1171 	1251
f 1171 	1253 	1251
f 1171 	1173 	1253
f 1173 	1255 	1253
f 1173 	1172 	1255
f 1172 	1254 	1255
f 1172 	1170 	1254
f 1170 	1252 	1254
f 1170 	1168 	1252
f 1168 	1250 	1252
f 1168 	1166 	1250
f 1166 	1248 	1250
f 1166 	1164 	1248
f 1164 	1246 	1248
f 1164 	1162 	1246
f 1162 	1244 	1246
f 1162 	1160 	1244
f 1160 	1242 	1244
f 1160 	1104 	1242
f 1104 	1184 	1242
f 1104 	1103 	1184
f 1103 	1185 	1184
f 1103 	1102 	1185
f 1102 	1186 	1185
f 1102 	1107 	1186
f 1107 	1189 	1186
f 1107 	1110 	1189
f 1110 	1192 	1189
f 1110 	1113 	1192
f 1113 	1195 	1192
f 1113 	1116 	1195
f 1116 	1198 	1195
f 1116 	1119 	1198
f 1119 	1201 	1198
f 1119 	1122 	1201
f 1122 	1204 	1201
f 1122 	1125 	1204
f 1125 	1207 	1204
f 1125 	1128 	1207
f 1128 	1210 	1207
f 1128 	1131 	1210
f 1131 	1213 	1210
f 1131 	1134 	1213
f 1134 	1216 	1213
f 1134 	1137 	1216
f 1137 	1219 	1216
f 1137 	1140 	1219
f 1140 	1222 	1219
f 1140 	1143 	1222
f 1143 	1225 	1222
f 1143 	1146 	1225
f 1146 	1228 	1225
f 1146 	1149 	1228
f 1149 	1231 	1228
f 1149 	1150 	1231
f 1150 	1232 	1231
f 1150 	1152 	1232
f 1152 	1234 	1232
f 1152 	1154 	1234
f 1154 	1236 	1234
f 1154 	1156 	1236
f 1156 	1238 	1236
f 1156 	1158 	1238
f 1158 	1240 	1238
f 1158 	1174 	1240
f 1174 	1256 	1240
f 1174 	1175 	1256
f 1175 	1257 	1256
f 1175 	1177 	1257
f 1177 	1259 	1257
f 1177 	1178 	1259
f 1178 	1260 	1259
f 1178 	1176 	1260
f 1176 	1258 	1260
f 1176 	1167 	1258
f 1167 	1249 	1258
f 1167 	1165 	1249
f 1165 	1247 	1249
f 1165 	1163 	1247
f 1163 	1245 	1247
f 1163 	1161 	1245
f 1161 	1243 	1245
f 1161 	1159 	1243
f 1159 	1241 	1243
f 1159 	1157 	1241
f 1157 	1239 	1241
f 1157 	1155 	1239
f 1155 	1237 	1239
f 1155 	1153 	1237
f 1153 	1235 	1237
f 1153 	1151 	1235
f 1151 	1233 	1235
f 1151 	1147 	1233
f 1147 	1229 	1233
f 1147 	1144 	1229
f 1144 	1226 	1229
f 1144 	1141 	1226
f 1141 	1223 	1226
f 1141 	1138 	1223
f 1138 	1220 	1223
f 1138 	1135 	1220
f 1135 	1217 	1220
f 1135 	1132 	1217
f 1132 	1214 	1217
f 1132 	1129 	1214
f 1129 	1211 	1214
f 1129 	1126 	1211
f 1126 	1208 	1211
f 1126 	1123 	1208
f 1123 	1205 	1208
f 1123 	1120 	1205
f 1120 	1202 	1205
f 1120 	1117 	1202
f 1117 	1199 	1202
f 1117 	1114 	1199
f 1114 	1196 	1199
f 1114 	1111 	1196
f 1111 	1193 	1196
f 1111 	1108 	1193
f 1108 	1190 	1193
f 1108 	1105 	1190
f 1105 	1187 	1190
f 1105 	1099 	1187
f 1099 	1179 	1187
f 1099 	1098 	1179
f 1098 	1180 	1179
f 1261 	1262 	1263
f 1264 	1265 	1261
f 1266 	1267 	1264
f 1268 	1269 	1266
f 1270 	1271 	1268
f 1272 	1273 	1270
f 1274 	1275 	1272
f 1276 	1277 	1274
f 1278 	1279 	1276
f 1280 	1281 	1278
f 1282 	1283 	1280
f 1284 	1285 	1282
f 1286 	1287 	1284
f 1288 	1289 	1286
f 1290 	1291 	1288
f 1292 	1293 	1290
f 1294 	1295 	1292
f 1296 	1297 	1294
f 1298 	1299 	1296
f 1300 	1301 	1302
f 1303 	1304 	1300
f 1305 	1306 	1303
f 1307 	1308 	1305
f 1309 	1310 	1307
f 1311 	1312 	1309
f 1313 	1314 	1311
f 1315 	1316 	1313
f 1317 	1318 	1315
f 1319 	1320 	1317
f 1321 	1322 	1319
f 1323 	1324 	1321
f 1325 	1326 	1323
f 1327 	1328 	1325
f 1329 	1330 	1327
f 1331 	1332 	1329
f 1333 	1334 	1331
f 1335 	1336 	1333
f 1337 	1338 	1335
f 1339 	1340 	1337
f 1341 	1342 	1339
f 1343 	1344 	1341
f 1345 	1346 	1343
f 1347 	1348 	1345
f 1349 	1350 	1347
f 1351 	1352 	1349
f 1353 	1354 	1351
f 1355 	1356 	1353
f 1357 	1358 	1355
f 1359 	1360 	1357
f 1361 	1362 	1359
f 1363 	1364 	1361
f 1365 	1366 	1363
f 1367 	1368 	1365
f 1369 	1370 	1367
f 1371 	1372 	1369
f 1373 	1374 	1371
f 1375 	1376 	1373
f 1377 	1378 	1375
f 1379 	1380 	1377
f 1381 	1382 	1379
f 1383 	1384 	1381
f 1385 	1386 	1383
f 1387 	1388 	1385
f 1389 	1390 	1387
f 1391 	1392 	1389
f 1393 	1394 	1391
f 1263 	1395 	1393
f 1264 	1261 	1263
f 1268 	1266 	1264
f 1272 	1270 	1268
f 1276 	1274 	1272
f 1280 	1278 	1276
f 1284 	1282 	1280
f 1288 	1286 	1284
f 1292 	1290 	1288
f 1296 	1294 	1292
f 1396 	1298 	1296
f 1300 	1302 	1397
f 1305 	1303 	1300
f 1309 	1307 	1305
f 1313 	1311 	1309
f 1317 	1315 	1313
f 1321 	1319 	1317
f 1325 	1323 	1321
f 1329 	1327 	1325
f 1333 	1331 	1329
f 1337 	1335 	1333
f 1341 	1339 	1337
f 1345 	1343 	1341
f 1349 	1347 	1345
f 1353 	1351 	1349
f 1357 	1355 	1353
f 1361 	1359 	1357
f 1365 	1363 	1361
f 1369 	1367 	1365
f 1373 	1371 	1369
f 1377 	1375 	1373
f 1381 	1379 	1377
f 1385 	1383 	1381
f 1389 	1387 	1385
f 1393 	1391 	1389
f 1264 	1263 	1393
f 1272 	1268 	1264
f 1280 	1276 	1272
f 1288 	1284 	1280
f 1296 	1292 	1288
f 1398 	1396 	1296
f 1300 	1397 	1399
f 1309 	1305 	1300
f 1317 	1313 	1309
f 1325 	1321 	1317
f 1333 	1329 	1325
f 1341 	1337 	1333
f 1349 	1345 	1341
f 1357 	1353 	1349
f 1365 	1361 	1357
f 1373 	1369 	1365
f 1381 	1377 	1373
f 1389 	1385 	1381
f 1264 	1393 	1389
f 1280 	1272 	1264
f 1296 	1288 	1280
f 1400 	1398 	1296
f 1300 	1399 	1401
f 1317 	1309 	1300
f 1333 	1325 	1317
f 1349 	1341 	1333
f 1365 	1357 	1349
f 1381 	1373 	1365
f 1264 	1389 	1381
f 1296 	1280 	1264
f 1402 	1400 	1296
f 1300 	1401 	1403
f 1333 	1317 	1300
f 1402 	1296 	1264
f 1300 	1403 	1404
f 1405 	1402 	1264
f 1300 	1404 	1406
f 1407 	1405 	1264
f 1300 	1406 	1408
f 1409 	1407 	1264
f 1300 	1408 	1410
f 1411 	1409 	1264
f 1333 	1300 	1410
f 1412 	1411 	1264
f 1333 	1410 	1413
f 1414 	1412 	1264
f 1333 	1413 	1415
f 1416 	1414 	1264
f 1333 	1415 	1417
f 1418 	1416 	1264
f 1333 	1417 	1419
f 1420 	1418 	1264
f 1333 	1419 	1421
f 1422 	1420 	1264
f 1333 	1421 	1423
f 1424 	1422 	1264
f 1333 	1423 	1425
f 1426 	1424 	1264
f 1333 	1425 	1427
f 1428 	1426 	1264
f 1333 	1427 	1429
f 1430 	1428 	1264
f 1333 	1429 	1431
f 1432 	1430 	1264
f 1333 	1431 	1433
f 1434 	1432 	1264
f 1333 	1433 	1435
f 1436 	1434 	1264
f 1333 	1435 	1437
f 1438 	1436 	1264
f 1333 	1437 	1439
f 1440 	1438 	1264
f 1333 	1439 	1441
f 1442 	1440 	1264
f 1333 	1441 	1443
f 1442 	1264 	1381
f 1349 	1333 	1443
f 1444 	1442 	1381
f 1349 	1443 	1445
f 1446 	1444 	1381
f 1349 	1445 	1447
f 1448 	1446 	1381
f 1349 	1447 	1449
f 1450 	1448 	1381
f 1349 	1449 	1451
f 1452 	1450 	1381
f 1349 	1451 	1453
f 1452 	1381 	1365
f 1349 	1453 	1454
f 1455 	1452 	1365
f 1349 	1454 	1456
f 1457 	1455 	1365
f 1349 	1456 	1458
f 1459 	1457 	1365
f 1349 	1458 	1460
f 1461 	1459 	1365
f 1349 	1460 	1462
f 1463 	1461 	1365
f 1349 	1462 	1464
f 1465 	1463 	1365
f 1365 	1349 	1464
f 1466 	1465 	1365
f 1365 	1464 	1467
f 1468 	1466 	1365
f 1365 	1467 	1469
f 1470 	1468 	1365
f 1365 	1469 	1471
f 1472 	1470 	1365
f 1365 	1471 	1473
f 1474 	1472 	1365
f 1365 	1473 	1475
f 1476 	1474 	1365
f 1365 	1475 	1476
f 1477 	1478 	1479
f 1479 	1480 	1481
f 1481 	1482 	1483
f 1483 	1484 	1485
f 1485 	1486 	1487
f 1487 	1488 	1489
f 1489 	1490 	1491
f 1491 	1492 	1493
f 1493 	1494 	1495
f 1495 	1496 	1497
f 1497 	1498 	1499
f 1499 	1500 	1501
f 1501 	1502 	1503
f 1503 	1504 	1505
f 1505 	1506 	1507
f 1507 	1508 	1509
f 1509 	1510 	1511
f 1511 	1512 	1513
f 1513 	1514 	1515
f 1516 	1517 	1518
f 1518 	1519 	1520
f 1520 	1521 	1522
f 1522 	1523 	1524
f 1524 	1525 	1526
f 1526 	1527 	1528
f 1528 	1529 	1530
f 1530 	1531 	1532
f 1532 	1533 	1534
f 1534 	1535 	1536
f 1536 	1537 	1538
f 1538 	1539 	1540
f 1540 	1541 	1542
f 1542 	1543 	1544
f 1544 	1545 	1546
f 1546 	1547 	1548
f 1548 	1549 	1550
f 1550 	1551 	1552
f 1552 	1553 	1554
f 1554 	1555 	1556
f 1556 	1557 	1558
f 1558 	1559 	1560
f 1560 	1561 	1562
f 1562 	1563 	1564
f 1564 	1565 	1566
f 1566 	1567 	1568
f 1568 	1569 	1570
f 1570 	1571 	1572
f 1572 	1573 	1574
f 1574 	1575 	1576
f 1576 	1577 	1578
f 1578 	1579 	1580
f 1580 	1581 	1582
f 1582 	1583 	1584
f 1584 	1585 	1586
f 1586 	1587 	1588
f 1588 	1589 	1590
f 1590 	1591 	1592
f 1592 	1593 	1594
f 1594 	1595 	1596
f 1596 	1597 	1598
f 1598 	1599 	1600
f 1600 	1601 	1602
f 1602 	1603 	1604
f 1604 	1605 	1606
f 1606 	1607 	1608
f 1608 	1609 	1610
f 1610 	1611 	1477
f 1477 	1479 	1481
f 1481 	1483 	1485
f 1485 	1487 	1489
f 1489 	1491 	1493
f 1493 	1495 	1497
f 1497 	1499 	1501
f 1501 	1503 	1505
f 1505 	1507 	1509
f 1509 	1511 	1513
f 1513 	1515 	1612
f 1613 	1516 	1518
f 1518 	1520 	1522
f 1522 	1524 	1526
f 1526 	1528 	1530
f 1530 	1532 	1534
f 1534 	1536 	1538
f 1538 	1540 	1542
f 1542 	1544 	1546
f 1546 	1548 	1550
f 1550 	1552 	1554
f 1554 	1556 	1558
f 1558 	1560 	1562
f 1562 	1564 	1566
f 1566 	1568 	1570
f 1570 	1572 	1574
f 1574 	1576 	1578
f 1578 	1580 	1582
f 1582 	1584 	1586
f 1586 	1588 	1590
f 1590 	1592 	1594
f 1594 	1596 	1598
f 1598 	1600 	1602
f 1602 	1604 	1606
f 1606 	1608 	1610
f 1610 	1477 	1481
f 1481 	1485 	1489
f 1489 	1493 	1497
f 1497 	1501 	1505
f 1505 	1509 	1513
f 1513 	1612 	1614
f 1615 	1613 	1518
f 1518 	1522 	1526
f 1526 	1530 	1534
f 1534 	1538 	1542
f 1542 	1546 	1550
f 1550 	1554 	1558
f 1558 	1562 	1566
f 1566 	1570 	1574
f 1574 	1578 	1582
f 1582 	1586 	1590
f 1590 	1594 	1598
f 1598 	1602 	1606
f 1606 	1610 	1481
f 1481 	1489 	1497
f 1497 	1505 	1513
f 1513 	1614 	1616
f 1617 	1615 	1518
f 1518 	1526 	1534
f 1534 	1542 	1550
f 1550 	1558 	1566
f 1566 	1574 	1582
f 1582 	1590 	1598
f 1598 	1606 	1481
f 1481 	1497 	1513
f 1513 	1616 	1618
f 1619 	1617 	1518
f 1518 	1534 	1550
f 1481 	1513 	1618
f 1620 	1619 	1518
f 1481 	1618 	1621
f 1622 	1620 	1518
f 1481 	1621 	1623
f 1624 	1622 	1518
f 1481 	1623 	1625
f 1626 	1624 	1518
f 1481 	1625 	1627
f 1626 	1518 	1550
f 1481 	1627 	1628
f 1629 	1626 	1550
f 1481 	1628 	1630
f 1631 	1629 	1550
f 1481 	1630 	1632
f 1633 	1631 	1550
f 1481 	1632 	1634
f 1635 	1633 	1550
f 1481 	1634 	1636
f 1637 	1635 	1550
f 1481 	1636 	1638
f 1639 	1637 	1550
f 1481 	1638 	1640
f 1641 	1639 	1550
f 1481 	1640 	1642
f 1643 	1641 	1550
f 1481 	1642 	1644
f 1645 	1643 	1550
f 1481 	1644 	1646
f 1647 	1645 	1550
f 1481 	1646 	1648
f 1649 	1647 	1550
f 1481 	1648 	1650
f 1651 	1649 	1550
f 1481 	1650 	1652
f 1653 	1651 	1550
f 1481 	1652 	1654
f 1655 	1653 	1550
f 1481 	1654 	1656
f 1657 	1655 	1550
f 1481 	1656 	1658
f 1659 	1657 	1550
f 1598 	1481 	1658
f 1659 	1550 	1566
f 1598 	1658 	1660
f 1661 	1659 	1566
f 1598 	1660 	1662
f 1663 	1661 	1566
f 1598 	1662 	1664
f 1665 	1663 	1566
f 1598 	1664 	1666
f 1667 	1665 	1566
f 1598 	1666 	1668
f 1669 	1667 	1566
f 1582 	1598 	1668
f 1670 	1669 	1566
f 1582 	1668 	1671
f 1672 	1670 	1566
f 1582 	1671 	1673
f 1674 	1672 	1566
f 1582 	1673 	1675
f 1676 	1674 	1566
f 1582 	1675 	1677
f 1678 	1676 	1566
f 1582 	1677 	1679
f 1680 	1678 	1566
f 1582 	1679 	1681
f 1680 	1566 	1582
f 1582 	1681 	1682
f 1683 	1680 	1582
f 1582 	1682 	1684
f 1685 	1683 	1582
f 1582 	1684 	1686
f 1687 	1685 	1582
f 1582 	1686 	1688
f 1689 	1687 	1582
f 1582 	1688 	1690
f 1691 	1689 	1582
f 1582 	1690 	1692
f 1692 	1691 	1582
f 1261 	1265 	1479
f 1265 	1480 	1479
f 1265 	1264 	1480
f 1264 	1481 	1480
f 1264 	1267 	1481
f 1267 	1482 	1481
f 1267 	1266 	1482
f 1266 	1483 	1482
f 1266 	1269 	1483
f 1269 	1484 	1483
f 1269 	1268 	1484
f 1268 	1485 	1484
f 1268 	1271 	1485
f 1271 	1486 	1485
f 1271 	1270 	1486
f 1270 	1487 	1486
f 1270 	1273 	1487
f 1273 	1488 	1487
f 1273 	1272 	1488
f 1272 	1489 	1488
f 1272 	1275 	1489
f 1275 	1490 	1489
f 1275 	1274 	1490
f 1274 	1491 	1490
f 1274 	1277 	1491
f 1277 	1492 	1491
f 1277 	1276 	1492
f 1276 	1493 	1492
f 1276 	1279 	1493
f 1279 	1494 	1493
f 1279 	1278 	1494
f 1278 	1495 	1494
f 1278 	1281 	1495
f 1281 	1496 	1495
f 1281 	1280 	1496
f 1280 	1497 	1496
f 1280 	1283 	1497
f 1283 	1498 	1497
f 1283 	1282 	1498
f 1282 	1499 	1498
f 1282 	1285 	1499
f 1285 	1500 	1499
f 1285 	1284 	1500
f 1284 	1501 	1500
f 1284 	1287 	1501
f 1287 	1502 	1501
f 1287 	1286 	1502
f 1286 	1503 	1502
f 1286 	1289 	1503
f 1289 	1504 	1503
f 1289 	1288 	1504
f 1288 	1505 	1504
f 1288 	1291 	1505
f 1291 	1506 	1505
f 1291 	1290 	1506
f 1290 	1507 	1506
f 1290 	1293 	1507
f 1293 	1508 	1507
f 1293 	1292 	1508
f 1292 	1509 	1508
f 1292 	1295 	1509
f 1295 	1510 	1509
f 1295 	1294 	1510
f 1294 	1511 	1510
f 1294 	1297 	1511
f 1297 	1512 	1511
f 1297 	1296 	1512
f 1296 	1513 	1512
f 1296 	1299 	1513
f 1299 	1514 	1513
f 1299 	1298 	1514
f 1298 	1515 	1514
f 1298 	1396 	1515
f 1396 	1612 	1515
f 1396 	1398 	1612
f 1398 	1614 	1612
f 1398 	1400 	1614
f 1400 	1616 	1614
f 1400 	1402 	1616
f 1402 	1618 	1616
f 1402 	1405 	1618
f 1405 	1621 	1618
f 1405 	1407 	1621
f 1407 	1623 	1621
f 1407 	1409 	1623
f 1409 	1625 	1623
f 1409 	1411 	1625
f 1411 	1627 	1625
f 1411 	1412 	1627
f 1412 	1628 	1627
f 1412 	1414 	1628
f 1414 	1630 	1628
f 1414 	1416 	1630
f 1416 	1632 	1630
f 1416 	1418 	1632
f 1418 	1634 	1632
f 1418 	1420 	1634
f 1420 	1636 	1634
f 1420 	1422 	1636
f 1422 	1638 	1636
f 1422 	1424 	1638
f 1424 	1640 	1638
f 1424 	1426 	1640
f 1426 	1642 	1640
f 1426 	1428 	1642
f 1428 	1644 	1642
f 1428 	1430 	1644
f 1430 	1646 	1644
f 1430 	1432 	1646
f 1432 	1648 	1646
f 1432 	1434 	1648
f 1434 	1650 	1648
f 1434 	1436 	1650
f 1436 	1652 	1650
f 1436 	1438 	1652
f 1438 	1654 	1652
f 1438 	1440 	1654
f 1440 	1656 	1654
f 1440 	1442 	1656
f 1442 	1658 	1656
f 1442 	1444 	1658
f 1444 	1660 	1658
f 1444 	1446 	1660
f 1446 	1662 	1660
f 1446 	1448 	1662
f 1448 	1664 	1662
f 1448 	1450 	1664
f 1450 	1666 	1664
f 1450 	1452 	1666
f 1452 	1668 	1666
f 1452 	1455 	1668
f 1455 	1671 	1668
f 1455 	1457 	1671
f 1457 	1673 	1671
f 1457 	1459 	1673
f 1459 	1675 	1673
f 1459 	1461 	1675
f 1461 	1677 	1675
f 1461 	1463 	1677
f 1463 	1679 	1677
f 1463 	1465 	1679
f 1465 	1681 	1679
f 1465 	1466 	1681
f 1466 	1682 	1681
f 1466 	1468 	1682
f 1468 	1684 	1682
f 1468 	1470 	1684
f 1470 	1686 	1684
f 1470 	1472 	1686
f 1472 	1688 	1686
f 1472 	1474 	1688
f 1474 	1690 	1688
f 1474 	1476 	1690
f 1476 	1692 	1690
f 1476 	1475 	1692
f 1475 	1691 	1692
f 1475 	1473 	1691
f 1473 	1689 	1691
f 1473 	1471 	1689
f 1471 	1687 	1689
f 1471 	1469 	1687
f 1469 	1685 	1687
f 1469 	1467 	1685
f 1467 	1683 	1685
f 1467 	1464 	1683
f 1464 	1680 	1683
f 1464 	1462 	1680
f 1462 	1678 	1680
f 1462 	1460 	1678
f 1460 	1676 	1678
f 1460 	1458 	1676
f 1458 	1674 	1676
f 1458 	1456 	1674
f 1456 	1672 	1674
f 1456 	1454 	1672
f 1454 	1670 	1672
f 1454 	1453 	1670
f 1453 	1669 	1670
f 1453 	1451 	1669
f 1451 	1667 	1669
f 1451 	1449 	1667
f 1449 	1665 	1667
f 1449 	1447 	1665
f 1447 	1663 	1665
f 1447 	1445 	1663
f 1445 	1661 	1663
f 1445 	1443 	1661
f 1443 	1659 	1661
f 1443 	1441 	1659
f 1441 	1657 	1659
f 1441 	1439 	1657
f 1439 	1655 	1657
f 1439 	1437 	1655
f 1437 	1653 	1655
f 1437 	1435 	1653
f 1435 	1651 	1653
f 1435 	1433 	1651
f 1433 	1649 	1651
f 1433 	1431 	1649
f 1431 	1647 	1649
f 1431 	1429 	1647
f 1429 	1645 	1647
f 1429 	1427 	1645
f 1427 	1643 	1645
f 1427 	1425 	1643
f 1425 	1641 	1643
f 1425 	1423 	1641
f 1423 	1639 	1641
f 1423 	1421 	1639
f 1421 	1637 	1639
f 1421 	1419 	1637
f 1419 	1635 	1637
f 1419 	1417 	1635
f 1417 	1633 	1635
f 1417 	1415 	1633
f 1415 	1631 	1633
f 1415 	1413 	1631
f 1413 	1629 	1631
f 1413 	1410 	1629
f 1410 	1626 	1629
f 1410 	1408 	1626
f 1408 	1624 	1626
f 1408 	1406 	1624
f 1406 	1622 	1624
f 1406 	1404 	1622
f 1404 	1620 	1622
f 1404 	1403 	1620
f 1403 	1619 	1620
f 1403 	1401 	1619
f 1401 	1617 	1619
f 1401 	1399 	1617
f 1399 	1615 	1617
f 1399 	1397 	1615
f 1397 	1613 	1615
f 1397 	1302 	1613
f 1302 	1516 	1613
f 1302 	1301 	1516
f 1301 	1517 	1516
f 1301 	1300 	1517
f 1300 	1518 	1517
f 1300 	1304 	1518
f 1304 	1519 	1518
f 1304 	1303 	1519
f 1303 	1520 	1519
f 1303 	1306 	1520
f 1306 	1521 	1520
f 1306 	1305 	1521
f 1305 	1522 	1521
f 1305 	1308 	1522
f 1308 	1523 	1522
f 1308 	1307 	1523
f 1307 	1524 	1523
f 1307 	1310 	1524
f 1310 	1525 	1524
f 1310 	1309 	1525
f 1309 	1526 	1525
f 1309 	1312 	1526
f 1312 	1527 	1526
f 1312 	1311 	1527
f 1311 	1528 	1527
f 1311 	1314 	1528
f 1314 	1529 	1528
f 1314 	1313 	1529
f 1313 	1530 	1529
f 1313 	1316 	1530
f 1316 	1531 	1530
f 1316 	1315 	1531
f 1315 	1532 	1531
f 1315 	1318 	1532
f 1318 	1533 	1532
f 1318 	1317 	1533
f 1317 	1534 	1533
f 1317 	1320 	1534
f 1320 	1535 	1534
f 1320 	1319 	1535
f 1319 	1536 	1535
f 1319 	1322 	1536
f 1322 	1537 	1536
f 1322 	1321 	1537
f 1321 	1538 	1537
f 1321 	1324 	1538
f 1324 	1539 	1538
f 1324 	1323 	1539
f 1323 	1540 	1539
f 1323 	1326 	1540
f 1326 	1541 	1540
f 1326 	1325 	1541
f 1325 	1542 	1541
f 1325 	1328 	1542
f 1328 	1543 	1542
f 1328 	1327 	1543
f 1327 	1544 	1543
f 1327 	1330 	1544
f 1330 	1545 	1544
f 1330 	1329 	1545
f 1329 	1546 	1545
f 1329 	1332 	1546
f 1332 	1547 	1546
f 1332 	1331 	1547
f 1331 	1548 	1547
f 1331 	1334 	1548
f 1334 	1549 	1548
f 1334 	1333 	1549
f 1333 	1550 	1549
f 1333 	1336 	1550
f 1336 	1551 	1550
f 1336 	1335 	1551
f 1335 	1552 	1551
f 1335 	1338 	1552
f 1338 	1553 	1552
f 1338 	1337 	1553
f 1337 	1554 	1553
f 1337 	1340 	1554
f 1340 	1555 	1554
f 1340 	1339 	1555
f 1339 	1556 	1555
f 1339 	1342 	1556
f 1342 	1557 	1556
f 1342 	1341 	1557
f 1341 	1558 	1557
f 1341 	1344 	1558
f 1344 	1559 	1558
f 1344 	1343 	1559
f 1343 	1560 	1559
f 1343 	1346 	1560
f 1346 	1561 	1560
f 1346 	1345 	1561
f 1345 	1562 	1561
f 1345 	1348 	1562
f 1348 	1563 	1562
f 1348 	1347 	1563
f 1347 	1564 	1563
f 1347 	1350 	1564
f 1350 	1565 	1564
f 1350 	1349 	1565
f 1349 	1566 	1565
f 1349 	1352 	1566
f 1352 	1567 	1566
f 1352 	1351 	1567
f 1351 	1568 	1567
f 1351 	1354 	1568
f 1354 	1569 	1568
f 1354 	1353 	1569
f 1353 	1570 	1569
f 1353 	1356 	1570
f 1356 	1571 	1570
f 1356 	1355 	1571
f 1355 	1572 	1571
f 1355 	1358 	1572
f 1358 	1573 	1572
f 1358 	1357 	1573
f 1357 	1574 	1573
f 1357 	1360 	1574
f 1360 	1575 	1574
f 1360 	1359 	1575
f 1359 	1576 	1575
f 1359 	1362 	1576
f 1362 	1577 	1576
f 1362 	1361 	1577
f 1361 	1578 	1577
f 1361 	1364 	1578
f 1364 	1579 	1578
f 1364 	1363 	1579
f 1363 	1580 	1579
f 1363 	1366 	1580
f 1366 	1581 	1580
f 1366 	1365 	1581
f 1365 	1582 	1581
f 1365 	1368 	1582
f 1368 	1583 	1582
f 1368 	1367 	1583
f 1367 	1584 	1583
f 1367 	1370 	1584
f 1370 	1585 	1584
f 1370 	1369 	1585
f 1369 	1586 	1585
f 1369 	1372 	1586
f 1372 	1587 	1586
f 1372 	1371 	1587
f 1371 	1588 	1587
f 1371 	1374 	1588
f 1374 	1589 	1588
f 1374 	1373 	1589
f 1373 	1590 	1589
f 1373 	1376 	1590
f 1376 	1591 	1590
f 1376 	1375 	1591
f 1375 	1592 	1591
f 1375 	1378 	1592
f 1378 	1593 	1592
f 1378 	1377 	1593
f 1377 	1594 	1593
f 1377 	1380 	1594
f 1380 	1595 	1594
f 1380 	1379 	1595
f 1379 	1596 	1595
f 1379 	1382 	1596
f 1382 	1597 	1596
f 1382 	1381 	1597
f 1381 	1598 	1597
f 1381 	1384 	1598
f 1384 	1599 	1598
f 1384 	1383 	1599
f 1383 	1600 	1599
f 1383 	1386 	1600
f 1386 	1601 	1600
f 1386 	1385 	1601
f 1385 	1602 	1601
f 1385 	1388 	1602
f 1388 	1603 	1602
f 1388 	1387 	1603
f 1387 	1604 	1603
f 1387 	1390 	1604
f 1390 	1605 	1604
f 1390 	1389 	1605
f 1389 	1606 	1605
f 1389 	1392 	1606
f 1392 	1607 	1606
f 1392 	1391 	1607
f 1391 	1608 	1607
f 1391 	1394 	1608
f 1394 	1609 	1608
f 1394 	1393 	1609
f 1393 	1610 	1609
f 1393 	1395 	1610
f 1395 	1611 	1610
f 1395 	1263 	1611
f 1263 	1477 	1611
f 1263 	1262 	1477
f 1262 	1478 	1477
f 1262 	1261 	1478
f 1261 	1479 	1478
f 1693 	1694 	1695
f 1696 	1697 	1693
f 1698 	1699 	1696
f 1700 	1701 	1698
f 1702 	1703 	1700
f 1704 	1705 	1702
f 1706 	1707 	1704
f 1708 	1709 	1706
f 1710 	1711 	1708
f 1712 	1713 	1710
f 1714 	1715 	1712
f 1716 	1717 	1714
f 1718 	1719 	1716
f 1720 	1721 	1718
f 1722 	1723 	1720
f 1724 	1725 	1726
f 1727 	1728 	1724
f 1729 	1730 	1727
f 1731 	1732 	1729
f 1733 	1734 	1731
f 1735 	1736 	1733
f 1737 	1738 	1735
f 1739 	1740 	1737
f 1741 	1742 	1739
f 1743 	1744 	1741
f 1745 	1746 	1743
f 1747 	1748 	1745
f 1749 	1750 	1747
f 1751 	1752 	1749
f 1753 	1754 	1751
f 1755 	1756 	1753
f 1757 	1758 	1755
f 1759 	1760 	1757
f 1761 	1762 	1759
f 1763 	1764 	1761
f 1765 	1766 	1763
f 1767 	1768 	1765
f 1769 	1770 	1767
f 1771 	1772 	1769
f 1773 	1774 	1771
f 1771 	1774 	1775
f 1776 	1777 	1771
f 1778 	1779 	1776
f 1780 	1781 	1778
f 1782 	1783 	1780
f 1784 	1785 	1782
f 1786 	1787 	1784
f 1788 	1789 	1786
f 1790 	1791 	1788
f 1792 	1793 	1790
f 1794 	1795 	1792
f 1796 	1797 	1794
f 1798 	1799 	1796
f 1695 	1800 	1798
f 1696 	1693 	1695
f 1700 	1698 	1696
f 1704 	1702 	1700
f 1708 	1706 	1704
f 1712 	1710 	1708
f 1716 	1714 	1712
f 1720 	1718 	1716
f 1801 	1722 	1720
f 1727 	1724 	1726
f 1731 	1729 	1727
f 1735 	1733 	1731
f 1739 	1737 	1735
f 1743 	1741 	1739
f 1747 	1745 	1743
f 1751 	1749 	1747
f 1755 	1753 	1751
f 1759 	1757 	1755
f 1763 	1761 	1759
f 1767 	1765 	1763
f 1771 	1769 	1767
f 1802 	1773 	1771
f 1776 	1771 	1775
f 1780 	1778 	1776
f 1784 	1782 	1780
f 1788 	1786 	1784
f 1792 	1790 	1788
f 1796 	1794 	1792
f 1695 	1798 	1796
f 1700 	1696 	1695
f 1708 	1704 	1700
f 1716 	1712 	1708
f 1801 	1720 	1716
f 1735 	1731 	1727
f 1743 	1739 	1735
f 1751 	1747 	1743
f 1759 	1755 	1751
f 1767 	1763 	1759
f 1802 	1771 	1767
f 1784 	1780 	1776
f 1792 	1788 	1784
f 1695 	1796 	1792
f 1708 	1700 	1695
f 1801 	1716 	1708
f 1743 	1735 	1727
f 1759 	1751 	1743
f 1802 	1767 	1759
f 1792 	1784 	1776
f 1708 	1695 	1792
f 1803 	1801 	1708
f 1804 	1802 	1759
f 1805 	1803 	1708
f 1806 	1804 	1759
f 1807 	1805 	1708
f 1808 	1806 	1759
f 1809 	1807 	1708
f 1810 	1808 	1759
f 1811 	1809 	1708
f 1812 	1810 	1759
f 1813 	1811 	1708
f 1814 	1812 	1759
f 1815 	1813 	1708
f 1816 	1814 	1759
f 1817 	1815 	1708
f 1818 	1816 	1759
f 1819 	1817 	1708
f 1818 	1759 	1743
f 1820 	1819 	1708
f 1821 	1818 	1743
f 1822 	1820 	1708
f 1823 	1821 	1743
f 1824 	1822 	1708
f 1825 	1823 	1743
f 1826 	1824 	1708
f 1827 	1825 	1743
f 1828 	1826 	1708
f 1829 	1827 	1743
f 1830 	1828 	1708
f 1831 	1829 	1743
f 1832 	1830 	1708
f 1833 	1831 	1743
f 1834 	1832 	1708
f 1833 	1743 	1727
f 1835 	1834 	1708
f 1836 	1833 	1727
f 1835 	1708 	1792
f 1837 	1836 	1727
f 1838 	1835 	1792
f 1839 	1837 	1727
f 1840 	1838 	1792
f 1841 	1839 	1727
f 1842 	1840 	1792
f 1843 	1841 	1727
f 1844 	1842 	1792
f 1845 	1843 	1727
f 1846 	1844 	1792
f 1847 	1845 	1727
f 1848 	1846 	1792
f 1849 	1847 	1727
f 1850 	1848 	1792
f 1851 	1849 	1727
f 1852 	1850 	1792
f 1853 	1851 	1727
f 1854 	1852 	1792
f 1855 	1853 	1727
f 1856 	1854 	1792
f 1857 	1855 	1727
f 1858 	1856 	1792
f 1859 	1857 	1727
f 1860 	1858 	1792
f 1861 	1859 	1727
f 1862 	1860 	1792
f 1863 	1861 	1727
f 1864 	1862 	1792
f 1865 	1863 	1727
f 1864 	1792 	1776
f 1866 	1865 	1727
f 1867 	1864 	1776
f 1868 	1866 	1727
f 1869 	1867 	1776
f 1775 	1868 	1727
f 1870 	1869 	1776
f 1775 	1727 	1726
f 1871 	1870 	1776
f 1776 	1775 	1726
f 1872 	1871 	1776
f 1776 	1726 	1873
f 1874 	1872 	1776
f 1776 	1873 	1875
f 1876 	1874 	1776
f 1776 	1875 	1877
f 1878 	1876 	1776
f 1776 	1877 	1879
f 1880 	1878 	1776
f 1776 	1879 	1881
f 1881 	1880 	1776
f 1882 	1883 	1884
f 1884 	1885 	1886
f 1886 	1887 	1888
f 1888 	1889 	1890
f 1890 	1891 	1892
f 1892 	1893 	1894
f 1894 	1895 	1896
f 1896 	1897 	1898
f 1898 	1899 	1900
f 1900 	1901 	1902
f 1902 	1903 	1904
f 1904 	1905 	1906
f 1906 	1907 	1908
f 1908 	1909 	1910
f 1910 	1911 	1912
f 1913 	1914 	1915
f 1915 	1916 	1917
f 1917 	1918 	1919
f 1919 	1920 	1921
f 1921 	1922 	1923
f 1923 	1924 	1925
f 1925 	1926 	1927
f 1927 	1928 	1929
f 1929 	1930 	1931
f 1931 	1932 	1933
f 1933 	1934 	1935
f 1935 	1936 	1937
f 1937 	1938 	1939
f 1939 	1940 	1941
f 1941 	1942 	1943
f 1943 	1944 	1945
f 1945 	1946 	1947
f 1947 	1948 	1949
f 1949 	1950 	1951
f 1951 	1952 	1953
f 1953 	1954 	1955
f 1955 	1956 	1957
f 1957 	1958 	1959
f 1959 	1960 	1961
f 1961 	1962 	1963
f 1964 	1962 	1961
f 1961 	1965 	1966
f 1966 	1967 	1968
f 1968 	1969 	1970
f 1970 	1971 	1972
f 1972 	1973 	1974
f 1974 	1975 	1976
f 1976 	1977 	1978
f 1978 	1979 	1980
f 1980 	1981 	1982
f 1982 	1983 	1984
f 1984 	1985 	1986
f 1986 	1987 	1988
f 1988 	1989 	1882
f 1882 	1884 	1886
f 1886 	1888 	1890
f 1890 	1892 	1894
f 1894 	1896 	1898
f 1898 	1900 	1902
f 1902 	1904 	1906
f 1906 	1908 	1910
f 1910 	1912 	1990
f 1913 	1915 	1917
f 1917 	1919 	1921
f 1921 	1923 	1925
f 1925 	1927 	1929
f 1929 	1931 	1933
f 1933 	1935 	1937
f 1937 	1939 	1941
f 1941 	1943 	1945
f 1945 	1947 	1949
f 1949 	1951 	1953
f 1953 	1955 	1957
f 1957 	1959 	1961
f 1961 	1963 	1991
f 1964 	1961 	1966
f 1966 	1968 	1970
f 1970 	1972 	1974
f 1974 	1976 	1978
f 1978 	1980 	1982
f 1982 	1984 	1986
f 1986 	1988 	1882
f 1882 	1886 	1890
f 1890 	1894 	1898
f 1898 	1902 	1906
f 1906 	1910 	1990
f 1917 	1921 	1925
f 1925 	1929 	1933
f 1933 	1937 	1941
f 1941 	1945 	1949
f 1949 	1953 	1957
f 1957 	1961 	1991
f 1966 	1970 	1974
f 1974 	1978 	1982
f 1982 	1986 	1882
f 1882 	1890 	1898
f 1898 	1906 	1990
f 1917 	1925 	1933
f 1933 	1941 	1949
f 1949 	1957 	1991
f 1966 	1974 	1982
f 1982 	1882 	1898
f 1898 	1990 	1992
f 1949 	1991 	1993
f 1898 	1992 	1994
f 1949 	1993 	1995
f 1898 	1994 	1996
f 1949 	1995 	1997
f 1898 	1996 	1998
f 1949 	1997 	1999
f 1898 	1998 	2000
f 1949 	1999 	2001
f 1898 	2000 	2002
f 1949 	2001 	2003
f 1898 	2002 	2004
f 1949 	2003 	2005
f 1898 	2004 	2006
f 1949 	2005 	2007
f 1898 	2006 	2008
f 1933 	1949 	2007
f 1898 	2008 	2009
f 1933 	2007 	2010
f 1898 	2009 	2011
f 1933 	2010 	2012
f 1898 	2011 	2013
f 1933 	2012 	2014
f 1898 	2013 	2015
f 1933 	2014 	2016
f 1898 	2015 	2017
f 1933 	2016 	2018
f 1898 	2017 	2019
f 1933 	2018 	2020
f 1898 	2019 	2021
f 1933 	2020 	2022
f 1898 	2021 	2023
f 1917 	1933 	2022
f 1898 	2023 	2024
f 1917 	2022 	2025
f 1982 	1898 	2024
f 1917 	2025 	2026
f 1982 	2024 	2027
f 1917 	2026 	2028
f 1982 	2027 	2029
f 1917 	2028 	2030
f 1982 	2029 	2031
f 1917 	2030 	2032
f 1982 	2031 	2033
f 1917 	2032 	2034
f 1982 	2033 	2035
f 1917 	2034 	2036
f 1982 	2035 	2037
f 1917 	2036 	2038
f 1982 	2037 	2039
f 1917 	2038 	2040
f 1982 	2039 	2041
f 1917 	2040 	2042
f 1982 	2041 	2043
f 1917 	2042 	2044
f 1982 	2043 	2045
f 1917 	2044 	2046
f 1982 	2045 	2047
f 1917 	2046 	2048
f 1982 	2047 	2049
f 1917 	2048 	2050
f 1982 	2049 	2051
f 1917 	2050 	2052
f 1982 	2051 	2053
f 1917 	2052 	2054
f 1966 	1982 	2053
f 1917 	2054 	2055
f 1966 	2053 	2056
f 1917 	2055 	2057
f 1966 	2056 	2058
f 1917 	2057 	1964
f 1966 	2058 	2059
f 1913 	1917 	1964
f 1966 	2059 	2060
f 1913 	1964 	1966
f 1966 	2060 	2061
f 2062 	1913 	1966
f 1966 	2061 	2063
f 2064 	2062 	1966
f 1966 	2063 	2065
f 2066 	2064 	1966
f 1966 	2065 	2067
f 2068 	2066 	1966
f 1966 	2067 	2069
f 2070 	2068 	1966
f 1966 	2069 	2070
f 1694 	1693 	1883
f 1693 	1884 	1883
f 1693 	1697 	1884
f 1697 	1885 	1884
f 1697 	1696 	1885
f 1696 	1886 	1885
f 1696 	1699 	1886
f 1699 	1887 	1886
f 1699 	1698 	1887
f 1698 	1888 	1887
f 1698 	1701 	1888
f 1701 	1889 	1888
f 1701 	1700 	1889
f 1700 	1890 	1889
f 1700 	1703 	1890
f 1703 	1891 	1890
f 1703 	1702 	1891
f 1702 	1892 	1891
f 1702 	1705 	1892
f 1705 	1893 	1892
f 1705 	1704 	1893
f 1704 	1894 	1893
f 1704 	1707 	1894
f 1707 	1895 	1894
f 1707 	1706 	1895
f 1706 	1896 	1895
f 1706 	1709 	1896
f 1709 	1897 	1896
f 1709 	1708 	1897
f 1708 	1898 	1897
f 1708 	1711 	1898
f 1711 	1899 	1898
f 1711 	1710 	1899
f 1710 	1900 	1899
f 1710 	1713 	1900
f 1713 	1901 	1900
f 1713 	1712 	1901
f 1712 	1902 	1901
f 1712 	1715 	1902
f 1715 	1903 	1902
f 1715 	1714 	1903
f 1714 	1904 	1903
f 1714 	1717 	1904
f 1717 	1905 	1904
f 1717 	1716 	1905
f 1716 	1906 	1905
f 1716 	1719 	1906
f 1719 	1907 	1906
f 1719 	1718 	1907
f 1718 	1908 	1907
f 1718 	1721 	1908
f 1721 	1909 	1908
f 1721 	1720 	1909
f 1720 	1910 	1909
f 1720 	1723 	1910
f 1723 	1911 	1910
f 1723 	1722 	1911
f 1722 	1912 	1911
f 1722 	1801 	1912
f 1801 	1990 	1912
f 1801 	1803 	1990
f 1803 	1992 	1990
f 1803 	1805 	1992
f 1805 	1994 	1992
f 1805 	1807 	1994
f 1807 	1996 	1994
f 1807 	1809 	1996
f 1809 	1998 	1996
f 1809 	1811 	1998
f 1811 	2000 	1998
f 1811 	1813 	2000
f 1813 	2002 	2000
f 1813 	1815 	2002
f 1815 	2004 	2002
f 1815 	1817 	2004
f 1817 	2006 	2004
f 1817 	1819 	2006
f 1819 	2008 	2006
f 1819 	1820 	2008
f 1820 	2009 	2008
f 1820 	1822 	2009
f 1822 	2011 	2009
f 1822 	1824 	2011
f 1824 	2013 	2011
f 1824 	1826 	2013
f 1826 	2015 	2013
f 1826 	1828 	2015
f 1828 	2017 	2015
f 1828 	1830 	2017
f 1830 	2019 	2017
f 1830 	1832 	2019
f 1832 	2021 	2019
f 1832 	1834 	2021
f 1834 	2023 	2021
f 1834 	1835 	2023
f 1835 	2024 	2023
f 1835 	1838 	2024
f 1838 	2027 	2024
f 1838 	1840 	2027
f 1840 	2029 	2027
f 1840 	1842 	2029
f 1842 	2031 	2029
f 1842 	1844 	2031
f 1844 	2033 	2031
f 1844 	1846 	2033
f 1846 	2035 	2033
f 1846 	1848 	2035
f 1848 	2037 	2035
f 1848 	1850 	2037
f 1850 	2039 	2037
f 1850 	1852 	2039
f 1852 	2041 	2039
f 1852 	1854 	2041
f 1854 	2043 	2041
f 1854 	1856 	2043
f 1856 	2045 	2043
f 1856 	1858 	2045
f 1858 	2047 	2045
f 1858 	1860 	2047
f 1860 	2049 	2047
f 1860 	1862 	2049
f 1862 	2051 	2049
f 1862 	1864 	2051
f 1864 	2053 	2051
f 1864 	1867 	2053
f 1867 	2056 	2053
f 1867 	1869 	2056
f 1869 	2058 	2056
f 1869 	1870 	2058
f 1870 	2059 	2058
f 1870 	1871 	2059
f 1871 	2060 	2059
f 1871 	1872 	2060
f 1872 	2061 	2060
f 1872 	1874 	2061
f 1874 	2063 	2061
f 1874 	1876 	2063
f 1876 	2065 	2063
f 1876 	1878 	2065
f 1878 	2067 	2065
f 1878 	1880 	2067
f 1880 	2069 	2067
f 1880 	1881 	2069
f 1881 	2070 	2069
f 1881 	1879 	2070
f 1879 	2068 	2070
f 1879 	1877 	2068
f 1877 	2066 	2068
f 1877 	1875 	2066
f 1875 	2064 	2066
f 1875 	1873 	2064
f 1873 	2062 	2064
f 1873 	1726 	2062
f 1726 	1913 	2062
f 1726 	1725 	1913
f 1725 	1914 	1913
f 1725 	1724 	1914
f 1724 	1915 	1914
f 1724 	1728 	1915
f 1728 	1916 	1915
f 1728 	1727 	1916
f 1727 	1917 	1916
f 1727 	1730 	1917
f 1730 	1918 	1917
f 1730 	1729 	1918
f 1729 	1919 	1918
f 1729 	1732 	1919
f 1732 	1920 	1919
f 1732 	1731 	1920
f 1731 	1921 	1920
f 1731 	1734 	1921
f 1734 	1922 	1921
f 1734 	1733 	1922
f 1733 	1923 	1922
f 1733 	1736 	1923
f 1736 	1924 	1923
f 1736 	1735 	1924
f 1735 	1925 	1924
f 1735 	1738 	1925
f 1738 	1926 	1925
f 1738 	1737 	1926
f 1737 	1927 	1926
f 1737 	1740 	1927
f 1740 	1928 	1927
f 1740 	1739 	1928
f 1739 	1929 	1928
f 1739 	1742 	1929
f 1742 	1930 	1929
f 1742 	1741 	1930
f 1741 	1931 	1930
f 1741 	1744 	1931
f 1744 	1932 	1931
f 1744 	1743 	1932
f 1743 	1933 	1932
f 1743 	1746 	1933
f 1746 	1934 	1933
f 1746 	1745 	1934
f 1745 	1935 	1934
f 1745 	1748 	1935
f 1748 	1936 	1935
f 1748 	1747 	1936
f 1747 	1937 	1936
f 1747 	1750 	1937
f 1750 	1938 	1937
f 1750 	1749 	1938
f 1749 	1939 	1938
f 1749 	1752 	1939
f 1752 	1940 	1939
f 1752 	1751 	1940
f 1751 	1941 	1940
f 1751 	1754 	1941
f 1754 	1942 	1941
f 1754 	1753 	1942
f 1753 	1943 	1942
f 1753 	1756 	1943
f 1756 	1944 	1943
f 1756 	1755 	1944
f 1755 	1945 	1944
f 1755 	1758 	1945
f 1758 	1946 	1945
f 1758 	1757 	1946
f 1757 	1947 	1946
f 1757 	1760 	1947
f 1760 	1948 	1947
f 1760 	1759 	1948
f 1759 	1949 	1948
f 1759 	1762 	1949
f 1762 	1950 	1949
f 1762 	1761 	1950
f 1761 	1951 	1950
f 1761 	1764 	1951
f 1764 	1952 	1951
f 1764 	1763 	1952
f 1763 	1953 	1952
f 1763 	1766 	1953
f 1766 	1954 	1953
f 1766 	1765 	1954
f 1765 	1955 	1954
f 1765 	1768 	1955
f 1768 	1956 	1955
f 1768 	1767 	1956
f 1767 	1957 	1956
f 1767 	1770 	1957
f 1770 	1958 	1957
f 1770 	1769 	1958
f 1769 	1959 	1958
f 1769 	1772 	1959
f 1772 	1960 	1959
f 1772 	1771 	1960
f 1771 	1961 	1960
f 1771 	1777 	1961
f 1777 	1965 	1961
f 1777 	1776 	1965
f 1776 	1966 	1965
f 1776 	1779 	1966
f 1779 	1967 	1966
f 1779 	1778 	1967
f 1778 	1968 	1967
f 1778 	1781 	1968
f 1781 	1969 	1968
f 1781 	1780 	1969
f 1780 	1970 	1969
f 1780 	1783 	1970
f 1783 	1971 	1970
f 1783 	1782 	1971
f 1782 	1972 	1971
f 1782 	1785 	1972
f 1785 	1973 	1972
f 1785 	1784 	1973
f 1784 	1974 	1973
f 1784 	1787 	1974
f 1787 	1975 	1974
f 1787 	1786 	1975
f 1786 	1976 	1975
f 1786 	1789 	1976
f 1789 	1977 	1976
f 1789 	1788 	1977
f 1788 	1978 	1977
f 1788 	1791 	1978
f 1791 	1979 	1978
f 1791 	1790 	1979
f 1790 	1980 	1979
f 1790 	1793 	1980
f 1793 	1981 	1980
f 1793 	1792 	1981
f 1792 	1982 	1981
f 1792 	1795 	1982
f 1795 	1983 	1982
f 1795 	1794 	1983
f 1794 	1984 	1983
f 1794 	1797 	1984
f 1797 	1985 	1984
f 1797 	1796 	1985
f 1796 	1986 	1985
f 1796 	1799 	1986
f 1799 	1987 	1986
f 1799 	1798 	1987
f 1798 	1988 	1987
f 1798 	1800 	1988
f 1800 	1989 	1988
f 1800 	1695 	1989
f 1695 	1882 	1989
f 1695 	1694 	1882
f 1694 	1883 	1882
f 1825 	1827 	2014
f 1827 	2016 	2014
f 1827 	1829 	2016
f 1829 	2018 	2016
f 1829 	1831 	2018
f 1831 	2020 	2018
f 1831 	1833 	2020
f 1833 	2022 	2020
f 1833 	1836 	2022
f 1836 	2025 	2022
f 1836 	1837 	2025
f 1837 	2026 	2025
f 1837 	1839 	2026
f 1839 	2028 	2026
f 1839 	1841 	2028
f 1841 	2030 	2028
f 1841 	1843 	2030
f 1843 	2032 	2030
f 1843 	1845 	2032
f 1845 	2034 	2032
f 1845 	1847 	2034
f 1847 	2036 	2034
f 1847 	1849 	2036
f 1849 	2038 	2036
f 1849 	1851 	2038
f 1851 	2040 	2038
f 1851 	1853 	2040
f 1853 	2042 	2040
f 1853 	1855 	2042
f 1855 	2044 	2042
f 1855 	1857 	2044
f 1857 	2046 	2044
f 1857 	1859 	2046
f 1859 	2048 	2046
f 1859 	1861 	2048
f 1861 	2050 	2048
f 1861 	1863 	2050
f 1863 	2052 	2050
f 1863 	1865 	2052
f 1865 	2054 	2052
f 1865 	1866 	2054
f 1866 	2055 	2054
f 1866 	1868 	2055
f 1868 	2057 	2055
f 1868 	1775 	2057
f 1775 	1964 	2057
f 1775 	1774 	1964
f 1774 	1962 	1964
f 1774 	1773 	1962
f 1773 	1963 	1962
f 1773 	1802 	1963
f 1802 	1991 	1963
f 1802 	1804 	1991
f 1804 	1993 	1991
f 1804 	1806 	1993
f 1806 	1995 	1993
f 1806 	1808 	1995
f 1808 	1997 	1995
f 1808 	1810 	1997
f 1810 	1999 	1997
f 1810 	1812 	1999
f 1812 	2001 	1999
f 1812 	1814 	2001
f 1814 	2003 	2001
f 1814 	1816 	2003
f 1816 	2005 	2003
f 1816 	1818 	2005
f 1818 	2007 	2005
f 1818 	1821 	2007
f 1821 	2010 	2007
f 1821 	1823 	2010
f 1823 	2012 	2010
f 1823 	1825 	2012
f 1825 	2014 	2012
# 4044 faces

 #end of obj_5

o obj_6
v -3 		62 		21
v -3 		62 		11
v -3 		59 		21
v -3 		59 		11
v 31 		59 		21
v 31 		59 		11
v 31 		62 		21
v 31 		62 		11
# 8 vertices

g group_6_14900002

usemtl color_14900002
s 0

f 2071 	2072 	2073
f 2072 	2074 	2073
f 2075 	2076 	2077
f 2076 	2078 	2077
f 2075 	2077 	2073
f 2077 	2071 	2073
f 2078 	2076 	2072
f 2076 	2074 	2072
f 2077 	2078 	2071
f 2078 	2072 	2071
f 2073 	2074 	2075
f 2074 	2076 	2075
# 12 faces

 #end of obj_6

o obj_7
v -3 		62 		15
v -3 		62 		5
v -3 		59 		15
v -3 		59 		5
v 11 		59 		15
v 11 		59 		5
v 11 		62 		15
v 11 		62 		5
# 8 vertices

g group_7_14900002

usemtl color_14900002
s 0

f 2079 	2080 	2081
f 2080 	2082 	2081
f 2083 	2084 	2085
f 2084 	2086 	2085
f 2083 	2085 	2081
f 2085 	2079 	2081
f 2086 	2084 	2080
f 2084 	2082 	2080
f 2085 	2086 	2079
f 2086 	2080 	2079
f 2081 	2082 	2083
f 2082 	2084 	2083
# 12 faces

 #end of obj_7

o obj_8
v 26 		62 		21
v 26 		62 		1
v 26 		59 		21
v 26 		59 		1
v 32 		59 		21
v 32 		59 		1
v 32 		62 		21
v 32 		62 		1
# 8 vertices

g group_8_14900002

usemtl color_14900002
s 0

f 2087 	2088 	2089
f 2088 	2090 	2089
f 2091 	2092 	2093
f 2092 	2094 	2093
f 2091 	2093 	2089
f 2093 	2087 	2089
f 2094 	2092 	2088
f 2092 	2090 	2088
f 2093 	2094 	2087
f 2094 	2088 	2087
f 2089 	2090 	2091
f 2090 	2092 	2091
# 12 faces

 #end of obj_8

o obj_9
v 3.5 		0 		6
v 3.5 		0 		1
v 3.5 		3 		6
v 3.5 		3 		1
v -30.5 		3 		6
v -30.5 		3 		1
v -30.5 		0 		6
v -30.5 		0 		1
# 8 vertices

g group_9_14900002

usemtl color_14900002
s 0

f 2095 	2096 	2097
f 2096 	2098 	2097
f 2099 	2100 	2101
f 2100 	2102 	2101
f 2099 	2101 	2097
f 2101 	2095 	2097
f 2102 	2100 	2096
f 2100 	2098 	2096
f 2101 	2102 	2095
f 2102 	2096 	2095
f 2097 	2098 	2099
f 2098 	2100 	2099
# 12 faces

 #end of obj_9

o obj_10
v 31.5 		0 		37
v 31.5 		0 		21
v 31.5 		3 		37
v 31.5 		3 		21
v -31 		3 		37
v -31 		3 		21
v -31 		0 		37
v -31 		0 		21
# 8 vertices

g group_10_1650274

usemtl color_1650274
s 0

f 2103 	2104 	2105
f 2104 	2106 	2105
f 2107 	2108 	2109
f 2108 	2110 	2109
f 2107 	2109 	2105
f 2109 	2103 	2105
f 2110 	2108 	2104
f 2108 	2106 	2104
f 2109 	2110 	2103
f 2110 	2104 	2103
f 2105 	2106 	2107
f 2106 	2108 	2107
# 12 faces

 #end of obj_10

o obj_11
v 31.5 		0 		21
v 31.5 		0 		1
v 31.5 		3 		21
v 31.5 		3 		1
v 13.5 		3 		21
v 13.5 		3 		1
v 13.5 		0 		21
v 13.5 		0 		1
# 8 vertices

g group_11_14900002

usemtl color_14900002
s 0

f 2111 	2112 	2113
f 2112 	2114 	2113
f 2115 	2116 	2117
f 2116 	2118 	2117
f 2115 	2117 	2113
f 2117 	2111 	2113
f 2118 	2116 	2112
f 2116 	2114 	2112
f 2117 	2118 	2111
f 2118 	2112 	2111
f 2113 	2114 	2115
f 2114 	2116 	2115
# 12 faces

 #end of obj_11

o obj_12
v 20.5 		0 		21
v 20.5 		0 		13
v 20.5 		3 		21
v 20.5 		3 		13
v -13.5 		3 		21
v -13.5 		3 		13
v -13.5 		0 		21
v -13.5 		0 		13
# 8 vertices

g group_12_14900002

usemtl color_14900002
s 0

f 2119 	2120 	2121
f 2120 	2122 	2121
f 2123 	2124 	2125
f 2124 	2126 	2125
f 2123 	2125 	2121
f 2125 	2119 	2121
f 2126 	2124 	2120
f 2124 	2122 	2120
f 2125 	2126 	2119
f 2126 	2120 	2119
f 2121 	2122 	2123
f 2122 	2124 	2123
# 12 faces

 #end of obj_12

o obj_13
v -12.5978 		0 		29.464
v -12.5778 		0 		29.2665
v -12.5712 		0 		29.0614
v -12.6777 		0 		29.8363
v -12.6311 		0 		29.6539
v -12.811 		0 		30.1784
v -12.7377 		0 		30.0112
v -12.9908 		0 		30.4902
v -12.8942 		0 		30.3381
v -13.224 		0 		30.7718
v -13.1007 		0 		30.6348
v -13.5104 		0 		31.023
v -13.3605 		0 		30.9012
v -13.8501 		0 		31.2349
v -13.6736 		0 		31.1335
v -14.2431 		0 		31.4105
v -14.04 		0 		31.3273
v -14.6894 		0 		31.5498
v -14.4596 		0 		31.4847
v -15.1913 		0 		31.6557
v -14.9331 		0 		31.608
v -15.7508 		0 		31.7193
v -15.4638 		0 		31.6928
v -16.3681 		0 		31.7405
v -16.0522 		0 		31.7352
v -20.6246 		0 		31.0684
v -20.6246 		0 		31.7405
v -17.1375 		0 		26.9181
v -19.3257 		0 		24.2299
v -19.3257 		0 		30.3056
v -16.8077 		0 		26.9181
v -20.6246 		0 		22.7405
v -20.6246 		0 		23.4125
v -20.0451 		0 		23.4125
v -15.5587 		0 		23.4125
v -15.5587 		0 		22.7405
v -16.3015 		0 		26.189
v -16.6678 		0 		26.1824
v -17.1375 		0 		26.1824
v -15.6287 		0 		26.2415
v -15.9551 		0 		26.2087
v -15.0358 		0 		26.3464
v -15.3223 		0 		26.2874
v -14.5176 		0 		26.5018
v -14.7694 		0 		26.4186
v -14.0625 		0 		26.6956
v -14.282 		0 		26.5942
v -13.6717 		0 		26.9256
v -13.859 		0 		26.8061
v -13.3447 		0 		27.1908
v -13.5004 		0 		27.0543
v -13.0782 		0 		27.4834
v -13.204 		0 		27.3338
v -12.8718 		0 		27.8023
v -12.9675 		0 		27.6396
v -12.7238 		0 		28.1481
v -12.791 		0 		27.9715
v -12.6261 		0 		28.5074
v -12.6689 		0 		28.3267
v -12.5773 		0 		28.8747
v -12.5956 		0 		28.69
v -19.3273 		0 		30.3848
v -16.639 		0 		26.9211
v -19.9926 		0 		23.4133
v -16.408 		0 		23.4125
v -20.0451 		0 		31.0684
v -19.3323 		0 		30.4589
v -16.4791 		0 		26.9302
v -19.9419 		0 		23.4155
v -16.4547 		0 		23.413
v -19.3407 		0 		30.5281
v -16.3281 		0 		26.9453
v -19.8927 		0 		23.4193
v -16.5013 		0 		23.4145
v -19.9957 		0 		31.0677
v -19.3523 		0 		30.5921
v -19.3273 		0 		24.1421
v -19.8453 		0 		23.4246
v -16.5479 		0 		23.4171
v -19.9474 		0 		31.0654
v -19.3673 		0 		30.6512
v -19.7995 		0 		23.4314
v -16.5946 		0 		23.4206
v -19.9002 		0 		31.0616
v -19.3856 		0 		30.7052
v -19.7553 		0 		23.4398
v -16.6412 		0 		23.4251
v -19.8541 		0 		31.0563
v -19.4037 		0 		30.7543
v -19.7131 		0 		23.4504
v -16.6878 		0 		23.4307
v -19.8092 		0 		31.0495
v -19.4245 		0 		30.799
v -19.6732 		0 		23.464
v -16.7303 		0 		23.441
v -19.7653 		0 		31.0412
v -19.4481 		0 		30.8391
v -19.6354 		0 		23.4806
v -16.7711 		0 		23.4539
v -19.7229 		0 		31.0306
v -17.1375 		0 		30.9958
v -19.5999 		0 		23.5003
v -16.8102 		0 		23.4693
v -19.6821 		0 		31.017
v -19.4745 		0 		30.8747
v -19.5666 		0 		23.523
v -16.8477 		0 		23.4872
v -19.6429 		0 		31.0003
v -19.5036 		0 		30.9057
v -19.6055 		0 		30.9806
v -19.5355 		0 		30.9322
v -19.5355 		0 		23.5487
v -19.5697 		0 		30.9579
v -19.5036 		0 		23.5808
v -19.4745 		0 		23.6164
v -16.5979 		0 		30.9958
v -19.4481 		0 		23.6555
v -16.4455 		0 		30.9922
v -19.4245 		0 		23.6981
v -16.3015 		0 		30.9816
v -19.4037 		0 		23.7443
v -16.1657 		0 		30.964
v -19.3856 		0 		23.794
v -16.0383 		0 		30.9393
v -19.3673 		0 		23.8515
v -15.9193 		0 		30.9075
v -19.3523 		0 		23.915
v -15.8085 		0 		30.8686
v -19.3407 		0 		23.9847
v -15.7053 		0 		30.8257
v -19.3323 		0 		24.0603
v -15.6087 		0 		30.7758
v -15.5188 		0 		30.7188
v -16.8835 		0 		23.5076
v -15.4355 		0 		30.6547
v -16.9176 		0 		23.5306
v -15.3589 		0 		30.5836
v -16.9498 		0 		23.5596
v -15.289 		0 		30.5054
v -16.9798 		0 		23.5921
v -15.2254 		0 		30.4229
v -17.0076 		0 		23.6282
v -17.0331 		0 		23.6678
v -15.1679 		0 		30.3328
v -17.0564 		0 		23.711
v -15.1166 		0 		30.2352
v -17.0775 		0 		23.7576
v -15.0714 		0 		30.13
v -17.0958 		0 		23.8116
v -15.0322 		0 		30.0172
v -17.1108 		0 		23.8706
v -14.9992 		0 		29.8969
v -17.1225 		0 		23.9347
v -14.9687 		0 		29.769
v -17.1308 		0 		24.0038
v -14.9437 		0 		29.6335
v -17.1358 		0 		24.078
v -14.9243 		0 		29.4905
v -17.1375 		0 		24.1572
v -14.9104 		0 		29.3399
v -14.902 		0 		29.1817
v -14.8993 		0 		29.0159
v -16.186 		0 		26.9665
v -14.9023 		0 		28.8328
v -16.0528 		0 		26.9937
v -14.9115 		0 		28.6587
v -15.9284 		0 		27.027
v -14.9268 		0 		28.4937
v -15.8121 		0 		27.0702
v -14.9481 		0 		28.3378
v -15.7031 		0 		27.1209
v -14.9756 		0 		28.191
v -15.6012 		0 		27.1792
v -15.0092 		0 		28.0533
v -15.0489 		0 		27.9241
v -15.5066 		0 		27.245
v -15.0947 		0 		27.803
v -15.4191 		0 		27.3184
v -15.1466 		0 		27.69
v -15.3389 		0 		27.3994
v -15.2046 		0 		27.5851
v -15.2687 		0 		27.4882
v -12.5712 		-1 		29.0614
v -12.5778 		-1 		29.2665
v -12.5978 		-1 		29.464
v -12.6311 		-1 		29.6539
v -12.6777 		-1 		29.8363
v -12.7377 		-1 		30.0112
v -12.811 		-1 		30.1784
v -12.8942 		-1 		30.3381
v -12.9908 		-1 		30.4902
v -13.1007 		-1 		30.6348
v -13.224 		-1 		30.7718
v -13.3605 		-1 		30.9012
v -13.5104 		-1 		31.023
v -13.6736 		-1 		31.1335
v -13.8501 		-1 		31.2349
v -14.04 		-1 		31.3273
v -14.2431 		-1 		31.4105
v -14.4596 		-1 		31.4847
v -14.6894 		-1 		31.5498
v -14.9331 		-1 		31.608
v -15.1913 		-1 		31.6557
v -15.4638 		-1 		31.6928
v -15.7508 		-1 		31.7193
v -16.0522 		-1 		31.7352
v -16.3681 		-1 		31.7405
v -20.6246 		-1 		31.7405
v -20.6246 		-1 		31.0684
v -19.3257 		-1 		30.3056
v -19.3257 		-1 		24.2299
v -17.1375 		-1 		26.9181
v -16.8077 		-1 		26.9181
v -20.0451 		-1 		23.4125
v -20.6246 		-1 		23.4125
v -20.6246 		-1 		22.7405
v -15.5587 		-1 		22.7405
v -15.5587 		-1 		23.4125
v -17.1375 		-1 		26.1824
v -16.6678 		-1 		26.1824
v -16.3015 		-1 		26.189
v -15.9551 		-1 		26.2087
v -15.6287 		-1 		26.2415
v -15.3223 		-1 		26.2874
v -15.0358 		-1 		26.3464
v -14.7694 		-1 		26.4186
v -14.5176 		-1 		26.5018
v -14.282 		-1 		26.5942
v -14.0625 		-1 		26.6956
v -13.859 		-1 		26.8061
v -13.6717 		-1 		26.9256
v -13.5004 		-1 		27.0543
v -13.3447 		-1 		27.1908
v -13.204 		-1 		27.3338
v -13.0782 		-1 		27.4834
v -12.9675 		-1 		27.6396
v -12.8718 		-1 		27.8023
v -12.791 		-1 		27.9715
v -12.7238 		-1 		28.1481
v -12.6689 		-1 		28.3267
v -12.6261 		-1 		28.5074
v -12.5956 		-1 		28.69
v -12.5773 		-1 		28.8747
v -19.3273 		-1 		30.3848
v -16.639 		-1 		26.9211
v -19.9926 		-1 		23.4133
v -16.408 		-1 		23.4125
v -20.0451 		-1 		31.0684
v -19.3323 		-1 		30.4589
v -16.4791 		-1 		26.9302
v -19.9419 		-1 		23.4155
v -16.4547 		-1 		23.413
v -19.3407 		-1 		30.5281
v -16.3281 		-1 		26.9453
v -19.8927 		-1 		23.4193
v -16.5013 		-1 		23.4145
v -19.9957 		-1 		31.0677
v -19.3523 		-1 		30.5921
v -19.3273 		-1 		24.1421
v -19.8453 		-1 		23.4246
v -16.5479 		-1 		23.4171
v -19.9474 		-1 		31.0654
v -19.3673 		-1 		30.6512
v -19.7995 		-1 		23.4314
v -16.5946 		-1 		23.4206
v -19.9002 		-1 		31.0616
v -19.3856 		-1 		30.7052
v -19.7553 		-1 		23.4398
v -16.6412 		-1 		23.4251
v -19.8541 		-1 		31.0563
v -19.4037 		-1 		30.7543
v -19.7131 		-1 		23.4504
v -16.6878 		-1 		23.4307
v -19.8092 		-1 		31.0495
v -19.4245 		-1 		30.799
v -19.6732 		-1 		23.464
v -16.7303 		-1 		23.441
v -19.7653 		-1 		31.0412
v -19.4481 		-1 		30.8391
v -19.6354 		-1 		23.4806
v -16.7711 		-1 		23.4539
v -19.7229 		-1 		31.0306
v -17.1375 		-1 		30.9958
v -19.5999 		-1 		23.5003
v -16.8102 		-1 		23.4693
v -19.6821 		-1 		31.017
v -19.4745 		-1 		30.8747
v -19.5666 		-1 		23.523
v -16.8477 		-1 		23.4872
v -19.6429 		-1 		31.0003
v -19.5036 		-1 		30.9057
v -19.6055 		-1 		30.9806
v -19.5355 		-1 		30.9322
v -19.5355 		-1 		23.5487
v -19.5697 		-1 		30.9579
v -19.5036 		-1 		23.5808
v -19.4745 		-1 		23.6164
v -16.5979 		-1 		30.9958
v -19.4481 		-1 		23.6555
v -16.4455 		-1 		30.9922
v -19.4245 		-1 		23.6981
v -16.3015 		-1 		30.9816
v -19.4037 		-1 		23.7443
v -16.1657 		-1 		30.964
v -19.3856 		-1 		23.794
v -16.0383 		-1 		30.9393
v -19.3673 		-1 		23.8515
v -15.9193 		-1 		30.9075
v -19.3523 		-1 		23.915
v -15.8085 		-1 		30.8686
v -19.3407 		-1 		23.9847
v -15.7053 		-1 		30.8257
v -19.3323 		-1 		24.0603
v -15.6087 		-1 		30.7758
v -15.5188 		-1 		30.7188
v -16.8835 		-1 		23.5076
v -15.4355 		-1 		30.6547
v -16.9176 		-1 		23.5306
v -15.3589 		-1 		30.5836
v -16.9498 		-1 		23.5596
v -15.289 		-1 		30.5054
v -16.9798 		-1 		23.5921
v -15.2254 		-1 		30.4229
v -17.0076 		-1 		23.6282
v -17.0331 		-1 		23.6678
v -15.1679 		-1 		30.3328
v -17.0564 		-1 		23.711
v -15.1166 		-1 		30.2352
v -17.0775 		-1 		23.7576
v -15.0714 		-1 		30.13
v -17.0958 		-1 		23.8116
v -15.0322 		-1 		30.0172
v -17.1108 		-1 		23.8706
v -14.9992 		-1 		29.8969
v -17.1225 		-1 		23.9347
v -14.9687 		-1 		29.769
v -17.1308 		-1 		24.0038
v -14.9437 		-1 		29.6335
v -17.1358 		-1 		24.078
v -14.9243 		-1 		29.4905
v -17.1375 		-1 		24.1572
v -14.9104 		-1 		29.3399
v -14.902 		-1 		29.1817
v -14.8993 		-1 		29.0159
v -16.186 		-1 		26.9665
v -14.9023 		-1 		28.8328
v -16.0528 		-1 		26.9937
v -14.9115 		-1 		28.6587
v -15.9284 		-1 		27.027
v -14.9268 		-1 		28.4937
v -15.8121 		-1 		27.0702
v -14.9481 		-1 		28.3378
v -15.7031 		-1 		27.1209
v -14.9756 		-1 		28.191
v -15.6012 		-1 		27.1792
v -15.0092 		-1 		28.0533
v -15.0489 		-1 		27.9241
v -15.5066 		-1 		27.245
v -15.0947 		-1 		27.803
v -15.4191 		-1 		27.3184
v -15.1466 		-1 		27.69
v -15.3389 		-1 		27.3994
v -15.2046 		-1 		27.5851
v -15.2687 		-1 		27.4882
v -4.3256 		0 		26.7052
v -4.3048 		0 		26.4274
v -4.2979 		0 		26.137
v -4.4089 		0 		27.2228
v -4.3603 		0 		26.9703
v -4.5477 		0 		27.69
v -4.4713 		0 		27.4627
v -4.7375 		0 		28.1068
v -4.6368 		0 		27.9047
v -4.974 		0 		28.4731
v -4.8499 		0 		28.2962
v -5.2571 		0 		28.7889
v -5.1097 		0 		28.6373
v -5.5913 		0 		29.0553
v -5.4189 		0 		28.9282
v -5.9676 		0 		29.2733
v -5.7742 		0 		29.1703
v -6.3862 		0 		29.4428
v -6.1716 		0 		29.3641
v -6.8458 		0 		29.5639
v -6.611 		0 		29.5094
v -7.3454 		0 		29.6365
v -7.0906 		0 		29.6063
v -7.885 		0 		29.6608
v -7.6102 		0 		29.6547
v -8.9807 		0 		29.5639
v -8.457 		0 		29.6365
v -9.8833 		0 		29.2733
v -9.4562 		0 		29.4428
v -10.5928 		0 		28.7889
v -10.2622 		0 		29.0553
v -11.0979 		0 		28.1068
v -10.8706 		0 		28.4731
v -11.401 		0 		27.2228
v -11.2747 		0 		27.69
v -11.502 		0 		26.137
v -11.4768 		0 		26.7052
v -9.3418 		0 		26.3593
v -9.3438 		0 		26.137
v -9.3418 		0 		25.9176
v -11.4754 		0 		25.573
v -11.4954 		0 		25.8492
v -11.3954 		0 		25.0553
v -11.4421 		0 		25.3083
v -11.2622 		0 		24.5841
v -11.3355 		0 		24.8139
v -11.0724 		0 		24.1673
v -11.1731 		0 		24.3694
v -10.8359 		0 		23.801
v -10.96 		0 		23.9779
v -10.5528 		0 		23.4852
v -10.7002 		0 		23.6368
v -10.2186 		0 		23.2188
v -10.391 		0 		23.3459
v -9.8423 		0 		23.0008
v -10.0357 		0 		23.1037
v -9.4237 		0 		22.8313
v -9.6383 		0 		22.91
v -8.9596 		0 		22.7102
v -9.1961 		0 		22.7647
v -8.46 		0 		22.6375
v -8.7143 		0 		22.6678
v -7.9249 		0 		22.6133
v -8.1969 		0 		22.6194
v -6.8291 		0 		22.7102
v -7.3529 		0 		22.6375
v -5.9265 		0 		23.0008
v -6.3537 		0 		22.8313
v -5.2171 		0 		23.4852
v -5.5477 		0 		23.2188
v -4.7064 		0 		24.1673
v -4.9362 		0 		23.801
v -4.4 		0 		25.0513
v -4.5277 		0 		24.5841
v -4.3234 		0 		25.5689
v -9.336 		0 		26.572
v -9.336 		0 		25.7072
v -9.3263 		0 		25.5059
v -9.3263 		0 		26.775
v -9.3127 		0 		25.3136
v -9.3127 		0 		26.9685
v -9.2952 		0 		25.1305
v -9.2952 		0 		27.1524
v -9.2738 		0 		24.9564
v -9.2738 		0 		27.3267
v -9.2447 		0 		24.7887
v -9.2477 		0 		27.4915
v -9.2106 		0 		24.6305
v -9.2161 		0 		27.6466
v -9.1714 		0 		24.4819
v -9.1789 		0 		27.7922
v -9.1273 		0 		24.3429
v -9.1362 		0 		27.9282
v -9.0782 		0 		24.2135
v -9.0879 		0 		28.0545
v -9.024 		0 		24.0936
v -9.034 		0 		28.1713
v -8.9616 		0 		23.9834
v -8.9744 		0 		28.2788
v -8.8941 		0 		23.8828
v -8.9086 		0 		28.3772
v -8.8217 		0 		23.7917
v -8.7443 		0 		23.7102
v -8.8367 		0 		28.4665
v -8.7587 		0 		28.5467
v -8.6618 		0 		23.6383
v -8.6746 		0 		28.6179
v -8.5744 		0 		23.576
v -8.5844 		0 		28.6799
v -8.4778 		0 		23.5233
v -8.4878 		0 		28.7326
v -8.3746 		0 		23.4801
v -8.3846 		0 		28.7758
v -8.2647 		0 		23.4466
v -8.2746 		0 		28.8093
v -8.1481 		0 		23.4226
v -8.1581 		0 		28.8333
v -8.0248 		0 		23.4082
v -8.0348 		0 		28.8477
v -7.895 		0 		23.4034
v -7.9049 		0 		28.8525
v -7.7651 		0 		23.4082
v -7.775 		0 		28.8477
v -7.6418 		0 		23.4226
v -7.6518 		0 		28.8333
v -7.5253 		0 		23.4466
v -7.5352 		0 		28.8093
v -7.4153 		0 		23.4801
v -7.3121 		0 		23.5233
v -7.4253 		0 		28.7758
v -7.2155 		0 		23.576
v -7.3221 		0 		28.7326
v -7.1284 		0 		23.6383
v -7.2255 		0 		28.6799
v -7.0468 		0 		23.7102
v -7.1381 		0 		28.6179
v -6.9707 		0 		23.7917
v -7.0556 		0 		28.5467
v -6.9782 		0 		28.4665
v -6.9002 		0 		23.8828
v -6.9058 		0 		28.3772
v -6.8353 		0 		23.9834
v -6.8383 		0 		28.2788
v -6.7759 		0 		24.0936
v -6.7759 		0 		28.1713
v -6.719 		0 		24.2135
v -6.6682 		0 		24.3429
v -6.7217 		0 		28.0545
v -6.6235 		0 		24.4819
v -6.6726 		0 		27.9282
v -6.5849 		0 		24.6305
v -6.6285 		0 		27.7922
v -6.5524 		0 		24.7887
v -6.5893 		0 		27.6466
v -6.5261 		0 		24.9564
v -6.5552 		0 		27.4915
v -6.5016 		0 		25.1305
v -6.5261 		0 		27.3267
v -6.4817 		0 		25.3136
v -6.5016 		0 		27.1524
v -6.4661 		0 		25.5059
v -6.4817 		0 		26.9685
v -6.455 		0 		25.7072
v -6.4661 		0 		26.775
v -6.4483 		0 		25.9176
v -6.455 		0 		26.572
v -6.4461 		0 		26.137
v -6.4483 		0 		26.3593
v -4.2979 		-1 		26.137
v -4.3048 		-1 		26.4274
v -4.3256 		-1 		26.7052
v -4.3603 		-1 		26.9703
v -4.4089 		-1 		27.2228
v -4.4713 		-1 		27.4627
v -4.5477 		-1 		27.69
v -4.6368 		-1 		27.9047
v -4.7375 		-1 		28.1068
v -4.8499 		-1 		28.2962
v -4.974 		-1 		28.4731
v -5.1097 		-1 		28.6373
v -5.2571 		-1 		28.7889
v -5.4189 		-1 		28.9282
v -5.5913 		-1 		29.0553
v -5.7742 		-1 		29.1703
v -5.9676 		-1 		29.2733
v -6.1716 		-1 		29.3641
v -6.3862 		-1 		29.4428
v -6.611 		-1 		29.5094
v -6.8458 		-1 		29.5639
v -7.0906 		-1 		29.6063
v -7.3454 		-1 		29.6365
v -7.6102 		-1 		29.6547
v -7.885 		-1 		29.6608
v -8.457 		-1 		29.6365
v -8.9807 		-1 		29.5639
v -9.4562 		-1 		29.4428
v -9.8833 		-1 		29.2733
v -10.2622 		-1 		29.0553
v -10.5928 		-1 		28.7889
v -10.8706 		-1 		28.4731
v -11.0979 		-1 		28.1068
v -11.2747 		-1 		27.69
v -11.401 		-1 		27.2228
v -11.4768 		-1 		26.7052
v -11.502 		-1 		26.137
v -9.3438 		-1 		26.137
v -9.3418 		-1 		26.3593
v -9.3418 		-1 		25.9176
v -11.4954 		-1 		25.8492
v -11.4754 		-1 		25.573
v -11.4421 		-1 		25.3083
v -11.3954 		-1 		25.0553
v -11.3355 		-1 		24.8139
v -11.2622 		-1 		24.5841
v -11.1731 		-1 		24.3694
v -11.0724 		-1 		24.1673
v -10.96 		-1 		23.9779
v -10.8359 		-1 		23.801
v -10.7002 		-1 		23.6368
v -10.5528 		-1 		23.4852
v -10.391 		-1 		23.3459
v -10.2186 		-1 		23.2188
v -10.0357 		-1 		23.1037
v -9.8423 		-1 		23.0008
v -9.6383 		-1 		22.91
v -9.4237 		-1 		22.8313
v -9.1961 		-1 		22.7647
v -8.9596 		-1 		22.7102
v -8.7143 		-1 		22.6678
v -8.46 		-1 		22.6375
v -8.1969 		-1 		22.6194
v -7.9249 		-1 		22.6133
v -7.3529 		-1 		22.6375
v -6.8291 		-1 		22.7102
v -6.3537 		-1 		22.8313
v -5.9265 		-1 		23.0008
v -5.5477 		-1 		23.2188
v -5.2171 		-1 		23.4852
v -4.9362 		-1 		23.801
v -4.7064 		-1 		24.1673
v -4.5277 		-1 		24.5841
v -4.4 		-1 		25.0513
v -4.3234 		-1 		25.5689
v -9.336 		-1 		26.572
v -9.336 		-1 		25.7072
v -9.3263 		-1 		25.5059
v -9.3263 		-1 		26.775
v -9.3127 		-1 		25.3136
v -9.3127 		-1 		26.9685
v -9.2952 		-1 		25.1305
v -9.2952 		-1 		27.1524
v -9.2738 		-1 		24.9564
v -9.2738 		-1 		27.3267
v -9.2447 		-1 		24.7887
v -9.2477 		-1 		27.4915
v -9.2106 		-1 		24.6305
v -9.2161 		-1 		27.6466
v -9.1714 		-1 		24.4819
v -9.1789 		-1 		27.7922
v -9.1273 		-1 		24.3429
v -9.1362 		-1 		27.9282
v -9.0782 		-1 		24.2135
v -9.0879 		-1 		28.0545
v -9.024 		-1 		24.0936
v -9.034 		-1 		28.1713
v -8.9616 		-1 		23.9834
v -8.9744 		-1 		28.2788
v -8.8941 		-1 		23.8828
v -8.9086 		-1 		28.3772
v -8.8217 		-1 		23.7917
v -8.7443 		-1 		23.7102
v -8.8367 		-1 		28.4665
v -8.7587 		-1 		28.5467
v -8.6618 		-1 		23.6383
v -8.6746 		-1 		28.6179
v -8.5744 		-1 		23.576
v -8.5844 		-1 		28.6799
v -8.4778 		-1 		23.5233
v -8.4878 		-1 		28.7326
v -8.3746 		-1 		23.4801
v -8.3846 		-1 		28.7758
v -8.2647 		-1 		23.4466
v -8.2746 		-1 		28.8093
v -8.1481 		-1 		23.4226
v -8.1581 		-1 		28.8333
v -8.0248 		-1 		23.4082
v -8.0348 		-1 		28.8477
v -7.895 		-1 		23.4034
v -7.9049 		-1 		28.8525
v -7.7651 		-1 		23.4082
v -7.775 		-1 		28.8477
v -7.6418 		-1 		23.4226
v -7.6518 		-1 		28.8333
v -7.5253 		-1 		23.4466
v -7.5352 		-1 		28.8093
v -7.4153 		-1 		23.4801
v -7.3121 		-1 		23.5233
v -7.4253 		-1 		28.7758
v -7.2155 		-1 		23.576
v -7.3221 		-1 		28.7326
v -7.1284 		-1 		23.6383
v -7.2255 		-1 		28.6799
v -7.0468 		-1 		23.7102
v -7.1381 		-1 		28.6179
v -6.9707 		-1 		23.7917
v -7.0556 		-1 		28.5467
v -6.9782 		-1 		28.4665
v -6.9002 		-1 		23.8828
v -6.9058 		-1 		28.3772
v -6.8353 		-1 		23.9834
v -6.8383 		-1 		28.2788
v -6.7759 		-1 		24.0936
v -6.7759 		-1 		28.1713
v -6.719 		-1 		24.2135
v -6.6682 		-1 		24.3429
v -6.7217 		-1 		28.0545
v -6.6235 		-1 		24.4819
v -6.6726 		-1 		27.9282
v -6.5849 		-1 		24.6305
v -6.6285 		-1 		27.7922
v -6.5524 		-1 		24.7887
v -6.5893 		-1 		27.6466
v -6.5261 		-1 		24.9564
v -6.5552 		-1 		27.4915
v -6.5016 		-1 		25.1305
v -6.5261 		-1 		27.3267
v -6.4817 		-1 		25.3136
v -6.5016 		-1 		27.1524
v -6.4661 		-1 		25.5059
v -6.4817 		-1 		26.9685
v -6.455 		-1 		25.7072
v -6.4661 		-1 		26.775
v -6.4483 		-1 		25.9176
v -6.455 		-1 		26.572
v -6.4461 		-1 		26.137
v -6.4483 		-1 		26.3593
v -3.4086 		0 		22.7405
v -3.4086 		0 		23.4125
v -3.2487 		0 		23.4125
v 1.0078 		0 		23.4125
v 1.0078 		0 		22.7405
v -3.4086 		0 		31.6587
v -3.4086 		0 		32.3217
v -0.1512 		0 		32.3217
v -3.1979 		0 		23.4133
v 0.838 		0 		23.4125
v -3.2487 		0 		31.6587
v -3.1455 		0 		23.4155
v 0.7872 		0 		23.4133
v -3.1982 		0 		31.658
v -3.0913 		0 		23.4193
v 0.7347 		0 		23.4155
v -3.1466 		0 		31.6557
v -3.0356 		0 		23.4246
v 0.6806 		0 		23.4193
v -3.0938 		0 		31.6519
v -2.9781 		0 		23.4314
v 0.6248 		0 		23.4246
v -3.04 		0 		31.6466
v -2.919 		0 		23.4398
v 0.5674 		0 		23.4314
v -2.985 		0 		31.6398
v -2.8632 		0 		23.4504
v 0.5082 		0 		23.4398
v -2.929 		0 		31.6315
v -2.8091 		0 		23.464
v 0.4522 		0 		23.4504
v -2.8729 		0 		31.6209
v -2.7566 		0 		23.4806
v 0.3972 		0 		23.464
v -2.818 		0 		31.6073
v -2.7058 		0 		23.5003
v 0.3434 		0 		23.4806
v -2.7641 		0 		31.5906
v -2.6567 		0 		23.523
v 0.2906 		0 		23.5003
v -2.7114 		0 		31.5709
v -2.6092 		0 		23.5487
v 0.239 		0 		23.523
v -2.6598 		0 		31.5482
v -2.5607 		0 		23.5808
v 0.1885 		0 		23.5487
v -2.6092 		0 		31.5225
v -2.5149 		0 		23.6164
v 0.1399 		0 		23.5808
v -2.5607 		0 		31.4932
v -2.4718 		0 		23.6555
v 0.0941 		0 		23.6164
v -2.5149 		0 		31.4599
v -2.4718 		0 		31.4226
v -2.4316 		0 		23.6981
v -2.4316 		0 		31.3812
v -2.3941 		0 		23.7443
v -2.3941 		0 		31.3358
v -2.3594 		0 		23.794
v -2.3594 		0 		31.2864
v -2.3289 		0 		23.8515
v -2.3289 		0 		31.2349
v -2.3039 		0 		23.915
v -2.3039 		0 		31.1774
v -2.2845 		0 		23.9847
v -0.1512 		0 		24.2299
v -2.2706 		0 		24.0603
v -0.1487 		0 		24.1421
v -2.2623 		0 		24.1421
v -2.2845 		0 		31.1138
v -2.2595 		0 		24.2299
v -0.1412 		0 		24.0603
v 0.0511 		0 		23.6555
v -0.1287 		0 		23.9847
v 0.0109 		0 		23.6981
v -0.1113 		0 		23.915
v -0.0266 		0 		23.7443
v -2.2706 		0 		31.0442
v -0.0613 		0 		23.794
v -2.2623 		0 		30.9685
v -0.0888 		0 		23.8515
v -2.2595 		0 		30.8868
v -3.2487 		-1 		23.4125
v -3.4086 		-1 		23.4125
v -3.4086 		-1 		22.7405
v 1.0078 		-1 		22.7405
v 1.0078 		-1 		23.4125
v -0.1512 		-1 		32.3217
v -3.4086 		-1 		32.3217
v -3.4086 		-1 		31.6587
v -3.1979 		-1 		23.4133
v 0.838 		-1 		23.4125
v -3.2487 		-1 		31.6587
v -3.1455 		-1 		23.4155
v 0.7872 		-1 		23.4133
v -3.1982 		-1 		31.658
v -3.0913 		-1 		23.4193
v 0.7347 		-1 		23.4155
v -3.1466 		-1 		31.6557
v -3.0356 		-1 		23.4246
v 0.6806 		-1 		23.4193
v -3.0938 		-1 		31.6519
v -2.9781 		-1 		23.4314
v 0.6248 		-1 		23.4246
v -3.04 		-1 		31.6466
v -2.919 		-1 		23.4398
v 0.5674 		-1 		23.4314
v -2.985 		-1 		31.6398
v -2.8632 		-1 		23.4504
v 0.5082 		-1 		23.4398
v -2.929 		-1 		31.6315
v -2.8091 		-1 		23.464
v 0.4522 		-1 		23.4504
v -2.8729 		-1 		31.6209
v -2.7566 		-1 		23.4806
v 0.3972 		-1 		23.464
v -2.818 		-1 		31.6073
v -2.7058 		-1 		23.5003
v 0.3434 		-1 		23.4806
v -2.7641 		-1 		31.5906
v -2.6567 		-1 		23.523
v 0.2906 		-1 		23.5003
v -2.7114 		-1 		31.5709
v -2.6092 		-1 		23.5487
v 0.239 		-1 		23.523
v -2.6598 		-1 		31.5482
v -2.5607 		-1 		23.5808
v 0.1885 		-1 		23.5487
v -2.6092 		-1 		31.5225
v -2.5149 		-1 		23.6164
v 0.1399 		-1 		23.5808
v -2.5607 		-1 		31.4932
v -2.4718 		-1 		23.6555
v 0.0941 		-1 		23.6164
v -2.5149 		-1 		31.4599
v -2.4718 		-1 		31.4226
v -2.4316 		-1 		23.6981
v -2.4316 		-1 		31.3812
v -2.3941 		-1 		23.7443
v -2.3941 		-1 		31.3358
v -2.3594 		-1 		23.794
v -2.3594 		-1 		31.2864
v -2.3289 		-1 		23.8515
v -2.3289 		-1 		31.2349
v -2.3039 		-1 		23.915
v -2.3039 		-1 		31.1774
v -2.2845 		-1 		23.9847
v -0.1512 		-1 		24.2299
v -2.2706 		-1 		24.0603
v -0.1487 		-1 		24.1421
v -2.2623 		-1 		24.1421
v -2.2845 		-1 		31.1138
v -2.2595 		-1 		24.2299
v -0.1412 		-1 		24.0603
v 0.0511 		-1 		23.6555
v -0.1287 		-1 		23.9847
v 0.0109 		-1 		23.6981
v -0.1113 		-1 		23.915
v -0.0266 		-1 		23.7443
v -2.2706 		-1 		31.0442
v -0.0613 		-1 		23.794
v -2.2623 		-1 		30.9685
v -0.0888 		-1 		23.8515
v -2.2595 		-1 		30.8868
v 2.4492 		0 		31.4637
v 2.4467 		0 		31.5407
v 2.4492 		0 		31.6176
v 2.4691 		0 		31.3204
v 2.4567 		0 		31.3903
v 2.5091 		0 		31.1913
v 2.4866 		0 		31.2541
v 2.5685 		0 		31.0762
v 2.5366 		0 		31.132
v 2.644 		0 		30.9753
v 2.6043 		0 		31.024
v 2.735 		0 		30.8886
v 2.6876 		0 		30.9302
v 2.8411 		0 		30.8156
v 2.7864 		0 		30.8505
v 2.9587 		0 		30.7551
v 2.8985 		0 		30.7839
v 3.0875 		0 		30.7067
v 3.0218 		0 		30.7294
v 3.2271 		0 		30.6703
v 3.1561 		0 		30.687
v 3.3759 		0 		30.6461
v 3.3004 		0 		30.6567
v 3.5336 		0 		30.634
v 3.4536 		0 		30.6386
v 3.6951 		0 		30.634
v 3.6157 		0 		30.6325
v 3.8505 		0 		30.6461
v 3.7734 		0 		30.6386
v 4.0015 		0 		30.6703
v 3.9266 		0 		30.6567
v 4.1442 		0 		30.7067
v 4.0753 		0 		30.687
v 4.2752 		0 		30.7551
v 4.2108 		0 		30.7294
v 4.3973 		0 		30.8156
v 4.3374 		0 		30.7839
v 4.5067 		0 		30.8886
v 4.455 		0 		30.8505
v 4.5999 		0 		30.9753
v 4.555 		0 		30.9302
v 4.6799 		0 		31.0762
v 4.6416 		0 		31.024
v 4.7454 		0 		31.1913
v 4.7148 		0 		31.132
v 4.7898 		0 		31.3204
v 4.7703 		0 		31.2541
v 4.812 		0 		31.4637
v 4.8036 		0 		31.3903
v 4.812 		0 		31.6176
v 4.8147 		0 		31.5407
v 4.7898 		0 		31.7609
v 4.8036 		0 		31.691
v 4.7454 		0 		31.8901
v 4.7703 		0 		31.8273
v 4.6799 		0 		32.0051
v 4.7148 		0 		31.9493
v 4.5999 		0 		32.106
v 4.6416 		0 		32.0573
v 4.5067 		0 		32.1928
v 4.555 		0 		32.1512
v 4.3973 		0 		32.2657
v 4.455 		0 		32.2309
v 4.2752 		0 		32.3262
v 4.3374 		0 		32.2975
v 4.1442 		0 		32.3747
v 4.2108 		0 		32.352
v 4.0015 		0 		32.411
v 4.0753 		0 		32.3944
v 3.8505 		0 		32.4352
v 3.9266 		0 		32.4246
v 3.6951 		0 		32.4473
v 3.7734 		0 		32.4428
v 3.5336 		0 		32.4473
v 3.6157 		0 		32.4488
v 3.3759 		0 		32.4352
v 3.4536 		0 		32.4428
v 3.2271 		0 		32.411
v 3.3004 		0 		32.4246
v 3.0875 		0 		32.3747
v 3.1561 		0 		32.3944
v 2.9587 		0 		32.3262
v 3.0218 		0 		32.352
v 2.8411 		0 		32.2657
v 2.8985 		0 		32.2975
v 2.735 		0 		32.1928
v 2.7864 		0 		32.2309
v 2.644 		0 		32.106
v 2.6876 		0 		32.1512
v 2.5685 		0 		32.0051
v 2.6043 		0 		32.0573
v 2.5091 		0 		31.8901
v 2.5366 		0 		31.9493
v 2.4691 		0 		31.7609
v 2.4866 		0 		31.8273
v 2.4567 		0 		31.691
v 2.4492 		-1 		31.6176
v 2.4467 		-1 		31.5407
v 2.4492 		-1 		31.4637
v 2.4567 		-1 		31.3903
v 2.4691 		-1 		31.3204
v 2.4866 		-1 		31.2541
v 2.5091 		-1 		31.1913
v 2.5366 		-1 		31.132
v 2.5685 		-1 		31.0762
v 2.6043 		-1 		31.024
v 2.644 		-1 		30.9753
v 2.6876 		-1 		30.9302
v 2.735 		-1 		30.8886
v 2.7864 		-1 		30.8505
v 2.8411 		-1 		30.8156
v 2.8985 		-1 		30.7839
v 2.9587 		-1 		30.7551
v 3.0218 		-1 		30.7294
v 3.0875 		-1 		30.7067
v 3.1561 		-1 		30.687
v 3.2271 		-1 		30.6703
v 3.3004 		-1 		30.6567
v 3.3759 		-1 		30.6461
v 3.4536 		-1 		30.6386
v 3.5336 		-1 		30.634
v 3.6157 		-1 		30.6325
v 3.6951 		-1 		30.634
v 3.7734 		-1 		30.6386
v 3.8505 		-1 		30.6461
v 3.9266 		-1 		30.6567
v 4.0015 		-1 		30.6703
v 4.0753 		-1 		30.687
v 4.1442 		-1 		30.7067
v 4.2108 		-1 		30.7294
v 4.2752 		-1 		30.7551
v 4.3374 		-1 		30.7839
v 4.3973 		-1 		30.8156
v 4.455 		-1 		30.8505
v 4.5067 		-1 		30.8886
v 4.555 		-1 		30.9302
v 4.5999 		-1 		30.9753
v 4.6416 		-1 		31.024
v 4.6799 		-1 		31.0762
v 4.7148 		-1 		31.132
v 4.7454 		-1 		31.1913
v 4.7703 		-1 		31.2541
v 4.7898 		-1 		31.3204
v 4.8036 		-1 		31.3903
v 4.812 		-1 		31.4637
v 4.8147 		-1 		31.5407
v 4.812 		-1 		31.6176
v 4.8036 		-1 		31.691
v 4.7898 		-1 		31.7609
v 4.7703 		-1 		31.8273
v 4.7454 		-1 		31.8901
v 4.7148 		-1 		31.9493
v 4.6799 		-1 		32.0051
v 4.6416 		-1 		32.0573
v 4.5999 		-1 		32.106
v 4.555 		-1 		32.1512
v 4.5067 		-1 		32.1928
v 4.455 		-1 		32.2309
v 4.3973 		-1 		32.2657
v 4.3374 		-1 		32.2975
v 4.2752 		-1 		32.3262
v 4.2108 		-1 		32.352
v 4.1442 		-1 		32.3747
v 4.0753 		-1 		32.3944
v 4.0015 		-1 		32.411
v 3.9266 		-1 		32.4246
v 3.8505 		-1 		32.4352
v 3.7734 		-1 		32.4428
v 3.6951 		-1 		32.4473
v 3.6157 		-1 		32.4488
v 3.5336 		-1 		32.4473
v 3.4536 		-1 		32.4428
v 3.3759 		-1 		32.4352
v 3.3004 		-1 		32.4246
v 3.2271 		-1 		32.411
v 3.1561 		-1 		32.3944
v 3.0875 		-1 		32.3747
v 3.0218 		-1 		32.352
v 2.9587 		-1 		32.3262
v 2.8985 		-1 		32.2975
v 2.8411 		-1 		32.2657
v 2.7864 		-1 		32.2309
v 2.735 		-1 		32.1928
v 2.6876 		-1 		32.1512
v 2.644 		-1 		32.106
v 2.6043 		-1 		32.0573
v 2.5685 		-1 		32.0051
v 2.5366 		-1 		31.9493
v 2.5091 		-1 		31.8901
v 2.4866 		-1 		31.8273
v 2.4691 		-1 		31.7609
v 2.4567 		-1 		31.691
v 1.4874 		0 		22.7405
v 1.4874 		0 		23.4125
v 1.6473 		0 		23.4125
v 5.9039 		0 		23.4125
v 5.9039 		0 		22.7405
v 1.4874 		0 		28.8252
v 1.4874 		0 		29.4973
v 4.7448 		0 		29.4973
v 1.6981 		0 		23.4133
v 5.734 		0 		23.4125
v 1.6473 		0 		28.8252
v 1.7506 		0 		23.4155
v 5.6832 		0 		23.4133
v 1.6978 		0 		28.8245
v 1.8047 		0 		23.4193
v 5.6307 		0 		23.4155
v 1.7495 		0 		28.8222
v 1.8605 		0 		23.4246
v 5.5766 		0 		23.4193
v 1.8022 		0 		28.8184
v 1.9179 		0 		23.4314
v 5.5208 		0 		23.4246
v 1.856 		0 		28.8131
v 1.977 		0 		23.4398
v 5.4634 		0 		23.4314
v 1.911 		0 		28.8063
v 2.0328 		0 		23.4504
v 5.4043 		0 		23.4398
v 1.9671 		0 		28.798
v 2.087 		0 		23.464
v 5.3482 		0 		23.4504
v 2.0231 		0 		28.7874
v 2.1394 		0 		23.4806
v 5.2932 		0 		23.464
v 2.0781 		0 		28.7738
v 2.1902 		0 		23.5003
v 5.2394 		0 		23.4806
v 2.1319 		0 		28.7571
v 2.2393 		0 		23.523
v 5.1867 		0 		23.5003
v 2.1847 		0 		28.7374
v 2.2868 		0 		23.5487
v 5.135 		0 		23.523
v 2.2363 		0 		28.7147
v 2.3354 		0 		23.5808
v 5.0845 		0 		23.5487
v 2.2868 		0 		28.689
v 2.3812 		0 		23.6164
v 5.036 		0 		23.5808
v 2.3354 		0 		28.6597
v 2.4242 		0 		23.6555
v 4.9902 		0 		23.6164
v 2.3812 		0 		28.6264
v 2.4242 		0 		28.5891
v 2.4644 		0 		23.6981
v 2.4644 		0 		28.5477
v 2.5019 		0 		23.7443
v 2.5019 		0 		28.5023
v 2.5366 		0 		23.794
v 2.5366 		0 		28.4529
v 2.5671 		0 		23.8515
v 2.5671 		0 		28.4014
v 2.5921 		0 		23.915
v 4.7448 		0 		24.2299
v 2.6115 		0 		23.9847
v 4.7473 		0 		24.1421
v 2.6254 		0 		24.0603
v 4.7548 		0 		24.0603
v 2.6337 		0 		24.1421
v 4.7673 		0 		23.9847
v 2.6365 		0 		24.2299
v 4.7848 		0 		23.915
v 4.9471 		0 		23.6555
v 4.8073 		0 		23.8515
v 4.9069 		0 		23.6981
v 4.8347 		0 		23.794
v 4.8694 		0 		23.7443
v 2.5921 		0 		28.3439
v 2.6115 		0 		28.2803
v 2.6365 		0 		28.0533
v 2.6254 		0 		28.2107
v 2.6337 		0 		28.135
v 1.6473 		-1 		23.4125
v 1.4874 		-1 		23.4125
v 1.4874 		-1 		22.7405
v 5.9039 		-1 		22.7405
v 5.9039 		-1 		23.4125
v 4.7448 		-1 		29.4973
v 1.4874 		-1 		29.4973
v 1.4874 		-1 		28.8252
v 1.6981 		-1 		23.4133
v 5.734 		-1 		23.4125
v 1.6473 		-1 		28.8252
v 1.7506 		-1 		23.4155
v 5.6832 		-1 		23.4133
v 1.6978 		-1 		28.8245
v 1.8047 		-1 		23.4193
v 5.6307 		-1 		23.4155
v 1.7495 		-1 		28.8222
v 1.8605 		-1 		23.4246
v 5.5766 		-1 		23.4193
v 1.8022 		-1 		28.8184
v 1.9179 		-1 		23.4314
v 5.5208 		-1 		23.4246
v 1.856 		-1 		28.8131
v 1.977 		-1 		23.4398
v 5.4634 		-1 		23.4314
v 1.911 		-1 		28.8063
v 2.0328 		-1 		23.4504
v 5.4043 		-1 		23.4398
v 1.9671 		-1 		28.798
v 2.087 		-1 		23.464
v 5.3482 		-1 		23.4504
v 2.0231 		-1 		28.7874
v 2.1394 		-1 		23.4806
v 5.2932 		-1 		23.464
v 2.0781 		-1 		28.7738
v 2.1902 		-1 		23.5003
v 5.2394 		-1 		23.4806
v 2.1319 		-1 		28.7571
v 2.2393 		-1 		23.523
v 5.1867 		-1 		23.5003
v 2.1847 		-1 		28.7374
v 2.2868 		-1 		23.5487
v 5.135 		-1 		23.523
v 2.2363 		-1 		28.7147
v 2.3354 		-1 		23.5808
v 5.0845 		-1 		23.5487
v 2.2868 		-1 		28.689
v 2.3812 		-1 		23.6164
v 5.036 		-1 		23.5808
v 2.3354 		-1 		28.6597
v 2.4242 		-1 		23.6555
v 4.9902 		-1 		23.6164
v 2.3812 		-1 		28.6264
v 2.4242 		-1 		28.5891
v 2.4644 		-1 		23.6981
v 2.4644 		-1 		28.5477
v 2.5019 		-1 		23.7443
v 2.5019 		-1 		28.5023
v 2.5366 		-1 		23.794
v 2.5366 		-1 		28.4529
v 2.5671 		-1 		23.8515
v 2.5671 		-1 		28.4014
v 2.5921 		-1 		23.915
v 4.7448 		-1 		24.2299
v 2.6115 		-1 		23.9847
v 4.7473 		-1 		24.1421
v 2.6254 		-1 		24.0603
v 4.7548 		-1 		24.0603
v 2.6337 		-1 		24.1421
v 4.7673 		-1 		23.9847
v 2.6365 		-1 		24.2299
v 4.7848 		-1 		23.915
v 4.9471 		-1 		23.6555
v 4.8073 		-1 		23.8515
v 4.9069 		-1 		23.6981
v 4.8347 		-1 		23.794
v 4.8694 		-1 		23.7443
v 2.5921 		-1 		28.3439
v 2.6115 		-1 		28.2803
v 2.6365 		-1 		28.0533
v 2.6254 		-1 		28.2107
v 2.6337 		-1 		28.135
v 10.4613 		0 		22.6169
v 10.2304 		0 		22.6133
v 9.9778 		0 		22.6181
v 10.8898 		0 		22.6451
v 10.6811 		0 		22.6275
v 11.274 		0 		22.7016
v 11.0874 		0 		22.6698
v 11.6112 		0 		22.7821
v 11.4494 		0 		22.7405
v 11.9065 		0 		22.879
v 11.7636 		0 		22.8283
v 12.1641 		0 		22.994
v 12.04 		0 		22.9342
v 12.3839 		0 		23.1264
v 12.2787 		0 		23.0583
v 12.566 		0 		23.2718
v 12.4796 		0 		23.1976
v 12.7103 		0 		23.4292
v 12.6428 		0 		23.3489
v 12.8171 		0 		23.5939
v 12.7683 		0 		23.5124
v 12.8882 		0 		23.7554
v 12.8571 		0 		23.6749
v 12.9237 		0 		23.9148
v 12.9104 		0 		23.8353
v 12.9257 		0 		24.051
v 12.9282 		0 		23.9937
v 12.9057 		0 		24.164
v 12.9182 		0 		24.1078
v 12.8657 		0 		24.275
v 12.8882 		0 		24.2198
v 12.8091 		0 		24.3795
v 12.8382 		0 		24.3298
v 12.7358 		0 		24.4683
v 12.775 		0 		24.4256
v 12.6426 		0 		24.5429
v 12.6917 		0 		24.5074
v 12.5465 		0 		24.5033
v 12.5884 		0 		24.575
v 11.3242 		0 		27.2657
v 11.1496 		0 		27.2632
v 11.1482 		0 		27.3686
v 11.6417 		0 		27.2859
v 11.4882 		0 		27.2733
v 11.917 		0 		27.3262
v 11.7846 		0 		27.3035
v 12.1513 		0 		27.3858
v 12.0389 		0 		27.354
v 12.3511 		0 		27.4584
v 12.2554 		0 		27.4206
v 12.5177 		0 		27.5432
v 12.4386 		0 		27.4993
v 12.6517 		0 		27.6401
v 12.5884 		0 		27.5901
v 12.7583 		0 		27.749
v 12.7083 		0 		27.693
v 12.8382 		0 		27.8701
v 12.8016 		0 		27.8081
v 12.8926 		0 		27.9993
v 12.8682 		0 		27.9352
v 12.9282 		0 		28.1305
v 12.9126 		0 		28.0644
v 12.9459 		0 		28.2657
v 12.9393 		0 		28.1976
v 12.9432 		0 		28.4249
v 12.9482 		0 		28.3348
v 12.9032 		0 		28.6005
v 12.9282 		0 		28.5134
v 12.8233 		0 		28.77
v 12.8682 		0 		28.686
v 12.7036 		0 		28.9322
v 12.7683 		0 		28.8525
v 12.546 		0 		29.0795
v 12.6295 		0 		29.0079
v 12.3506 		0 		29.2107
v 12.453 		0 		29.1471
v 12.1177 		0 		29.3285
v 12.2387 		0 		29.2702
v 11.849 		0 		29.4314
v 11.9878 		0 		29.3822
v 11.5448 		0 		29.5162
v 11.7014 		0 		29.4761
v 11.2021 		0 		29.5851
v 11.3794 		0 		29.5518
v 10.8224 		0 		29.6335
v 11.0164 		0 		29.6123
v 10.4094 		0 		29.6577
v 10.62 		0 		29.6486
v 9.9534 		0 		29.6557
v 10.1904 		0 		29.6608
v 9.4959 		0 		29.6153
v 9.7219 		0 		29.6406
v 9.0607 		0 		29.5346
v 9.2756 		0 		29.58
v 8.6466 		0 		29.4148
v 8.8515 		0 		29.4791
v 8.2669 		0 		29.2453
v 8.4518 		0 		29.3368
v 7.9272 		0 		29.0212
v 8.0921 		0 		29.1401
v 7.6247 		0 		28.745
v 7.7723 		0 		28.8888
v 7.3627 		0 		28.412
v 7.4881 		0 		28.5861
v 7.1451 		0 		28.0185
v 7.2483 		0 		28.2228
v 6.9735 		0 		27.5598
v 7.0529 		0 		27.799
v 6.8581 		0 		27.027
v 6.9086 		0 		27.3025
v 6.8004 		0 		26.4216
v 6.822 		0 		26.7334
v 6.8001 		0 		25.7763
v 6.7931 		0 		26.0916
v 6.8556 		0 		25.1971
v 6.8209 		0 		25.4781
v 6.9666 		0 		24.6865
v 6.9042 		0 		24.9332
v 7.1318 		0 		24.2427
v 7.0429 		0 		24.4569
v 7.3427 		0 		23.8553
v 7.2317 		0 		24.0422
v 7.598 		0 		23.5223
v 7.4648 		0 		23.6819
v 7.9003 		0 		23.2463
v 7.7424 		0 		23.3762
v 8.2445 		0 		23.0243
v 8.0677 		0 		23.129
v 8.6264 		0 		22.8527
v 8.4307 		0 		22.9322
v 9.0452 		0 		22.7332
v 8.8315 		0 		22.7859
v 9.4959 		0 		22.6565
v 9.2667 		0 		22.69
v 9.733 		0 		22.6325
v 12.5007 		0 		24.4337
v 11.1441 		0 		27.4731
v 12.4511 		0 		24.3661
v 11.1371 		0 		27.5765
v 12.3975 		0 		24.3005
v 11.1274 		0 		27.6789
v 12.34 		0 		24.2369
v 11.1149 		0 		27.7803
v 11.0996 		0 		27.8807
v 12.2787 		0 		24.1754
v 11.0844 		0 		27.9784
v 12.2104 		0 		24.1133
v 11.0652 		0 		28.0714
v 12.1388 		0 		24.0543
v 11.0422 		0 		28.16
v 12.0639 		0 		23.9983
v 11.9856 		0 		23.9453
v 11.0153 		0 		28.244
v 11.904 		0 		23.8954
v 10.9845 		0 		28.3235
v 11.8191 		0 		23.8484
v 10.9498 		0 		28.3984
v 11.7339 		0 		23.802
v 10.9145 		0 		28.4688
v 11.6448 		0 		23.7596
v 10.8754 		0 		28.5346
v 11.5518 		0 		23.7213
v 10.8324 		0 		28.5959
v 11.4549 		0 		23.687
v 10.7855 		0 		28.6527
v 11.3542 		0 		23.6567
v 10.7347 		0 		28.7049
v 11.2495 		0 		23.6305
v 10.68 		0 		28.7526
v 11.1449 		0 		23.6083
v 10.6206 		0 		28.7942
v 11.0375 		0 		23.5901
v 10.5556 		0 		28.8283
v 10.9273 		0 		23.576
v 10.4851 		0 		28.8547
v 10.8143 		0 		23.5659
v 10.4091 		0 		28.8737
v 10.6986 		0 		23.5598
v 10.3275 		0 		28.885
v 10.5801 		0 		23.5578
v 10.2403 		0 		28.8888
v 10.3006 		0 		23.5752
v 10.1421 		0 		28.885
v 10.0483 		0 		23.6275
v 10.0472 		0 		28.8737
v 9.8232 		0 		23.7145
v 9.9556 		0 		28.8547
v 9.6253 		0 		23.8363
v 9.8673 		0 		28.8283
v 9.4546 		0 		23.993
v 9.7824 		0 		28.7942
v 9.3111 		0 		24.1845
v 9.7008 		0 		28.7526
v 9.6197 		0 		28.7021
v 9.1951 		0 		24.4143
v 9.5431 		0 		28.6416
v 9.1002 		0 		24.6799
v 9.471 		0 		28.5709
v 9.0263 		0 		24.9814
v 9.4032 		0 		28.4902
v 8.9736 		0 		25.3187
v 9.34 		0 		28.3994
v 8.942 		0 		25.6918
v 9.2811 		0 		28.2985
v 8.9314 		0 		26.1007
v 8.9339 		0 		26.3626
v 9.2267 		0 		28.1865
v 8.9414 		0 		26.6093
v 9.1768 		0 		28.0624
v 8.9539 		0 		26.8409
v 9.1312 		0 		27.9261
v 8.9714 		0 		27.0573
v 9.0902 		0 		27.7778
v 8.9939 		0 		27.2586
v 9.0535 		0 		27.6174
v 9.0213 		0 		27.4448
v 9.9778 		-1 		22.6181
v 10.2304 		-1 		22.6133
v 10.4613 		-1 		22.6169
v 10.6811 		-1 		22.6275
v 10.8898 		-1 		22.6451
v 11.0874 		-1 		22.6698
v 11.274 		-1 		22.7016
v 11.4494 		-1 		22.7405
v 11.6112 		-1 		22.7821
v 11.7636 		-1 		22.8283
v 11.9065 		-1 		22.879
v 12.04 		-1 		22.9342
v 12.1641 		-1 		22.994
v 12.2787 		-1 		23.0583
v 12.3839 		-1 		23.1264
v 12.4796 		-1 		23.1976
v 12.566 		-1 		23.2718
v 12.6428 		-1 		23.3489
v 12.7103 		-1 		23.4292
v 12.7683 		-1 		23.5124
v 12.8171 		-1 		23.5939
v 12.8571 		-1 		23.6749
v 12.8882 		-1 		23.7554
v 12.9104 		-1 		23.8353
v 12.9237 		-1 		23.9148
v 12.9282 		-1 		23.9937
v 12.9257 		-1 		24.051
v 12.9182 		-1 		24.1078
v 12.9057 		-1 		24.164
v 12.8882 		-1 		24.2198
v 12.8657 		-1 		24.275
v 12.8382 		-1 		24.3298
v 12.8091 		-1 		24.3795
v 12.775 		-1 		24.4256
v 12.7358 		-1 		24.4683
v 12.6917 		-1 		24.5074
v 12.6426 		-1 		24.5429
v 12.5884 		-1 		24.575
v 12.5465 		-1 		24.5033
v 11.1482 		-1 		27.3686
v 11.1496 		-1 		27.2632
v 11.3242 		-1 		27.2657
v 11.4882 		-1 		27.2733
v 11.6417 		-1 		27.2859
v 11.7846 		-1 		27.3035
v 11.917 		-1 		27.3262
v 12.0389 		-1 		27.354
v 12.1513 		-1 		27.3858
v 12.2554 		-1 		27.4206
v 12.3511 		-1 		27.4584
v 12.4386 		-1 		27.4993
v 12.5177 		-1 		27.5432
v 12.5884 		-1 		27.5901
v 12.6517 		-1 		27.6401
v 12.7083 		-1 		27.693
v 12.7583 		-1 		27.749
v 12.8016 		-1 		27.8081
v 12.8382 		-1 		27.8701
v 12.8682 		-1 		27.9352
v 12.8926 		-1 		27.9993
v 12.9126 		-1 		28.0644
v 12.9282 		-1 		28.1305
v 12.9393 		-1 		28.1976
v 12.9459 		-1 		28.2657
v 12.9482 		-1 		28.3348
v 12.9432 		-1 		28.4249
v 12.9282 		-1 		28.5134
v 12.9032 		-1 		28.6005
v 12.8682 		-1 		28.686
v 12.8233 		-1 		28.77
v 12.7683 		-1 		28.8525
v 12.7036 		-1 		28.9322
v 12.6295 		-1 		29.0079
v 12.546 		-1 		29.0795
v 12.453 		-1 		29.1471
v 12.3506 		-1 		29.2107
v 12.2387 		-1 		29.2702
v 12.1177 		-1 		29.3285
v 11.9878 		-1 		29.3822
v 11.849 		-1 		29.4314
v 11.7014 		-1 		29.4761
v 11.5448 		-1 		29.5162
v 11.3794 		-1 		29.5518
v 11.2021 		-1 		29.5851
v 11.0164 		-1 		29.6123
v 10.8224 		-1 		29.6335
v 10.62 		-1 		29.6486
v 10.4094 		-1 		29.6577
v 10.1904 		-1 		29.6608
v 9.9534 		-1 		29.6557
v 9.7219 		-1 		29.6406
v 9.4959 		-1 		29.6153
v 9.2756 		-1 		29.58
v 9.0607 		-1 		29.5346
v 8.8515 		-1 		29.4791
v 8.6466 		-1 		29.4148
v 8.4518 		-1 		29.3368
v 8.2669 		-1 		29.2453
v 8.0921 		-1 		29.1401
v 7.9272 		-1 		29.0212
v 7.7723 		-1 		28.8888
v 7.6247 		-1 		28.745
v 7.4881 		-1 		28.5861
v 7.3627 		-1 		28.412
v 7.2483 		-1 		28.2228
v 7.1451 		-1 		28.0185
v 7.0529 		-1 		27.799
v 6.9735 		-1 		27.5598
v 6.9086 		-1 		27.3025
v 6.8581 		-1 		27.027
v 6.822 		-1 		26.7334
v 6.8004 		-1 		26.4216
v 6.7931 		-1 		26.0916
v 6.8001 		-1 		25.7763
v 6.8209 		-1 		25.4781
v 6.8556 		-1 		25.1971
v 6.9042 		-1 		24.9332
v 6.9666 		-1 		24.6865
v 7.0429 		-1 		24.4569
v 7.1318 		-1 		24.2427
v 7.2317 		-1 		24.0422
v 7.3427 		-1 		23.8553
v 7.4648 		-1 		23.6819
v 7.598 		-1 		23.5223
v 7.7424 		-1 		23.3762
v 7.9003 		-1 		23.2463
v 8.0677 		-1 		23.129
v 8.2445 		-1 		23.0243
v 8.4307 		-1 		22.9322
v 8.6264 		-1 		22.8527
v 8.8315 		-1 		22.7859
v 9.0452 		-1 		22.7332
v 9.2667 		-1 		22.69
v 9.4959 		-1 		22.6565
v 9.733 		-1 		22.6325
v 12.5007 		-1 		24.4337
v 11.1441 		-1 		27.4731
v 12.4511 		-1 		24.3661
v 11.1371 		-1 		27.5765
v 12.3975 		-1 		24.3005
v 11.1274 		-1 		27.6789
v 12.34 		-1 		24.2369
v 11.1149 		-1 		27.7803
v 11.0996 		-1 		27.8807
v 12.2787 		-1 		24.1754
v 11.0844 		-1 		27.9784
v 12.2104 		-1 		24.1133
v 11.0652 		-1 		28.0714
v 12.1388 		-1 		24.0543
v 11.0422 		-1 		28.16
v 12.0639 		-1 		23.9983
v 11.9856 		-1 		23.9453
v 11.0153 		-1 		28.244
v 11.904 		-1 		23.8954
v 10.9845 		-1 		28.3235
v 11.8191 		-1 		23.8484
v 10.9498 		-1 		28.3984
v 11.7339 		-1 		23.802
v 10.9145 		-1 		28.4688
v 11.6448 		-1 		23.7596
v 10.8754 		-1 		28.5346
v 11.5518 		-1 		23.7213
v 10.8324 		-1 		28.5959
v 11.4549 		-1 		23.687
v 10.7855 		-1 		28.6527
v 11.3542 		-1 		23.6567
v 10.7347 		-1 		28.7049
v 11.2495 		-1 		23.6305
v 10.68 		-1 		28.7526
v 11.1449 		-1 		23.6083
v 10.6206 		-1 		28.7942
v 11.0375 		-1 		23.5901
v 10.5556 		-1 		28.8283
v 10.9273 		-1 		23.576
v 10.4851 		-1 		28.8547
v 10.8143 		-1 		23.5659
v 10.4091 		-1 		28.8737
v 10.6986 		-1 		23.5598
v 10.3275 		-1 		28.885
v 10.5801 		-1 		23.5578
v 10.2403 		-1 		28.8888
v 10.3006 		-1 		23.5752
v 10.1421 		-1 		28.885
v 10.0483 		-1 		23.6275
v 10.0472 		-1 		28.8737
v 9.8232 		-1 		23.7145
v 9.9556 		-1 		28.8547
v 9.6253 		-1 		23.8363
v 9.8673 		-1 		28.8283
v 9.4546 		-1 		23.993
v 9.7824 		-1 		28.7942
v 9.3111 		-1 		24.1845
v 9.7008 		-1 		28.7526
v 9.6197 		-1 		28.7021
v 9.1951 		-1 		24.4143
v 9.5431 		-1 		28.6416
v 9.1002 		-1 		24.6799
v 9.471 		-1 		28.5709
v 9.0263 		-1 		24.9814
v 9.4032 		-1 		28.4902
v 8.9736 		-1 		25.3187
v 9.34 		-1 		28.3994
v 8.942 		-1 		25.6918
v 9.2811 		-1 		28.2985
v 8.9314 		-1 		26.1007
v 8.9339 		-1 		26.3626
v 9.2267 		-1 		28.1865
v 8.9414 		-1 		26.6093
v 9.1768 		-1 		28.0624
v 8.9539 		-1 		26.8409
v 9.1312 		-1 		27.9261
v 8.9714 		-1 		27.0573
v 9.0902 		-1 		27.7778
v 8.9939 		-1 		27.2586
v 9.0535 		-1 		27.6174
v 9.0213 		-1 		27.4448
v 18.145 		0 		22.6264
v 17.9252 		0 		22.6166
v 17.6943 		0 		22.6133
v 18.5514 		0 		22.6658
v 18.3538 		0 		22.6428
v 18.9133 		0 		22.7314
v 18.7379 		0 		22.6953
v 19.2342 		0 		22.8071
v 19.0785 		0 		22.767
v 19.5173 		0 		22.9009
v 19.3804 		0 		22.8517
v 19.7626 		0 		23.0129
v 19.6447 		0 		22.9546
v 19.9691 		0 		23.1451
v 19.8709 		0 		23.0778
v 20.1357 		0 		23.2874
v 20.0574 		0 		23.215
v 20.2622 		0 		23.4398
v 20.2039 		0 		23.3623
v 20.3566 		0 		23.6063
v 20.3141 		0 		23.5223
v 20.4132 		0 		23.7788
v 20.3896 		0 		23.6918
v 20.4321 		0 		23.9574
v 20.4274 		0 		23.8674
v 20.3899 		0 		24.2198
v 20.4215 		0 		24.0957
v 20.2633 		0 		24.4256
v 20.3372 		0 		24.3298
v 20.0524 		0 		24.575
v 20.1684 		0 		24.5074
v 20.7918 		0 		26.6184
v 20.7918 		0 		25.9736
v 16.2555 		0 		25.9736
v 20.7663 		0 		27.0957
v 20.7854 		0 		26.8618
v 20.6896 		0 		27.5346
v 20.7343 		0 		27.3199
v 20.562 		0 		27.9352
v 20.6322 		0 		27.7397
v 20.3932 		0 		28.2904
v 20.4832 		0 		28.1179
v 20.1801 		0 		28.6053
v 20.2922 		0 		28.4529
v 19.9225 		0 		28.8797
v 20.0568 		0 		28.7475
v 19.6216 		0 		29.1128
v 19.7773 		0 		29.0016
v 19.2786 		0 		29.3035
v 19.4554 		0 		29.2135
v 18.8933 		0 		29.4519
v 19.0912 		0 		29.383
v 18.477 		0 		29.5629
v 18.6893 		0 		29.5129
v 18.0274 		0 		29.6295
v 18.2563 		0 		29.6017
v 17.5444 		0 		29.6517
v 17.7901 		0 		29.6461
v 17.0182 		0 		29.6264
v 17.2763 		0 		29.6454
v 16.5319 		0 		29.5508
v 16.77 		0 		29.5949
v 16.0856 		0 		29.4246
v 16.3038 		0 		29.494
v 15.6815 		0 		29.249
v 15.878 		0 		29.3429
v 15.3218 		0 		29.025
v 15.4961 		0 		29.1431
v 15.0065 		0 		28.7526
v 15.1586 		0 		28.8949
v 14.7367 		0 		28.4256
v 14.8658 		0 		28.5952
v 14.5135 		0 		28.0503
v 14.6193 		0 		28.244
v 14.337 		0 		27.6264
v 14.4195 		0 		27.8444
v 14.2094 		0 		27.1552
v 14.2668 		0 		27.3966
v 14.1327 		0 		26.6375
v 14.1647 		0 		26.9022
v 16.2949 		0 		27.1017
v 16.2854 		0 		26.7818
v 18.6735 		0 		26.7818
v 14.1072 		0 		26.0735
v 14.1136 		0 		26.3613
v 14.1327 		0 		25.5427
v 14.1136 		0 		25.803
v 14.2094 		0 		25.0523
v 14.1647 		0 		25.2924
v 14.337 		0 		24.6022
v 14.2668 		0 		24.8222
v 14.5147 		0 		24.1996
v 14.4197 		0 		24.3956
v 14.7411 		0 		23.8394
v 14.6218 		0 		24.0142
v 15.0165 		0 		23.5215
v 14.8727 		0 		23.6751
v 15.3418 		0 		23.248
v 15.1727 		0 		23.379
v 15.7181 		0 		23.021
v 15.5236 		0 		23.1287
v 16.1456 		0 		22.8404
v 15.9255 		0 		22.9249
v 16.6152 		0 		22.7142
v 16.3745 		0 		22.771
v 17.1314 		0 		22.6386
v 16.8675 		0 		22.6701
v 17.407 		0 		22.6196
v 20.0105 		0 		24.5033
v 16.3232 		0 		27.3954
v 19.9647 		0 		24.4337
v 16.3704 		0 		27.6628
v 19.915 		0 		24.3661
v 16.4364 		0 		27.9039
v 19.8614 		0 		24.3005
v 16.5214 		0 		28.1189
v 19.804 		0 		24.2369
v 16.6252 		0 		28.3076
v 19.7426 		0 		24.1754
v 16.7484 		0 		28.4685
v 19.6807 		0 		24.1133
v 16.885 		0 		28.6002
v 19.615 		0 		24.0543
v 17.0348 		0 		28.7026
v 19.5453 		0 		23.9983
v 17.198 		0 		28.7758
v 19.4717 		0 		23.9453
v 19.3943 		0 		23.8954
v 17.3746 		0 		28.8197
v 19.313 		0 		23.8484
v 17.5644 		0 		28.8343
v 19.2281 		0 		23.802
v 17.6618 		0 		28.8303
v 19.1398 		0 		23.7596
v 17.7543 		0 		28.8182
v 19.0482 		0 		23.7213
v 17.8417 		0 		28.798
v 18.9533 		0 		23.687
v 17.9241 		0 		28.7697
v 18.855 		0 		23.6567
v 18.0016 		0 		28.7334
v 18.7534 		0 		23.6305
v 18.6519 		0 		23.6083
v 18.074 		0 		28.689
v 18.1417 		0 		28.6373
v 18.5469 		0 		23.5901
v 18.205 		0 		28.579
v 18.4387 		0 		23.576
v 18.2638 		0 		28.5142
v 18.3271 		0 		23.5659
v 18.3182 		0 		28.4428
v 18.2122 		0 		23.5598
v 18.3682 		0 		28.3648
v 18.094 		0 		23.5578
v 18.4137 		0 		28.2803
v 17.9505 		0 		23.5616
v 18.4551 		0 		28.1893
v 17.8131 		0 		23.573
v 18.4925 		0 		28.0916
v 17.6818 		0 		23.5919
v 18.5261 		0 		27.9874
v 17.5566 		0 		23.6184
v 18.5558 		0 		27.8767
v 17.4376 		0 		23.6524
v 18.5816 		0 		27.7594
v 17.3246 		0 		23.6941
v 18.6036 		0 		27.6355
v 17.2141 		0 		23.7465
v 18.6249 		0 		27.5059
v 17.1092 		0 		23.8071
v 18.6424 		0 		27.3711
v 17.0099 		0 		23.8757
v 18.656 		0 		27.2314
v 18.6657 		0 		27.0866
v 16.916 		0 		23.9524
v 18.6716 		0 		26.9367
v 16.8278 		0 		24.0371
v 16.7451 		0 		24.13
v 16.6712 		0 		24.2342
v 16.603 		0 		24.3469
v 16.2591 		0 		25.7667
v 16.5402 		0 		24.4683
v 16.2699 		0 		25.5699
v 16.4831 		0 		24.5982
v 16.2879 		0 		25.3833
v 16.4314 		0 		24.7367
v 16.3132 		0 		25.2067
v 16.3854 		0 		24.8838
v 16.3457 		0 		25.0402
v 17.6943 		-1 		22.6133
v 17.9252 		-1 		22.6166
v 18.145 		-1 		22.6264
v 18.3538 		-1 		22.6428
v 18.5514 		-1 		22.6658
v 18.7379 		-1 		22.6953
v 18.9133 		-1 		22.7314
v 19.0785 		-1 		22.767
v 19.2342 		-1 		22.8071
v 19.3804 		-1 		22.8517
v 19.5173 		-1 		22.9009
v 19.6447 		-1 		22.9546
v 19.7626 		-1 		23.0129
v 19.8709 		-1 		23.0778
v 19.9691 		-1 		23.1451
v 20.0574 		-1 		23.215
v 20.1357 		-1 		23.2874
v 20.2039 		-1 		23.3623
v 20.2622 		-1 		23.4398
v 20.3141 		-1 		23.5223
v 20.3566 		-1 		23.6063
v 20.3896 		-1 		23.6918
v 20.4132 		-1 		23.7788
v 20.4274 		-1 		23.8674
v 20.4321 		-1 		23.9574
v 20.4215 		-1 		24.0957
v 20.3899 		-1 		24.2198
v 20.3372 		-1 		24.3298
v 20.2633 		-1 		24.4256
v 20.1684 		-1 		24.5074
v 20.0524 		-1 		24.575
v 16.2555 		-1 		25.9736
v 20.7918 		-1 		25.9736
v 20.7918 		-1 		26.6184
v 20.7854 		-1 		26.8618
v 20.7663 		-1 		27.0957
v 20.7343 		-1 		27.3199
v 20.6896 		-1 		27.5346
v 20.6322 		-1 		27.7397
v 20.562 		-1 		27.9352
v 20.4832 		-1 		28.1179
v 20.3932 		-1 		28.2904
v 20.2922 		-1 		28.4529
v 20.1801 		-1 		28.6053
v 20.0568 		-1 		28.7475
v 19.9225 		-1 		28.8797
v 19.7773 		-1 		29.0016
v 19.6216 		-1 		29.1128
v 19.4554 		-1 		29.2135
v 19.2786 		-1 		29.3035
v 19.0912 		-1 		29.383
v 18.8933 		-1 		29.4519
v 18.6893 		-1 		29.5129
v 18.477 		-1 		29.5629
v 18.2563 		-1 		29.6017
v 18.0274 		-1 		29.6295
v 17.7901 		-1 		29.6461
v 17.5444 		-1 		29.6517
v 17.2763 		-1 		29.6454
v 17.0182 		-1 		29.6264
v 16.77 		-1 		29.5949
v 16.5319 		-1 		29.5508
v 16.3038 		-1 		29.494
v 16.0856 		-1 		29.4246
v 15.878 		-1 		29.3429
v 15.6815 		-1 		29.249
v 15.4961 		-1 		29.1431
v 15.3218 		-1 		29.025
v 15.1586 		-1 		28.8949
v 15.0065 		-1 		28.7526
v 14.8658 		-1 		28.5952
v 14.7367 		-1 		28.4256
v 14.6193 		-1 		28.244
v 14.5135 		-1 		28.0503
v 14.4195 		-1 		27.8444
v 14.337 		-1 		27.6264
v 14.2668 		-1 		27.3966
v 14.2094 		-1 		27.1552
v 14.1647 		-1 		26.9022
v 14.1327 		-1 		26.6375
v 16.2854 		-1 		26.7818
v 16.2949 		-1 		27.1017
v 18.6735 		-1 		26.7818
v 14.1136 		-1 		26.3613
v 14.1072 		-1 		26.0735
v 14.1136 		-1 		25.803
v 14.1327 		-1 		25.5427
v 14.1647 		-1 		25.2924
v 14.2094 		-1 		25.0523
v 14.2668 		-1 		24.8222
v 14.337 		-1 		24.6022
v 14.4197 		-1 		24.3956
v 14.5147 		-1 		24.1996
v 14.6218 		-1 		24.0142
v 14.7411 		-1 		23.8394
v 14.8727 		-1 		23.6751
v 15.0165 		-1 		23.5215
v 15.1727 		-1 		23.379
v 15.3418 		-1 		23.248
v 15.5236 		-1 		23.1287
v 15.7181 		-1 		23.021
v 15.9255 		-1 		22.9249
v 16.1456 		-1 		22.8404
v 16.3745 		-1 		22.771
v 16.6152 		-1 		22.7142
v 16.8675 		-1 		22.6701
v 17.1314 		-1 		22.6386
v 17.407 		-1 		22.6196
v 20.0105 		-1 		24.5033
v 16.3232 		-1 		27.3954
v 19.9647 		-1 		24.4337
v 16.3704 		-1 		27.6628
v 19.915 		-1 		24.3661
v 16.4364 		-1 		27.9039
v 19.8614 		-1 		24.3005
v 16.5214 		-1 		28.1189
v 19.804 		-1 		24.2369
v 16.6252 		-1 		28.3076
v 19.7426 		-1 		24.1754
v 16.7484 		-1 		28.4685
v 19.6807 		-1 		24.1133
v 16.885 		-1 		28.6002
v 19.615 		-1 		24.0543
v 17.0348 		-1 		28.7026
v 19.5453 		-1 		23.9983
v 17.198 		-1 		28.7758
v 19.4717 		-1 		23.9453
v 19.3943 		-1 		23.8954
v 17.3746 		-1 		28.8197
v 19.313 		-1 		23.8484
v 17.5644 		-1 		28.8343
v 19.2281 		-1 		23.802
v 17.6618 		-1 		28.8303
v 19.1398 		-1 		23.7596
v 17.7543 		-1 		28.8182
v 19.0482 		-1 		23.7213
v 17.8417 		-1 		28.798
v 18.9533 		-1 		23.687
v 17.9241 		-1 		28.7697
v 18.855 		-1 		23.6567
v 18.0016 		-1 		28.7334
v 18.7534 		-1 		23.6305
v 18.6519 		-1 		23.6083
v 18.074 		-1 		28.689
v 18.1417 		-1 		28.6373
v 18.5469 		-1 		23.5901
v 18.205 		-1 		28.579
v 18.4387 		-1 		23.576
v 18.2638 		-1 		28.5142
v 18.3271 		-1 		23.5659
v 18.3182 		-1 		28.4428
v 18.2122 		-1 		23.5598
v 18.3682 		-1 		28.3648
v 18.094 		-1 		23.5578
v 18.4137 		-1 		28.2803
v 17.9505 		-1 		23.5616
v 18.4551 		-1 		28.1893
v 17.8131 		-1 		23.573
v 18.4925 		-1 		28.0916
v 17.6818 		-1 		23.5919
v 18.5261 		-1 		27.9874
v 17.5566 		-1 		23.6184
v 18.5558 		-1 		27.8767
v 17.4376 		-1 		23.6524
v 18.5816 		-1 		27.7594
v 17.3246 		-1 		23.6941
v 18.6036 		-1 		27.6355
v 17.2141 		-1 		23.7465
v 18.6249 		-1 		27.5059
v 17.1092 		-1 		23.8071
v 18.6424 		-1 		27.3711
v 17.0099 		-1 		23.8757
v 18.656 		-1 		27.2314
v 18.6657 		-1 		27.0866
v 16.916 		-1 		23.9524
v 18.6716 		-1 		26.9367
v 16.8278 		-1 		24.0371
v 16.7451 		-1 		24.13
v 16.6712 		-1 		24.2342
v 16.603 		-1 		24.3469
v 16.2591 		-1 		25.7667
v 16.5402 		-1 		24.4683
v 16.2699 		-1 		25.5699
v 16.4831 		-1 		24.5982
v 16.2879 		-1 		25.3833
v 16.4314 		-1 		24.7367
v 16.3132 		-1 		25.2067
v 16.3854 		-1 		24.8838
v 16.3457 		-1 		25.0402
# 2030 vertices

g group_13_16448250

usemtl color_16448250
s 0

f 2127 	2128 	2129
f 2130 	2131 	2127
f 2132 	2133 	2130
f 2134 	2135 	2132
f 2136 	2137 	2134
f 2138 	2139 	2136
f 2140 	2141 	2138
f 2142 	2143 	2140
f 2144 	2145 	2142
f 2146 	2147 	2144
f 2148 	2149 	2146
f 2150 	2151 	2148
f 2152 	2153 	2150
f 2154 	2155 	2156
f 2155 	2154 	2157
f 2158 	2159 	2160
f 2161 	2162 	2158
f 2163 	2164 	2165
f 2166 	2167 	2163
f 2168 	2169 	2166
f 2170 	2171 	2168
f 2172 	2173 	2170
f 2174 	2175 	2172
f 2176 	2177 	2174
f 2178 	2179 	2176
f 2180 	2181 	2178
f 2182 	2183 	2180
f 2184 	2185 	2182
f 2186 	2187 	2184
f 2127 	2129 	2186
f 2132 	2130 	2127
f 2136 	2134 	2132
f 2140 	2138 	2136
f 2144 	2142 	2140
f 2148 	2146 	2144
f 2152 	2150 	2148
f 2154 	2156 	2188
f 2155 	2157 	2189
f 2158 	2160 	2190
f 2191 	2161 	2158
f 2166 	2163 	2165
f 2170 	2168 	2166
f 2174 	2172 	2170
f 2178 	2176 	2174
f 2182 	2180 	2178
f 2186 	2184 	2182
f 2132 	2127 	2186
f 2140 	2136 	2132
f 2148 	2144 	2140
f 2192 	2152 	2148
f 2154 	2188 	2193
f 2155 	2189 	2194
f 2158 	2190 	2195
f 2196 	2191 	2158
f 2170 	2166 	2165
f 2178 	2174 	2170
f 2186 	2182 	2178
f 2140 	2132 	2186
f 2192 	2148 	2140
f 2154 	2193 	2197
f 2155 	2194 	2198
f 2158 	2195 	2199
f 2200 	2196 	2158
f 2178 	2170 	2165
f 2140 	2186 	2178
f 2201 	2192 	2140
f 2154 	2197 	2202
f 2203 	2155 	2198
f 2158 	2199 	2204
f 2205 	2200 	2158
f 2206 	2201 	2140
f 2154 	2202 	2207
f 2158 	2204 	2208
f 2209 	2205 	2158
f 2210 	2206 	2140
f 2154 	2207 	2211
f 2158 	2208 	2212
f 2213 	2209 	2158
f 2214 	2210 	2140
f 2154 	2211 	2215
f 2158 	2212 	2216
f 2217 	2213 	2158
f 2218 	2214 	2140
f 2154 	2215 	2219
f 2158 	2216 	2220
f 2221 	2217 	2158
f 2222 	2218 	2140
f 2154 	2219 	2223
f 2158 	2220 	2224
f 2225 	2221 	2158
f 2226 	2222 	2140
f 2227 	2154 	2223
f 2158 	2224 	2228
f 2229 	2225 	2158
f 2230 	2226 	2140
f 2227 	2223 	2231
f 2158 	2228 	2232
f 2233 	2229 	2158
f 2234 	2230 	2140
f 2227 	2231 	2235
f 2233 	2158 	2232
f 2236 	2234 	2140
f 2227 	2235 	2237
f 2233 	2232 	2238
f 2239 	2236 	2140
f 2227 	2237 	2239
f 2233 	2238 	2240
f 2227 	2239 	2140
f 2233 	2240 	2241
f 2242 	2227 	2140
f 2233 	2241 	2243
f 2244 	2242 	2140
f 2233 	2243 	2245
f 2246 	2244 	2140
f 2233 	2245 	2247
f 2248 	2246 	2140
f 2233 	2247 	2249
f 2250 	2248 	2140
f 2233 	2249 	2251
f 2252 	2250 	2140
f 2233 	2251 	2253
f 2254 	2252 	2140
f 2233 	2253 	2255
f 2256 	2254 	2140
f 2233 	2255 	2257
f 2258 	2256 	2140
f 2233 	2257 	2203
f 2259 	2258 	2140
f 2260 	2233 	2203
f 2261 	2259 	2140
f 2262 	2260 	2203
f 2263 	2261 	2140
f 2264 	2262 	2203
f 2265 	2263 	2140
f 2266 	2264 	2203
f 2267 	2265 	2140
f 2268 	2266 	2203
f 2267 	2140 	2178
f 2269 	2268 	2203
f 2270 	2267 	2178
f 2271 	2269 	2203
f 2272 	2270 	2178
f 2273 	2271 	2203
f 2274 	2272 	2178
f 2275 	2273 	2203
f 2276 	2274 	2178
f 2277 	2275 	2203
f 2278 	2276 	2178
f 2279 	2277 	2203
f 2280 	2278 	2178
f 2281 	2279 	2203
f 2282 	2280 	2178
f 2283 	2281 	2203
f 2284 	2282 	2178
f 2285 	2283 	2203
f 2286 	2284 	2178
f 2165 	2285 	2203
f 2287 	2286 	2178
f 2165 	2203 	2198
f 2288 	2287 	2178
f 2165 	2198 	2289
f 2290 	2288 	2178
f 2165 	2289 	2291
f 2292 	2290 	2178
f 2165 	2291 	2293
f 2294 	2292 	2178
f 2165 	2293 	2295
f 2296 	2294 	2178
f 2165 	2295 	2297
f 2298 	2296 	2178
f 2165 	2297 	2299
f 2300 	2298 	2178
f 2178 	2165 	2299
f 2301 	2300 	2178
f 2178 	2299 	2302
f 2303 	2301 	2178
f 2178 	2302 	2304
f 2305 	2303 	2178
f 2178 	2304 	2306
f 2307 	2305 	2178
f 2178 	2306 	2308
f 2308 	2307 	2178
f 2309 	2310 	2311
f 2311 	2312 	2313
f 2313 	2314 	2315
f 2315 	2316 	2317
f 2317 	2318 	2319
f 2319 	2320 	2321
f 2321 	2322 	2323
f 2323 	2324 	2325
f 2325 	2326 	2327
f 2327 	2328 	2329
f 2329 	2330 	2331
f 2331 	2332 	2333
f 2333 	2334 	2335
f 2336 	2337 	2338
f 2339 	2338 	2337
f 2340 	2341 	2342
f 2342 	2343 	2344
f 2345 	2346 	2347
f 2347 	2348 	2349
f 2349 	2350 	2351
f 2351 	2352 	2353
f 2353 	2354 	2355
f 2355 	2356 	2357
f 2357 	2358 	2359
f 2359 	2360 	2361
f 2361 	2362 	2363
f 2363 	2364 	2365
f 2365 	2366 	2367
f 2367 	2368 	2369
f 2369 	2309 	2311
f 2311 	2313 	2315
f 2315 	2317 	2319
f 2319 	2321 	2323
f 2323 	2325 	2327
f 2327 	2329 	2331
f 2331 	2333 	2335
f 2370 	2336 	2338
f 2371 	2339 	2337
f 2372 	2340 	2342
f 2342 	2344 	2373
f 2345 	2347 	2349
f 2349 	2351 	2353
f 2353 	2355 	2357
f 2357 	2359 	2361
f 2361 	2363 	2365
f 2365 	2367 	2369
f 2369 	2311 	2315
f 2315 	2319 	2323
f 2323 	2327 	2331
f 2331 	2335 	2374
f 2375 	2370 	2338
f 2376 	2371 	2337
f 2377 	2372 	2342
f 2342 	2373 	2378
f 2345 	2349 	2353
f 2353 	2357 	2361
f 2361 	2365 	2369
f 2369 	2315 	2323
f 2323 	2331 	2374
f 2379 	2375 	2338
f 2380 	2376 	2337
f 2381 	2377 	2342
f 2342 	2378 	2382
f 2345 	2353 	2361
f 2361 	2369 	2323
f 2323 	2374 	2383
f 2384 	2379 	2338
f 2380 	2337 	2385
f 2386 	2381 	2342
f 2342 	2382 	2387
f 2323 	2383 	2388
f 2389 	2384 	2338
f 2390 	2386 	2342
f 2342 	2387 	2391
f 2323 	2388 	2392
f 2393 	2389 	2338
f 2394 	2390 	2342
f 2342 	2391 	2395
f 2323 	2392 	2396
f 2397 	2393 	2338
f 2398 	2394 	2342
f 2342 	2395 	2399
f 2323 	2396 	2400
f 2401 	2397 	2338
f 2402 	2398 	2342
f 2342 	2399 	2403
f 2323 	2400 	2404
f 2405 	2401 	2338
f 2406 	2402 	2342
f 2342 	2403 	2407
f 2323 	2404 	2408
f 2405 	2338 	2409
f 2410 	2406 	2342
f 2342 	2407 	2411
f 2323 	2408 	2412
f 2413 	2405 	2409
f 2414 	2410 	2342
f 2342 	2411 	2415
f 2323 	2412 	2416
f 2417 	2413 	2409
f 2414 	2342 	2415
f 2323 	2416 	2418
f 2419 	2417 	2409
f 2420 	2414 	2415
f 2323 	2418 	2421
f 2421 	2419 	2409
f 2422 	2420 	2415
f 2323 	2421 	2409
f 2423 	2422 	2415
f 2323 	2409 	2424
f 2425 	2423 	2415
f 2323 	2424 	2426
f 2427 	2425 	2415
f 2323 	2426 	2428
f 2429 	2427 	2415
f 2323 	2428 	2430
f 2431 	2429 	2415
f 2323 	2430 	2432
f 2433 	2431 	2415
f 2323 	2432 	2434
f 2435 	2433 	2415
f 2323 	2434 	2436
f 2437 	2435 	2415
f 2323 	2436 	2438
f 2439 	2437 	2415
f 2323 	2438 	2440
f 2385 	2439 	2415
f 2323 	2440 	2441
f 2385 	2415 	2442
f 2323 	2441 	2443
f 2385 	2442 	2444
f 2323 	2443 	2445
f 2385 	2444 	2446
f 2323 	2445 	2447
f 2385 	2446 	2448
f 2323 	2447 	2449
f 2385 	2448 	2450
f 2361 	2323 	2449
f 2385 	2450 	2451
f 2361 	2449 	2452
f 2385 	2451 	2453
f 2361 	2452 	2454
f 2385 	2453 	2455
f 2361 	2454 	2456
f 2385 	2455 	2457
f 2361 	2456 	2458
f 2385 	2457 	2459
f 2361 	2458 	2460
f 2385 	2459 	2461
f 2361 	2460 	2462
f 2385 	2461 	2463
f 2361 	2462 	2464
f 2385 	2463 	2465
f 2361 	2464 	2466
f 2385 	2465 	2467
f 2361 	2466 	2468
f 2385 	2467 	2345
f 2361 	2468 	2469
f 2380 	2385 	2345
f 2361 	2469 	2470
f 2471 	2380 	2345
f 2361 	2470 	2472
f 2473 	2471 	2345
f 2361 	2472 	2474
f 2475 	2473 	2345
f 2361 	2474 	2476
f 2477 	2475 	2345
f 2361 	2476 	2478
f 2479 	2477 	2345
f 2361 	2478 	2480
f 2481 	2479 	2345
f 2361 	2480 	2482
f 2481 	2345 	2361
f 2361 	2482 	2483
f 2484 	2481 	2361
f 2361 	2483 	2485
f 2486 	2484 	2361
f 2361 	2485 	2487
f 2488 	2486 	2361
f 2361 	2487 	2489
f 2490 	2488 	2361
f 2361 	2489 	2490
f 2128 	2127 	2310
f 2127 	2311 	2310
f 2127 	2131 	2311
f 2131 	2312 	2311
f 2131 	2130 	2312
f 2130 	2313 	2312
f 2130 	2133 	2313
f 2133 	2314 	2313
f 2133 	2132 	2314
f 2132 	2315 	2314
f 2132 	2135 	2315
f 2135 	2316 	2315
f 2135 	2134 	2316
f 2134 	2317 	2316
f 2134 	2137 	2317
f 2137 	2318 	2317
f 2137 	2136 	2318
f 2136 	2319 	2318
f 2136 	2139 	2319
f 2139 	2320 	2319
f 2139 	2138 	2320
f 2138 	2321 	2320
f 2138 	2141 	2321
f 2141 	2322 	2321
f 2141 	2140 	2322
f 2140 	2323 	2322
f 2140 	2143 	2323
f 2143 	2324 	2323
f 2143 	2142 	2324
f 2142 	2325 	2324
f 2142 	2145 	2325
f 2145 	2326 	2325
f 2145 	2144 	2326
f 2144 	2327 	2326
f 2144 	2147 	2327
f 2147 	2328 	2327
f 2147 	2146 	2328
f 2146 	2329 	2328
f 2146 	2149 	2329
f 2149 	2330 	2329
f 2149 	2148 	2330
f 2148 	2331 	2330
f 2148 	2151 	2331
f 2151 	2332 	2331
f 2151 	2150 	2332
f 2150 	2333 	2332
f 2150 	2153 	2333
f 2153 	2334 	2333
f 2153 	2152 	2334
f 2152 	2335 	2334
f 2152 	2192 	2335
f 2192 	2374 	2335
f 2192 	2201 	2374
f 2201 	2383 	2374
f 2201 	2206 	2383
f 2206 	2388 	2383
f 2206 	2210 	2388
f 2210 	2392 	2388
f 2210 	2214 	2392
f 2214 	2396 	2392
f 2214 	2218 	2396
f 2218 	2400 	2396
f 2218 	2222 	2400
f 2222 	2404 	2400
f 2222 	2226 	2404
f 2226 	2408 	2404
f 2226 	2230 	2408
f 2230 	2412 	2408
f 2230 	2234 	2412
f 2234 	2416 	2412
f 2234 	2236 	2416
f 2236 	2418 	2416
f 2236 	2239 	2418
f 2239 	2421 	2418
f 2239 	2237 	2421
f 2237 	2419 	2421
f 2237 	2235 	2419
f 2235 	2417 	2419
f 2235 	2231 	2417
f 2231 	2413 	2417
f 2231 	2223 	2413
f 2223 	2405 	2413
f 2223 	2219 	2405
f 2219 	2401 	2405
f 2219 	2215 	2401
f 2215 	2397 	2401
f 2215 	2211 	2397
f 2211 	2393 	2397
f 2211 	2207 	2393
f 2207 	2389 	2393
f 2207 	2202 	2389
f 2202 	2384 	2389
f 2202 	2197 	2384
f 2197 	2379 	2384
f 2197 	2193 	2379
f 2193 	2375 	2379
f 2193 	2188 	2375
f 2188 	2370 	2375
f 2188 	2156 	2370
f 2156 	2336 	2370
f 2156 	2155 	2336
f 2155 	2337 	2336
f 2155 	2203 	2337
f 2203 	2385 	2337
f 2203 	2257 	2385
f 2257 	2439 	2385
f 2257 	2255 	2439
f 2255 	2437 	2439
f 2255 	2253 	2437
f 2253 	2435 	2437
f 2253 	2251 	2435
f 2251 	2433 	2435
f 2251 	2249 	2433
f 2249 	2431 	2433
f 2249 	2247 	2431
f 2247 	2429 	2431
f 2247 	2245 	2429
f 2245 	2427 	2429
f 2245 	2243 	2427
f 2243 	2425 	2427
f 2243 	2241 	2425
f 2241 	2423 	2425
f 2241 	2240 	2423
f 2240 	2422 	2423
f 2240 	2238 	2422
f 2238 	2420 	2422
f 2238 	2232 	2420
f 2232 	2414 	2420
f 2232 	2228 	2414
f 2228 	2410 	2414
f 2228 	2224 	2410
f 2224 	2406 	2410
f 2224 	2220 	2406
f 2220 	2402 	2406
f 2220 	2216 	2402
f 2216 	2398 	2402
f 2216 	2212 	2398
f 2212 	2394 	2398
f 2212 	2208 	2394
f 2208 	2390 	2394
f 2208 	2204 	2390
f 2204 	2386 	2390
f 2204 	2199 	2386
f 2199 	2381 	2386
f 2199 	2195 	2381
f 2195 	2377 	2381
f 2195 	2190 	2377
f 2190 	2372 	2377
f 2190 	2160 	2372
f 2160 	2340 	2372
f 2160 	2159 	2340
f 2159 	2341 	2340
f 2159 	2158 	2341
f 2158 	2342 	2341
f 2158 	2162 	2342
f 2162 	2343 	2342
f 2162 	2161 	2343
f 2161 	2344 	2343
f 2161 	2191 	2344
f 2191 	2373 	2344
f 2191 	2196 	2373
f 2196 	2378 	2373
f 2196 	2200 	2378
f 2200 	2382 	2378
f 2200 	2205 	2382
f 2205 	2387 	2382
f 2205 	2209 	2387
f 2209 	2391 	2387
f 2209 	2213 	2391
f 2213 	2395 	2391
f 2213 	2217 	2395
f 2217 	2399 	2395
f 2217 	2221 	2399
f 2221 	2403 	2399
f 2221 	2225 	2403
f 2225 	2407 	2403
f 2225 	2229 	2407
f 2229 	2411 	2407
f 2229 	2233 	2411
f 2233 	2415 	2411
f 2233 	2260 	2415
f 2260 	2442 	2415
f 2260 	2262 	2442
f 2262 	2444 	2442
f 2262 	2264 	2444
f 2264 	2446 	2444
f 2264 	2266 	2446
f 2266 	2448 	2446
f 2266 	2268 	2448
f 2268 	2450 	2448
f 2268 	2269 	2450
f 2269 	2451 	2450
f 2269 	2271 	2451
f 2271 	2453 	2451
f 2271 	2273 	2453
f 2273 	2455 	2453
f 2273 	2275 	2455
f 2275 	2457 	2455
f 2275 	2277 	2457
f 2277 	2459 	2457
f 2277 	2279 	2459
f 2279 	2461 	2459
f 2279 	2281 	2461
f 2281 	2463 	2461
f 2281 	2283 	2463
f 2283 	2465 	2463
f 2283 	2285 	2465
f 2285 	2467 	2465
f 2285 	2165 	2467
f 2165 	2345 	2467
f 2165 	2164 	2345
f 2164 	2346 	2345
f 2164 	2163 	2346
f 2163 	2347 	2346
f 2163 	2167 	2347
f 2167 	2348 	2347
f 2167 	2166 	2348
f 2166 	2349 	2348
f 2166 	2169 	2349
f 2169 	2350 	2349
f 2169 	2168 	2350
f 2168 	2351 	2350
f 2168 	2171 	2351
f 2171 	2352 	2351
f 2171 	2170 	2352
f 2170 	2353 	2352
f 2170 	2173 	2353
f 2173 	2354 	2353
f 2173 	2172 	2354
f 2172 	2355 	2354
f 2172 	2175 	2355
f 2175 	2356 	2355
f 2175 	2174 	2356
f 2174 	2357 	2356
f 2174 	2177 	2357
f 2177 	2358 	2357
f 2177 	2176 	2358
f 2176 	2359 	2358
f 2176 	2179 	2359
f 2179 	2360 	2359
f 2179 	2178 	2360
f 2178 	2361 	2360
f 2178 	2181 	2361
f 2181 	2362 	2361
f 2181 	2180 	2362
f 2180 	2363 	2362
f 2180 	2183 	2363
f 2183 	2364 	2363
f 2183 	2182 	2364
f 2182 	2365 	2364
f 2182 	2185 	2365
f 2185 	2366 	2365
f 2185 	2184 	2366
f 2184 	2367 	2366
f 2184 	2187 	2367
f 2187 	2368 	2367
f 2187 	2186 	2368
f 2186 	2369 	2368
f 2186 	2129 	2369
f 2129 	2309 	2369
f 2129 	2128 	2309
f 2128 	2310 	2309
f 2227 	2242 	2409
f 2242 	2424 	2409
f 2242 	2244 	2424
f 2244 	2426 	2424
f 2244 	2246 	2426
f 2246 	2428 	2426
f 2246 	2248 	2428
f 2248 	2430 	2428
f 2248 	2250 	2430
f 2250 	2432 	2430
f 2250 	2252 	2432
f 2252 	2434 	2432
f 2252 	2254 	2434
f 2254 	2436 	2434
f 2254 	2256 	2436
f 2256 	2438 	2436
f 2256 	2258 	2438
f 2258 	2440 	2438
f 2258 	2259 	2440
f 2259 	2441 	2440
f 2259 	2261 	2441
f 2261 	2443 	2441
f 2261 	2263 	2443
f 2263 	2445 	2443
f 2263 	2265 	2445
f 2265 	2447 	2445
f 2265 	2267 	2447
f 2267 	2449 	2447
f 2267 	2270 	2449
f 2270 	2452 	2449
f 2270 	2272 	2452
f 2272 	2454 	2452
f 2272 	2274 	2454
f 2274 	2456 	2454
f 2274 	2276 	2456
f 2276 	2458 	2456
f 2276 	2278 	2458
f 2278 	2460 	2458
f 2278 	2280 	2460
f 2280 	2462 	2460
f 2280 	2282 	2462
f 2282 	2464 	2462
f 2282 	2284 	2464
f 2284 	2466 	2464
f 2284 	2286 	2466
f 2286 	2468 	2466
f 2286 	2287 	2468
f 2287 	2469 	2468
f 2287 	2288 	2469
f 2288 	2470 	2469
f 2288 	2290 	2470
f 2290 	2472 	2470
f 2290 	2292 	2472
f 2292 	2474 	2472
f 2292 	2294 	2474
f 2294 	2476 	2474
f 2294 	2296 	2476
f 2296 	2478 	2476
f 2296 	2298 	2478
f 2298 	2480 	2478
f 2298 	2300 	2480
f 2300 	2482 	2480
f 2300 	2301 	2482
f 2301 	2483 	2482
f 2301 	2303 	2483
f 2303 	2485 	2483
f 2303 	2305 	2485
f 2305 	2487 	2485
f 2305 	2307 	2487
f 2307 	2489 	2487
f 2307 	2308 	2489
f 2308 	2490 	2489
f 2308 	2306 	2490
f 2306 	2488 	2490
f 2306 	2304 	2488
f 2304 	2486 	2488
f 2304 	2302 	2486
f 2302 	2484 	2486
f 2302 	2299 	2484
f 2299 	2481 	2484
f 2299 	2297 	2481
f 2297 	2479 	2481
f 2297 	2295 	2479
f 2295 	2477 	2479
f 2295 	2293 	2477
f 2293 	2475 	2477
f 2293 	2291 	2475
f 2291 	2473 	2475
f 2291 	2289 	2473
f 2289 	2471 	2473
f 2289 	2198 	2471
f 2198 	2380 	2471
f 2198 	2194 	2380
f 2194 	2376 	2380
f 2194 	2189 	2376
f 2189 	2371 	2376
f 2189 	2157 	2371
f 2157 	2339 	2371
f 2157 	2154 	2339
f 2154 	2338 	2339
f 2154 	2227 	2338
f 2227 	2409 	2338
f 2491 	2492 	2493
f 2494 	2495 	2491
f 2496 	2497 	2494
f 2498 	2499 	2496
f 2500 	2501 	2498
f 2502 	2503 	2500
f 2504 	2505 	2502
f 2506 	2507 	2504
f 2508 	2509 	2506
f 2510 	2511 	2508
f 2512 	2513 	2510
f 2514 	2515 	2512
f 2516 	2517 	2514
f 2518 	2519 	2516
f 2520 	2521 	2518
f 2522 	2523 	2520
f 2524 	2525 	2522
f 2526 	2527 	2524
f 2528 	2529 	2526
f 2526 	2529 	2530
f 2531 	2532 	2526
f 2533 	2534 	2531
f 2535 	2536 	2533
f 2537 	2538 	2535
f 2539 	2540 	2537
f 2541 	2542 	2539
f 2543 	2544 	2541
f 2545 	2546 	2543
f 2547 	2548 	2545
f 2549 	2550 	2547
f 2551 	2552 	2549
f 2553 	2554 	2551
f 2555 	2556 	2553
f 2557 	2558 	2555
f 2559 	2560 	2557
f 2561 	2562 	2559
f 2563 	2564 	2561
f 2493 	2565 	2563
f 2494 	2491 	2493
f 2498 	2496 	2494
f 2502 	2500 	2498
f 2506 	2504 	2502
f 2510 	2508 	2506
f 2514 	2512 	2510
f 2518 	2516 	2514
f 2522 	2520 	2518
f 2526 	2524 	2522
f 2566 	2528 	2526
f 2526 	2530 	2567
f 2533 	2531 	2526
f 2537 	2535 	2533
f 2541 	2539 	2537
f 2545 	2543 	2541
f 2549 	2547 	2545
f 2553 	2551 	2549
f 2557 	2555 	2553
f 2561 	2559 	2557
f 2493 	2563 	2561
f 2498 	2494 	2493
f 2506 	2502 	2498
f 2514 	2510 	2506
f 2522 	2518 	2514
f 2566 	2526 	2522
f 2526 	2567 	2568
f 2537 	2533 	2526
f 2545 	2541 	2537
f 2553 	2549 	2545
f 2561 	2557 	2553
f 2498 	2493 	2561
f 2514 	2506 	2498
f 2569 	2566 	2522
f 2526 	2568 	2570
f 2545 	2537 	2526
f 2571 	2569 	2522
f 2526 	2570 	2572
f 2553 	2545 	2526
f 2573 	2571 	2522
f 2526 	2572 	2574
f 2575 	2573 	2522
f 2526 	2574 	2576
f 2577 	2575 	2522
f 2526 	2576 	2578
f 2579 	2577 	2522
f 2526 	2578 	2580
f 2581 	2579 	2522
f 2526 	2580 	2582
f 2583 	2581 	2522
f 2526 	2582 	2584
f 2585 	2583 	2522
f 2526 	2584 	2586
f 2587 	2585 	2522
f 2526 	2586 	2588
f 2589 	2587 	2522
f 2526 	2588 	2590
f 2591 	2589 	2522
f 2526 	2590 	2592
f 2591 	2522 	2514
f 2526 	2592 	2593
f 2594 	2591 	2514
f 2553 	2526 	2593
f 2595 	2594 	2514
f 2553 	2593 	2596
f 2597 	2595 	2514
f 2553 	2596 	2598
f 2599 	2597 	2514
f 2553 	2598 	2600
f 2601 	2599 	2514
f 2553 	2600 	2602
f 2603 	2601 	2514
f 2553 	2602 	2604
f 2605 	2603 	2514
f 2553 	2604 	2606
f 2607 	2605 	2514
f 2553 	2606 	2608
f 2609 	2607 	2514
f 2553 	2608 	2610
f 2611 	2609 	2514
f 2553 	2610 	2612
f 2613 	2611 	2514
f 2553 	2612 	2614
f 2615 	2613 	2514
f 2553 	2614 	2616
f 2617 	2615 	2514
f 2553 	2616 	2618
f 2617 	2514 	2498
f 2553 	2618 	2619
f 2620 	2617 	2498
f 2553 	2619 	2621
f 2622 	2620 	2498
f 2553 	2621 	2623
f 2624 	2622 	2498
f 2553 	2623 	2625
f 2626 	2624 	2498
f 2553 	2625 	2627
f 2628 	2626 	2498
f 2561 	2553 	2627
f 2629 	2628 	2498
f 2561 	2627 	2630
f 2631 	2629 	2498
f 2561 	2630 	2632
f 2633 	2631 	2498
f 2561 	2632 	2634
f 2635 	2633 	2498
f 2561 	2634 	2636
f 2635 	2498 	2561
f 2561 	2636 	2637
f 2638 	2635 	2561
f 2561 	2637 	2639
f 2640 	2638 	2561
f 2561 	2639 	2641
f 2642 	2640 	2561
f 2561 	2641 	2643
f 2644 	2642 	2561
f 2561 	2643 	2645
f 2646 	2644 	2561
f 2561 	2645 	2647
f 2648 	2646 	2561
f 2561 	2647 	2649
f 2650 	2648 	2561
f 2561 	2649 	2651
f 2652 	2650 	2561
f 2561 	2651 	2653
f 2654 	2652 	2561
f 2561 	2653 	2655
f 2656 	2654 	2561
f 2561 	2655 	2657
f 2658 	2656 	2561
f 2561 	2657 	2658
f 2659 	2660 	2661
f 2661 	2662 	2663
f 2663 	2664 	2665
f 2665 	2666 	2667
f 2667 	2668 	2669
f 2669 	2670 	2671
f 2671 	2672 	2673
f 2673 	2674 	2675
f 2675 	2676 	2677
f 2677 	2678 	2679
f 2679 	2680 	2681
f 2681 	2682 	2683
f 2683 	2684 	2685
f 2685 	2686 	2687
f 2687 	2688 	2689
f 2689 	2690 	2691
f 2691 	2692 	2693
f 2693 	2694 	2695
f 2695 	2696 	2697
f 2698 	2696 	2695
f 2695 	2699 	2700
f 2700 	2701 	2702
f 2702 	2703 	2704
f 2704 	2705 	2706
f 2706 	2707 	2708
f 2708 	2709 	2710
f 2710 	2711 	2712
f 2712 	2713 	2714
f 2714 	2715 	2716
f 2716 	2717 	2718
f 2718 	2719 	2720
f 2720 	2721 	2722
f 2722 	2723 	2724
f 2724 	2725 	2726
f 2726 	2727 	2728
f 2728 	2729 	2730
f 2730 	2731 	2732
f 2732 	2733 	2659
f 2659 	2661 	2663
f 2663 	2665 	2667
f 2667 	2669 	2671
f 2671 	2673 	2675
f 2675 	2677 	2679
f 2679 	2681 	2683
f 2683 	2685 	2687
f 2687 	2689 	2691
f 2691 	2693 	2695
f 2695 	2697 	2734
f 2735 	2698 	2695
f 2695 	2700 	2702
f 2702 	2704 	2706
f 2706 	2708 	2710
f 2710 	2712 	2714
f 2714 	2716 	2718
f 2718 	2720 	2722
f 2722 	2724 	2726
f 2726 	2728 	2730
f 2730 	2732 	2659
f 2659 	2663 	2667
f 2667 	2671 	2675
f 2675 	2679 	2683
f 2683 	2687 	2691
f 2691 	2695 	2734
f 2736 	2735 	2695
f 2695 	2702 	2706
f 2706 	2710 	2714
f 2714 	2718 	2722
f 2722 	2726 	2730
f 2730 	2659 	2667
f 2667 	2675 	2683
f 2691 	2734 	2737
f 2738 	2736 	2695
f 2695 	2706 	2714
f 2691 	2737 	2739
f 2740 	2738 	2695
f 2695 	2714 	2722
f 2691 	2739 	2741
f 2742 	2740 	2695
f 2691 	2741 	2743
f 2744 	2742 	2695
f 2691 	2743 	2745
f 2746 	2744 	2695
f 2691 	2745 	2747
f 2748 	2746 	2695
f 2691 	2747 	2749
f 2750 	2748 	2695
f 2691 	2749 	2751
f 2752 	2750 	2695
f 2691 	2751 	2753
f 2754 	2752 	2695
f 2691 	2753 	2755
f 2756 	2754 	2695
f 2691 	2755 	2757
f 2758 	2756 	2695
f 2691 	2757 	2759
f 2760 	2758 	2695
f 2683 	2691 	2759
f 2761 	2760 	2695
f 2683 	2759 	2762
f 2761 	2695 	2722
f 2683 	2762 	2763
f 2764 	2761 	2722
f 2683 	2763 	2765
f 2766 	2764 	2722
f 2683 	2765 	2767
f 2768 	2766 	2722
f 2683 	2767 	2769
f 2770 	2768 	2722
f 2683 	2769 	2771
f 2772 	2770 	2722
f 2683 	2771 	2773
f 2774 	2772 	2722
f 2683 	2773 	2775
f 2776 	2774 	2722
f 2683 	2775 	2777
f 2778 	2776 	2722
f 2683 	2777 	2779
f 2780 	2778 	2722
f 2683 	2779 	2781
f 2782 	2780 	2722
f 2683 	2781 	2783
f 2784 	2782 	2722
f 2683 	2783 	2785
f 2786 	2784 	2722
f 2667 	2683 	2785
f 2787 	2786 	2722
f 2667 	2785 	2788
f 2789 	2787 	2722
f 2667 	2788 	2790
f 2791 	2789 	2722
f 2667 	2790 	2792
f 2793 	2791 	2722
f 2667 	2792 	2794
f 2795 	2793 	2722
f 2667 	2794 	2796
f 2795 	2722 	2730
f 2667 	2796 	2797
f 2798 	2795 	2730
f 2667 	2797 	2799
f 2800 	2798 	2730
f 2667 	2799 	2801
f 2802 	2800 	2730
f 2667 	2801 	2803
f 2804 	2802 	2730
f 2730 	2667 	2803
f 2805 	2804 	2730
f 2730 	2803 	2806
f 2807 	2805 	2730
f 2730 	2806 	2808
f 2809 	2807 	2730
f 2730 	2808 	2810
f 2811 	2809 	2730
f 2730 	2810 	2812
f 2813 	2811 	2730
f 2730 	2812 	2814
f 2815 	2813 	2730
f 2730 	2814 	2816
f 2817 	2815 	2730
f 2730 	2816 	2818
f 2819 	2817 	2730
f 2730 	2818 	2820
f 2821 	2819 	2730
f 2730 	2820 	2822
f 2823 	2821 	2730
f 2730 	2822 	2824
f 2825 	2823 	2730
f 2730 	2824 	2826
f 2826 	2825 	2730
f 2492 	2491 	2660
f 2491 	2661 	2660
f 2491 	2495 	2661
f 2495 	2662 	2661
f 2495 	2494 	2662
f 2494 	2663 	2662
f 2494 	2497 	2663
f 2497 	2664 	2663
f 2497 	2496 	2664
f 2496 	2665 	2664
f 2496 	2499 	2665
f 2499 	2666 	2665
f 2499 	2498 	2666
f 2498 	2667 	2666
f 2498 	2501 	2667
f 2501 	2668 	2667
f 2501 	2500 	2668
f 2500 	2669 	2668
f 2500 	2503 	2669
f 2503 	2670 	2669
f 2503 	2502 	2670
f 2502 	2671 	2670
f 2502 	2505 	2671
f 2505 	2672 	2671
f 2505 	2504 	2672
f 2504 	2673 	2672
f 2504 	2507 	2673
f 2507 	2674 	2673
f 2507 	2506 	2674
f 2506 	2675 	2674
f 2506 	2509 	2675
f 2509 	2676 	2675
f 2509 	2508 	2676
f 2508 	2677 	2676
f 2508 	2511 	2677
f 2511 	2678 	2677
f 2511 	2510 	2678
f 2510 	2679 	2678
f 2510 	2513 	2679
f 2513 	2680 	2679
f 2513 	2512 	2680
f 2512 	2681 	2680
f 2512 	2515 	2681
f 2515 	2682 	2681
f 2515 	2514 	2682
f 2514 	2683 	2682
f 2514 	2517 	2683
f 2517 	2684 	2683
f 2517 	2516 	2684
f 2516 	2685 	2684
f 2516 	2519 	2685
f 2519 	2686 	2685
f 2519 	2518 	2686
f 2518 	2687 	2686
f 2518 	2521 	2687
f 2521 	2688 	2687
f 2521 	2520 	2688
f 2520 	2689 	2688
f 2520 	2523 	2689
f 2523 	2690 	2689
f 2523 	2522 	2690
f 2522 	2691 	2690
f 2522 	2525 	2691
f 2525 	2692 	2691
f 2525 	2524 	2692
f 2524 	2693 	2692
f 2524 	2527 	2693
f 2527 	2694 	2693
f 2527 	2526 	2694
f 2526 	2695 	2694
f 2526 	2532 	2695
f 2532 	2699 	2695
f 2532 	2531 	2699
f 2531 	2700 	2699
f 2531 	2534 	2700
f 2534 	2701 	2700
f 2534 	2533 	2701
f 2533 	2702 	2701
f 2533 	2536 	2702
f 2536 	2703 	2702
f 2536 	2535 	2703
f 2535 	2704 	2703
f 2535 	2538 	2704
f 2538 	2705 	2704
f 2538 	2537 	2705
f 2537 	2706 	2705
f 2537 	2540 	2706
f 2540 	2707 	2706
f 2540 	2539 	2707
f 2539 	2708 	2707
f 2539 	2542 	2708
f 2542 	2709 	2708
f 2542 	2541 	2709
f 2541 	2710 	2709
f 2541 	2544 	2710
f 2544 	2711 	2710
f 2544 	2543 	2711
f 2543 	2712 	2711
f 2543 	2546 	2712
f 2546 	2713 	2712
f 2546 	2545 	2713
f 2545 	2714 	2713
f 2545 	2548 	2714
f 2548 	2715 	2714
f 2548 	2547 	2715
f 2547 	2716 	2715
f 2547 	2550 	2716
f 2550 	2717 	2716
f 2550 	2549 	2717
f 2549 	2718 	2717
f 2549 	2552 	2718
f 2552 	2719 	2718
f 2552 	2551 	2719
f 2551 	2720 	2719
f 2551 	2554 	2720
f 2554 	2721 	2720
f 2554 	2553 	2721
f 2553 	2722 	2721
f 2553 	2556 	2722
f 2556 	2723 	2722
f 2556 	2555 	2723
f 2555 	2724 	2723
f 2555 	2558 	2724
f 2558 	2725 	2724
f 2558 	2557 	2725
f 2557 	2726 	2725
f 2557 	2560 	2726
f 2560 	2727 	2726
f 2560 	2559 	2727
f 2559 	2728 	2727
f 2559 	2562 	2728
f 2562 	2729 	2728
f 2562 	2561 	2729
f 2561 	2730 	2729
f 2561 	2564 	2730
f 2564 	2731 	2730
f 2564 	2563 	2731
f 2563 	2732 	2731
f 2563 	2565 	2732
f 2565 	2733 	2732
f 2565 	2493 	2733
f 2493 	2659 	2733
f 2493 	2492 	2659
f 2492 	2660 	2659
f 2528 	2566 	2697
f 2566 	2734 	2697
f 2566 	2569 	2734
f 2569 	2737 	2734
f 2569 	2571 	2737
f 2571 	2739 	2737
f 2571 	2573 	2739
f 2573 	2741 	2739
f 2573 	2575 	2741
f 2575 	2743 	2741
f 2575 	2577 	2743
f 2577 	2745 	2743
f 2577 	2579 	2745
f 2579 	2747 	2745
f 2579 	2581 	2747
f 2581 	2749 	2747
f 2581 	2583 	2749
f 2583 	2751 	2749
f 2583 	2585 	2751
f 2585 	2753 	2751
f 2585 	2587 	2753
f 2587 	2755 	2753
f 2587 	2589 	2755
f 2589 	2757 	2755
f 2589 	2591 	2757
f 2591 	2759 	2757
f 2591 	2594 	2759
f 2594 	2762 	2759
f 2594 	2595 	2762
f 2595 	2763 	2762
f 2595 	2597 	2763
f 2597 	2765 	2763
f 2597 	2599 	2765
f 2599 	2767 	2765
f 2599 	2601 	2767
f 2601 	2769 	2767
f 2601 	2603 	2769
f 2603 	2771 	2769
f 2603 	2605 	2771
f 2605 	2773 	2771
f 2605 	2607 	2773
f 2607 	2775 	2773
f 2607 	2609 	2775
f 2609 	2777 	2775
f 2609 	2611 	2777
f 2611 	2779 	2777
f 2611 	2613 	2779
f 2613 	2781 	2779
f 2613 	2615 	2781
f 2615 	2783 	2781
f 2615 	2617 	2783
f 2617 	2785 	2783
f 2617 	2620 	2785
f 2620 	2788 	2785
f 2620 	2622 	2788
f 2622 	2790 	2788
f 2622 	2624 	2790
f 2624 	2792 	2790
f 2624 	2626 	2792
f 2626 	2794 	2792
f 2626 	2628 	2794
f 2628 	2796 	2794
f 2628 	2629 	2796
f 2629 	2797 	2796
f 2629 	2631 	2797
f 2631 	2799 	2797
f 2631 	2633 	2799
f 2633 	2801 	2799
f 2633 	2635 	2801
f 2635 	2803 	2801
f 2635 	2638 	2803
f 2638 	2806 	2803
f 2638 	2640 	2806
f 2640 	2808 	2806
f 2640 	2642 	2808
f 2642 	2810 	2808
f 2642 	2644 	2810
f 2644 	2812 	2810
f 2644 	2646 	2812
f 2646 	2814 	2812
f 2646 	2648 	2814
f 2648 	2816 	2814
f 2648 	2650 	2816
f 2650 	2818 	2816
f 2650 	2652 	2818
f 2652 	2820 	2818
f 2652 	2654 	2820
f 2654 	2822 	2820
f 2654 	2656 	2822
f 2656 	2824 	2822
f 2656 	2658 	2824
f 2658 	2826 	2824
f 2658 	2657 	2826
f 2657 	2825 	2826
f 2657 	2655 	2825
f 2655 	2823 	2825
f 2655 	2653 	2823
f 2653 	2821 	2823
f 2653 	2651 	2821
f 2651 	2819 	2821
f 2651 	2649 	2819
f 2649 	2817 	2819
f 2649 	2647 	2817
f 2647 	2815 	2817
f 2647 	2645 	2815
f 2645 	2813 	2815
f 2645 	2643 	2813
f 2643 	2811 	2813
f 2643 	2641 	2811
f 2641 	2809 	2811
f 2641 	2639 	2809
f 2639 	2807 	2809
f 2639 	2637 	2807
f 2637 	2805 	2807
f 2637 	2636 	2805
f 2636 	2804 	2805
f 2636 	2634 	2804
f 2634 	2802 	2804
f 2634 	2632 	2802
f 2632 	2800 	2802
f 2632 	2630 	2800
f 2630 	2798 	2800
f 2630 	2627 	2798
f 2627 	2795 	2798
f 2627 	2625 	2795
f 2625 	2793 	2795
f 2625 	2623 	2793
f 2623 	2791 	2793
f 2623 	2621 	2791
f 2621 	2789 	2791
f 2621 	2619 	2789
f 2619 	2787 	2789
f 2619 	2618 	2787
f 2618 	2786 	2787
f 2618 	2616 	2786
f 2616 	2784 	2786
f 2616 	2614 	2784
f 2614 	2782 	2784
f 2614 	2612 	2782
f 2612 	2780 	2782
f 2612 	2610 	2780
f 2610 	2778 	2780
f 2610 	2608 	2778
f 2608 	2776 	2778
f 2608 	2606 	2776
f 2606 	2774 	2776
f 2606 	2604 	2774
f 2604 	2772 	2774
f 2604 	2602 	2772
f 2602 	2770 	2772
f 2602 	2600 	2770
f 2600 	2768 	2770
f 2600 	2598 	2768
f 2598 	2766 	2768
f 2598 	2596 	2766
f 2596 	2764 	2766
f 2596 	2593 	2764
f 2593 	2761 	2764
f 2593 	2592 	2761
f 2592 	2760 	2761
f 2592 	2590 	2760
f 2590 	2758 	2760
f 2590 	2588 	2758
f 2588 	2756 	2758
f 2588 	2586 	2756
f 2586 	2754 	2756
f 2586 	2584 	2754
f 2584 	2752 	2754
f 2584 	2582 	2752
f 2582 	2750 	2752
f 2582 	2580 	2750
f 2580 	2748 	2750
f 2580 	2578 	2748
f 2578 	2746 	2748
f 2578 	2576 	2746
f 2576 	2744 	2746
f 2576 	2574 	2744
f 2574 	2742 	2744
f 2574 	2572 	2742
f 2572 	2740 	2742
f 2572 	2570 	2740
f 2570 	2738 	2740
f 2570 	2568 	2738
f 2568 	2736 	2738
f 2568 	2567 	2736
f 2567 	2735 	2736
f 2567 	2530 	2735
f 2530 	2698 	2735
f 2530 	2529 	2698
f 2529 	2696 	2698
f 2529 	2528 	2696
f 2528 	2697 	2696
f 2827 	2828 	2829
f 2830 	2831 	2827
f 2832 	2833 	2834
f 2827 	2829 	2835
f 2836 	2830 	2827
f 2837 	2832 	2834
f 2827 	2835 	2838
f 2839 	2836 	2827
f 2840 	2837 	2834
f 2827 	2838 	2841
f 2842 	2839 	2827
f 2843 	2840 	2834
f 2827 	2841 	2844
f 2845 	2842 	2827
f 2846 	2843 	2834
f 2827 	2844 	2847
f 2848 	2845 	2827
f 2849 	2846 	2834
f 2827 	2847 	2850
f 2851 	2848 	2827
f 2852 	2849 	2834
f 2827 	2850 	2853
f 2854 	2851 	2827
f 2855 	2852 	2834
f 2827 	2853 	2856
f 2857 	2854 	2827
f 2858 	2855 	2834
f 2827 	2856 	2859
f 2860 	2857 	2827
f 2861 	2858 	2834
f 2827 	2859 	2862
f 2863 	2860 	2827
f 2864 	2861 	2834
f 2827 	2862 	2865
f 2866 	2863 	2827
f 2867 	2864 	2834
f 2827 	2865 	2868
f 2869 	2866 	2827
f 2870 	2867 	2834
f 2827 	2868 	2871
f 2872 	2869 	2827
f 2873 	2870 	2834
f 2827 	2871 	2874
f 2875 	2872 	2827
f 2876 	2873 	2834
f 2827 	2874 	2877
f 2878 	2875 	2827
f 2879 	2876 	2834
f 2878 	2827 	2877
f 2880 	2879 	2834
f 2878 	2877 	2881
f 2882 	2880 	2834
f 2878 	2881 	2883
f 2884 	2882 	2834
f 2878 	2883 	2885
f 2886 	2884 	2834
f 2878 	2885 	2887
f 2888 	2886 	2834
f 2878 	2887 	2889
f 2890 	2888 	2834
f 2878 	2889 	2891
f 2890 	2834 	2892
f 2878 	2891 	2893
f 2890 	2892 	2894
f 2878 	2893 	2895
f 2896 	2890 	2894
f 2878 	2895 	2897
f 2896 	2894 	2898
f 2899 	2878 	2897
f 2896 	2898 	2900
f 2901 	2899 	2897
f 2896 	2900 	2902
f 2903 	2901 	2897
f 2904 	2896 	2902
f 2905 	2903 	2897
f 2906 	2904 	2902
f 2907 	2905 	2897
f 2908 	2906 	2902
f 2902 	2907 	2897
f 2897 	2908 	2902
f 2909 	2910 	2911
f 2911 	2912 	2913
f 2914 	2915 	2916
f 2917 	2909 	2911
f 2911 	2913 	2918
f 2914 	2916 	2919
f 2920 	2917 	2911
f 2911 	2918 	2921
f 2914 	2919 	2922
f 2923 	2920 	2911
f 2911 	2921 	2924
f 2914 	2922 	2925
f 2926 	2923 	2911
f 2911 	2924 	2927
f 2914 	2925 	2928
f 2929 	2926 	2911
f 2911 	2927 	2930
f 2914 	2928 	2931
f 2932 	2929 	2911
f 2911 	2930 	2933
f 2914 	2931 	2934
f 2935 	2932 	2911
f 2911 	2933 	2936
f 2914 	2934 	2937
f 2938 	2935 	2911
f 2911 	2936 	2939
f 2914 	2937 	2940
f 2941 	2938 	2911
f 2911 	2939 	2942
f 2914 	2940 	2943
f 2944 	2941 	2911
f 2911 	2942 	2945
f 2914 	2943 	2946
f 2947 	2944 	2911
f 2911 	2945 	2948
f 2914 	2946 	2949
f 2950 	2947 	2911
f 2911 	2948 	2951
f 2914 	2949 	2952
f 2953 	2950 	2911
f 2911 	2951 	2954
f 2914 	2952 	2955
f 2956 	2953 	2911
f 2911 	2954 	2957
f 2914 	2955 	2958
f 2959 	2956 	2911
f 2911 	2957 	2960
f 2914 	2958 	2961
f 2959 	2911 	2960
f 2914 	2961 	2962
f 2963 	2959 	2960
f 2914 	2962 	2964
f 2965 	2963 	2960
f 2914 	2964 	2966
f 2967 	2965 	2960
f 2914 	2966 	2968
f 2969 	2967 	2960
f 2914 	2968 	2970
f 2971 	2969 	2960
f 2914 	2970 	2972
f 2973 	2971 	2960
f 2974 	2914 	2972
f 2975 	2973 	2960
f 2976 	2974 	2972
f 2977 	2975 	2960
f 2976 	2972 	2978
f 2979 	2977 	2960
f 2980 	2976 	2978
f 2979 	2960 	2981
f 2982 	2980 	2978
f 2979 	2981 	2983
f 2984 	2982 	2978
f 2979 	2983 	2985
f 2984 	2978 	2986
f 2979 	2985 	2987
f 2984 	2986 	2988
f 2979 	2987 	2989
f 2984 	2988 	2990
f 2979 	2989 	2984
f 2984 	2990 	2979
f 2828 	2827 	2910
f 2827 	2911 	2910
f 2827 	2831 	2911
f 2831 	2912 	2911
f 2831 	2830 	2912
f 2830 	2913 	2912
f 2830 	2836 	2913
f 2836 	2918 	2913
f 2836 	2839 	2918
f 2839 	2921 	2918
f 2839 	2842 	2921
f 2842 	2924 	2921
f 2842 	2845 	2924
f 2845 	2927 	2924
f 2845 	2848 	2927
f 2848 	2930 	2927
f 2848 	2851 	2930
f 2851 	2933 	2930
f 2851 	2854 	2933
f 2854 	2936 	2933
f 2854 	2857 	2936
f 2857 	2939 	2936
f 2857 	2860 	2939
f 2860 	2942 	2939
f 2860 	2863 	2942
f 2863 	2945 	2942
f 2863 	2866 	2945
f 2866 	2948 	2945
f 2866 	2869 	2948
f 2869 	2951 	2948
f 2869 	2872 	2951
f 2872 	2954 	2951
f 2872 	2875 	2954
f 2875 	2957 	2954
f 2875 	2878 	2957
f 2878 	2960 	2957
f 2878 	2899 	2960
f 2899 	2981 	2960
f 2899 	2901 	2981
f 2901 	2983 	2981
f 2901 	2903 	2983
f 2903 	2985 	2983
f 2903 	2905 	2985
f 2905 	2987 	2985
f 2905 	2907 	2987
f 2907 	2989 	2987
f 2907 	2902 	2989
f 2902 	2984 	2989
f 2902 	2900 	2984
f 2900 	2982 	2984
f 2900 	2898 	2982
f 2898 	2980 	2982
f 2898 	2894 	2980
f 2894 	2976 	2980
f 2894 	2892 	2976
f 2892 	2974 	2976
f 2892 	2834 	2974
f 2834 	2914 	2974
f 2834 	2833 	2914
f 2833 	2915 	2914
f 2833 	2832 	2915
f 2832 	2916 	2915
f 2832 	2837 	2916
f 2837 	2919 	2916
f 2837 	2840 	2919
f 2840 	2922 	2919
f 2840 	2843 	2922
f 2843 	2925 	2922
f 2843 	2846 	2925
f 2846 	2928 	2925
f 2846 	2849 	2928
f 2849 	2931 	2928
f 2849 	2852 	2931
f 2852 	2934 	2931
f 2852 	2855 	2934
f 2855 	2937 	2934
f 2855 	2858 	2937
f 2858 	2940 	2937
f 2858 	2861 	2940
f 2861 	2943 	2940
f 2861 	2864 	2943
f 2864 	2946 	2943
f 2864 	2867 	2946
f 2867 	2949 	2946
f 2867 	2870 	2949
f 2870 	2952 	2949
f 2870 	2873 	2952
f 2873 	2955 	2952
f 2873 	2876 	2955
f 2876 	2958 	2955
f 2876 	2879 	2958
f 2879 	2961 	2958
f 2879 	2880 	2961
f 2880 	2962 	2961
f 2880 	2882 	2962
f 2882 	2964 	2962
f 2882 	2884 	2964
f 2884 	2966 	2964
f 2884 	2886 	2966
f 2886 	2968 	2966
f 2886 	2888 	2968
f 2888 	2970 	2968
f 2888 	2890 	2970
f 2890 	2972 	2970
f 2890 	2896 	2972
f 2896 	2978 	2972
f 2896 	2904 	2978
f 2904 	2986 	2978
f 2904 	2906 	2986
f 2906 	2988 	2986
f 2906 	2908 	2988
f 2908 	2990 	2988
f 2908 	2897 	2990
f 2897 	2979 	2990
f 2897 	2895 	2979
f 2895 	2977 	2979
f 2895 	2893 	2977
f 2893 	2975 	2977
f 2893 	2891 	2975
f 2891 	2973 	2975
f 2891 	2889 	2973
f 2889 	2971 	2973
f 2889 	2887 	2971
f 2887 	2969 	2971
f 2887 	2885 	2969
f 2885 	2967 	2969
f 2885 	2883 	2967
f 2883 	2965 	2967
f 2883 	2881 	2965
f 2881 	2963 	2965
f 2881 	2877 	2963
f 2877 	2959 	2963
f 2877 	2874 	2959
f 2874 	2956 	2959
f 2874 	2871 	2956
f 2871 	2953 	2956
f 2871 	2868 	2953
f 2868 	2950 	2953
f 2868 	2865 	2950
f 2865 	2947 	2950
f 2865 	2862 	2947
f 2862 	2944 	2947
f 2862 	2859 	2944
f 2859 	2941 	2944
f 2859 	2856 	2941
f 2856 	2938 	2941
f 2856 	2853 	2938
f 2853 	2935 	2938
f 2853 	2850 	2935
f 2850 	2932 	2935
f 2850 	2847 	2932
f 2847 	2929 	2932
f 2847 	2844 	2929
f 2844 	2926 	2929
f 2844 	2841 	2926
f 2841 	2923 	2926
f 2841 	2838 	2923
f 2838 	2920 	2923
f 2838 	2835 	2920
f 2835 	2917 	2920
f 2835 	2829 	2917
f 2829 	2909 	2917
f 2829 	2828 	2909
f 2828 	2910 	2909
f 2991 	2992 	2993
f 2994 	2995 	2991
f 2996 	2997 	2994
f 2998 	2999 	2996
f 3000 	3001 	2998
f 3002 	3003 	3000
f 3004 	3005 	3002
f 3006 	3007 	3004
f 3008 	3009 	3006
f 3010 	3011 	3008
f 3012 	3013 	3010
f 3014 	3015 	3012
f 3016 	3017 	3014
f 3018 	3019 	3016
f 3020 	3021 	3018
f 3022 	3023 	3020
f 3024 	3025 	3022
f 3026 	3027 	3024
f 3028 	3029 	3026
f 3030 	3031 	3028
f 3032 	3033 	3030
f 3034 	3035 	3032
f 3036 	3037 	3034
f 3038 	3039 	3036
f 3040 	3041 	3038
f 3042 	3043 	3040
f 3044 	3045 	3042
f 3046 	3047 	3044
f 3048 	3049 	3046
f 3050 	3051 	3048
f 3052 	3053 	3050
f 3054 	3055 	3052
f 3056 	3057 	3054
f 3058 	3059 	3056
f 3060 	3061 	3058
f 3062 	3063 	3060
f 3064 	3065 	3062
f 3066 	3067 	3064
f 3068 	3069 	3066
f 3070 	3071 	3068
f 3072 	3073 	3070
f 3074 	3075 	3072
f 3076 	3077 	3074
f 3078 	3079 	3076
f 3080 	3081 	3078
f 3082 	3083 	3080
f 3084 	3085 	3082
f 2993 	3086 	3084
f 2994 	2991 	2993
f 2998 	2996 	2994
f 3002 	3000 	2998
f 3006 	3004 	3002
f 3010 	3008 	3006
f 3014 	3012 	3010
f 3018 	3016 	3014
f 3022 	3020 	3018
f 3026 	3024 	3022
f 3030 	3028 	3026
f 3034 	3032 	3030
f 3038 	3036 	3034
f 3042 	3040 	3038
f 3046 	3044 	3042
f 3050 	3048 	3046
f 3054 	3052 	3050
f 3058 	3056 	3054
f 3062 	3060 	3058
f 3066 	3064 	3062
f 3070 	3068 	3066
f 3074 	3072 	3070
f 3078 	3076 	3074
f 3082 	3080 	3078
f 2993 	3084 	3082
f 2998 	2994 	2993
f 3006 	3002 	2998
f 3014 	3010 	3006
f 3022 	3018 	3014
f 3030 	3026 	3022
f 3038 	3034 	3030
f 3046 	3042 	3038
f 3054 	3050 	3046
f 3062 	3058 	3054
f 3070 	3066 	3062
f 3078 	3074 	3070
f 2993 	3082 	3078
f 3006 	2998 	2993
f 3022 	3014 	3006
f 3038 	3030 	3022
f 3054 	3046 	3038
f 3070 	3062 	3054
f 2993 	3078 	3070
f 3022 	3006 	2993
f 3054 	3038 	3022
f 2993 	3070 	3054
f 3054 	3022 	2993
f 3087 	3088 	3089
f 3089 	3090 	3091
f 3091 	3092 	3093
f 3093 	3094 	3095
f 3095 	3096 	3097
f 3097 	3098 	3099
f 3099 	3100 	3101
f 3101 	3102 	3103
f 3103 	3104 	3105
f 3105 	3106 	3107
f 3107 	3108 	3109
f 3109 	3110 	3111
f 3111 	3112 	3113
f 3113 	3114 	3115
f 3115 	3116 	3117
f 3117 	3118 	3119
f 3119 	3120 	3121
f 3121 	3122 	3123
f 3123 	3124 	3125
f 3125 	3126 	3127
f 3127 	3128 	3129
f 3129 	3130 	3131
f 3131 	3132 	3133
f 3133 	3134 	3135
f 3135 	3136 	3137
f 3137 	3138 	3139
f 3139 	3140 	3141
f 3141 	3142 	3143
f 3143 	3144 	3145
f 3145 	3146 	3147
f 3147 	3148 	3149
f 3149 	3150 	3151
f 3151 	3152 	3153
f 3153 	3154 	3155
f 3155 	3156 	3157
f 3157 	3158 	3159
f 3159 	3160 	3161
f 3161 	3162 	3163
f 3163 	3164 	3165
f 3165 	3166 	3167
f 3167 	3168 	3169
f 3169 	3170 	3171
f 3171 	3172 	3173
f 3173 	3174 	3175
f 3175 	3176 	3177
f 3177 	3178 	3179
f 3179 	3180 	3181
f 3181 	3182 	3087
f 3087 	3089 	3091
f 3091 	3093 	3095
f 3095 	3097 	3099
f 3099 	3101 	3103
f 3103 	3105 	3107
f 3107 	3109 	3111
f 3111 	3113 	3115
f 3115 	3117 	3119
f 3119 	3121 	3123
f 3123 	3125 	3127
f 3127 	3129 	3131
f 3131 	3133 	3135
f 3135 	3137 	3139
f 3139 	3141 	3143
f 3143 	3145 	3147
f 3147 	3149 	3151
f 3151 	3153 	3155
f 3155 	3157 	3159
f 3159 	3161 	3163
f 3163 	3165 	3167
f 3167 	3169 	3171
f 3171 	3173 	3175
f 3175 	3177 	3179
f 3179 	3181 	3087
f 3087 	3091 	3095
f 3095 	3099 	3103
f 3103 	3107 	3111
f 3111 	3115 	3119
f 3119 	3123 	3127
f 3127 	3131 	3135
f 3135 	3139 	3143
f 3143 	3147 	3151
f 3151 	3155 	3159
f 3159 	3163 	3167
f 3167 	3171 	3175
f 3175 	3179 	3087
f 3087 	3095 	3103
f 3103 	3111 	3119
f 3119 	3127 	3135
f 3135 	3143 	3151
f 3151 	3159 	3167
f 3167 	3175 	3087
f 3087 	3103 	3119
f 3119 	3135 	3151
f 3151 	3167 	3087
f 3087 	3119 	3151
f 2991 	2995 	3089
f 2995 	3090 	3089
f 2995 	2994 	3090
f 2994 	3091 	3090
f 2994 	2997 	3091
f 2997 	3092 	3091
f 2997 	2996 	3092
f 2996 	3093 	3092
f 2996 	2999 	3093
f 2999 	3094 	3093
f 2999 	2998 	3094
f 2998 	3095 	3094
f 2998 	3001 	3095
f 3001 	3096 	3095
f 3001 	3000 	3096
f 3000 	3097 	3096
f 3000 	3003 	3097
f 3003 	3098 	3097
f 3003 	3002 	3098
f 3002 	3099 	3098
f 3002 	3005 	3099
f 3005 	3100 	3099
f 3005 	3004 	3100
f 3004 	3101 	3100
f 3004 	3007 	3101
f 3007 	3102 	3101
f 3007 	3006 	3102
f 3006 	3103 	3102
f 3006 	3009 	3103
f 3009 	3104 	3103
f 3009 	3008 	3104
f 3008 	3105 	3104
f 3008 	3011 	3105
f 3011 	3106 	3105
f 3011 	3010 	3106
f 3010 	3107 	3106
f 3010 	3013 	3107
f 3013 	3108 	3107
f 3013 	3012 	3108
f 3012 	3109 	3108
f 3012 	3015 	3109
f 3015 	3110 	3109
f 3015 	3014 	3110
f 3014 	3111 	3110
f 3014 	3017 	3111
f 3017 	3112 	3111
f 3017 	3016 	3112
f 3016 	3113 	3112
f 3016 	3019 	3113
f 3019 	3114 	3113
f 3019 	3018 	3114
f 3018 	3115 	3114
f 3018 	3021 	3115
f 3021 	3116 	3115
f 3021 	3020 	3116
f 3020 	3117 	3116
f 3020 	3023 	3117
f 3023 	3118 	3117
f 3023 	3022 	3118
f 3022 	3119 	3118
f 3022 	3025 	3119
f 3025 	3120 	3119
f 3025 	3024 	3120
f 3024 	3121 	3120
f 3024 	3027 	3121
f 3027 	3122 	3121
f 3027 	3026 	3122
f 3026 	3123 	3122
f 3026 	3029 	3123
f 3029 	3124 	3123
f 3029 	3028 	3124
f 3028 	3125 	3124
f 3028 	3031 	3125
f 3031 	3126 	3125
f 3031 	3030 	3126
f 3030 	3127 	3126
f 3030 	3033 	3127
f 3033 	3128 	3127
f 3033 	3032 	3128
f 3032 	3129 	3128
f 3032 	3035 	3129
f 3035 	3130 	3129
f 3035 	3034 	3130
f 3034 	3131 	3130
f 3034 	3037 	3131
f 3037 	3132 	3131
f 3037 	3036 	3132
f 3036 	3133 	3132
f 3036 	3039 	3133
f 3039 	3134 	3133
f 3039 	3038 	3134
f 3038 	3135 	3134
f 3038 	3041 	3135
f 3041 	3136 	3135
f 3041 	3040 	3136
f 3040 	3137 	3136
f 3040 	3043 	3137
f 3043 	3138 	3137
f 3043 	3042 	3138
f 3042 	3139 	3138
f 3042 	3045 	3139
f 3045 	3140 	3139
f 3045 	3044 	3140
f 3044 	3141 	3140
f 3044 	3047 	3141
f 3047 	3142 	3141
f 3047 	3046 	3142
f 3046 	3143 	3142
f 3046 	3049 	3143
f 3049 	3144 	3143
f 3049 	3048 	3144
f 3048 	3145 	3144
f 3048 	3051 	3145
f 3051 	3146 	3145
f 3051 	3050 	3146
f 3050 	3147 	3146
f 3050 	3053 	3147
f 3053 	3148 	3147
f 3053 	3052 	3148
f 3052 	3149 	3148
f 3052 	3055 	3149
f 3055 	3150 	3149
f 3055 	3054 	3150
f 3054 	3151 	3150
f 3054 	3057 	3151
f 3057 	3152 	3151
f 3057 	3056 	3152
f 3056 	3153 	3152
f 3056 	3059 	3153
f 3059 	3154 	3153
f 3059 	3058 	3154
f 3058 	3155 	3154
f 3058 	3061 	3155
f 3061 	3156 	3155
f 3061 	3060 	3156
f 3060 	3157 	3156
f 3060 	3063 	3157
f 3063 	3158 	3157
f 3063 	3062 	3158
f 3062 	3159 	3158
f 3062 	3065 	3159
f 3065 	3160 	3159
f 3065 	3064 	3160
f 3064 	3161 	3160
f 3064 	3067 	3161
f 3067 	3162 	3161
f 3067 	3066 	3162
f 3066 	3163 	3162
f 3066 	3069 	3163
f 3069 	3164 	3163
f 3069 	3068 	3164
f 3068 	3165 	3164
f 3068 	3071 	3165
f 3071 	3166 	3165
f 3071 	3070 	3166
f 3070 	3167 	3166
f 3070 	3073 	3167
f 3073 	3168 	3167
f 3073 	3072 	3168
f 3072 	3169 	3168
f 3072 	3075 	3169
f 3075 	3170 	3169
f 3075 	3074 	3170
f 3074 	3171 	3170
f 3074 	3077 	3171
f 3077 	3172 	3171
f 3077 	3076 	3172
f 3076 	3173 	3172
f 3076 	3079 	3173
f 3079 	3174 	3173
f 3079 	3078 	3174
f 3078 	3175 	3174
f 3078 	3081 	3175
f 3081 	3176 	3175
f 3081 	3080 	3176
f 3080 	3177 	3176
f 3080 	3083 	3177
f 3083 	3178 	3177
f 3083 	3082 	3178
f 3082 	3179 	3178
f 3082 	3085 	3179
f 3085 	3180 	3179
f 3085 	3084 	3180
f 3084 	3181 	3180
f 3084 	3086 	3181
f 3086 	3182 	3181
f 3086 	2993 	3182
f 2993 	3087 	3182
f 2993 	2992 	3087
f 2992 	3088 	3087
f 2992 	2991 	3088
f 2991 	3089 	3088
f 3183 	3184 	3185
f 3186 	3187 	3183
f 3188 	3189 	3190
f 3183 	3185 	3191
f 3192 	3186 	3183
f 3193 	3188 	3190
f 3183 	3191 	3194
f 3195 	3192 	3183
f 3196 	3193 	3190
f 3183 	3194 	3197
f 3198 	3195 	3183
f 3199 	3196 	3190
f 3183 	3197 	3200
f 3201 	3198 	3183
f 3202 	3199 	3190
f 3183 	3200 	3203
f 3204 	3201 	3183
f 3205 	3202 	3190
f 3183 	3203 	3206
f 3207 	3204 	3183
f 3208 	3205 	3190
f 3183 	3206 	3209
f 3210 	3207 	3183
f 3211 	3208 	3190
f 3183 	3209 	3212
f 3213 	3210 	3183
f 3214 	3211 	3190
f 3183 	3212 	3215
f 3216 	3213 	3183
f 3217 	3214 	3190
f 3183 	3215 	3218
f 3219 	3216 	3183
f 3220 	3217 	3190
f 3183 	3218 	3221
f 3222 	3219 	3183
f 3223 	3220 	3190
f 3183 	3221 	3224
f 3225 	3222 	3183
f 3226 	3223 	3190
f 3183 	3224 	3227
f 3228 	3225 	3183
f 3229 	3226 	3190
f 3183 	3227 	3230
f 3231 	3228 	3183
f 3232 	3229 	3190
f 3183 	3230 	3233
f 3234 	3231 	3183
f 3235 	3232 	3190
f 3234 	3183 	3233
f 3236 	3235 	3190
f 3234 	3233 	3237
f 3238 	3236 	3190
f 3234 	3237 	3239
f 3240 	3238 	3190
f 3234 	3239 	3241
f 3242 	3240 	3190
f 3234 	3241 	3243
f 3244 	3242 	3190
f 3234 	3243 	3245
f 3244 	3190 	3246
f 3234 	3245 	3247
f 3244 	3246 	3248
f 3234 	3247 	3249
f 3244 	3248 	3250
f 3234 	3249 	3251
f 3244 	3250 	3252
f 3234 	3251 	3253
f 3244 	3252 	3254
f 3255 	3234 	3253
f 3244 	3254 	3256
f 3257 	3255 	3253
f 3244 	3256 	3258
f 3259 	3257 	3253
f 3260 	3244 	3258
f 3258 	3259 	3253
f 3261 	3260 	3258
f 3258 	3253 	3262
f 3263 	3261 	3258
f 3258 	3262 	3264
f 3264 	3263 	3258
f 3265 	3266 	3267
f 3267 	3268 	3269
f 3270 	3271 	3272
f 3273 	3265 	3267
f 3267 	3269 	3274
f 3270 	3272 	3275
f 3276 	3273 	3267
f 3267 	3274 	3277
f 3270 	3275 	3278
f 3279 	3276 	3267
f 3267 	3277 	3280
f 3270 	3278 	3281
f 3282 	3279 	3267
f 3267 	3280 	3283
f 3270 	3281 	3284
f 3285 	3282 	3267
f 3267 	3283 	3286
f 3270 	3284 	3287
f 3288 	3285 	3267
f 3267 	3286 	3289
f 3270 	3287 	3290
f 3291 	3288 	3267
f 3267 	3289 	3292
f 3270 	3290 	3293
f 3294 	3291 	3267
f 3267 	3292 	3295
f 3270 	3293 	3296
f 3297 	3294 	3267
f 3267 	3295 	3298
f 3270 	3296 	3299
f 3300 	3297 	3267
f 3267 	3298 	3301
f 3270 	3299 	3302
f 3303 	3300 	3267
f 3267 	3301 	3304
f 3270 	3302 	3305
f 3306 	3303 	3267
f 3267 	3304 	3307
f 3270 	3305 	3308
f 3309 	3306 	3267
f 3267 	3307 	3310
f 3270 	3308 	3311
f 3312 	3309 	3267
f 3267 	3310 	3313
f 3270 	3311 	3314
f 3315 	3312 	3267
f 3267 	3313 	3316
f 3270 	3314 	3317
f 3315 	3267 	3316
f 3270 	3317 	3318
f 3319 	3315 	3316
f 3270 	3318 	3320
f 3321 	3319 	3316
f 3270 	3320 	3322
f 3323 	3321 	3316
f 3270 	3322 	3324
f 3325 	3323 	3316
f 3270 	3324 	3326
f 3327 	3325 	3316
f 3328 	3270 	3326
f 3329 	3327 	3316
f 3330 	3328 	3326
f 3331 	3329 	3316
f 3332 	3330 	3326
f 3333 	3331 	3316
f 3334 	3332 	3326
f 3335 	3333 	3316
f 3336 	3334 	3326
f 3335 	3316 	3337
f 3338 	3336 	3326
f 3335 	3337 	3339
f 3340 	3338 	3326
f 3335 	3339 	3341
f 3340 	3326 	3342
f 3335 	3341 	3340
f 3340 	3342 	3343
f 3344 	3335 	3340
f 3340 	3343 	3345
f 3346 	3344 	3340
f 3340 	3345 	3346
f 3184 	3183 	3266
f 3183 	3267 	3266
f 3183 	3187 	3267
f 3187 	3268 	3267
f 3187 	3186 	3268
f 3186 	3269 	3268
f 3186 	3192 	3269
f 3192 	3274 	3269
f 3192 	3195 	3274
f 3195 	3277 	3274
f 3195 	3198 	3277
f 3198 	3280 	3277
f 3198 	3201 	3280
f 3201 	3283 	3280
f 3201 	3204 	3283
f 3204 	3286 	3283
f 3204 	3207 	3286
f 3207 	3289 	3286
f 3207 	3210 	3289
f 3210 	3292 	3289
f 3210 	3213 	3292
f 3213 	3295 	3292
f 3213 	3216 	3295
f 3216 	3298 	3295
f 3216 	3219 	3298
f 3219 	3301 	3298
f 3219 	3222 	3301
f 3222 	3304 	3301
f 3222 	3225 	3304
f 3225 	3307 	3304
f 3225 	3228 	3307
f 3228 	3310 	3307
f 3228 	3231 	3310
f 3231 	3313 	3310
f 3231 	3234 	3313
f 3234 	3316 	3313
f 3234 	3255 	3316
f 3255 	3337 	3316
f 3255 	3257 	3337
f 3257 	3339 	3337
f 3257 	3259 	3339
f 3259 	3341 	3339
f 3259 	3258 	3341
f 3258 	3340 	3341
f 3258 	3256 	3340
f 3256 	3338 	3340
f 3256 	3254 	3338
f 3254 	3336 	3338
f 3254 	3252 	3336
f 3252 	3334 	3336
f 3252 	3250 	3334
f 3250 	3332 	3334
f 3250 	3248 	3332
f 3248 	3330 	3332
f 3248 	3246 	3330
f 3246 	3328 	3330
f 3246 	3190 	3328
f 3190 	3270 	3328
f 3190 	3189 	3270
f 3189 	3271 	3270
f 3189 	3188 	3271
f 3188 	3272 	3271
f 3188 	3193 	3272
f 3193 	3275 	3272
f 3193 	3196 	3275
f 3196 	3278 	3275
f 3196 	3199 	3278
f 3199 	3281 	3278
f 3199 	3202 	3281
f 3202 	3284 	3281
f 3202 	3205 	3284
f 3205 	3287 	3284
f 3205 	3208 	3287
f 3208 	3290 	3287
f 3208 	3211 	3290
f 3211 	3293 	3290
f 3211 	3214 	3293
f 3214 	3296 	3293
f 3214 	3217 	3296
f 3217 	3299 	3296
f 3217 	3220 	3299
f 3220 	3302 	3299
f 3220 	3223 	3302
f 3223 	3305 	3302
f 3223 	3226 	3305
f 3226 	3308 	3305
f 3226 	3229 	3308
f 3229 	3311 	3308
f 3229 	3232 	3311
f 3232 	3314 	3311
f 3232 	3235 	3314
f 3235 	3317 	3314
f 3235 	3236 	3317
f 3236 	3318 	3317
f 3236 	3238 	3318
f 3238 	3320 	3318
f 3238 	3240 	3320
f 3240 	3322 	3320
f 3240 	3242 	3322
f 3242 	3324 	3322
f 3242 	3244 	3324
f 3244 	3326 	3324
f 3244 	3260 	3326
f 3260 	3342 	3326
f 3260 	3261 	3342
f 3261 	3343 	3342
f 3261 	3263 	3343
f 3263 	3345 	3343
f 3263 	3264 	3345
f 3264 	3346 	3345
f 3264 	3262 	3346
f 3262 	3344 	3346
f 3262 	3253 	3344
f 3253 	3335 	3344
f 3253 	3251 	3335
f 3251 	3333 	3335
f 3251 	3249 	3333
f 3249 	3331 	3333
f 3249 	3247 	3331
f 3247 	3329 	3331
f 3247 	3245 	3329
f 3245 	3327 	3329
f 3245 	3243 	3327
f 3243 	3325 	3327
f 3243 	3241 	3325
f 3241 	3323 	3325
f 3241 	3239 	3323
f 3239 	3321 	3323
f 3239 	3237 	3321
f 3237 	3319 	3321
f 3237 	3233 	3319
f 3233 	3315 	3319
f 3233 	3230 	3315
f 3230 	3312 	3315
f 3230 	3227 	3312
f 3227 	3309 	3312
f 3227 	3224 	3309
f 3224 	3306 	3309
f 3224 	3221 	3306
f 3221 	3303 	3306
f 3221 	3218 	3303
f 3218 	3300 	3303
f 3218 	3215 	3300
f 3215 	3297 	3300
f 3215 	3212 	3297
f 3212 	3294 	3297
f 3212 	3209 	3294
f 3209 	3291 	3294
f 3209 	3206 	3291
f 3206 	3288 	3291
f 3206 	3203 	3288
f 3203 	3285 	3288
f 3203 	3200 	3285
f 3200 	3282 	3285
f 3200 	3197 	3282
f 3197 	3279 	3282
f 3197 	3194 	3279
f 3194 	3276 	3279
f 3194 	3191 	3276
f 3191 	3273 	3276
f 3191 	3185 	3273
f 3185 	3265 	3273
f 3185 	3184 	3265
f 3184 	3266 	3265
f 3347 	3348 	3349
f 3350 	3351 	3347
f 3352 	3353 	3350
f 3354 	3355 	3352
f 3356 	3357 	3354
f 3358 	3359 	3356
f 3360 	3361 	3358
f 3362 	3363 	3360
f 3364 	3365 	3362
f 3366 	3367 	3364
f 3368 	3369 	3366
f 3370 	3371 	3368
f 3372 	3373 	3370
f 3374 	3375 	3372
f 3376 	3377 	3374
f 3378 	3379 	3376
f 3380 	3381 	3378
f 3382 	3383 	3380
f 3384 	3385 	3382
f 3386 	3387 	3388
f 3389 	3390 	3386
f 3391 	3392 	3389
f 3393 	3394 	3391
f 3395 	3396 	3393
f 3397 	3398 	3395
f 3399 	3400 	3397
f 3401 	3402 	3399
f 3403 	3404 	3401
f 3405 	3406 	3403
f 3407 	3408 	3405
f 3409 	3410 	3407
f 3411 	3412 	3409
f 3413 	3414 	3411
f 3415 	3416 	3413
f 3417 	3418 	3415
f 3419 	3420 	3417
f 3421 	3422 	3419
f 3423 	3424 	3421
f 3425 	3426 	3423
f 3427 	3428 	3425
f 3429 	3430 	3427
f 3431 	3432 	3429
f 3433 	3434 	3431
f 3435 	3436 	3433
f 3437 	3438 	3435
f 3439 	3440 	3437
f 3441 	3442 	3439
f 3443 	3444 	3441
f 3445 	3446 	3443
f 3447 	3448 	3445
f 3449 	3450 	3447
f 3451 	3452 	3449
f 3453 	3454 	3451
f 3455 	3456 	3453
f 3457 	3458 	3455
f 3459 	3460 	3457
f 3461 	3462 	3459
f 3463 	3464 	3461
f 3465 	3466 	3463
f 3467 	3468 	3465
f 3469 	3470 	3467
f 3471 	3472 	3469
f 3473 	3474 	3471
f 3475 	3476 	3473
f 3477 	3478 	3475
f 3479 	3480 	3477
f 3349 	3481 	3479
f 3350 	3347 	3349
f 3354 	3352 	3350
f 3358 	3356 	3354
f 3362 	3360 	3358
f 3366 	3364 	3362
f 3370 	3368 	3366
f 3374 	3372 	3370
f 3378 	3376 	3374
f 3382 	3380 	3378
f 3482 	3384 	3382
f 3386 	3388 	3483
f 3391 	3389 	3386
f 3395 	3393 	3391
f 3399 	3397 	3395
f 3403 	3401 	3399
f 3407 	3405 	3403
f 3411 	3409 	3407
f 3415 	3413 	3411
f 3419 	3417 	3415
f 3423 	3421 	3419
f 3427 	3425 	3423
f 3431 	3429 	3427
f 3435 	3433 	3431
f 3439 	3437 	3435
f 3443 	3441 	3439
f 3447 	3445 	3443
f 3451 	3449 	3447
f 3455 	3453 	3451
f 3459 	3457 	3455
f 3463 	3461 	3459
f 3467 	3465 	3463
f 3471 	3469 	3467
f 3475 	3473 	3471
f 3479 	3477 	3475
f 3350 	3349 	3479
f 3358 	3354 	3350
f 3366 	3362 	3358
f 3374 	3370 	3366
f 3382 	3378 	3374
f 3484 	3482 	3382
f 3386 	3483 	3485
f 3395 	3391 	3386
f 3403 	3399 	3395
f 3411 	3407 	3403
f 3419 	3415 	3411
f 3427 	3423 	3419
f 3435 	3431 	3427
f 3443 	3439 	3435
f 3451 	3447 	3443
f 3459 	3455 	3451
f 3467 	3463 	3459
f 3475 	3471 	3467
f 3350 	3479 	3475
f 3366 	3358 	3350
f 3382 	3374 	3366
f 3486 	3484 	3382
f 3386 	3485 	3487
f 3403 	3395 	3386
f 3419 	3411 	3403
f 3435 	3427 	3419
f 3451 	3443 	3435
f 3467 	3459 	3451
f 3350 	3475 	3467
f 3382 	3366 	3350
f 3488 	3486 	3382
f 3386 	3487 	3489
f 3419 	3403 	3386
f 3488 	3382 	3350
f 3386 	3489 	3490
f 3491 	3488 	3350
f 3386 	3490 	3492
f 3493 	3491 	3350
f 3386 	3492 	3494
f 3495 	3493 	3350
f 3386 	3494 	3496
f 3497 	3495 	3350
f 3419 	3386 	3496
f 3498 	3497 	3350
f 3419 	3496 	3499
f 3500 	3498 	3350
f 3419 	3499 	3501
f 3502 	3500 	3350
f 3419 	3501 	3503
f 3504 	3502 	3350
f 3419 	3503 	3505
f 3506 	3504 	3350
f 3419 	3505 	3507
f 3508 	3506 	3350
f 3419 	3507 	3509
f 3510 	3508 	3350
f 3419 	3509 	3511
f 3512 	3510 	3350
f 3419 	3511 	3513
f 3514 	3512 	3350
f 3419 	3513 	3515
f 3516 	3514 	3350
f 3419 	3515 	3517
f 3518 	3516 	3350
f 3419 	3517 	3519
f 3520 	3518 	3350
f 3419 	3519 	3521
f 3522 	3520 	3350
f 3419 	3521 	3523
f 3524 	3522 	3350
f 3419 	3523 	3525
f 3526 	3524 	3350
f 3419 	3525 	3527
f 3528 	3526 	3350
f 3419 	3527 	3529
f 3528 	3350 	3467
f 3435 	3419 	3529
f 3530 	3528 	3467
f 3435 	3529 	3531
f 3532 	3530 	3467
f 3435 	3531 	3533
f 3534 	3532 	3467
f 3435 	3533 	3535
f 3536 	3534 	3467
f 3435 	3535 	3537
f 3538 	3536 	3467
f 3435 	3537 	3539
f 3538 	3467 	3451
f 3435 	3539 	3540
f 3541 	3538 	3451
f 3435 	3540 	3542
f 3543 	3541 	3451
f 3435 	3542 	3544
f 3545 	3543 	3451
f 3435 	3544 	3546
f 3547 	3545 	3451
f 3435 	3546 	3548
f 3549 	3547 	3451
f 3435 	3548 	3550
f 3551 	3549 	3451
f 3451 	3435 	3550
f 3552 	3551 	3451
f 3451 	3550 	3553
f 3554 	3552 	3451
f 3451 	3553 	3555
f 3556 	3554 	3451
f 3451 	3555 	3557
f 3558 	3556 	3451
f 3451 	3557 	3559
f 3560 	3558 	3451
f 3451 	3559 	3561
f 3562 	3560 	3451
f 3451 	3561 	3562
f 3563 	3564 	3565
f 3565 	3566 	3567
f 3567 	3568 	3569
f 3569 	3570 	3571
f 3571 	3572 	3573
f 3573 	3574 	3575
f 3575 	3576 	3577
f 3577 	3578 	3579
f 3579 	3580 	3581
f 3581 	3582 	3583
f 3583 	3584 	3585
f 3585 	3586 	3587
f 3587 	3588 	3589
f 3589 	3590 	3591
f 3591 	3592 	3593
f 3593 	3594 	3595
f 3595 	3596 	3597
f 3597 	3598 	3599
f 3599 	3600 	3601
f 3602 	3603 	3604
f 3604 	3605 	3606
f 3606 	3607 	3608
f 3608 	3609 	3610
f 3610 	3611 	3612
f 3612 	3613 	3614
f 3614 	3615 	3616
f 3616 	3617 	3618
f 3618 	3619 	3620
f 3620 	3621 	3622
f 3622 	3623 	3624
f 3624 	3625 	3626
f 3626 	3627 	3628
f 3628 	3629 	3630
f 3630 	3631 	3632
f 3632 	3633 	3634
f 3634 	3635 	3636
f 3636 	3637 	3638
f 3638 	3639 	3640
f 3640 	3641 	3642
f 3642 	3643 	3644
f 3644 	3645 	3646
f 3646 	3647 	3648
f 3648 	3649 	3650
f 3650 	3651 	3652
f 3652 	3653 	3654
f 3654 	3655 	3656
f 3656 	3657 	3658
f 3658 	3659 	3660
f 3660 	3661 	3662
f 3662 	3663 	3664
f 3664 	3665 	3666
f 3666 	3667 	3668
f 3668 	3669 	3670
f 3670 	3671 	3672
f 3672 	3673 	3674
f 3674 	3675 	3676
f 3676 	3677 	3678
f 3678 	3679 	3680
f 3680 	3681 	3682
f 3682 	3683 	3684
f 3684 	3685 	3686
f 3686 	3687 	3688
f 3688 	3689 	3690
f 3690 	3691 	3692
f 3692 	3693 	3694
f 3694 	3695 	3696
f 3696 	3697 	3563
f 3563 	3565 	3567
f 3567 	3569 	3571
f 3571 	3573 	3575
f 3575 	3577 	3579
f 3579 	3581 	3583
f 3583 	3585 	3587
f 3587 	3589 	3591
f 3591 	3593 	3595
f 3595 	3597 	3599
f 3599 	3601 	3698
f 3699 	3602 	3604
f 3604 	3606 	3608
f 3608 	3610 	3612
f 3612 	3614 	3616
f 3616 	3618 	3620
f 3620 	3622 	3624
f 3624 	3626 	3628
f 3628 	3630 	3632
f 3632 	3634 	3636
f 3636 	3638 	3640
f 3640 	3642 	3644
f 3644 	3646 	3648
f 3648 	3650 	3652
f 3652 	3654 	3656
f 3656 	3658 	3660
f 3660 	3662 	3664
f 3664 	3666 	3668
f 3668 	3670 	3672
f 3672 	3674 	3676
f 3676 	3678 	3680
f 3680 	3682 	3684
f 3684 	3686 	3688
f 3688 	3690 	3692
f 3692 	3694 	3696
f 3696 	3563 	3567
f 3567 	3571 	3575
f 3575 	3579 	3583
f 3583 	3587 	3591
f 3591 	3595 	3599
f 3599 	3698 	3700
f 3701 	3699 	3604
f 3604 	3608 	3612
f 3612 	3616 	3620
f 3620 	3624 	3628
f 3628 	3632 	3636
f 3636 	3640 	3644
f 3644 	3648 	3652
f 3652 	3656 	3660
f 3660 	3664 	3668
f 3668 	3672 	3676
f 3676 	3680 	3684
f 3684 	3688 	3692
f 3692 	3696 	3567
f 3567 	3575 	3583
f 3583 	3591 	3599
f 3599 	3700 	3702
f 3703 	3701 	3604
f 3604 	3612 	3620
f 3620 	3628 	3636
f 3636 	3644 	3652
f 3652 	3660 	3668
f 3668 	3676 	3684
f 3684 	3692 	3567
f 3567 	3583 	3599
f 3599 	3702 	3704
f 3705 	3703 	3604
f 3604 	3620 	3636
f 3567 	3599 	3704
f 3706 	3705 	3604
f 3567 	3704 	3707
f 3708 	3706 	3604
f 3567 	3707 	3709
f 3710 	3708 	3604
f 3567 	3709 	3711
f 3712 	3710 	3604
f 3567 	3711 	3713
f 3712 	3604 	3636
f 3567 	3713 	3714
f 3715 	3712 	3636
f 3567 	3714 	3716
f 3717 	3715 	3636
f 3567 	3716 	3718
f 3719 	3717 	3636
f 3567 	3718 	3720
f 3721 	3719 	3636
f 3567 	3720 	3722
f 3723 	3721 	3636
f 3567 	3722 	3724
f 3725 	3723 	3636
f 3567 	3724 	3726
f 3727 	3725 	3636
f 3567 	3726 	3728
f 3729 	3727 	3636
f 3567 	3728 	3730
f 3731 	3729 	3636
f 3567 	3730 	3732
f 3733 	3731 	3636
f 3567 	3732 	3734
f 3735 	3733 	3636
f 3567 	3734 	3736
f 3737 	3735 	3636
f 3567 	3736 	3738
f 3739 	3737 	3636
f 3567 	3738 	3740
f 3741 	3739 	3636
f 3567 	3740 	3742
f 3743 	3741 	3636
f 3567 	3742 	3744
f 3745 	3743 	3636
f 3684 	3567 	3744
f 3745 	3636 	3652
f 3684 	3744 	3746
f 3747 	3745 	3652
f 3684 	3746 	3748
f 3749 	3747 	3652
f 3684 	3748 	3750
f 3751 	3749 	3652
f 3684 	3750 	3752
f 3753 	3751 	3652
f 3684 	3752 	3754
f 3755 	3753 	3652
f 3668 	3684 	3754
f 3756 	3755 	3652
f 3668 	3754 	3757
f 3758 	3756 	3652
f 3668 	3757 	3759
f 3760 	3758 	3652
f 3668 	3759 	3761
f 3762 	3760 	3652
f 3668 	3761 	3763
f 3764 	3762 	3652
f 3668 	3763 	3765
f 3766 	3764 	3652
f 3668 	3765 	3767
f 3766 	3652 	3668
f 3668 	3767 	3768
f 3769 	3766 	3668
f 3668 	3768 	3770
f 3771 	3769 	3668
f 3668 	3770 	3772
f 3773 	3771 	3668
f 3668 	3772 	3774
f 3775 	3773 	3668
f 3668 	3774 	3776
f 3777 	3775 	3668
f 3668 	3776 	3778
f 3778 	3777 	3668
f 3347 	3351 	3565
f 3351 	3566 	3565
f 3351 	3350 	3566
f 3350 	3567 	3566
f 3350 	3353 	3567
f 3353 	3568 	3567
f 3353 	3352 	3568
f 3352 	3569 	3568
f 3352 	3355 	3569
f 3355 	3570 	3569
f 3355 	3354 	3570
f 3354 	3571 	3570
f 3354 	3357 	3571
f 3357 	3572 	3571
f 3357 	3356 	3572
f 3356 	3573 	3572
f 3356 	3359 	3573
f 3359 	3574 	3573
f 3359 	3358 	3574
f 3358 	3575 	3574
f 3358 	3361 	3575
f 3361 	3576 	3575
f 3361 	3360 	3576
f 3360 	3577 	3576
f 3360 	3363 	3577
f 3363 	3578 	3577
f 3363 	3362 	3578
f 3362 	3579 	3578
f 3362 	3365 	3579
f 3365 	3580 	3579
f 3365 	3364 	3580
f 3364 	3581 	3580
f 3364 	3367 	3581
f 3367 	3582 	3581
f 3367 	3366 	3582
f 3366 	3583 	3582
f 3366 	3369 	3583
f 3369 	3584 	3583
f 3369 	3368 	3584
f 3368 	3585 	3584
f 3368 	3371 	3585
f 3371 	3586 	3585
f 3371 	3370 	3586
f 3370 	3587 	3586
f 3370 	3373 	3587
f 3373 	3588 	3587
f 3373 	3372 	3588
f 3372 	3589 	3588
f 3372 	3375 	3589
f 3375 	3590 	3589
f 3375 	3374 	3590
f 3374 	3591 	3590
f 3374 	3377 	3591
f 3377 	3592 	3591
f 3377 	3376 	3592
f 3376 	3593 	3592
f 3376 	3379 	3593
f 3379 	3594 	3593
f 3379 	3378 	3594
f 3378 	3595 	3594
f 3378 	3381 	3595
f 3381 	3596 	3595
f 3381 	3380 	3596
f 3380 	3597 	3596
f 3380 	3383 	3597
f 3383 	3598 	3597
f 3383 	3382 	3598
f 3382 	3599 	3598
f 3382 	3385 	3599
f 3385 	3600 	3599
f 3385 	3384 	3600
f 3384 	3601 	3600
f 3384 	3482 	3601
f 3482 	3698 	3601
f 3482 	3484 	3698
f 3484 	3700 	3698
f 3484 	3486 	3700
f 3486 	3702 	3700
f 3486 	3488 	3702
f 3488 	3704 	3702
f 3488 	3491 	3704
f 3491 	3707 	3704
f 3491 	3493 	3707
f 3493 	3709 	3707
f 3493 	3495 	3709
f 3495 	3711 	3709
f 3495 	3497 	3711
f 3497 	3713 	3711
f 3497 	3498 	3713
f 3498 	3714 	3713
f 3498 	3500 	3714
f 3500 	3716 	3714
f 3500 	3502 	3716
f 3502 	3718 	3716
f 3502 	3504 	3718
f 3504 	3720 	3718
f 3504 	3506 	3720
f 3506 	3722 	3720
f 3506 	3508 	3722
f 3508 	3724 	3722
f 3508 	3510 	3724
f 3510 	3726 	3724
f 3510 	3512 	3726
f 3512 	3728 	3726
f 3512 	3514 	3728
f 3514 	3730 	3728
f 3514 	3516 	3730
f 3516 	3732 	3730
f 3516 	3518 	3732
f 3518 	3734 	3732
f 3518 	3520 	3734
f 3520 	3736 	3734
f 3520 	3522 	3736
f 3522 	3738 	3736
f 3522 	3524 	3738
f 3524 	3740 	3738
f 3524 	3526 	3740
f 3526 	3742 	3740
f 3526 	3528 	3742
f 3528 	3744 	3742
f 3528 	3530 	3744
f 3530 	3746 	3744
f 3530 	3532 	3746
f 3532 	3748 	3746
f 3532 	3534 	3748
f 3534 	3750 	3748
f 3534 	3536 	3750
f 3536 	3752 	3750
f 3536 	3538 	3752
f 3538 	3754 	3752
f 3538 	3541 	3754
f 3541 	3757 	3754
f 3541 	3543 	3757
f 3543 	3759 	3757
f 3543 	3545 	3759
f 3545 	3761 	3759
f 3545 	3547 	3761
f 3547 	3763 	3761
f 3547 	3549 	3763
f 3549 	3765 	3763
f 3549 	3551 	3765
f 3551 	3767 	3765
f 3551 	3552 	3767
f 3552 	3768 	3767
f 3552 	3554 	3768
f 3554 	3770 	3768
f 3554 	3556 	3770
f 3556 	3772 	3770
f 3556 	3558 	3772
f 3558 	3774 	3772
f 3558 	3560 	3774
f 3560 	3776 	3774
f 3560 	3562 	3776
f 3562 	3778 	3776
f 3562 	3561 	3778
f 3561 	3777 	3778
f 3561 	3559 	3777
f 3559 	3775 	3777
f 3559 	3557 	3775
f 3557 	3773 	3775
f 3557 	3555 	3773
f 3555 	3771 	3773
f 3555 	3553 	3771
f 3553 	3769 	3771
f 3553 	3550 	3769
f 3550 	3766 	3769
f 3550 	3548 	3766
f 3548 	3764 	3766
f 3548 	3546 	3764
f 3546 	3762 	3764
f 3546 	3544 	3762
f 3544 	3760 	3762
f 3544 	3542 	3760
f 3542 	3758 	3760
f 3542 	3540 	3758
f 3540 	3756 	3758
f 3540 	3539 	3756
f 3539 	3755 	3756
f 3539 	3537 	3755
f 3537 	3753 	3755
f 3537 	3535 	3753
f 3535 	3751 	3753
f 3535 	3533 	3751
f 3533 	3749 	3751
f 3533 	3531 	3749
f 3531 	3747 	3749
f 3531 	3529 	3747
f 3529 	3745 	3747
f 3529 	3527 	3745
f 3527 	3743 	3745
f 3527 	3525 	3743
f 3525 	3741 	3743
f 3525 	3523 	3741
f 3523 	3739 	3741
f 3523 	3521 	3739
f 3521 	3737 	3739
f 3521 	3519 	3737
f 3519 	3735 	3737
f 3519 	3517 	3735
f 3517 	3733 	3735
f 3517 	3515 	3733
f 3515 	3731 	3733
f 3515 	3513 	3731
f 3513 	3729 	3731
f 3513 	3511 	3729
f 3511 	3727 	3729
f 3511 	3509 	3727
f 3509 	3725 	3727
f 3509 	3507 	3725
f 3507 	3723 	3725
f 3507 	3505 	3723
f 3505 	3721 	3723
f 3505 	3503 	3721
f 3503 	3719 	3721
f 3503 	3501 	3719
f 3501 	3717 	3719
f 3501 	3499 	3717
f 3499 	3715 	3717
f 3499 	3496 	3715
f 3496 	3712 	3715
f 3496 	3494 	3712
f 3494 	3710 	3712
f 3494 	3492 	3710
f 3492 	3708 	3710
f 3492 	3490 	3708
f 3490 	3706 	3708
f 3490 	3489 	3706
f 3489 	3705 	3706
f 3489 	3487 	3705
f 3487 	3703 	3705
f 3487 	3485 	3703
f 3485 	3701 	3703
f 3485 	3483 	3701
f 3483 	3699 	3701
f 3483 	3388 	3699
f 3388 	3602 	3699
f 3388 	3387 	3602
f 3387 	3603 	3602
f 3387 	3386 	3603
f 3386 	3604 	3603
f 3386 	3390 	3604
f 3390 	3605 	3604
f 3390 	3389 	3605
f 3389 	3606 	3605
f 3389 	3392 	3606
f 3392 	3607 	3606
f 3392 	3391 	3607
f 3391 	3608 	3607
f 3391 	3394 	3608
f 3394 	3609 	3608
f 3394 	3393 	3609
f 3393 	3610 	3609
f 3393 	3396 	3610
f 3396 	3611 	3610
f 3396 	3395 	3611
f 3395 	3612 	3611
f 3395 	3398 	3612
f 3398 	3613 	3612
f 3398 	3397 	3613
f 3397 	3614 	3613
f 3397 	3400 	3614
f 3400 	3615 	3614
f 3400 	3399 	3615
f 3399 	3616 	3615
f 3399 	3402 	3616
f 3402 	3617 	3616
f 3402 	3401 	3617
f 3401 	3618 	3617
f 3401 	3404 	3618
f 3404 	3619 	3618
f 3404 	3403 	3619
f 3403 	3620 	3619
f 3403 	3406 	3620
f 3406 	3621 	3620
f 3406 	3405 	3621
f 3405 	3622 	3621
f 3405 	3408 	3622
f 3408 	3623 	3622
f 3408 	3407 	3623
f 3407 	3624 	3623
f 3407 	3410 	3624
f 3410 	3625 	3624
f 3410 	3409 	3625
f 3409 	3626 	3625
f 3409 	3412 	3626
f 3412 	3627 	3626
f 3412 	3411 	3627
f 3411 	3628 	3627
f 3411 	3414 	3628
f 3414 	3629 	3628
f 3414 	3413 	3629
f 3413 	3630 	3629
f 3413 	3416 	3630
f 3416 	3631 	3630
f 3416 	3415 	3631
f 3415 	3632 	3631
f 3415 	3418 	3632
f 3418 	3633 	3632
f 3418 	3417 	3633
f 3417 	3634 	3633
f 3417 	3420 	3634
f 3420 	3635 	3634
f 3420 	3419 	3635
f 3419 	3636 	3635
f 3419 	3422 	3636
f 3422 	3637 	3636
f 3422 	3421 	3637
f 3421 	3638 	3637
f 3421 	3424 	3638
f 3424 	3639 	3638
f 3424 	3423 	3639
f 3423 	3640 	3639
f 3423 	3426 	3640
f 3426 	3641 	3640
f 3426 	3425 	3641
f 3425 	3642 	3641
f 3425 	3428 	3642
f 3428 	3643 	3642
f 3428 	3427 	3643
f 3427 	3644 	3643
f 3427 	3430 	3644
f 3430 	3645 	3644
f 3430 	3429 	3645
f 3429 	3646 	3645
f 3429 	3432 	3646
f 3432 	3647 	3646
f 3432 	3431 	3647
f 3431 	3648 	3647
f 3431 	3434 	3648
f 3434 	3649 	3648
f 3434 	3433 	3649
f 3433 	3650 	3649
f 3433 	3436 	3650
f 3436 	3651 	3650
f 3436 	3435 	3651
f 3435 	3652 	3651
f 3435 	3438 	3652
f 3438 	3653 	3652
f 3438 	3437 	3653
f 3437 	3654 	3653
f 3437 	3440 	3654
f 3440 	3655 	3654
f 3440 	3439 	3655
f 3439 	3656 	3655
f 3439 	3442 	3656
f 3442 	3657 	3656
f 3442 	3441 	3657
f 3441 	3658 	3657
f 3441 	3444 	3658
f 3444 	3659 	3658
f 3444 	3443 	3659
f 3443 	3660 	3659
f 3443 	3446 	3660
f 3446 	3661 	3660
f 3446 	3445 	3661
f 3445 	3662 	3661
f 3445 	3448 	3662
f 3448 	3663 	3662
f 3448 	3447 	3663
f 3447 	3664 	3663
f 3447 	3450 	3664
f 3450 	3665 	3664
f 3450 	3449 	3665
f 3449 	3666 	3665
f 3449 	3452 	3666
f 3452 	3667 	3666
f 3452 	3451 	3667
f 3451 	3668 	3667
f 3451 	3454 	3668
f 3454 	3669 	3668
f 3454 	3453 	3669
f 3453 	3670 	3669
f 3453 	3456 	3670
f 3456 	3671 	3670
f 3456 	3455 	3671
f 3455 	3672 	3671
f 3455 	3458 	3672
f 3458 	3673 	3672
f 3458 	3457 	3673
f 3457 	3674 	3673
f 3457 	3460 	3674
f 3460 	3675 	3674
f 3460 	3459 	3675
f 3459 	3676 	3675
f 3459 	3462 	3676
f 3462 	3677 	3676
f 3462 	3461 	3677
f 3461 	3678 	3677
f 3461 	3464 	3678
f 3464 	3679 	3678
f 3464 	3463 	3679
f 3463 	3680 	3679
f 3463 	3466 	3680
f 3466 	3681 	3680
f 3466 	3465 	3681
f 3465 	3682 	3681
f 3465 	3468 	3682
f 3468 	3683 	3682
f 3468 	3467 	3683
f 3467 	3684 	3683
f 3467 	3470 	3684
f 3470 	3685 	3684
f 3470 	3469 	3685
f 3469 	3686 	3685
f 3469 	3472 	3686
f 3472 	3687 	3686
f 3472 	3471 	3687
f 3471 	3688 	3687
f 3471 	3474 	3688
f 3474 	3689 	3688
f 3474 	3473 	3689
f 3473 	3690 	3689
f 3473 	3476 	3690
f 3476 	3691 	3690
f 3476 	3475 	3691
f 3475 	3692 	3691
f 3475 	3478 	3692
f 3478 	3693 	3692
f 3478 	3477 	3693
f 3477 	3694 	3693
f 3477 	3480 	3694
f 3480 	3695 	3694
f 3480 	3479 	3695
f 3479 	3696 	3695
f 3479 	3481 	3696
f 3481 	3697 	3696
f 3481 	3349 	3697
f 3349 	3563 	3697
f 3349 	3348 	3563
f 3348 	3564 	3563
f 3348 	3347 	3564
f 3347 	3565 	3564
f 3779 	3780 	3781
f 3782 	3783 	3779
f 3784 	3785 	3782
f 3786 	3787 	3784
f 3788 	3789 	3786
f 3790 	3791 	3788
f 3792 	3793 	3790
f 3794 	3795 	3792
f 3796 	3797 	3794
f 3798 	3799 	3796
f 3800 	3801 	3798
f 3802 	3803 	3800
f 3804 	3805 	3802
f 3806 	3807 	3804
f 3808 	3809 	3806
f 3810 	3811 	3812
f 3813 	3814 	3810
f 3815 	3816 	3813
f 3817 	3818 	3815
f 3819 	3820 	3817
f 3821 	3822 	3819
f 3823 	3824 	3821
f 3825 	3826 	3823
f 3827 	3828 	3825
f 3829 	3830 	3827
f 3831 	3832 	3829
f 3833 	3834 	3831
f 3835 	3836 	3833
f 3837 	3838 	3835
f 3839 	3840 	3837
f 3841 	3842 	3839
f 3843 	3844 	3841
f 3845 	3846 	3843
f 3847 	3848 	3845
f 3849 	3850 	3847
f 3851 	3852 	3849
f 3853 	3854 	3851
f 3855 	3856 	3853
f 3857 	3858 	3855
f 3859 	3860 	3857
f 3857 	3860 	3861
f 3862 	3863 	3857
f 3864 	3865 	3862
f 3866 	3867 	3864
f 3868 	3869 	3866
f 3870 	3871 	3868
f 3872 	3873 	3870
f 3874 	3875 	3872
f 3876 	3877 	3874
f 3878 	3879 	3876
f 3880 	3881 	3878
f 3882 	3883 	3880
f 3884 	3885 	3882
f 3781 	3886 	3884
f 3782 	3779 	3781
f 3786 	3784 	3782
f 3790 	3788 	3786
f 3794 	3792 	3790
f 3798 	3796 	3794
f 3802 	3800 	3798
f 3806 	3804 	3802
f 3887 	3808 	3806
f 3813 	3810 	3812
f 3817 	3815 	3813
f 3821 	3819 	3817
f 3825 	3823 	3821
f 3829 	3827 	3825
f 3833 	3831 	3829
f 3837 	3835 	3833
f 3841 	3839 	3837
f 3845 	3843 	3841
f 3849 	3847 	3845
f 3853 	3851 	3849
f 3857 	3855 	3853
f 3888 	3859 	3857
f 3862 	3857 	3861
f 3866 	3864 	3862
f 3870 	3868 	3866
f 3874 	3872 	3870
f 3878 	3876 	3874
f 3882 	3880 	3878
f 3781 	3884 	3882
f 3786 	3782 	3781
f 3794 	3790 	3786
f 3802 	3798 	3794
f 3887 	3806 	3802
f 3821 	3817 	3813
f 3829 	3825 	3821
f 3837 	3833 	3829
f 3845 	3841 	3837
f 3853 	3849 	3845
f 3888 	3857 	3853
f 3870 	3866 	3862
f 3878 	3874 	3870
f 3781 	3882 	3878
f 3794 	3786 	3781
f 3887 	3802 	3794
f 3829 	3821 	3813
f 3845 	3837 	3829
f 3888 	3853 	3845
f 3878 	3870 	3862
f 3794 	3781 	3878
f 3889 	3887 	3794
f 3890 	3888 	3845
f 3891 	3889 	3794
f 3892 	3890 	3845
f 3893 	3891 	3794
f 3894 	3892 	3845
f 3895 	3893 	3794
f 3896 	3894 	3845
f 3897 	3895 	3794
f 3898 	3896 	3845
f 3899 	3897 	3794
f 3900 	3898 	3845
f 3901 	3899 	3794
f 3902 	3900 	3845
f 3903 	3901 	3794
f 3904 	3902 	3845
f 3905 	3903 	3794
f 3904 	3845 	3829
f 3906 	3905 	3794
f 3907 	3904 	3829
f 3908 	3906 	3794
f 3909 	3907 	3829
f 3910 	3908 	3794
f 3911 	3909 	3829
f 3912 	3910 	3794
f 3913 	3911 	3829
f 3914 	3912 	3794
f 3915 	3913 	3829
f 3916 	3914 	3794
f 3917 	3915 	3829
f 3918 	3916 	3794
f 3919 	3917 	3829
f 3920 	3918 	3794
f 3919 	3829 	3813
f 3921 	3920 	3794
f 3922 	3919 	3813
f 3921 	3794 	3878
f 3923 	3922 	3813
f 3924 	3921 	3878
f 3925 	3923 	3813
f 3926 	3924 	3878
f 3927 	3925 	3813
f 3928 	3926 	3878
f 3929 	3927 	3813
f 3930 	3928 	3878
f 3931 	3929 	3813
f 3932 	3930 	3878
f 3933 	3931 	3813
f 3934 	3932 	3878
f 3935 	3933 	3813
f 3936 	3934 	3878
f 3937 	3935 	3813
f 3938 	3936 	3878
f 3939 	3937 	3813
f 3940 	3938 	3878
f 3941 	3939 	3813
f 3942 	3940 	3878
f 3943 	3941 	3813
f 3944 	3942 	3878
f 3945 	3943 	3813
f 3946 	3944 	3878
f 3947 	3945 	3813
f 3948 	3946 	3878
f 3949 	3947 	3813
f 3950 	3948 	3878
f 3951 	3949 	3813
f 3950 	3878 	3862
f 3952 	3951 	3813
f 3953 	3950 	3862
f 3954 	3952 	3813
f 3955 	3953 	3862
f 3861 	3954 	3813
f 3956 	3955 	3862
f 3861 	3813 	3812
f 3957 	3956 	3862
f 3862 	3861 	3812
f 3958 	3957 	3862
f 3862 	3812 	3959
f 3960 	3958 	3862
f 3862 	3959 	3961
f 3962 	3960 	3862
f 3862 	3961 	3963
f 3964 	3962 	3862
f 3862 	3963 	3965
f 3966 	3964 	3862
f 3862 	3965 	3967
f 3967 	3966 	3862
f 3968 	3969 	3970
f 3970 	3971 	3972
f 3972 	3973 	3974
f 3974 	3975 	3976
f 3976 	3977 	3978
f 3978 	3979 	3980
f 3980 	3981 	3982
f 3982 	3983 	3984
f 3984 	3985 	3986
f 3986 	3987 	3988
f 3988 	3989 	3990
f 3990 	3991 	3992
f 3992 	3993 	3994
f 3994 	3995 	3996
f 3996 	3997 	3998
f 3999 	4000 	4001
f 4001 	4002 	4003
f 4003 	4004 	4005
f 4005 	4006 	4007
f 4007 	4008 	4009
f 4009 	4010 	4011
f 4011 	4012 	4013
f 4013 	4014 	4015
f 4015 	4016 	4017
f 4017 	4018 	4019
f 4019 	4020 	4021
f 4021 	4022 	4023
f 4023 	4024 	4025
f 4025 	4026 	4027
f 4027 	4028 	4029
f 4029 	4030 	4031
f 4031 	4032 	4033
f 4033 	4034 	4035
f 4035 	4036 	4037
f 4037 	4038 	4039
f 4039 	4040 	4041
f 4041 	4042 	4043
f 4043 	4044 	4045
f 4045 	4046 	4047
f 4047 	4048 	4049
f 4050 	4048 	4047
f 4047 	4051 	4052
f 4052 	4053 	4054
f 4054 	4055 	4056
f 4056 	4057 	4058
f 4058 	4059 	4060
f 4060 	4061 	4062
f 4062 	4063 	4064
f 4064 	4065 	4066
f 4066 	4067 	4068
f 4068 	4069 	4070
f 4070 	4071 	4072
f 4072 	4073 	4074
f 4074 	4075 	3968
f 3968 	3970 	3972
f 3972 	3974 	3976
f 3976 	3978 	3980
f 3980 	3982 	3984
f 3984 	3986 	3988
f 3988 	3990 	3992
f 3992 	3994 	3996
f 3996 	3998 	4076
f 3999 	4001 	4003
f 4003 	4005 	4007
f 4007 	4009 	4011
f 4011 	4013 	4015
f 4015 	4017 	4019
f 4019 	4021 	4023
f 4023 	4025 	4027
f 4027 	4029 	4031
f 4031 	4033 	4035
f 4035 	4037 	4039
f 4039 	4041 	4043
f 4043 	4045 	4047
f 4047 	4049 	4077
f 4050 	4047 	4052
f 4052 	4054 	4056
f 4056 	4058 	4060
f 4060 	4062 	4064
f 4064 	4066 	4068
f 4068 	4070 	4072
f 4072 	4074 	3968
f 3968 	3972 	3976
f 3976 	3980 	3984
f 3984 	3988 	3992
f 3992 	3996 	4076
f 4003 	4007 	4011
f 4011 	4015 	4019
f 4019 	4023 	4027
f 4027 	4031 	4035
f 4035 	4039 	4043
f 4043 	4047 	4077
f 4052 	4056 	4060
f 4060 	4064 	4068
f 4068 	4072 	3968
f 3968 	3976 	3984
f 3984 	3992 	4076
f 4003 	4011 	4019
f 4019 	4027 	4035
f 4035 	4043 	4077
f 4052 	4060 	4068
f 4068 	3968 	3984
f 3984 	4076 	4078
f 4035 	4077 	4079
f 3984 	4078 	4080
f 4035 	4079 	4081
f 3984 	4080 	4082
f 4035 	4081 	4083
f 3984 	4082 	4084
f 4035 	4083 	4085
f 3984 	4084 	4086
f 4035 	4085 	4087
f 3984 	4086 	4088
f 4035 	4087 	4089
f 3984 	4088 	4090
f 4035 	4089 	4091
f 3984 	4090 	4092
f 4035 	4091 	4093
f 3984 	4092 	4094
f 4019 	4035 	4093
f 3984 	4094 	4095
f 4019 	4093 	4096
f 3984 	4095 	4097
f 4019 	4096 	4098
f 3984 	4097 	4099
f 4019 	4098 	4100
f 3984 	4099 	4101
f 4019 	4100 	4102
f 3984 	4101 	4103
f 4019 	4102 	4104
f 3984 	4103 	4105
f 4019 	4104 	4106
f 3984 	4105 	4107
f 4019 	4106 	4108
f 3984 	4107 	4109
f 4003 	4019 	4108
f 3984 	4109 	4110
f 4003 	4108 	4111
f 4068 	3984 	4110
f 4003 	4111 	4112
f 4068 	4110 	4113
f 4003 	4112 	4114
f 4068 	4113 	4115
f 4003 	4114 	4116
f 4068 	4115 	4117
f 4003 	4116 	4118
f 4068 	4117 	4119
f 4003 	4118 	4120
f 4068 	4119 	4121
f 4003 	4120 	4122
f 4068 	4121 	4123
f 4003 	4122 	4124
f 4068 	4123 	4125
f 4003 	4124 	4126
f 4068 	4125 	4127
f 4003 	4126 	4128
f 4068 	4127 	4129
f 4003 	4128 	4130
f 4068 	4129 	4131
f 4003 	4130 	4132
f 4068 	4131 	4133
f 4003 	4132 	4134
f 4068 	4133 	4135
f 4003 	4134 	4136
f 4068 	4135 	4137
f 4003 	4136 	4138
f 4068 	4137 	4139
f 4003 	4138 	4140
f 4052 	4068 	4139
f 4003 	4140 	4141
f 4052 	4139 	4142
f 4003 	4141 	4143
f 4052 	4142 	4144
f 4003 	4143 	4050
f 4052 	4144 	4145
f 3999 	4003 	4050
f 4052 	4145 	4146
f 3999 	4050 	4052
f 4052 	4146 	4147
f 4148 	3999 	4052
f 4052 	4147 	4149
f 4150 	4148 	4052
f 4052 	4149 	4151
f 4152 	4150 	4052
f 4052 	4151 	4153
f 4154 	4152 	4052
f 4052 	4153 	4155
f 4156 	4154 	4052
f 4052 	4155 	4156
f 3780 	3779 	3969
f 3779 	3970 	3969
f 3779 	3783 	3970
f 3783 	3971 	3970
f 3783 	3782 	3971
f 3782 	3972 	3971
f 3782 	3785 	3972
f 3785 	3973 	3972
f 3785 	3784 	3973
f 3784 	3974 	3973
f 3784 	3787 	3974
f 3787 	3975 	3974
f 3787 	3786 	3975
f 3786 	3976 	3975
f 3786 	3789 	3976
f 3789 	3977 	3976
f 3789 	3788 	3977
f 3788 	3978 	3977
f 3788 	3791 	3978
f 3791 	3979 	3978
f 3791 	3790 	3979
f 3790 	3980 	3979
f 3790 	3793 	3980
f 3793 	3981 	3980
f 3793 	3792 	3981
f 3792 	3982 	3981
f 3792 	3795 	3982
f 3795 	3983 	3982
f 3795 	3794 	3983
f 3794 	3984 	3983
f 3794 	3797 	3984
f 3797 	3985 	3984
f 3797 	3796 	3985
f 3796 	3986 	3985
f 3796 	3799 	3986
f 3799 	3987 	3986
f 3799 	3798 	3987
f 3798 	3988 	3987
f 3798 	3801 	3988
f 3801 	3989 	3988
f 3801 	3800 	3989
f 3800 	3990 	3989
f 3800 	3803 	3990
f 3803 	3991 	3990
f 3803 	3802 	3991
f 3802 	3992 	3991
f 3802 	3805 	3992
f 3805 	3993 	3992
f 3805 	3804 	3993
f 3804 	3994 	3993
f 3804 	3807 	3994
f 3807 	3995 	3994
f 3807 	3806 	3995
f 3806 	3996 	3995
f 3806 	3809 	3996
f 3809 	3997 	3996
f 3809 	3808 	3997
f 3808 	3998 	3997
f 3808 	3887 	3998
f 3887 	4076 	3998
f 3887 	3889 	4076
f 3889 	4078 	4076
f 3889 	3891 	4078
f 3891 	4080 	4078
f 3891 	3893 	4080
f 3893 	4082 	4080
f 3893 	3895 	4082
f 3895 	4084 	4082
f 3895 	3897 	4084
f 3897 	4086 	4084
f 3897 	3899 	4086
f 3899 	4088 	4086
f 3899 	3901 	4088
f 3901 	4090 	4088
f 3901 	3903 	4090
f 3903 	4092 	4090
f 3903 	3905 	4092
f 3905 	4094 	4092
f 3905 	3906 	4094
f 3906 	4095 	4094
f 3906 	3908 	4095
f 3908 	4097 	4095
f 3908 	3910 	4097
f 3910 	4099 	4097
f 3910 	3912 	4099
f 3912 	4101 	4099
f 3912 	3914 	4101
f 3914 	4103 	4101
f 3914 	3916 	4103
f 3916 	4105 	4103
f 3916 	3918 	4105
f 3918 	4107 	4105
f 3918 	3920 	4107
f 3920 	4109 	4107
f 3920 	3921 	4109
f 3921 	4110 	4109
f 3921 	3924 	4110
f 3924 	4113 	4110
f 3924 	3926 	4113
f 3926 	4115 	4113
f 3926 	3928 	4115
f 3928 	4117 	4115
f 3928 	3930 	4117
f 3930 	4119 	4117
f 3930 	3932 	4119
f 3932 	4121 	4119
f 3932 	3934 	4121
f 3934 	4123 	4121
f 3934 	3936 	4123
f 3936 	4125 	4123
f 3936 	3938 	4125
f 3938 	4127 	4125
f 3938 	3940 	4127
f 3940 	4129 	4127
f 3940 	3942 	4129
f 3942 	4131 	4129
f 3942 	3944 	4131
f 3944 	4133 	4131
f 3944 	3946 	4133
f 3946 	4135 	4133
f 3946 	3948 	4135
f 3948 	4137 	4135
f 3948 	3950 	4137
f 3950 	4139 	4137
f 3950 	3953 	4139
f 3953 	4142 	4139
f 3953 	3955 	4142
f 3955 	4144 	4142
f 3955 	3956 	4144
f 3956 	4145 	4144
f 3956 	3957 	4145
f 3957 	4146 	4145
f 3957 	3958 	4146
f 3958 	4147 	4146
f 3958 	3960 	4147
f 3960 	4149 	4147
f 3960 	3962 	4149
f 3962 	4151 	4149
f 3962 	3964 	4151
f 3964 	4153 	4151
f 3964 	3966 	4153
f 3966 	4155 	4153
f 3966 	3967 	4155
f 3967 	4156 	4155
f 3967 	3965 	4156
f 3965 	4154 	4156
f 3965 	3963 	4154
f 3963 	4152 	4154
f 3963 	3961 	4152
f 3961 	4150 	4152
f 3961 	3959 	4150
f 3959 	4148 	4150
f 3959 	3812 	4148
f 3812 	3999 	4148
f 3812 	3811 	3999
f 3811 	4000 	3999
f 3811 	3810 	4000
f 3810 	4001 	4000
f 3810 	3814 	4001
f 3814 	4002 	4001
f 3814 	3813 	4002
f 3813 	4003 	4002
f 3813 	3816 	4003
f 3816 	4004 	4003
f 3816 	3815 	4004
f 3815 	4005 	4004
f 3815 	3818 	4005
f 3818 	4006 	4005
f 3818 	3817 	4006
f 3817 	4007 	4006
f 3817 	3820 	4007
f 3820 	4008 	4007
f 3820 	3819 	4008
f 3819 	4009 	4008
f 3819 	3822 	4009
f 3822 	4010 	4009
f 3822 	3821 	4010
f 3821 	4011 	4010
f 3821 	3824 	4011
f 3824 	4012 	4011
f 3824 	3823 	4012
f 3823 	4013 	4012
f 3823 	3826 	4013
f 3826 	4014 	4013
f 3826 	3825 	4014
f 3825 	4015 	4014
f 3825 	3828 	4015
f 3828 	4016 	4015
f 3828 	3827 	4016
f 3827 	4017 	4016
f 3827 	3830 	4017
f 3830 	4018 	4017
f 3830 	3829 	4018
f 3829 	4019 	4018
f 3829 	3832 	4019
f 3832 	4020 	4019
f 3832 	3831 	4020
f 3831 	4021 	4020
f 3831 	3834 	4021
f 3834 	4022 	4021
f 3834 	3833 	4022
f 3833 	4023 	4022
f 3833 	3836 	4023
f 3836 	4024 	4023
f 3836 	3835 	4024
f 3835 	4025 	4024
f 3835 	3838 	4025
f 3838 	4026 	4025
f 3838 	3837 	4026
f 3837 	4027 	4026
f 3837 	3840 	4027
f 3840 	4028 	4027
f 3840 	3839 	4028
f 3839 	4029 	4028
f 3839 	3842 	4029
f 3842 	4030 	4029
f 3842 	3841 	4030
f 3841 	4031 	4030
f 3841 	3844 	4031
f 3844 	4032 	4031
f 3844 	3843 	4032
f 3843 	4033 	4032
f 3843 	3846 	4033
f 3846 	4034 	4033
f 3846 	3845 	4034
f 3845 	4035 	4034
f 3845 	3848 	4035
f 3848 	4036 	4035
f 3848 	3847 	4036
f 3847 	4037 	4036
f 3847 	3850 	4037
f 3850 	4038 	4037
f 3850 	3849 	4038
f 3849 	4039 	4038
f 3849 	3852 	4039
f 3852 	4040 	4039
f 3852 	3851 	4040
f 3851 	4041 	4040
f 3851 	3854 	4041
f 3854 	4042 	4041
f 3854 	3853 	4042
f 3853 	4043 	4042
f 3853 	3856 	4043
f 3856 	4044 	4043
f 3856 	3855 	4044
f 3855 	4045 	4044
f 3855 	3858 	4045
f 3858 	4046 	4045
f 3858 	3857 	4046
f 3857 	4047 	4046
f 3857 	3863 	4047
f 3863 	4051 	4047
f 3863 	3862 	4051
f 3862 	4052 	4051
f 3862 	3865 	4052
f 3865 	4053 	4052
f 3865 	3864 	4053
f 3864 	4054 	4053
f 3864 	3867 	4054
f 3867 	4055 	4054
f 3867 	3866 	4055
f 3866 	4056 	4055
f 3866 	3869 	4056
f 3869 	4057 	4056
f 3869 	3868 	4057
f 3868 	4058 	4057
f 3868 	3871 	4058
f 3871 	4059 	4058
f 3871 	3870 	4059
f 3870 	4060 	4059
f 3870 	3873 	4060
f 3873 	4061 	4060
f 3873 	3872 	4061
f 3872 	4062 	4061
f 3872 	3875 	4062
f 3875 	4063 	4062
f 3875 	3874 	4063
f 3874 	4064 	4063
f 3874 	3877 	4064
f 3877 	4065 	4064
f 3877 	3876 	4065
f 3876 	4066 	4065
f 3876 	3879 	4066
f 3879 	4067 	4066
f 3879 	3878 	4067
f 3878 	4068 	4067
f 3878 	3881 	4068
f 3881 	4069 	4068
f 3881 	3880 	4069
f 3880 	4070 	4069
f 3880 	3883 	4070
f 3883 	4071 	4070
f 3883 	3882 	4071
f 3882 	4072 	4071
f 3882 	3885 	4072
f 3885 	4073 	4072
f 3885 	3884 	4073
f 3884 	4074 	4073
f 3884 	3886 	4074
f 3886 	4075 	4074
f 3886 	3781 	4075
f 3781 	3968 	4075
f 3781 	3780 	3968
f 3780 	3969 	3968
f 3911 	3913 	4100
f 3913 	4102 	4100
f 3913 	3915 	4102
f 3915 	4104 	4102
f 3915 	3917 	4104
f 3917 	4106 	4104
f 3917 	3919 	4106
f 3919 	4108 	4106
f 3919 	3922 	4108
f 3922 	4111 	4108
f 3922 	3923 	4111
f 3923 	4112 	4111
f 3923 	3925 	4112
f 3925 	4114 	4112
f 3925 	3927 	4114
f 3927 	4116 	4114
f 3927 	3929 	4116
f 3929 	4118 	4116
f 3929 	3931 	4118
f 3931 	4120 	4118
f 3931 	3933 	4120
f 3933 	4122 	4120
f 3933 	3935 	4122
f 3935 	4124 	4122
f 3935 	3937 	4124
f 3937 	4126 	4124
f 3937 	3939 	4126
f 3939 	4128 	4126
f 3939 	3941 	4128
f 3941 	4130 	4128
f 3941 	3943 	4130
f 3943 	4132 	4130
f 3943 	3945 	4132
f 3945 	4134 	4132
f 3945 	3947 	4134
f 3947 	4136 	4134
f 3947 	3949 	4136
f 3949 	4138 	4136
f 3949 	3951 	4138
f 3951 	4140 	4138
f 3951 	3952 	4140
f 3952 	4141 	4140
f 3952 	3954 	4141
f 3954 	4143 	4141
f 3954 	3861 	4143
f 3861 	4050 	4143
f 3861 	3860 	4050
f 3860 	4048 	4050
f 3860 	3859 	4048
f 3859 	4049 	4048
f 3859 	3888 	4049
f 3888 	4077 	4049
f 3888 	3890 	4077
f 3890 	4079 	4077
f 3890 	3892 	4079
f 3892 	4081 	4079
f 3892 	3894 	4081
f 3894 	4083 	4081
f 3894 	3896 	4083
f 3896 	4085 	4083
f 3896 	3898 	4085
f 3898 	4087 	4085
f 3898 	3900 	4087
f 3900 	4089 	4087
f 3900 	3902 	4089
f 3902 	4091 	4089
f 3902 	3904 	4091
f 3904 	4093 	4091
f 3904 	3907 	4093
f 3907 	4096 	4093
f 3907 	3909 	4096
f 3909 	4098 	4096
f 3909 	3911 	4098
f 3911 	4100 	4098
# 4044 faces

 #end of obj_13

o obj_14
v 3.5 		0 		21
v 3.5 		0 		11
v 3.5 		3 		21
v 3.5 		3 		11
v -30.5 		3 		21
v -30.5 		3 		11
v -30.5 		0 		21
v -30.5 		0 		11
# 8 vertices

g group_14_14900002

usemtl color_14900002
s 0

f 4157 	4158 	4159
f 4158 	4160 	4159
f 4161 	4162 	4163
f 4162 	4164 	4163
f 4161 	4163 	4159
f 4163 	4157 	4159
f 4164 	4162 	4158
f 4162 	4160 	4158
f 4163 	4164 	4157
f 4164 	4158 	4157
f 4159 	4160 	4161
f 4160 	4162 	4161
# 12 faces

 #end of obj_14

o obj_15
v 3.5 		0 		15
v 3.5 		0 		5
v 3.5 		3 		15
v 3.5 		3 		5
v -10.5 		3 		15
v -10.5 		3 		5
v -10.5 		0 		15
v -10.5 		0 		5
# 8 vertices

g group_15_14900002

usemtl color_14900002
s 0

f 4165 	4166 	4167
f 4166 	4168 	4167
f 4169 	4170 	4171
f 4170 	4172 	4171
f 4169 	4171 	4167
f 4171 	4165 	4167
f 4172 	4170 	4166
f 4170 	4168 	4166
f 4171 	4172 	4165
f 4172 	4166 	4165
f 4167 	4168 	4169
f 4168 	4170 	4169
# 12 faces

 #end of obj_15

o obj_16
v -25.5 		0 		21
v -25.5 		0 		1
v -25.5 		3 		21
v -25.5 		3 		1
v -31 		3 		21
v -31 		3 		1
v -31 		0 		21
v -31 		0 		1
# 8 vertices

g group_16_14900002

usemtl color_14900002
s 0

f 4173 	4174 	4175
f 4174 	4176 	4175
f 4177 	4178 	4179
f 4178 	4180 	4179
f 4177 	4179 	4175
f 4179 	4173 	4175
f 4180 	4178 	4174
f 4178 	4176 	4174
f 4179 	4180 	4173
f 4180 	4174 	4173
f 4175 	4176 	4177
f 4176 	4178 	4177
# 12 faces

 #end of obj_16

o obj_17
v 32 		34.4444 		6
v 32 		34.4444 		1
v 29 		34.4444 		6
v 29 		34.4444 		1
v 29 		0.9841 		6
v 29 		0.9841 		1
v 32 		0.9841 		6
v 32 		0.9841 		1
# 8 vertices

g group_17_14900002

usemtl color_14900002
s 0

f 4181 	4182 	4183
f 4182 	4184 	4183
f 4185 	4186 	4187
f 4186 	4188 	4187
f 4185 	4187 	4183
f 4187 	4181 	4183
f 4188 	4186 	4182
f 4186 	4184 	4182
f 4187 	4188 	4181
f 4188 	4182 	4181
f 4183 	4184 	4185
f 4184 	4186 	4185
# 12 faces

 #end of obj_17

o obj_18
v 32 		62 		37
v 32 		62 		21
v 29 		62 		37
v 29 		62 		21
v 29 		0 		37
v 29 		0 		21
v 32 		0 		37
v 32 		0 		21
# 8 vertices

g group_18_1650274

usemtl color_1650274
s 0

f 4189 	4190 	4191
f 4190 	4192 	4191
f 4193 	4194 	4195
f 4194 	4196 	4195
f 4193 	4195 	4191
f 4195 	4189 	4191
f 4196 	4194 	4190
f 4194 	4192 	4190
f 4195 	4196 	4189
f 4196 	4190 	4189
f 4191 	4192 	4193
f 4192 	4194 	4193
# 12 faces

 #end of obj_18

o obj_19
v 32 		62 		21
v 32 		62 		1
v 29 		62 		21
v 29 		62 		1
v 29 		44.2857 		21
v 29 		44.2857 		1
v 32 		44.2857 		21
v 32 		44.2857 		1
# 8 vertices

g group_19_14900002

usemtl color_14900002
s 0

f 4197 	4198 	4199
f 4198 	4200 	4199
f 4201 	4202 	4203
f 4202 	4204 	4203
f 4201 	4203 	4199
f 4203 	4197 	4199
f 4204 	4202 	4198
f 4202 	4200 	4198
f 4203 	4204 	4197
f 4204 	4198 	4197
f 4199 	4200 	4201
f 4200 	4202 	4201
# 12 faces

 #end of obj_19

o obj_20
v 32 		51.1746 		21
v 32 		51.1746 		13
v 29 		51.1746 		21
v 29 		51.1746 		13
v 29 		17.7143 		21
v 29 		17.7143 		13
v 32 		17.7143 		21
v 32 		17.7143 		13
# 8 vertices

g group_20_14900002

usemtl color_14900002
s 0

f 4205 	4206 	4207
f 4206 	4208 	4207
f 4209 	4210 	4211
f 4210 	4212 	4211
f 4209 	4211 	4207
f 4211 	4205 	4207
f 4212 	4210 	4206
f 4210 	4208 	4206
f 4211 	4212 	4205
f 4212 	4206 	4205
f 4207 	4208 	4209
f 4208 	4210 	4209
# 12 faces

 #end of obj_20

o obj_21
v 32 		18.6022 		29.464
v 32 		18.6218 		29.2665
v 32 		18.6284 		29.0614
v 32 		18.5235 		29.8363
v 32 		18.5694 		29.6539
v 32 		18.3924 		30.1784
v 32 		18.4645 		30.0112
v 32 		18.2154 		30.4902
v 32 		18.3104 		30.3381
v 32 		17.9859 		30.7718
v 32 		18.1072 		30.6348
v 32 		17.7041 		31.023
v 32 		17.8516 		30.9012
v 32 		17.3697 		31.2349
v 32 		17.5434 		31.1335
v 32 		16.9829 		31.4105
v 32 		17.1829 		31.3273
v 32 		16.5437 		31.5498
v 32 		16.7699 		31.4847
v 32 		16.0499 		31.6557
v 32 		16.3039 		31.608
v 32 		15.4992 		31.7193
v 32 		15.7816 		31.6928
v 32 		14.8917 		31.7405
v 32 		15.2026 		31.7352
v 32 		10.7027 		31.0684
v 32 		10.7027 		31.7405
v 32 		14.1346 		26.9181
v 32 		11.9811 		24.2299
v 32 		11.9811 		30.3056
v 32 		14.4591 		26.9181
v 32 		10.7027 		22.7405
v 32 		10.7027 		23.4125
v 32 		11.2731 		23.4125
v 32 		15.6882 		23.4125
v 32 		15.6882 		22.7405
v 32 		14.9573 		26.189
v 32 		14.5967 		26.1824
v 32 		14.1346 		26.1824
v 32 		15.6194 		26.2415
v 32 		15.2982 		26.2087
v 32 		16.2028 		26.3464
v 32 		15.9209 		26.2874
v 32 		16.7128 		26.5018
v 32 		16.4651 		26.4186
v 32 		17.1608 		26.6956
v 32 		16.9447 		26.5942
v 32 		17.5454 		26.9256
v 32 		17.361 		26.8061
v 32 		17.8671 		27.1908
v 32 		17.7139 		27.0543
v 32 		18.1293 		27.4834
v 32 		18.0056 		27.3338
v 32 		18.3326 		27.8023
v 32 		18.2383 		27.6396
v 32 		18.4782 		28.1481
v 32 		18.412 		27.9715
v 32 		18.5743 		28.5074
v 32 		18.5322 		28.3267
v 32 		18.6224 		28.8747
v 32 		18.6043 		28.69
v 32 		11.9794 		30.3848
v 32 		14.6251 		26.9211
v 32 		11.3247 		23.4133
v 32 		14.8524 		23.4125
v 32 		11.2731 		31.0684
v 32 		11.9745 		30.4589
v 32 		14.7825 		26.9302
v 32 		11.3747 		23.4155
v 32 		14.8065 		23.413
v 32 		11.9663 		30.5281
v 32 		14.9311 		26.9453
v 32 		11.423 		23.4193
v 32 		14.7606 		23.4145
v 32 		11.3217 		31.0677
v 32 		11.9549 		30.5921
v 32 		11.9794 		24.1421
v 32 		11.4697 		23.4246
v 32 		14.7147 		23.4171
v 32 		11.3692 		31.0654
v 32 		11.9401 		30.6512
v 32 		11.5148 		23.4314
v 32 		14.6688 		23.4206
v 32 		11.4157 		31.0616
v 32 		11.9221 		30.7052
v 32 		11.5582 		23.4398
v 32 		14.623 		23.4251
v 32 		11.461 		31.0563
v 32 		11.9043 		30.7543
v 32 		11.5998 		23.4504
v 32 		14.5771 		23.4307
v 32 		11.5053 		31.0495
v 32 		11.8838 		30.799
v 32 		11.6391 		23.464
v 32 		14.5353 		23.441
v 32 		11.5484 		31.0412
v 32 		11.8606 		30.8391
v 32 		11.6762 		23.4806
v 32 		14.4951 		23.4539
v 32 		11.5902 		31.0306
v 32 		14.1346 		30.9958
v 32 		11.7112 		23.5003
v 32 		14.4566 		23.4693
v 32 		11.6304 		31.017
v 32 		11.8347 		30.8747
v 32 		11.744 		23.523
v 32 		14.4197 		23.4872
v 32 		11.6689 		31.0003
v 32 		11.806 		30.9057
v 32 		11.7057 		30.9806
v 32 		11.7746 		30.9322
v 32 		11.7746 		23.5487
v 32 		11.741 		30.9579
v 32 		11.806 		23.5808
v 32 		11.8347 		23.6164
v 32 		14.6656 		30.9958
v 32 		11.8606 		23.6555
v 32 		14.8155 		30.9922
v 32 		11.8838 		23.6981
v 32 		14.9573 		30.9816
v 32 		11.9043 		23.7443
v 32 		15.0909 		30.964
v 32 		11.9221 		23.794
v 32 		15.2162 		30.9393
v 32 		11.9401 		23.8515
v 32 		15.3334 		30.9075
v 32 		11.9549 		23.915
v 32 		15.4424 		30.8686
v 32 		11.9663 		23.9847
v 32 		15.544 		30.8257
v 32 		11.9745 		24.0603
v 32 		15.6391 		30.7758
v 32 		15.7276 		30.7188
v 32 		14.3845 		23.5076
v 32 		15.8095 		30.6547
v 32 		14.3509 		23.5306
v 32 		15.8849 		30.5836
v 32 		14.3192 		23.5596
v 32 		15.9537 		30.5054
v 32 		14.2897 		23.5921
v 32 		16.0163 		30.4229
v 32 		14.2624 		23.6282
v 32 		14.2373 		23.6678
v 32 		16.0728 		30.3328
v 32 		14.2143 		23.711
v 32 		16.1233 		30.2352
v 32 		14.1936 		23.7576
v 32 		16.1679 		30.13
v 32 		14.1755 		23.8116
v 32 		16.2064 		30.0172
v 32 		14.1608 		23.8706
v 32 		16.2389 		29.8969
v 32 		14.1493 		23.9347
v 32 		16.2689 		29.769
v 32 		14.1411 		24.0038
v 32 		16.2935 		29.6335
v 32 		14.1362 		24.078
v 32 		16.3126 		29.4905
v 32 		14.1346 		24.1572
v 32 		16.3263 		29.3399
v 32 		16.3345 		29.1817
v 32 		16.3372 		29.0159
v 32 		15.0709 		26.9665
v 32 		16.3342 		28.8328
v 32 		15.202 		26.9937
v 32 		16.3252 		28.6587
v 32 		15.3244 		27.027
v 32 		16.3102 		28.4937
v 32 		15.4388 		27.0702
v 32 		16.2891 		28.3378
v 32 		15.5462 		27.1209
v 32 		16.2621 		28.191
v 32 		15.6464 		27.1792
v 32 		16.2291 		28.0533
v 32 		16.19 		27.9241
v 32 		15.7396 		27.245
v 32 		16.1449 		27.803
v 32 		15.8256 		27.3184
v 32 		16.0938 		27.69
v 32 		15.9046 		27.3994
v 32 		16.0368 		27.5851
v 32 		15.9737 		27.4882
v 33 		18.6284 		29.0614
v 33 		18.6218 		29.2665
v 33 		18.6022 		29.464
v 33 		18.5694 		29.6539
v 33 		18.5235 		29.8363
v 33 		18.4645 		30.0112
v 33 		18.3924 		30.1784
v 33 		18.3104 		30.3381
v 33 		18.2154 		30.4902
v 33 		18.1072 		30.6348
v 33 		17.9859 		30.7718
v 33 		17.8516 		30.9012
v 33 		17.7041 		31.023
v 33 		17.5434 		31.1335
v 33 		17.3697 		31.2349
v 33 		17.1829 		31.3273
v 33 		16.9829 		31.4105
v 33 		16.7699 		31.4847
v 33 		16.5437 		31.5498
v 33 		16.3039 		31.608
v 33 		16.0499 		31.6557
v 33 		15.7816 		31.6928
v 33 		15.4992 		31.7193
v 33 		15.2026 		31.7352
v 33 		14.8917 		31.7405
v 33 		10.7027 		31.7405
v 33 		10.7027 		31.0684
v 33 		11.9811 		30.3056
v 33 		11.9811 		24.2299
v 33 		14.1346 		26.9181
v 33 		14.4591 		26.9181
v 33 		11.2731 		23.4125
v 33 		10.7027 		23.4125
v 33 		10.7027 		22.7405
v 33 		15.6882 		22.7405
v 33 		15.6882 		23.4125
v 33 		14.1346 		26.1824
v 33 		14.5967 		26.1824
v 33 		14.9573 		26.189
v 33 		15.2982 		26.2087
v 33 		15.6194 		26.2415
v 33 		15.9209 		26.2874
v 33 		16.2028 		26.3464
v 33 		16.4651 		26.4186
v 33 		16.7128 		26.5018
v 33 		16.9447 		26.5942
v 33 		17.1608 		26.6956
v 33 		17.361 		26.8061
v 33 		17.5454 		26.9256
v 33 		17.7139 		27.0543
v 33 		17.8671 		27.1908
v 33 		18.0056 		27.3338
v 33 		18.1293 		27.4834
v 33 		18.2383 		27.6396
v 33 		18.3326 		27.8023
v 33 		18.412 		27.9715
v 33 		18.4782 		28.1481
v 33 		18.5322 		28.3267
v 33 		18.5743 		28.5074
v 33 		18.6043 		28.69
v 33 		18.6224 		28.8747
v 33 		11.9794 		30.3848
v 33 		14.6251 		26.9211
v 33 		11.3247 		23.4133
v 33 		14.8524 		23.4125
v 33 		11.2731 		31.0684
v 33 		11.9745 		30.4589
v 33 		14.7825 		26.9302
v 33 		11.3747 		23.4155
v 33 		14.8065 		23.413
v 33 		11.9663 		30.5281
v 33 		14.9311 		26.9453
v 33 		11.423 		23.4193
v 33 		14.7606 		23.4145
v 33 		11.3217 		31.0677
v 33 		11.9549 		30.5921
v 33 		11.9794 		24.1421
v 33 		11.4697 		23.4246
v 33 		14.7147 		23.4171
v 33 		11.3692 		31.0654
v 33 		11.9401 		30.6512
v 33 		11.5148 		23.4314
v 33 		14.6688 		23.4206
v 33 		11.4157 		31.0616
v 33 		11.9221 		30.7052
v 33 		11.5582 		23.4398
v 33 		14.623 		23.4251
v 33 		11.461 		31.0563
v 33 		11.9043 		30.7543
v 33 		11.5998 		23.4504
v 33 		14.5771 		23.4307
v 33 		11.5053 		31.0495
v 33 		11.8838 		30.799
v 33 		11.6391 		23.464
v 33 		14.5353 		23.441
v 33 		11.5484 		31.0412
v 33 		11.8606 		30.8391
v 33 		11.6762 		23.4806
v 33 		14.4951 		23.4539
v 33 		11.5902 		31.0306
v 33 		14.1346 		30.9958
v 33 		11.7112 		23.5003
v 33 		14.4566 		23.4693
v 33 		11.6304 		31.017
v 33 		11.8347 		30.8747
v 33 		11.744 		23.523
v 33 		14.4197 		23.4872
v 33 		11.6689 		31.0003
v 33 		11.806 		30.9057
v 33 		11.7057 		30.9806
v 33 		11.7746 		30.9322
v 33 		11.7746 		23.5487
v 33 		11.741 		30.9579
v 33 		11.806 		23.5808
v 33 		11.8347 		23.6164
v 33 		14.6656 		30.9958
v 33 		11.8606 		23.6555
v 33 		14.8155 		30.9922
v 33 		11.8838 		23.6981
v 33 		14.9573 		30.9816
v 33 		11.9043 		23.7443
v 33 		15.0909 		30.964
v 33 		11.9221 		23.794
v 33 		15.2162 		30.9393
v 33 		11.9401 		23.8515
v 33 		15.3334 		30.9075
v 33 		11.9549 		23.915
v 33 		15.4424 		30.8686
v 33 		11.9663 		23.9847
v 33 		15.544 		30.8257
v 33 		11.9745 		24.0603
v 33 		15.6391 		30.7758
v 33 		15.7276 		30.7188
v 33 		14.3845 		23.5076
v 33 		15.8095 		30.6547
v 33 		14.3509 		23.5306
v 33 		15.8849 		30.5836
v 33 		14.3192 		23.5596
v 33 		15.9537 		30.5054
v 33 		14.2897 		23.5921
v 33 		16.0163 		30.4229
v 33 		14.2624 		23.6282
v 33 		14.2373 		23.6678
v 33 		16.0728 		30.3328
v 33 		14.2143 		23.711
v 33 		16.1233 		30.2352
v 33 		14.1936 		23.7576
v 33 		16.1679 		30.13
v 33 		14.1755 		23.8116
v 33 		16.2064 		30.0172
v 33 		14.1608 		23.8706
v 33 		16.2389 		29.8969
v 33 		14.1493 		23.9347
v 33 		16.2689 		29.769
v 33 		14.1411 		24.0038
v 33 		16.2935 		29.6335
v 33 		14.1362 		24.078
v 33 		16.3126 		29.4905
v 33 		14.1346 		24.1572
v 33 		16.3263 		29.3399
v 33 		16.3345 		29.1817
v 33 		16.3372 		29.0159
v 33 		15.0709 		26.9665
v 33 		16.3342 		28.8328
v 33 		15.202 		26.9937
v 33 		16.3252 		28.6587
v 33 		15.3244 		27.027
v 33 		16.3102 		28.4937
v 33 		15.4388 		27.0702
v 33 		16.2891 		28.3378
v 33 		15.5462 		27.1209
v 33 		16.2621 		28.191
v 33 		15.6464 		27.1792
v 33 		16.2291 		28.0533
v 33 		16.19 		27.9241
v 33 		15.7396 		27.245
v 33 		16.1449 		27.803
v 33 		15.8256 		27.3184
v 33 		16.0938 		27.69
v 33 		15.9046 		27.3994
v 33 		16.0368 		27.5851
v 33 		15.9737 		27.4882
v 32 		26.743 		26.7052
v 32 		26.7635 		26.4274
v 32 		26.7704 		26.137
v 32 		26.6611 		27.2228
v 32 		26.7089 		26.9703
v 32 		26.5245 		27.69
v 32 		26.5996 		27.4627
v 32 		26.3377 		28.1068
v 32 		26.4368 		27.9047
v 32 		26.105 		28.4731
v 32 		26.2271 		28.2962
v 32 		25.8264 		28.7889
v 32 		25.9714 		28.6373
v 32 		25.4975 		29.0553
v 32 		25.6671 		28.9282
v 32 		25.1271 		29.2733
v 32 		25.3175 		29.1703
v 32 		24.7152 		29.4428
v 32 		24.9263 		29.3641
v 32 		24.2629 		29.5639
v 32 		24.4939 		29.5094
v 32 		23.7712 		29.6365
v 32 		24.0219 		29.6063
v 32 		23.2402 		29.6608
v 32 		23.5106 		29.6547
v 32 		22.1618 		29.5639
v 32 		22.6772 		29.6365
v 32 		21.2735 		29.2733
v 32 		21.6939 		29.4428
v 32 		20.5754 		28.7889
v 32 		20.9007 		29.0553
v 32 		20.0782 		28.1068
v 32 		20.302 		28.4731
v 32 		19.78 		27.2228
v 32 		19.9043 		27.69
v 32 		19.6805 		26.137
v 32 		19.7054 		26.7052
v 32 		21.8064 		26.3593
v 32 		21.8045 		26.137
v 32 		21.8064 		25.9176
v 32 		19.7068 		25.573
v 32 		19.6871 		25.8492
v 32 		19.7854 		25.0553
v 32 		19.7395 		25.3083
v 32 		19.9165 		24.5841
v 32 		19.8444 		24.8139
v 32 		20.1034 		24.1673
v 32 		20.0042 		24.3694
v 32 		20.3361 		23.801
v 32 		20.214 		23.9779
v 32 		20.6147 		23.4852
v 32 		20.4697 		23.6368
v 32 		20.9436 		23.2188
v 32 		20.774 		23.3459
v 32 		21.314 		23.0008
v 32 		21.1236 		23.1037
v 32 		21.7259 		22.8313
v 32 		21.5147 		22.91
v 32 		22.1826 		22.7102
v 32 		21.9499 		22.7647
v 32 		22.6742 		22.6375
v 32 		22.424 		22.6678
v 32 		23.2009 		22.6133
v 32 		22.9332 		22.6194
v 32 		24.2793 		22.7102
v 32 		23.7638 		22.6375
v 32 		25.1675 		23.0008
v 32 		24.7472 		22.8313
v 32 		25.8657 		23.4852
v 32 		25.5404 		23.2188
v 32 		26.3683 		24.1673
v 32 		26.1421 		23.801
v 32 		26.6698 		25.0513
v 32 		26.5442 		24.5841
v 32 		26.7452 		25.5689
v 32 		21.8122 		26.572
v 32 		21.8122 		25.7072
v 32 		21.8217 		25.5059
v 32 		21.8217 		26.775
v 32 		21.8351 		25.3136
v 32 		21.8351 		26.9685
v 32 		21.8523 		25.1305
v 32 		21.8523 		27.1524
v 32 		21.8734 		24.9564
v 32 		21.8734 		27.3267
v 32 		21.902 		24.7887
v 32 		21.899 		27.4915
v 32 		21.9356 		24.6305
v 32 		21.9302 		27.6466
v 32 		21.9742 		24.4819
v 32 		21.9668 		27.7922
v 32 		22.0176 		24.3429
v 32 		22.0089 		27.9282
v 32 		22.0659 		24.2135
v 32 		22.0564 		28.0545
v 32 		22.1192 		24.0936
v 32 		22.1094 		28.1713
v 32 		22.1807 		23.9834
v 32 		22.1681 		28.2788
v 32 		22.247 		23.8828
v 32 		22.2328 		28.3772
v 32 		22.3183 		23.7917
v 32 		22.3945 		23.7102
v 32 		22.3036 		28.4665
v 32 		22.3803 		28.5467
v 32 		22.4757 		23.6383
v 32 		22.4631 		28.6179
v 32 		22.5617 		23.576
v 32 		22.5519 		28.6799
v 32 		22.6568 		23.5233
v 32 		22.6469 		28.7326
v 32 		22.7584 		23.4801
v 32 		22.7485 		28.7758
v 32 		22.8665 		23.4466
v 32 		22.8567 		28.8093
v 32 		22.9813 		23.4226
v 32 		22.9714 		28.8333
v 32 		23.1025 		23.4082
v 32 		23.0927 		28.8477
v 32 		23.2304 		23.4034
v 32 		23.2205 		28.8525
v 32 		23.3582 		23.4082
v 32 		23.3484 		28.8477
v 32 		23.4795 		23.4226
v 32 		23.4696 		28.8333
v 32 		23.5942 		23.4466
v 32 		23.5844 		28.8093
v 32 		23.7024 		23.4801
v 32 		23.804 		23.5233
v 32 		23.6925 		28.7758
v 32 		23.899 		23.576
v 32 		23.7941 		28.7326
v 32 		23.9848 		23.6383
v 32 		23.8892 		28.6799
v 32 		24.0651 		23.7102
v 32 		23.9752 		28.6179
v 32 		24.1399 		23.7917
v 32 		24.0564 		28.5467
v 32 		24.1326 		28.4665
v 32 		24.2093 		23.8828
v 32 		24.2039 		28.3772
v 32 		24.2732 		23.9834
v 32 		24.2702 		28.2788
v 32 		24.3317 		24.0936
v 32 		24.3317 		28.1713
v 32 		24.3877 		24.2135
v 32 		24.4377 		24.3429
v 32 		24.385 		28.0545
v 32 		24.4817 		24.4819
v 32 		24.4333 		27.9282
v 32 		24.5196 		24.6305
v 32 		24.4767 		27.7922
v 32 		24.5516 		24.7887
v 32 		24.5152 		27.6466
v 32 		24.5775 		24.9564
v 32 		24.5488 		27.4915
v 32 		24.6016 		25.1305
v 32 		24.5775 		27.3267
v 32 		24.6212 		25.3136
v 32 		24.6016 		27.1524
v 32 		24.6365 		25.5059
v 32 		24.6212 		26.9685
v 32 		24.6475 		25.7072
v 32 		24.6365 		26.775
v 32 		24.654 		25.9176
v 32 		24.6475 		26.572
v 32 		24.6562 		26.137
v 32 		24.654 		26.3593
v 33 		26.7704 		26.137
v 33 		26.7635 		26.4274
v 33 		26.743 		26.7052
v 33 		26.7089 		26.9703
v 33 		26.6611 		27.2228
v 33 		26.5996 		27.4627
v 33 		26.5245 		27.69
v 33 		26.4368 		27.9047
v 33 		26.3377 		28.1068
v 33 		26.2271 		28.2962
v 33 		26.105 		28.4731
v 33 		25.9714 		28.6373
v 33 		25.8264 		28.7889
v 33 		25.6671 		28.9282
v 33 		25.4975 		29.0553
v 33 		25.3175 		29.1703
v 33 		25.1271 		29.2733
v 33 		24.9263 		29.3641
v 33 		24.7152 		29.4428
v 33 		24.4939 		29.5094
v 33 		24.2629 		29.5639
v 33 		24.0219 		29.6063
v 33 		23.7712 		29.6365
v 33 		23.5106 		29.6547
v 33 		23.2402 		29.6608
v 33 		22.6772 		29.6365
v 33 		22.1618 		29.5639
v 33 		21.6939 		29.4428
v 33 		21.2735 		29.2733
v 33 		20.9007 		29.0553
v 33 		20.5754 		28.7889
v 33 		20.302 		28.4731
v 33 		20.0782 		28.1068
v 33 		19.9043 		27.69
v 33 		19.78 		27.2228
v 33 		19.7054 		26.7052
v 33 		19.6805 		26.137
v 33 		21.8045 		26.137
v 33 		21.8064 		26.3593
v 33 		21.8064 		25.9176
v 33 		19.6871 		25.8492
v 33 		19.7068 		25.573
v 33 		19.7395 		25.3083
v 33 		19.7854 		25.0553
v 33 		19.8444 		24.8139
v 33 		19.9165 		24.5841
v 33 		20.0042 		24.3694
v 33 		20.1034 		24.1673
v 33 		20.214 		23.9779
v 33 		20.3361 		23.801
v 33 		20.4697 		23.6368
v 33 		20.6147 		23.4852
v 33 		20.774 		23.3459
v 33 		20.9436 		23.2188
v 33 		21.1236 		23.1037
v 33 		21.314 		23.0008
v 33 		21.5147 		22.91
v 33 		21.7259 		22.8313
v 33 		21.9499 		22.7647
v 33 		22.1826 		22.7102
v 33 		22.424 		22.6678
v 33 		22.6742 		22.6375
v 33 		22.9332 		22.6194
v 33 		23.2009 		22.6133
v 33 		23.7638 		22.6375
v 33 		24.2793 		22.7102
v 33 		24.7472 		22.8313
v 33 		25.1675 		23.0008
v 33 		25.5404 		23.2188
v 33 		25.8657 		23.4852
v 33 		26.1421 		23.801
v 33 		26.3683 		24.1673
v 33 		26.5442 		24.5841
v 33 		26.6698 		25.0513
v 33 		26.7452 		25.5689
v 33 		21.8122 		26.572
v 33 		21.8122 		25.7072
v 33 		21.8217 		25.5059
v 33 		21.8217 		26.775
v 33 		21.8351 		25.3136
v 33 		21.8351 		26.9685
v 33 		21.8523 		25.1305
v 33 		21.8523 		27.1524
v 33 		21.8734 		24.9564
v 33 		21.8734 		27.3267
v 33 		21.902 		24.7887
v 33 		21.899 		27.4915
v 33 		21.9356 		24.6305
v 33 		21.9302 		27.6466
v 33 		21.9742 		24.4819
v 33 		21.9668 		27.7922
v 33 		22.0176 		24.3429
v 33 		22.0089 		27.9282
v 33 		22.0659 		24.2135
v 33 		22.0564 		28.0545
v 33 		22.1192 		24.0936
v 33 		22.1094 		28.1713
v 33 		22.1807 		23.9834
v 33 		22.1681 		28.2788
v 33 		22.247 		23.8828
v 33 		22.2328 		28.3772
v 33 		22.3183 		23.7917
v 33 		22.3945 		23.7102
v 33 		22.3036 		28.4665
v 33 		22.3803 		28.5467
v 33 		22.4757 		23.6383
v 33 		22.4631 		28.6179
v 33 		22.5617 		23.576
v 33 		22.5519 		28.6799
v 33 		22.6568 		23.5233
v 33 		22.6469 		28.7326
v 33 		22.7584 		23.4801
v 33 		22.7485 		28.7758
v 33 		22.8665 		23.4466
v 33 		22.8567 		28.8093
v 33 		22.9813 		23.4226
v 33 		22.9714 		28.8333
v 33 		23.1025 		23.4082
v 33 		23.0927 		28.8477
v 33 		23.2304 		23.4034
v 33 		23.2205 		28.8525
v 33 		23.3582 		23.4082
v 33 		23.3484 		28.8477
v 33 		23.4795 		23.4226
v 33 		23.4696 		28.8333
v 33 		23.5942 		23.4466
v 33 		23.5844 		28.8093
v 33 		23.7024 		23.4801
v 33 		23.804 		23.5233
v 33 		23.6925 		28.7758
v 33 		23.899 		23.576
v 33 		23.7941 		28.7326
v 33 		23.9848 		23.6383
v 33 		23.8892 		28.6799
v 33 		24.0651 		23.7102
v 33 		23.9752 		28.6179
v 33 		24.1399 		23.7917
v 33 		24.0564 		28.5467
v 33 		24.1326 		28.4665
v 33 		24.2093 		23.8828
v 33 		24.2039 		28.3772
v 33 		24.2732 		23.9834
v 33 		24.2702 		28.2788
v 33 		24.3317 		24.0936
v 33 		24.3317 		28.1713
v 33 		24.3877 		24.2135
v 33 		24.4377 		24.3429
v 33 		24.385 		28.0545
v 33 		24.4817 		24.4819
v 33 		24.4333 		27.9282
v 33 		24.5196 		24.6305
v 33 		24.4767 		27.7922
v 33 		24.5516 		24.7887
v 33 		24.5152 		27.6466
v 33 		24.5775 		24.9564
v 33 		24.5488 		27.4915
v 33 		24.6016 		25.1305
v 33 		24.5775 		27.3267
v 33 		24.6212 		25.3136
v 33 		24.6016 		27.1524
v 33 		24.6365 		25.5059
v 33 		24.6212 		26.9685
v 33 		24.6475 		25.7072
v 33 		24.6365 		26.775
v 33 		24.654 		25.9176
v 33 		24.6475 		26.572
v 33 		24.6562 		26.137
v 33 		24.654 		26.3593
v 32 		27.6455 		22.7405
v 32 		27.6455 		23.4125
v 32 		27.8028 		23.4125
v 32 		31.9918 		23.4125
v 32 		31.9918 		22.7405
v 32 		27.6455 		31.6587
v 32 		27.6455 		32.3217
v 32 		30.8512 		32.3217
v 32 		27.8528 		23.4133
v 32 		31.8247 		23.4125
v 32 		27.8028 		31.6587
v 32 		27.9045 		23.4155
v 32 		31.7747 		23.4133
v 32 		27.8526 		31.658
v 32 		27.9577 		23.4193
v 32 		31.7231 		23.4155
v 32 		27.9034 		31.6557
v 32 		28.0126 		23.4246
v 32 		31.6698 		23.4193
v 32 		27.9553 		31.6519
v 32 		28.0692 		23.4314
v 32 		31.6149 		23.4246
v 32 		28.0083 		31.6466
v 32 		28.1273 		23.4398
v 32 		31.5583 		23.4314
v 32 		28.0623 		31.6398
v 32 		28.1822 		23.4504
v 32 		31.5002 		23.4398
v 32 		28.1175 		31.6315
v 32 		28.2355 		23.464
v 32 		31.445 		23.4504
v 32 		28.1727 		31.6209
v 32 		28.2871 		23.4806
v 32 		31.3909 		23.464
v 32 		28.2268 		31.6073
v 32 		28.3371 		23.5003
v 32 		31.3379 		23.4806
v 32 		28.2798 		31.5906
v 32 		28.3855 		23.523
v 32 		31.286 		23.5003
v 32 		28.3317 		31.5709
v 32 		28.4322 		23.5487
v 32 		31.2352 		23.523
v 32 		28.3825 		31.5482
v 32 		28.48 		23.5808
v 32 		31.1855 		23.5487
v 32 		28.4322 		31.5225
v 32 		28.525 		23.6164
v 32 		31.1377 		23.5808
v 32 		28.48 		31.4932
v 32 		28.5674 		23.6555
v 32 		31.0926 		23.6164
v 32 		28.525 		31.4599
v 32 		28.5674 		31.4226
v 32 		28.607 		23.6981
v 32 		28.607 		31.3812
v 32 		28.6439 		23.7443
v 32 		28.6439 		31.3358
v 32 		28.678 		23.794
v 32 		28.678 		31.2864
v 32 		28.7081 		23.8515
v 32 		28.7081 		31.2349
v 32 		28.7326 		23.915
v 32 		28.7326 		31.1774
v 32 		28.7518 		23.9847
v 32 		30.8512 		24.2299
v 32 		28.7654 		24.0603
v 32 		30.8536 		24.1421
v 32 		28.7736 		24.1421
v 32 		28.7518 		31.1138
v 32 		28.7763 		24.2299
v 32 		30.861 		24.0603
v 32 		31.0503 		23.6555
v 32 		30.8733 		23.9847
v 32 		31.0107 		23.6981
v 32 		30.8905 		23.915
v 32 		30.9738 		23.7443
v 32 		28.7654 		31.0442
v 32 		30.9397 		23.794
v 32 		28.7736 		30.9685
v 32 		30.9126 		23.8515
v 32 		28.7763 		30.8868
v 33 		27.8028 		23.4125
v 33 		27.6455 		23.4125
v 33 		27.6455 		22.7405
v 33 		31.9918 		22.7405
v 33 		31.9918 		23.4125
v 33 		30.8512 		32.3217
v 33 		27.6455 		32.3217
v 33 		27.6455 		31.6587
v 33 		27.8528 		23.4133
v 33 		31.8247 		23.4125
v 33 		27.8028 		31.6587
v 33 		27.9045 		23.4155
v 33 		31.7747 		23.4133
v 33 		27.8526 		31.658
v 33 		27.9577 		23.4193
v 33 		31.7231 		23.4155
v 33 		27.9034 		31.6557
v 33 		28.0126 		23.4246
v 33 		31.6698 		23.4193
v 33 		27.9553 		31.6519
v 33 		28.0692 		23.4314
v 33 		31.6149 		23.4246
v 33 		28.0083 		31.6466
v 33 		28.1273 		23.4398
v 33 		31.5583 		23.4314
v 33 		28.0623 		31.6398
v 33 		28.1822 		23.4504
v 33 		31.5002 		23.4398
v 33 		28.1175 		31.6315
v 33 		28.2355 		23.464
v 33 		31.445 		23.4504
v 33 		28.1727 		31.6209
v 33 		28.2871 		23.4806
v 33 		31.3909 		23.464
v 33 		28.2268 		31.6073
v 33 		28.3371 		23.5003
v 33 		31.3379 		23.4806
v 33 		28.2798 		31.5906
v 33 		28.3855 		23.523
v 33 		31.286 		23.5003
v 33 		28.3317 		31.5709
v 33 		28.4322 		23.5487
v 33 		31.2352 		23.523
v 33 		28.3825 		31.5482
v 33 		28.48 		23.5808
v 33 		31.1855 		23.5487
v 33 		28.4322 		31.5225
v 33 		28.525 		23.6164
v 33 		31.1377 		23.5808
v 33 		28.48 		31.4932
v 33 		28.5674 		23.6555
v 33 		31.0926 		23.6164
v 33 		28.525 		31.4599
v 33 		28.5674 		31.4226
v 33 		28.607 		23.6981
v 33 		28.607 		31.3812
v 33 		28.6439 		23.7443
v 33 		28.6439 		31.3358
v 33 		28.678 		23.794
v 33 		28.678 		31.2864
v 33 		28.7081 		23.8515
v 33 		28.7081 		31.2349
v 33 		28.7326 		23.915
v 33 		28.7326 		31.1774
v 33 		28.7518 		23.9847
v 33 		30.8512 		24.2299
v 33 		28.7654 		24.0603
v 33 		30.8536 		24.1421
v 33 		28.7736 		24.1421
v 33 		28.7518 		31.1138
v 33 		28.7763 		24.2299
v 33 		30.861 		24.0603
v 33 		31.0503 		23.6555
v 33 		30.8733 		23.9847
v 33 		31.0107 		23.6981
v 33 		30.8905 		23.915
v 33 		30.9738 		23.7443
v 33 		28.7654 		31.0442
v 33 		30.9397 		23.794
v 33 		28.7736 		30.9685
v 33 		30.9126 		23.8515
v 33 		28.7763 		30.8868
v 32 		33.4103 		31.4637
v 32 		33.4078 		31.5407
v 32 		33.4103 		31.6176
v 32 		33.43 		31.3204
v 32 		33.4177 		31.3903
v 32 		33.4693 		31.1913
v 32 		33.4472 		31.2541
v 32 		33.5277 		31.0762
v 32 		33.4963 		31.132
v 32 		33.602 		30.9753
v 32 		33.563 		31.024
v 32 		33.6916 		30.8886
v 32 		33.6449 		30.9302
v 32 		33.796 		30.8156
v 32 		33.7422 		30.8505
v 32 		33.9118 		30.7551
v 32 		33.8525 		30.7839
v 32 		34.0385 		30.7067
v 32 		33.9738 		30.7294
v 32 		34.1759 		30.6703
v 32 		34.106 		30.687
v 32 		34.3223 		30.6461
v 32 		34.248 		30.6567
v 32 		34.4775 		30.634
v 32 		34.3988 		30.6386
v 32 		34.6364 		30.634
v 32 		34.5583 		30.6325
v 32 		34.7894 		30.6461
v 32 		34.7135 		30.6386
v 32 		34.938 		30.6703
v 32 		34.8642 		30.6567
v 32 		35.0784 		30.7067
v 32 		35.0107 		30.687
v 32 		35.2073 		30.7551
v 32 		35.144 		30.7294
v 32 		35.3275 		30.8156
v 32 		35.2685 		30.7839
v 32 		35.4351 		30.8886
v 32 		35.3843 		30.8505
v 32 		35.5269 		30.9753
v 32 		35.4827 		30.9302
v 32 		35.6056 		31.0762
v 32 		35.5679 		31.024
v 32 		35.67 		31.1913
v 32 		35.64 		31.132
v 32 		35.7137 		31.3204
v 32 		35.6946 		31.2541
v 32 		35.7356 		31.4637
v 32 		35.7274 		31.3903
v 32 		35.7356 		31.6176
v 32 		35.7383 		31.5407
v 32 		35.7137 		31.7609
v 32 		35.7274 		31.691
v 32 		35.67 		31.8901
v 32 		35.6946 		31.8273
v 32 		35.6056 		32.0051
v 32 		35.64 		31.9493
v 32 		35.5269 		32.106
v 32 		35.5679 		32.0573
v 32 		35.4351 		32.1928
v 32 		35.4827 		32.1512
v 32 		35.3275 		32.2657
v 32 		35.3843 		32.2309
v 32 		35.2073 		32.3262
v 32 		35.2685 		32.2975
v 32 		35.0784 		32.3747
v 32 		35.144 		32.352
v 32 		34.938 		32.411
v 32 		35.0107 		32.3944
v 32 		34.7894 		32.4352
v 32 		34.8642 		32.4246
v 32 		34.6364 		32.4473
v 32 		34.7135 		32.4428
v 32 		34.4775 		32.4473
v 32 		34.5583 		32.4488
v 32 		34.3223 		32.4352
v 32 		34.3988 		32.4428
v 32 		34.1759 		32.411
v 32 		34.248 		32.4246
v 32 		34.0385 		32.3747
v 32 		34.106 		32.3944
v 32 		33.9118 		32.3262
v 32 		33.9738 		32.352
v 32 		33.796 		32.2657
v 32 		33.8525 		32.2975
v 32 		33.6916 		32.1928
v 32 		33.7422 		32.2309
v 32 		33.602 		32.106
v 32 		33.6449 		32.1512
v 32 		33.5277 		32.0051
v 32 		33.563 		32.0573
v 32 		33.4693 		31.8901
v 32 		33.4963 		31.9493
v 32 		33.43 		31.7609
v 32 		33.4472 		31.8273
v 32 		33.4177 		31.691
v 33 		33.4103 		31.6176
v 33 		33.4078 		31.5407
v 33 		33.4103 		31.4637
v 33 		33.4177 		31.3903
v 33 		33.43 		31.3204
v 33 		33.4472 		31.2541
v 33 		33.4693 		31.1913
v 33 		33.4963 		31.132
v 33 		33.5277 		31.0762
v 33 		33.563 		31.024
v 33 		33.602 		30.9753
v 33 		33.6449 		30.9302
v 33 		33.6916 		30.8886
v 33 		33.7422 		30.8505
v 33 		33.796 		30.8156
v 33 		33.8525 		30.7839
v 33 		33.9118 		30.7551
v 33 		33.9738 		30.7294
v 33 		34.0385 		30.7067
v 33 		34.106 		30.687
v 33 		34.1759 		30.6703
v 33 		34.248 		30.6567
v 33 		34.3223 		30.6461
v 33 		34.3988 		30.6386
v 33 		34.4775 		30.634
v 33 		34.5583 		30.6325
v 33 		34.6364 		30.634
v 33 		34.7135 		30.6386
v 33 		34.7894 		30.6461
v 33 		34.8642 		30.6567
v 33 		34.938 		30.6703
v 33 		35.0107 		30.687
v 33 		35.0784 		30.7067
v 33 		35.144 		30.7294
v 33 		35.2073 		30.7551
v 33 		35.2685 		30.7839
v 33 		35.3275 		30.8156
v 33 		35.3843 		30.8505
v 33 		35.4351 		30.8886
v 33 		35.4827 		30.9302
v 33 		35.5269 		30.9753
v 33 		35.5679 		31.024
v 33 		35.6056 		31.0762
v 33 		35.64 		31.132
v 33 		35.67 		31.1913
v 33 		35.6946 		31.2541
v 33 		35.7137 		31.3204
v 33 		35.7274 		31.3903
v 33 		35.7356 		31.4637
v 33 		35.7383 		31.5407
v 33 		35.7356 		31.6176
v 33 		35.7274 		31.691
v 33 		35.7137 		31.7609
v 33 		35.6946 		31.8273
v 33 		35.67 		31.8901
v 33 		35.64 		31.9493
v 33 		35.6056 		32.0051
v 33 		35.5679 		32.0573
v 33 		35.5269 		32.106
v 33 		35.4827 		32.1512
v 33 		35.4351 		32.1928
v 33 		35.3843 		32.2309
v 33 		35.3275 		32.2657
v 33 		35.2685 		32.2975
v 33 		35.2073 		32.3262
v 33 		35.144 		32.352
v 33 		35.0784 		32.3747
v 33 		35.0107 		32.3944
v 33 		34.938 		32.411
v 33 		34.8642 		32.4246
v 33 		34.7894 		32.4352
v 33 		34.7135 		32.4428
v 33 		34.6364 		32.4473
v 33 		34.5583 		32.4488
v 33 		34.4775 		32.4473
v 33 		34.3988 		32.4428
v 33 		34.3223 		32.4352
v 33 		34.248 		32.4246
v 33 		34.1759 		32.411
v 33 		34.106 		32.3944
v 33 		34.0385 		32.3747
v 33 		33.9738 		32.352
v 33 		33.9118 		32.3262
v 33 		33.8525 		32.2975
v 33 		33.796 		32.2657
v 33 		33.7422 		32.2309
v 33 		33.6916 		32.1928
v 33 		33.6449 		32.1512
v 33 		33.602 		32.106
v 33 		33.563 		32.0573
v 33 		33.5277 		32.0051
v 33 		33.4963 		31.9493
v 33 		33.4693 		31.8901
v 33 		33.4472 		31.8273
v 33 		33.43 		31.7609
v 33 		33.4177 		31.691
v 32 		32.4638 		22.7405
v 32 		32.4638 		23.4125
v 32 		32.6212 		23.4125
v 32 		36.8101 		23.4125
v 32 		36.8101 		22.7405
v 32 		32.4638 		28.8252
v 32 		32.4638 		29.4973
v 32 		35.6695 		29.4973
v 32 		32.6711 		23.4133
v 32 		36.643 		23.4125
v 32 		32.6212 		28.8252
v 32 		32.7228 		23.4155
v 32 		36.593 		23.4133
v 32 		32.6709 		28.8245
v 32 		32.776 		23.4193
v 32 		36.5414 		23.4155
v 32 		32.7217 		28.8222
v 32 		32.8309 		23.4246
v 32 		36.4881 		23.4193
v 32 		32.7736 		28.8184
v 32 		32.8875 		23.4314
v 32 		36.4332 		23.4246
v 32 		32.8266 		28.8131
v 32 		32.9457 		23.4398
v 32 		36.3767 		23.4314
v 32 		32.8807 		28.8063
v 32 		33.0006 		23.4504
v 32 		36.3185 		23.4398
v 32 		32.9358 		28.798
v 32 		33.0538 		23.464
v 32 		36.2633 		23.4504
v 32 		32.991 		28.7874
v 32 		33.1055 		23.4806
v 32 		36.2092 		23.464
v 32 		33.0451 		28.7738
v 32 		33.1554 		23.5003
v 32 		36.1562 		23.4806
v 32 		33.0981 		28.7571
v 32 		33.2038 		23.523
v 32 		36.1043 		23.5003
v 32 		33.15 		28.7374
v 32 		33.2505 		23.5487
v 32 		36.0535 		23.523
v 32 		33.2008 		28.7147
v 32 		33.2983 		23.5808
v 32 		36.0038 		23.5487
v 32 		33.2505 		28.689
v 32 		33.3434 		23.6164
v 32 		35.956 		23.5808
v 32 		33.2983 		28.6597
v 32 		33.3857 		23.6555
v 32 		35.9109 		23.6164
v 32 		33.3434 		28.6264
v 32 		33.3857 		28.5891
v 32 		33.4253 		23.6981
v 32 		33.4253 		28.5477
v 32 		33.4622 		23.7443
v 32 		33.4622 		28.5023
v 32 		33.4963 		23.794
v 32 		33.4963 		28.4529
v 32 		33.5264 		23.8515
v 32 		33.5264 		28.4014
v 32 		33.551 		23.915
v 32 		35.6695 		24.2299
v 32 		33.5701 		23.9847
v 32 		35.6719 		24.1421
v 32 		33.5837 		24.0603
v 32 		35.6793 		24.0603
v 32 		33.5919 		24.1421
v 32 		35.6916 		23.9847
v 32 		33.5947 		24.2299
v 32 		35.7088 		23.915
v 32 		35.8686 		23.6555
v 32 		35.7309 		23.8515
v 32 		35.829 		23.6981
v 32 		35.758 		23.794
v 32 		35.7921 		23.7443
v 32 		33.551 		28.3439
v 32 		33.5701 		28.2803
v 32 		33.5947 		28.0533
v 32 		33.5837 		28.2107
v 32 		33.5919 		28.135
v 33 		32.6212 		23.4125
v 33 		32.4638 		23.4125
v 33 		32.4638 		22.7405
v 33 		36.8101 		22.7405
v 33 		36.8101 		23.4125
v 33 		35.6695 		29.4973
v 33 		32.4638 		29.4973
v 33 		32.4638 		28.8252
v 33 		32.6711 		23.4133
v 33 		36.643 		23.4125
v 33 		32.6212 		28.8252
v 33 		32.7228 		23.4155
v 33 		36.593 		23.4133
v 33 		32.6709 		28.8245
v 33 		32.776 		23.4193
v 33 		36.5414 		23.4155
v 33 		32.7217 		28.8222
v 33 		32.8309 		23.4246
v 33 		36.4881 		23.4193
v 33 		32.7736 		28.8184
v 33 		32.8875 		23.4314
v 33 		36.4332 		23.4246
v 33 		32.8266 		28.8131
v 33 		32.9457 		23.4398
v 33 		36.3767 		23.4314
v 33 		32.8807 		28.8063
v 33 		33.0006 		23.4504
v 33 		36.3185 		23.4398
v 33 		32.9358 		28.798
v 33 		33.0538 		23.464
v 33 		36.2633 		23.4504
v 33 		32.991 		28.7874
v 33 		33.1055 		23.4806
v 33 		36.2092 		23.464
v 33 		33.0451 		28.7738
v 33 		33.1554 		23.5003
v 33 		36.1562 		23.4806
v 33 		33.0981 		28.7571
v 33 		33.2038 		23.523
v 33 		36.1043 		23.5003
v 33 		33.15 		28.7374
v 33 		33.2505 		23.5487
v 33 		36.0535 		23.523
v 33 		33.2008 		28.7147
v 33 		33.2983 		23.5808
v 33 		36.0038 		23.5487
v 33 		33.2505 		28.689
v 33 		33.3434 		23.6164
v 33 		35.956 		23.5808
v 33 		33.2983 		28.6597
v 33 		33.3857 		23.6555
v 33 		35.9109 		23.6164
v 33 		33.3434 		28.6264
v 33 		33.3857 		28.5891
v 33 		33.4253 		23.6981
v 33 		33.4253 		28.5477
v 33 		33.4622 		23.7443
v 33 		33.4622 		28.5023
v 33 		33.4963 		23.794
v 33 		33.4963 		28.4529
v 33 		33.5264 		23.8515
v 33 		33.5264 		28.4014
v 33 		33.551 		23.915
v 33 		35.6695 		24.2299
v 33 		33.5701 		23.9847
v 33 		35.6719 		24.1421
v 33 		33.5837 		24.0603
v 33 		35.6793 		24.0603
v 33 		33.5919 		24.1421
v 33 		35.6916 		23.9847
v 33 		33.5947 		24.2299
v 33 		35.7088 		23.915
v 33 		35.8686 		23.6555
v 33 		35.7309 		23.8515
v 33 		35.829 		23.6981
v 33 		35.758 		23.794
v 33 		35.7921 		23.7443
v 33 		33.551 		28.3439
v 33 		33.5701 		28.2803
v 33 		33.5947 		28.0533
v 33 		33.5837 		28.2107
v 33 		33.5919 		28.135
v 32 		41.2952 		22.6169
v 32 		41.068 		22.6133
v 32 		40.8194 		22.6181
v 32 		41.717 		22.6451
v 32 		41.5116 		22.6275
v 32 		42.095 		22.7016
v 32 		41.9114 		22.6698
v 32 		42.4269 		22.7821
v 32 		42.2676 		22.7405
v 32 		42.7175 		22.879
v 32 		42.5768 		22.8283
v 32 		42.971 		22.994
v 32 		42.8489 		22.9342
v 32 		43.1873 		23.1264
v 32 		43.0838 		23.0583
v 32 		43.3665 		23.2718
v 32 		43.2815 		23.1976
v 32 		43.5085 		23.4292
v 32 		43.4422 		23.3489
v 32 		43.6137 		23.5939
v 32 		43.5656 		23.5124
v 32 		43.6836 		23.7554
v 32 		43.653 		23.6749
v 32 		43.7186 		23.9148
v 32 		43.7055 		23.8353
v 32 		43.7205 		24.051
v 32 		43.723 		23.9937
v 32 		43.7008 		24.164
v 32 		43.7131 		24.1078
v 32 		43.6615 		24.275
v 32 		43.6836 		24.2198
v 32 		43.6058 		24.3795
v 32 		43.6345 		24.3298
v 32 		43.5337 		24.4683
v 32 		43.5722 		24.4256
v 32 		43.4419 		24.5429
v 32 		43.4902 		24.5074
v 32 		43.3474 		24.5033
v 32 		43.3886 		24.575
v 32 		42.1444 		27.2657
v 32 		41.9726 		27.2632
v 32 		41.9713 		27.3686
v 32 		42.4569 		27.2859
v 32 		42.3059 		27.2733
v 32 		42.7279 		27.3262
v 32 		42.5976 		27.3035
v 32 		42.9584 		27.3858
v 32 		42.8478 		27.354
v 32 		43.1551 		27.4584
v 32 		43.0608 		27.4206
v 32 		43.319 		27.5432
v 32 		43.2411 		27.4993
v 32 		43.4509 		27.6401
v 32 		43.3886 		27.5901
v 32 		43.5558 		27.749
v 32 		43.5066 		27.693
v 32 		43.6345 		27.8701
v 32 		43.5984 		27.8081
v 32 		43.688 		27.9993
v 32 		43.664 		27.9352
v 32 		43.723 		28.1305
v 32 		43.7077 		28.0644
v 32 		43.7404 		28.2657
v 32 		43.7339 		28.1976
v 32 		43.7377 		28.4249
v 32 		43.7426 		28.3348
v 32 		43.6984 		28.6005
v 32 		43.723 		28.5134
v 32 		43.6197 		28.77
v 32 		43.664 		28.686
v 32 		43.502 		28.9322
v 32 		43.5656 		28.8525
v 32 		43.3468 		29.0795
v 32 		43.4291 		29.0079
v 32 		43.1545 		29.2107
v 32 		43.2553 		29.1471
v 32 		42.9254 		29.3285
v 32 		43.0445 		29.2702
v 32 		42.661 		29.4314
v 32 		42.7975 		29.3822
v 32 		42.3616 		29.5162
v 32 		42.5156 		29.4761
v 32 		42.0243 		29.5851
v 32 		42.1988 		29.5518
v 32 		41.6506 		29.6335
v 32 		41.8415 		29.6123
v 32 		41.2441 		29.6577
v 32 		41.4515 		29.6486
v 32 		40.7954 		29.6557
v 32 		41.0286 		29.6608
v 32 		40.3452 		29.6153
v 32 		40.5676 		29.6406
v 32 		39.9169 		29.5346
v 32 		40.1283 		29.58
v 32 		39.5094 		29.4148
v 32 		39.711 		29.4791
v 32 		39.1357 		29.2453
v 32 		39.3176 		29.3368
v 32 		38.8014 		29.0212
v 32 		38.9636 		29.1401
v 32 		38.5037 		28.745
v 32 		38.649 		28.8888
v 32 		38.2458 		28.412
v 32 		38.3693 		28.5861
v 32 		38.0317 		28.0185
v 32 		38.1333 		28.2228
v 32 		37.8629 		27.5598
v 32 		37.941 		27.799
v 32 		37.7492 		27.027
v 32 		37.7989 		27.3025
v 32 		37.6924 		26.4216
v 32 		37.7137 		26.7334
v 32 		37.6921 		25.7763
v 32 		37.6853 		26.0916
v 32 		37.7468 		25.1971
v 32 		37.7126 		25.4781
v 32 		37.856 		24.6865
v 32 		37.7946 		24.9332
v 32 		38.0186 		24.2427
v 32 		37.9311 		24.4569
v 32 		38.2261 		23.8553
v 32 		38.1169 		24.0422
v 32 		38.4774 		23.5223
v 32 		38.3463 		23.6819
v 32 		38.7749 		23.2463
v 32 		38.6195 		23.3762
v 32 		39.1136 		23.0243
v 32 		38.9396 		23.129
v 32 		39.4894 		22.8527
v 32 		39.2969 		22.9322
v 32 		39.9016 		22.7332
v 32 		39.6913 		22.7859
v 32 		40.3452 		22.6565
v 32 		40.1196 		22.69
v 32 		40.5785 		22.6325
v 32 		43.3023 		24.4337
v 32 		41.9672 		27.4731
v 32 		43.2534 		24.3661
v 32 		41.9603 		27.5765
v 32 		43.2007 		24.3005
v 32 		41.9508 		27.6789
v 32 		43.1442 		24.2369
v 32 		41.9385 		27.7803
v 32 		41.9235 		27.8807
v 32 		43.0838 		24.1754
v 32 		41.9084 		27.9784
v 32 		43.0166 		24.1133
v 32 		41.8896 		28.0714
v 32 		42.9461 		24.0543
v 32 		41.8669 		28.16
v 32 		42.8724 		23.9983
v 32 		42.7954 		23.9453
v 32 		41.8404 		28.244
v 32 		42.715 		23.8954
v 32 		41.8101 		28.3235
v 32 		42.6315 		23.8484
v 32 		41.776 		28.3984
v 32 		42.5476 		23.802
v 32 		41.7413 		28.4688
v 32 		42.4599 		23.7596
v 32 		41.7028 		28.5346
v 32 		42.3684 		23.7213
v 32 		41.6604 		28.5959
v 32 		42.2731 		23.687
v 32 		41.6143 		28.6527
v 32 		42.1739 		23.6567
v 32 		41.5643 		28.7049
v 32 		42.071 		23.6305
v 32 		41.5105 		28.7526
v 32 		41.968 		23.6083
v 32 		41.452 		28.7942
v 32 		41.8623 		23.5901
v 32 		41.3881 		28.8283
v 32 		41.7538 		23.576
v 32 		41.3187 		28.8547
v 32 		41.6427 		23.5659
v 32 		41.2439 		28.8737
v 32 		41.5288 		23.5598
v 32 		41.1636 		28.885
v 32 		41.4121 		23.5578
v 32 		41.0778 		28.8888
v 32 		41.1371 		23.5752
v 32 		40.9811 		28.885
v 32 		40.8888 		23.6275
v 32 		40.8877 		28.8737
v 32 		40.6673 		23.7145
v 32 		40.7976 		28.8547
v 32 		40.4725 		23.8363
v 32 		40.7107 		28.8283
v 32 		40.3045 		23.993
v 32 		40.6271 		28.7942
v 32 		40.1633 		24.1845
v 32 		40.5468 		28.7526
v 32 		40.467 		28.7021
v 32 		40.0491 		24.4143
v 32 		40.3917 		28.6416
v 32 		39.9557 		24.6799
v 32 		40.3206 		28.5709
v 32 		39.8831 		24.9814
v 32 		40.254 		28.4902
v 32 		39.8312 		25.3187
v 32 		40.1917 		28.3994
v 32 		39.8 		25.6918
v 32 		40.1338 		28.2985
v 32 		39.7896 		26.1007
v 32 		39.7921 		26.3626
v 32 		40.0803 		28.1865
v 32 		39.7995 		26.6093
v 32 		40.0311 		28.0624
v 32 		39.8118 		26.8409
v 32 		39.9863 		27.9261
v 32 		39.829 		27.0573
v 32 		39.9459 		27.7778
v 32 		39.8511 		27.2586
v 32 		39.9098 		27.6174
v 32 		39.8781 		27.4448
v 33 		40.8194 		22.6181
v 33 		41.068 		22.6133
v 33 		41.2952 		22.6169
v 33 		41.5116 		22.6275
v 33 		41.717 		22.6451
v 33 		41.9114 		22.6698
v 33 		42.095 		22.7016
v 33 		42.2676 		22.7405
v 33 		42.4269 		22.7821
v 33 		42.5768 		22.8283
v 33 		42.7175 		22.879
v 33 		42.8489 		22.9342
v 33 		42.971 		22.994
v 33 		43.0838 		23.0583
v 33 		43.1873 		23.1264
v 33 		43.2815 		23.1976
v 33 		43.3665 		23.2718
v 33 		43.4422 		23.3489
v 33 		43.5085 		23.4292
v 33 		43.5656 		23.5124
v 33 		43.6137 		23.5939
v 33 		43.653 		23.6749
v 33 		43.6836 		23.7554
v 33 		43.7055 		23.8353
v 33 		43.7186 		23.9148
v 33 		43.723 		23.9937
v 33 		43.7205 		24.051
v 33 		43.7131 		24.1078
v 33 		43.7008 		24.164
v 33 		43.6836 		24.2198
v 33 		43.6615 		24.275
v 33 		43.6345 		24.3298
v 33 		43.6058 		24.3795
v 33 		43.5722 		24.4256
v 33 		43.5337 		24.4683
v 33 		43.4902 		24.5074
v 33 		43.4419 		24.5429
v 33 		43.3886 		24.575
v 33 		43.3474 		24.5033
v 33 		41.9713 		27.3686
v 33 		41.9726 		27.2632
v 33 		42.1444 		27.2657
v 33 		42.3059 		27.2733
v 33 		42.4569 		27.2859
v 33 		42.5976 		27.3035
v 33 		42.7279 		27.3262
v 33 		42.8478 		27.354
v 33 		42.9584 		27.3858
v 33 		43.0608 		27.4206
v 33 		43.1551 		27.4584
v 33 		43.2411 		27.4993
v 33 		43.319 		27.5432
v 33 		43.3886 		27.5901
v 33 		43.4509 		27.6401
v 33 		43.5066 		27.693
v 33 		43.5558 		27.749
v 33 		43.5984 		27.8081
v 33 		43.6345 		27.8701
v 33 		43.664 		27.9352
v 33 		43.688 		27.9993
v 33 		43.7077 		28.0644
v 33 		43.723 		28.1305
v 33 		43.7339 		28.1976
v 33 		43.7404 		28.2657
v 33 		43.7426 		28.3348
v 33 		43.7377 		28.4249
v 33 		43.723 		28.5134
v 33 		43.6984 		28.6005
v 33 		43.664 		28.686
v 33 		43.6197 		28.77
v 33 		43.5656 		28.8525
v 33 		43.502 		28.9322
v 33 		43.4291 		29.0079
v 33 		43.3468 		29.0795
v 33 		43.2553 		29.1471
v 33 		43.1545 		29.2107
v 33 		43.0445 		29.2702
v 33 		42.9254 		29.3285
v 33 		42.7975 		29.3822
v 33 		42.661 		29.4314
v 33 		42.5156 		29.4761
v 33 		42.3616 		29.5162
v 33 		42.1988 		29.5518
v 33 		42.0243 		29.5851
v 33 		41.8415 		29.6123
v 33 		41.6506 		29.6335
v 33 		41.4515 		29.6486
v 33 		41.2441 		29.6577
v 33 		41.0286 		29.6608
v 33 		40.7954 		29.6557
v 33 		40.5676 		29.6406
v 33 		40.3452 		29.6153
v 33 		40.1283 		29.58
v 33 		39.9169 		29.5346
v 33 		39.711 		29.4791
v 33 		39.5094 		29.4148
v 33 		39.3176 		29.3368
v 33 		39.1357 		29.2453
v 33 		38.9636 		29.1401
v 33 		38.8014 		29.0212
v 33 		38.649 		28.8888
v 33 		38.5037 		28.745
v 33 		38.3693 		28.5861
v 33 		38.2458 		28.412
v 33 		38.1333 		28.2228
v 33 		38.0317 		28.0185
v 33 		37.941 		27.799
v 33 		37.8629 		27.5598
v 33 		37.7989 		27.3025
v 33 		37.7492 		27.027
v 33 		37.7137 		26.7334
v 33 		37.6924 		26.4216
v 33 		37.6853 		26.0916
v 33 		37.6921 		25.7763
v 33 		37.7126 		25.4781
v 33 		37.7468 		25.1971
v 33 		37.7946 		24.9332
v 33 		37.856 		24.6865
v 33 		37.9311 		24.4569
v 33 		38.0186 		24.2427
v 33 		38.1169 		24.0422
v 33 		38.2261 		23.8553
v 33 		38.3463 		23.6819
v 33 		38.4774 		23.5223
v 33 		38.6195 		23.3762
v 33 		38.7749 		23.2463
v 33 		38.9396 		23.129
v 33 		39.1136 		23.0243
v 33 		39.2969 		22.9322
v 33 		39.4894 		22.8527
v 33 		39.6913 		22.7859
v 33 		39.9016 		22.7332
v 33 		40.1196 		22.69
v 33 		40.3452 		22.6565
v 33 		40.5785 		22.6325
v 33 		43.3023 		24.4337
v 33 		41.9672 		27.4731
v 33 		43.2534 		24.3661
v 33 		41.9603 		27.5765
v 33 		43.2007 		24.3005
v 33 		41.9508 		27.6789
v 33 		43.1442 		24.2369
v 33 		41.9385 		27.7803
v 33 		41.9235 		27.8807
v 33 		43.0838 		24.1754
v 33 		41.9084 		27.9784
v 33 		43.0166 		24.1133
v 33 		41.8896 		28.0714
v 33 		42.9461 		24.0543
v 33 		41.8669 		28.16
v 33 		42.8724 		23.9983
v 33 		42.7954 		23.9453
v 33 		41.8404 		28.244
v 33 		42.715 		23.8954
v 33 		41.8101 		28.3235
v 33 		42.6315 		23.8484
v 33 		41.776 		28.3984
v 33 		42.5476 		23.802
v 33 		41.7413 		28.4688
v 33 		42.4599 		23.7596
v 33 		41.7028 		28.5346
v 33 		42.3684 		23.7213
v 33 		41.6604 		28.5959
v 33 		42.2731 		23.687
v 33 		41.6143 		28.6527
v 33 		42.1739 		23.6567
v 33 		41.5643 		28.7049
v 33 		42.071 		23.6305
v 33 		41.5105 		28.7526
v 33 		41.968 		23.6083
v 33 		41.452 		28.7942
v 33 		41.8623 		23.5901
v 33 		41.3881 		28.8283
v 33 		41.7538 		23.576
v 33 		41.3187 		28.8547
v 33 		41.6427 		23.5659
v 33 		41.2439 		28.8737
v 33 		41.5288 		23.5598
v 33 		41.1636 		28.885
v 33 		41.4121 		23.5578
v 33 		41.0778 		28.8888
v 33 		41.1371 		23.5752
v 33 		40.9811 		28.885
v 33 		40.8888 		23.6275
v 33 		40.8877 		28.8737
v 33 		40.6673 		23.7145
v 33 		40.7976 		28.8547
v 33 		40.4725 		23.8363
v 33 		40.7107 		28.8283
v 33 		40.3045 		23.993
v 33 		40.6271 		28.7942
v 33 		40.1633 		24.1845
v 33 		40.5468 		28.7526
v 33 		40.467 		28.7021
v 33 		40.0491 		24.4143
v 33 		40.3917 		28.6416
v 33 		39.9557 		24.6799
v 33 		40.3206 		28.5709
v 33 		39.8831 		24.9814
v 33 		40.254 		28.4902
v 33 		39.8312 		25.3187
v 33 		40.1917 		28.3994
v 33 		39.8 		25.6918
v 33 		40.1338 		28.2985
v 33 		39.7896 		26.1007
v 33 		39.7921 		26.3626
v 33 		40.0803 		28.1865
v 33 		39.7995 		26.6093
v 33 		40.0311 		28.0624
v 33 		39.8118 		26.8409
v 33 		39.9863 		27.9261
v 33 		39.829 		27.0573
v 33 		39.9459 		27.7778
v 33 		39.8511 		27.2586
v 33 		39.9098 		27.6174
v 33 		39.8781 		27.4448
v 32 		48.857 		22.6264
v 32 		48.6407 		22.6166
v 32 		48.4134 		22.6133
v 32 		49.2569 		22.6658
v 32 		49.0624 		22.6428
v 32 		49.6131 		22.7314
v 32 		49.4405 		22.6953
v 32 		49.9289 		22.8071
v 32 		49.7756 		22.767
v 32 		50.2075 		22.9009
v 32 		50.0728 		22.8517
v 32 		50.4489 		23.0129
v 32 		50.3328 		22.9546
v 32 		50.6522 		23.1451
v 32 		50.5555 		23.0778
v 32 		50.816 		23.2874
v 32 		50.739 		23.215
v 32 		50.9406 		23.4398
v 32 		50.8832 		23.3623
v 32 		51.0335 		23.6063
v 32 		50.9917 		23.5223
v 32 		51.0892 		23.7788
v 32 		51.066 		23.6918
v 32 		51.1078 		23.9574
v 32 		51.1031 		23.8674
v 32 		51.0662 		24.2198
v 32 		51.0974 		24.0957
v 32 		50.9417 		24.4256
v 32 		51.0143 		24.3298
v 32 		50.7341 		24.575
v 32 		50.8483 		24.5074
v 32 		51.4618 		26.6184
v 32 		51.4618 		25.9736
v 32 		46.9974 		25.9736
v 32 		51.4366 		27.0957
v 32 		51.4555 		26.8618
v 32 		51.3612 		27.5346
v 32 		51.4052 		27.3199
v 32 		51.2356 		27.9352
v 32 		51.3047 		27.7397
v 32 		51.0695 		28.2904
v 32 		51.158 		28.1179
v 32 		50.8597 		28.6053
v 32 		50.9701 		28.4529
v 32 		50.6063 		28.8797
v 32 		50.7385 		28.7475
v 32 		50.3102 		29.1128
v 32 		50.4634 		29.0016
v 32 		49.9726 		29.3035
v 32 		50.1466 		29.2135
v 32 		49.5934 		29.4519
v 32 		49.7882 		29.383
v 32 		49.1837 		29.5629
v 32 		49.3927 		29.5129
v 32 		48.7412 		29.6295
v 32 		48.9666 		29.6017
v 32 		48.2659 		29.6517
v 32 		48.5077 		29.6461
v 32 		47.7481 		29.6264
v 32 		48.0021 		29.6454
v 32 		47.2695 		29.5508
v 32 		47.5039 		29.5949
v 32 		46.8303 		29.4246
v 32 		47.045 		29.494
v 32 		46.4326 		29.249
v 32 		46.626 		29.3429
v 32 		46.0786 		29.025
v 32 		46.2501 		29.1431
v 32 		45.7683 		28.7526
v 32 		45.918 		28.8949
v 32 		45.5028 		28.4256
v 32 		45.6298 		28.5952
v 32 		45.2832 		28.0503
v 32 		45.3872 		28.244
v 32 		45.1095 		27.6264
v 32 		45.1906 		27.8444
v 32 		44.9838 		27.1552
v 32 		45.0403 		27.3966
v 32 		44.9084 		26.6375
v 32 		44.9398 		26.9022
v 32 		47.0362 		27.1017
v 32 		47.0269 		26.7818
v 32 		49.3771 		26.7818
v 32 		44.8833 		26.0735
v 32 		44.8896 		26.3613
v 32 		44.9084 		25.5427
v 32 		44.8896 		25.803
v 32 		44.9838 		25.0523
v 32 		44.9398 		25.2924
v 32 		45.1095 		24.6022
v 32 		45.0403 		24.8222
v 32 		45.2843 		24.1996
v 32 		45.1908 		24.3956
v 32 		45.5072 		23.8394
v 32 		45.3897 		24.0142
v 32 		45.7781 		23.5215
v 32 		45.6366 		23.6751
v 32 		46.0982 		23.248
v 32 		45.9319 		23.379
v 32 		46.4686 		23.021
v 32 		46.2772 		23.1287
v 32 		46.8893 		22.8404
v 32 		46.6727 		22.9249
v 32 		47.3514 		22.7142
v 32 		47.1146 		22.771
v 32 		47.8595 		22.6386
v 32 		47.5997 		22.6701
v 32 		48.1307 		22.6196
v 32 		50.6929 		24.5033
v 32 		47.0641 		27.3954
v 32 		50.6478 		24.4337
v 32 		47.1105 		27.6628
v 32 		50.5989 		24.3661
v 32 		47.1755 		27.9039
v 32 		50.5462 		24.3005
v 32 		47.2591 		28.1189
v 32 		50.4896 		24.2369
v 32 		47.3613 		28.3076
v 32 		50.4293 		24.1754
v 32 		47.4826 		28.4685
v 32 		50.3684 		24.1133
v 32 		47.6169 		28.6002
v 32 		50.3036 		24.0543
v 32 		47.7644 		28.7026
v 32 		50.2351 		23.9983
v 32 		47.9251 		28.7758
v 32 		50.1627 		23.9453
v 32 		50.0865 		23.8954
v 32 		48.0988 		28.8197
v 32 		50.0064 		23.8484
v 32 		48.2856 		28.8343
v 32 		49.9229 		23.802
v 32 		48.3815 		28.8303
v 32 		49.836 		23.7596
v 32 		48.4724 		28.8182
v 32 		49.7459 		23.7213
v 32 		48.5585 		28.798
v 32 		49.6524 		23.687
v 32 		48.6396 		28.7697
v 32 		49.5557 		23.6567
v 32 		48.7158 		28.7334
v 32 		49.4558 		23.6305
v 32 		49.3558 		23.6083
v 32 		48.7871 		28.689
v 32 		48.8538 		28.6373
v 32 		49.2525 		23.5901
v 32 		48.916 		28.579
v 32 		49.146 		23.576
v 32 		48.9739 		28.5142
v 32 		49.0362 		23.5659
v 32 		49.0275 		28.4428
v 32 		48.9231 		23.5598
v 32 		49.0766 		28.3648
v 32 		48.8068 		23.5578
v 32 		49.1214 		28.2803
v 32 		48.6656 		23.5616
v 32 		49.1621 		28.1893
v 32 		48.5303 		23.573
v 32 		49.199 		28.0916
v 32 		48.4011 		23.5919
v 32 		49.2321 		27.9874
v 32 		48.278 		23.6184
v 32 		49.2613 		27.8767
v 32 		48.1608 		23.6524
v 32 		49.2867 		27.7594
v 32 		48.0496 		23.6941
v 32 		49.3083 		27.6355
v 32 		47.9409 		23.7465
v 32 		49.3293 		27.5059
v 32 		47.8376 		23.8071
v 32 		49.3465 		27.3711
v 32 		47.7399 		23.8757
v 32 		49.3599 		27.2314
v 32 		49.3695 		27.0866
v 32 		47.6475 		23.9524
v 32 		49.3752 		26.9367
v 32 		47.5607 		24.0371
v 32 		47.4793 		24.13
v 32 		47.4066 		24.2342
v 32 		47.3394 		24.3469
v 32 		47.001 		25.7667
v 32 		47.2777 		24.4683
v 32 		47.0116 		25.5699
v 32 		47.2214 		24.5982
v 32 		47.0294 		25.3833
v 32 		47.1706 		24.7367
v 32 		47.0543 		25.2067
v 32 		47.1253 		24.8838
v 32 		47.0862 		25.0402
v 33 		48.4134 		22.6133
v 33 		48.6407 		22.6166
v 33 		48.857 		22.6264
v 33 		49.0624 		22.6428
v 33 		49.2569 		22.6658
v 33 		49.4405 		22.6953
v 33 		49.6131 		22.7314
v 33 		49.7756 		22.767
v 33 		49.9289 		22.8071
v 33 		50.0728 		22.8517
v 33 		50.2075 		22.9009
v 33 		50.3328 		22.9546
v 33 		50.4489 		23.0129
v 33 		50.5555 		23.0778
v 33 		50.6522 		23.1451
v 33 		50.739 		23.215
v 33 		50.816 		23.2874
v 33 		50.8832 		23.3623
v 33 		50.9406 		23.4398
v 33 		50.9917 		23.5223
v 33 		51.0335 		23.6063
v 33 		51.066 		23.6918
v 33 		51.0892 		23.7788
v 33 		51.1031 		23.8674
v 33 		51.1078 		23.9574
v 33 		51.0974 		24.0957
v 33 		51.0662 		24.2198
v 33 		51.0143 		24.3298
v 33 		50.9417 		24.4256
v 33 		50.8483 		24.5074
v 33 		50.7341 		24.575
v 33 		46.9974 		25.9736
v 33 		51.4618 		25.9736
v 33 		51.4618 		26.6184
v 33 		51.4555 		26.8618
v 33 		51.4366 		27.0957
v 33 		51.4052 		27.3199
v 33 		51.3612 		27.5346
v 33 		51.3047 		27.7397
v 33 		51.2356 		27.9352
v 33 		51.158 		28.1179
v 33 		51.0695 		28.2904
v 33 		50.9701 		28.4529
v 33 		50.8597 		28.6053
v 33 		50.7385 		28.7475
v 33 		50.6063 		28.8797
v 33 		50.4634 		29.0016
v 33 		50.3102 		29.1128
v 33 		50.1466 		29.2135
v 33 		49.9726 		29.3035
v 33 		49.7882 		29.383
v 33 		49.5934 		29.4519
v 33 		49.3927 		29.5129
v 33 		49.1837 		29.5629
v 33 		48.9666 		29.6017
v 33 		48.7412 		29.6295
v 33 		48.5077 		29.6461
v 33 		48.2659 		29.6517
v 33 		48.0021 		29.6454
v 33 		47.7481 		29.6264
v 33 		47.5039 		29.5949
v 33 		47.2695 		29.5508
v 33 		47.045 		29.494
v 33 		46.8303 		29.4246
v 33 		46.626 		29.3429
v 33 		46.4326 		29.249
v 33 		46.2501 		29.1431
v 33 		46.0786 		29.025
v 33 		45.918 		28.8949
v 33 		45.7683 		28.7526
v 33 		45.6298 		28.5952
v 33 		45.5028 		28.4256
v 33 		45.3872 		28.244
v 33 		45.2832 		28.0503
v 33 		45.1906 		27.8444
v 33 		45.1095 		27.6264
v 33 		45.0403 		27.3966
v 33 		44.9838 		27.1552
v 33 		44.9398 		26.9022
v 33 		44.9084 		26.6375
v 33 		47.0269 		26.7818
v 33 		47.0362 		27.1017
v 33 		49.3771 		26.7818
v 33 		44.8896 		26.3613
v 33 		44.8833 		26.0735
v 33 		44.8896 		25.803
v 33 		44.9084 		25.5427
v 33 		44.9398 		25.2924
v 33 		44.9838 		25.0523
v 33 		45.0403 		24.8222
v 33 		45.1095 		24.6022
v 33 		45.1908 		24.3956
v 33 		45.2843 		24.1996
v 33 		45.3897 		24.0142
v 33 		45.5072 		23.8394
v 33 		45.6366 		23.6751
v 33 		45.7781 		23.5215
v 33 		45.9319 		23.379
v 33 		46.0982 		23.248
v 33 		46.2772 		23.1287
v 33 		46.4686 		23.021
v 33 		46.6727 		22.9249
v 33 		46.8893 		22.8404
v 33 		47.1146 		22.771
v 33 		47.3514 		22.7142
v 33 		47.5997 		22.6701
v 33 		47.8595 		22.6386
v 33 		48.1307 		22.6196
v 33 		50.6929 		24.5033
v 33 		47.0641 		27.3954
v 33 		50.6478 		24.4337
v 33 		47.1105 		27.6628
v 33 		50.5989 		24.3661
v 33 		47.1755 		27.9039
v 33 		50.5462 		24.3005
v 33 		47.2591 		28.1189
v 33 		50.4896 		24.2369
v 33 		47.3613 		28.3076
v 33 		50.4293 		24.1754
v 33 		47.4826 		28.4685
v 33 		50.3684 		24.1133
v 33 		47.6169 		28.6002
v 33 		50.3036 		24.0543
v 33 		47.7644 		28.7026
v 33 		50.2351 		23.9983
v 33 		47.9251 		28.7758
v 33 		50.1627 		23.9453
v 33 		50.0865 		23.8954
v 33 		48.0988 		28.8197
v 33 		50.0064 		23.8484
v 33 		48.2856 		28.8343
v 33 		49.9229 		23.802
v 33 		48.3815 		28.8303
v 33 		49.836 		23.7596
v 33 		48.4724 		28.8182
v 33 		49.7459 		23.7213
v 33 		48.5585 		28.798
v 33 		49.6524 		23.687
v 33 		48.6396 		28.7697
v 33 		49.5557 		23.6567
v 33 		48.7158 		28.7334
v 33 		49.4558 		23.6305
v 33 		49.3558 		23.6083
v 33 		48.7871 		28.689
v 33 		48.8538 		28.6373
v 33 		49.2525 		23.5901
v 33 		48.916 		28.579
v 33 		49.146 		23.576
v 33 		48.9739 		28.5142
v 33 		49.0362 		23.5659
v 33 		49.0275 		28.4428
v 33 		48.9231 		23.5598
v 33 		49.0766 		28.3648
v 33 		48.8068 		23.5578
v 33 		49.1214 		28.2803
v 33 		48.6656 		23.5616
v 33 		49.1621 		28.1893
v 33 		48.5303 		23.573
v 33 		49.199 		28.0916
v 33 		48.4011 		23.5919
v 33 		49.2321 		27.9874
v 33 		48.278 		23.6184
v 33 		49.2613 		27.8767
v 33 		48.1608 		23.6524
v 33 		49.2867 		27.7594
v 33 		48.0496 		23.6941
v 33 		49.3083 		27.6355
v 33 		47.9409 		23.7465
v 33 		49.3293 		27.5059
v 33 		47.8376 		23.8071
v 33 		49.3465 		27.3711
v 33 		47.7399 		23.8757
v 33 		49.3599 		27.2314
v 33 		49.3695 		27.0866
v 33 		47.6475 		23.9524
v 33 		49.3752 		26.9367
v 33 		47.5607 		24.0371
v 33 		47.4793 		24.13
v 33 		47.4066 		24.2342
v 33 		47.3394 		24.3469
v 33 		47.001 		25.7667
v 33 		47.2777 		24.4683
v 33 		47.0116 		25.5699
v 33 		47.2214 		24.5982
v 33 		47.0294 		25.3833
v 33 		47.1706 		24.7367
v 33 		47.0543 		25.2067
v 33 		47.1253 		24.8838
v 33 		47.0862 		25.0402
# 2030 vertices

g group_21_16448250

usemtl color_16448250
s 0

f 4213 	4214 	4215
f 4216 	4217 	4213
f 4218 	4219 	4216
f 4220 	4221 	4218
f 4222 	4223 	4220
f 4224 	4225 	4222
f 4226 	4227 	4224
f 4228 	4229 	4226
f 4230 	4231 	4228
f 4232 	4233 	4230
f 4234 	4235 	4232
f 4236 	4237 	4234
f 4238 	4239 	4236
f 4240 	4241 	4242
f 4241 	4240 	4243
f 4244 	4245 	4246
f 4247 	4248 	4244
f 4249 	4250 	4251
f 4252 	4253 	4249
f 4254 	4255 	4252
f 4256 	4257 	4254
f 4258 	4259 	4256
f 4260 	4261 	4258
f 4262 	4263 	4260
f 4264 	4265 	4262
f 4266 	4267 	4264
f 4268 	4269 	4266
f 4270 	4271 	4268
f 4272 	4273 	4270
f 4213 	4215 	4272
f 4218 	4216 	4213
f 4222 	4220 	4218
f 4226 	4224 	4222
f 4230 	4228 	4226
f 4234 	4232 	4230
f 4238 	4236 	4234
f 4240 	4242 	4274
f 4241 	4243 	4275
f 4244 	4246 	4276
f 4277 	4247 	4244
f 4252 	4249 	4251
f 4256 	4254 	4252
f 4260 	4258 	4256
f 4264 	4262 	4260
f 4268 	4266 	4264
f 4272 	4270 	4268
f 4218 	4213 	4272
f 4226 	4222 	4218
f 4234 	4230 	4226
f 4278 	4238 	4234
f 4240 	4274 	4279
f 4241 	4275 	4280
f 4244 	4276 	4281
f 4282 	4277 	4244
f 4256 	4252 	4251
f 4264 	4260 	4256
f 4272 	4268 	4264
f 4226 	4218 	4272
f 4278 	4234 	4226
f 4240 	4279 	4283
f 4241 	4280 	4284
f 4244 	4281 	4285
f 4286 	4282 	4244
f 4264 	4256 	4251
f 4226 	4272 	4264
f 4287 	4278 	4226
f 4240 	4283 	4288
f 4289 	4241 	4284
f 4244 	4285 	4290
f 4291 	4286 	4244
f 4292 	4287 	4226
f 4240 	4288 	4293
f 4244 	4290 	4294
f 4295 	4291 	4244
f 4296 	4292 	4226
f 4240 	4293 	4297
f 4244 	4294 	4298
f 4299 	4295 	4244
f 4300 	4296 	4226
f 4240 	4297 	4301
f 4244 	4298 	4302
f 4303 	4299 	4244
f 4304 	4300 	4226
f 4240 	4301 	4305
f 4244 	4302 	4306
f 4307 	4303 	4244
f 4308 	4304 	4226
f 4240 	4305 	4309
f 4244 	4306 	4310
f 4311 	4307 	4244
f 4312 	4308 	4226
f 4313 	4240 	4309
f 4244 	4310 	4314
f 4315 	4311 	4244
f 4316 	4312 	4226
f 4313 	4309 	4317
f 4244 	4314 	4318
f 4319 	4315 	4244
f 4320 	4316 	4226
f 4313 	4317 	4321
f 4319 	4244 	4318
f 4322 	4320 	4226
f 4313 	4321 	4323
f 4319 	4318 	4324
f 4325 	4322 	4226
f 4313 	4323 	4325
f 4319 	4324 	4326
f 4313 	4325 	4226
f 4319 	4326 	4327
f 4328 	4313 	4226
f 4319 	4327 	4329
f 4330 	4328 	4226
f 4319 	4329 	4331
f 4332 	4330 	4226
f 4319 	4331 	4333
f 4334 	4332 	4226
f 4319 	4333 	4335
f 4336 	4334 	4226
f 4319 	4335 	4337
f 4338 	4336 	4226
f 4319 	4337 	4339
f 4340 	4338 	4226
f 4319 	4339 	4341
f 4342 	4340 	4226
f 4319 	4341 	4343
f 4344 	4342 	4226
f 4319 	4343 	4289
f 4345 	4344 	4226
f 4346 	4319 	4289
f 4347 	4345 	4226
f 4348 	4346 	4289
f 4349 	4347 	4226
f 4350 	4348 	4289
f 4351 	4349 	4226
f 4352 	4350 	4289
f 4353 	4351 	4226
f 4354 	4352 	4289
f 4353 	4226 	4264
f 4355 	4354 	4289
f 4356 	4353 	4264
f 4357 	4355 	4289
f 4358 	4356 	4264
f 4359 	4357 	4289
f 4360 	4358 	4264
f 4361 	4359 	4289
f 4362 	4360 	4264
f 4363 	4361 	4289
f 4364 	4362 	4264
f 4365 	4363 	4289
f 4366 	4364 	4264
f 4367 	4365 	4289
f 4368 	4366 	4264
f 4369 	4367 	4289
f 4370 	4368 	4264
f 4371 	4369 	4289
f 4372 	4370 	4264
f 4251 	4371 	4289
f 4373 	4372 	4264
f 4251 	4289 	4284
f 4374 	4373 	4264
f 4251 	4284 	4375
f 4376 	4374 	4264
f 4251 	4375 	4377
f 4378 	4376 	4264
f 4251 	4377 	4379
f 4380 	4378 	4264
f 4251 	4379 	4381
f 4382 	4380 	4264
f 4251 	4381 	4383
f 4384 	4382 	4264
f 4251 	4383 	4385
f 4386 	4384 	4264
f 4264 	4251 	4385
f 4387 	4386 	4264
f 4264 	4385 	4388
f 4389 	4387 	4264
f 4264 	4388 	4390
f 4391 	4389 	4264
f 4264 	4390 	4392
f 4393 	4391 	4264
f 4264 	4392 	4394
f 4394 	4393 	4264
f 4395 	4396 	4397
f 4397 	4398 	4399
f 4399 	4400 	4401
f 4401 	4402 	4403
f 4403 	4404 	4405
f 4405 	4406 	4407
f 4407 	4408 	4409
f 4409 	4410 	4411
f 4411 	4412 	4413
f 4413 	4414 	4415
f 4415 	4416 	4417
f 4417 	4418 	4419
f 4419 	4420 	4421
f 4422 	4423 	4424
f 4425 	4424 	4423
f 4426 	4427 	4428
f 4428 	4429 	4430
f 4431 	4432 	4433
f 4433 	4434 	4435
f 4435 	4436 	4437
f 4437 	4438 	4439
f 4439 	4440 	4441
f 4441 	4442 	4443
f 4443 	4444 	4445
f 4445 	4446 	4447
f 4447 	4448 	4449
f 4449 	4450 	4451
f 4451 	4452 	4453
f 4453 	4454 	4455
f 4455 	4395 	4397
f 4397 	4399 	4401
f 4401 	4403 	4405
f 4405 	4407 	4409
f 4409 	4411 	4413
f 4413 	4415 	4417
f 4417 	4419 	4421
f 4456 	4422 	4424
f 4457 	4425 	4423
f 4458 	4426 	4428
f 4428 	4430 	4459
f 4431 	4433 	4435
f 4435 	4437 	4439
f 4439 	4441 	4443
f 4443 	4445 	4447
f 4447 	4449 	4451
f 4451 	4453 	4455
f 4455 	4397 	4401
f 4401 	4405 	4409
f 4409 	4413 	4417
f 4417 	4421 	4460
f 4461 	4456 	4424
f 4462 	4457 	4423
f 4463 	4458 	4428
f 4428 	4459 	4464
f 4431 	4435 	4439
f 4439 	4443 	4447
f 4447 	4451 	4455
f 4455 	4401 	4409
f 4409 	4417 	4460
f 4465 	4461 	4424
f 4466 	4462 	4423
f 4467 	4463 	4428
f 4428 	4464 	4468
f 4431 	4439 	4447
f 4447 	4455 	4409
f 4409 	4460 	4469
f 4470 	4465 	4424
f 4466 	4423 	4471
f 4472 	4467 	4428
f 4428 	4468 	4473
f 4409 	4469 	4474
f 4475 	4470 	4424
f 4476 	4472 	4428
f 4428 	4473 	4477
f 4409 	4474 	4478
f 4479 	4475 	4424
f 4480 	4476 	4428
f 4428 	4477 	4481
f 4409 	4478 	4482
f 4483 	4479 	4424
f 4484 	4480 	4428
f 4428 	4481 	4485
f 4409 	4482 	4486
f 4487 	4483 	4424
f 4488 	4484 	4428
f 4428 	4485 	4489
f 4409 	4486 	4490
f 4491 	4487 	4424
f 4492 	4488 	4428
f 4428 	4489 	4493
f 4409 	4490 	4494
f 4491 	4424 	4495
f 4496 	4492 	4428
f 4428 	4493 	4497
f 4409 	4494 	4498
f 4499 	4491 	4495
f 4500 	4496 	4428
f 4428 	4497 	4501
f 4409 	4498 	4502
f 4503 	4499 	4495
f 4500 	4428 	4501
f 4409 	4502 	4504
f 4505 	4503 	4495
f 4506 	4500 	4501
f 4409 	4504 	4507
f 4507 	4505 	4495
f 4508 	4506 	4501
f 4409 	4507 	4495
f 4509 	4508 	4501
f 4409 	4495 	4510
f 4511 	4509 	4501
f 4409 	4510 	4512
f 4513 	4511 	4501
f 4409 	4512 	4514
f 4515 	4513 	4501
f 4409 	4514 	4516
f 4517 	4515 	4501
f 4409 	4516 	4518
f 4519 	4517 	4501
f 4409 	4518 	4520
f 4521 	4519 	4501
f 4409 	4520 	4522
f 4523 	4521 	4501
f 4409 	4522 	4524
f 4525 	4523 	4501
f 4409 	4524 	4526
f 4471 	4525 	4501
f 4409 	4526 	4527
f 4471 	4501 	4528
f 4409 	4527 	4529
f 4471 	4528 	4530
f 4409 	4529 	4531
f 4471 	4530 	4532
f 4409 	4531 	4533
f 4471 	4532 	4534
f 4409 	4533 	4535
f 4471 	4534 	4536
f 4447 	4409 	4535
f 4471 	4536 	4537
f 4447 	4535 	4538
f 4471 	4537 	4539
f 4447 	4538 	4540
f 4471 	4539 	4541
f 4447 	4540 	4542
f 4471 	4541 	4543
f 4447 	4542 	4544
f 4471 	4543 	4545
f 4447 	4544 	4546
f 4471 	4545 	4547
f 4447 	4546 	4548
f 4471 	4547 	4549
f 4447 	4548 	4550
f 4471 	4549 	4551
f 4447 	4550 	4552
f 4471 	4551 	4553
f 4447 	4552 	4554
f 4471 	4553 	4431
f 4447 	4554 	4555
f 4466 	4471 	4431
f 4447 	4555 	4556
f 4557 	4466 	4431
f 4447 	4556 	4558
f 4559 	4557 	4431
f 4447 	4558 	4560
f 4561 	4559 	4431
f 4447 	4560 	4562
f 4563 	4561 	4431
f 4447 	4562 	4564
f 4565 	4563 	4431
f 4447 	4564 	4566
f 4567 	4565 	4431
f 4447 	4566 	4568
f 4567 	4431 	4447
f 4447 	4568 	4569
f 4570 	4567 	4447
f 4447 	4569 	4571
f 4572 	4570 	4447
f 4447 	4571 	4573
f 4574 	4572 	4447
f 4447 	4573 	4575
f 4576 	4574 	4447
f 4447 	4575 	4576
f 4214 	4213 	4396
f 4213 	4397 	4396
f 4213 	4217 	4397
f 4217 	4398 	4397
f 4217 	4216 	4398
f 4216 	4399 	4398
f 4216 	4219 	4399
f 4219 	4400 	4399
f 4219 	4218 	4400
f 4218 	4401 	4400
f 4218 	4221 	4401
f 4221 	4402 	4401
f 4221 	4220 	4402
f 4220 	4403 	4402
f 4220 	4223 	4403
f 4223 	4404 	4403
f 4223 	4222 	4404
f 4222 	4405 	4404
f 4222 	4225 	4405
f 4225 	4406 	4405
f 4225 	4224 	4406
f 4224 	4407 	4406
f 4224 	4227 	4407
f 4227 	4408 	4407
f 4227 	4226 	4408
f 4226 	4409 	4408
f 4226 	4229 	4409
f 4229 	4410 	4409
f 4229 	4228 	4410
f 4228 	4411 	4410
f 4228 	4231 	4411
f 4231 	4412 	4411
f 4231 	4230 	4412
f 4230 	4413 	4412
f 4230 	4233 	4413
f 4233 	4414 	4413
f 4233 	4232 	4414
f 4232 	4415 	4414
f 4232 	4235 	4415
f 4235 	4416 	4415
f 4235 	4234 	4416
f 4234 	4417 	4416
f 4234 	4237 	4417
f 4237 	4418 	4417
f 4237 	4236 	4418
f 4236 	4419 	4418
f 4236 	4239 	4419
f 4239 	4420 	4419
f 4239 	4238 	4420
f 4238 	4421 	4420
f 4238 	4278 	4421
f 4278 	4460 	4421
f 4278 	4287 	4460
f 4287 	4469 	4460
f 4287 	4292 	4469
f 4292 	4474 	4469
f 4292 	4296 	4474
f 4296 	4478 	4474
f 4296 	4300 	4478
f 4300 	4482 	4478
f 4300 	4304 	4482
f 4304 	4486 	4482
f 4304 	4308 	4486
f 4308 	4490 	4486
f 4308 	4312 	4490
f 4312 	4494 	4490
f 4312 	4316 	4494
f 4316 	4498 	4494
f 4316 	4320 	4498
f 4320 	4502 	4498
f 4320 	4322 	4502
f 4322 	4504 	4502
f 4322 	4325 	4504
f 4325 	4507 	4504
f 4325 	4323 	4507
f 4323 	4505 	4507
f 4323 	4321 	4505
f 4321 	4503 	4505
f 4321 	4317 	4503
f 4317 	4499 	4503
f 4317 	4309 	4499
f 4309 	4491 	4499
f 4309 	4305 	4491
f 4305 	4487 	4491
f 4305 	4301 	4487
f 4301 	4483 	4487
f 4301 	4297 	4483
f 4297 	4479 	4483
f 4297 	4293 	4479
f 4293 	4475 	4479
f 4293 	4288 	4475
f 4288 	4470 	4475
f 4288 	4283 	4470
f 4283 	4465 	4470
f 4283 	4279 	4465
f 4279 	4461 	4465
f 4279 	4274 	4461
f 4274 	4456 	4461
f 4274 	4242 	4456
f 4242 	4422 	4456
f 4242 	4241 	4422
f 4241 	4423 	4422
f 4241 	4289 	4423
f 4289 	4471 	4423
f 4289 	4343 	4471
f 4343 	4525 	4471
f 4343 	4341 	4525
f 4341 	4523 	4525
f 4341 	4339 	4523
f 4339 	4521 	4523
f 4339 	4337 	4521
f 4337 	4519 	4521
f 4337 	4335 	4519
f 4335 	4517 	4519
f 4335 	4333 	4517
f 4333 	4515 	4517
f 4333 	4331 	4515
f 4331 	4513 	4515
f 4331 	4329 	4513
f 4329 	4511 	4513
f 4329 	4327 	4511
f 4327 	4509 	4511
f 4327 	4326 	4509
f 4326 	4508 	4509
f 4326 	4324 	4508
f 4324 	4506 	4508
f 4324 	4318 	4506
f 4318 	4500 	4506
f 4318 	4314 	4500
f 4314 	4496 	4500
f 4314 	4310 	4496
f 4310 	4492 	4496
f 4310 	4306 	4492
f 4306 	4488 	4492
f 4306 	4302 	4488
f 4302 	4484 	4488
f 4302 	4298 	4484
f 4298 	4480 	4484
f 4298 	4294 	4480
f 4294 	4476 	4480
f 4294 	4290 	4476
f 4290 	4472 	4476
f 4290 	4285 	4472
f 4285 	4467 	4472
f 4285 	4281 	4467
f 4281 	4463 	4467
f 4281 	4276 	4463
f 4276 	4458 	4463
f 4276 	4246 	4458
f 4246 	4426 	4458
f 4246 	4245 	4426
f 4245 	4427 	4426
f 4245 	4244 	4427
f 4244 	4428 	4427
f 4244 	4248 	4428
f 4248 	4429 	4428
f 4248 	4247 	4429
f 4247 	4430 	4429
f 4247 	4277 	4430
f 4277 	4459 	4430
f 4277 	4282 	4459
f 4282 	4464 	4459
f 4282 	4286 	4464
f 4286 	4468 	4464
f 4286 	4291 	4468
f 4291 	4473 	4468
f 4291 	4295 	4473
f 4295 	4477 	4473
f 4295 	4299 	4477
f 4299 	4481 	4477
f 4299 	4303 	4481
f 4303 	4485 	4481
f 4303 	4307 	4485
f 4307 	4489 	4485
f 4307 	4311 	4489
f 4311 	4493 	4489
f 4311 	4315 	4493
f 4315 	4497 	4493
f 4315 	4319 	4497
f 4319 	4501 	4497
f 4319 	4346 	4501
f 4346 	4528 	4501
f 4346 	4348 	4528
f 4348 	4530 	4528
f 4348 	4350 	4530
f 4350 	4532 	4530
f 4350 	4352 	4532
f 4352 	4534 	4532
f 4352 	4354 	4534
f 4354 	4536 	4534
f 4354 	4355 	4536
f 4355 	4537 	4536
f 4355 	4357 	4537
f 4357 	4539 	4537
f 4357 	4359 	4539
f 4359 	4541 	4539
f 4359 	4361 	4541
f 4361 	4543 	4541
f 4361 	4363 	4543
f 4363 	4545 	4543
f 4363 	4365 	4545
f 4365 	4547 	4545
f 4365 	4367 	4547
f 4367 	4549 	4547
f 4367 	4369 	4549
f 4369 	4551 	4549
f 4369 	4371 	4551
f 4371 	4553 	4551
f 4371 	4251 	4553
f 4251 	4431 	4553
f 4251 	4250 	4431
f 4250 	4432 	4431
f 4250 	4249 	4432
f 4249 	4433 	4432
f 4249 	4253 	4433
f 4253 	4434 	4433
f 4253 	4252 	4434
f 4252 	4435 	4434
f 4252 	4255 	4435
f 4255 	4436 	4435
f 4255 	4254 	4436
f 4254 	4437 	4436
f 4254 	4257 	4437
f 4257 	4438 	4437
f 4257 	4256 	4438
f 4256 	4439 	4438
f 4256 	4259 	4439
f 4259 	4440 	4439
f 4259 	4258 	4440
f 4258 	4441 	4440
f 4258 	4261 	4441
f 4261 	4442 	4441
f 4261 	4260 	4442
f 4260 	4443 	4442
f 4260 	4263 	4443
f 4263 	4444 	4443
f 4263 	4262 	4444
f 4262 	4445 	4444
f 4262 	4265 	4445
f 4265 	4446 	4445
f 4265 	4264 	4446
f 4264 	4447 	4446
f 4264 	4267 	4447
f 4267 	4448 	4447
f 4267 	4266 	4448
f 4266 	4449 	4448
f 4266 	4269 	4449
f 4269 	4450 	4449
f 4269 	4268 	4450
f 4268 	4451 	4450
f 4268 	4271 	4451
f 4271 	4452 	4451
f 4271 	4270 	4452
f 4270 	4453 	4452
f 4270 	4273 	4453
f 4273 	4454 	4453
f 4273 	4272 	4454
f 4272 	4455 	4454
f 4272 	4215 	4455
f 4215 	4395 	4455
f 4215 	4214 	4395
f 4214 	4396 	4395
f 4313 	4328 	4495
f 4328 	4510 	4495
f 4328 	4330 	4510
f 4330 	4512 	4510
f 4330 	4332 	4512
f 4332 	4514 	4512
f 4332 	4334 	4514
f 4334 	4516 	4514
f 4334 	4336 	4516
f 4336 	4518 	4516
f 4336 	4338 	4518
f 4338 	4520 	4518
f 4338 	4340 	4520
f 4340 	4522 	4520
f 4340 	4342 	4522
f 4342 	4524 	4522
f 4342 	4344 	4524
f 4344 	4526 	4524
f 4344 	4345 	4526
f 4345 	4527 	4526
f 4345 	4347 	4527
f 4347 	4529 	4527
f 4347 	4349 	4529
f 4349 	4531 	4529
f 4349 	4351 	4531
f 4351 	4533 	4531
f 4351 	4353 	4533
f 4353 	4535 	4533
f 4353 	4356 	4535
f 4356 	4538 	4535
f 4356 	4358 	4538
f 4358 	4540 	4538
f 4358 	4360 	4540
f 4360 	4542 	4540
f 4360 	4362 	4542
f 4362 	4544 	4542
f 4362 	4364 	4544
f 4364 	4546 	4544
f 4364 	4366 	4546
f 4366 	4548 	4546
f 4366 	4368 	4548
f 4368 	4550 	4548
f 4368 	4370 	4550
f 4370 	4552 	4550
f 4370 	4372 	4552
f 4372 	4554 	4552
f 4372 	4373 	4554
f 4373 	4555 	4554
f 4373 	4374 	4555
f 4374 	4556 	4555
f 4374 	4376 	4556
f 4376 	4558 	4556
f 4376 	4378 	4558
f 4378 	4560 	4558
f 4378 	4380 	4560
f 4380 	4562 	4560
f 4380 	4382 	4562
f 4382 	4564 	4562
f 4382 	4384 	4564
f 4384 	4566 	4564
f 4384 	4386 	4566
f 4386 	4568 	4566
f 4386 	4387 	4568
f 4387 	4569 	4568
f 4387 	4389 	4569
f 4389 	4571 	4569
f 4389 	4391 	4571
f 4391 	4573 	4571
f 4391 	4393 	4573
f 4393 	4575 	4573
f 4393 	4394 	4575
f 4394 	4576 	4575
f 4394 	4392 	4576
f 4392 	4574 	4576
f 4392 	4390 	4574
f 4390 	4572 	4574
f 4390 	4388 	4572
f 4388 	4570 	4572
f 4388 	4385 	4570
f 4385 	4567 	4570
f 4385 	4383 	4567
f 4383 	4565 	4567
f 4383 	4381 	4565
f 4381 	4563 	4565
f 4381 	4379 	4563
f 4379 	4561 	4563
f 4379 	4377 	4561
f 4377 	4559 	4561
f 4377 	4375 	4559
f 4375 	4557 	4559
f 4375 	4284 	4557
f 4284 	4466 	4557
f 4284 	4280 	4466
f 4280 	4462 	4466
f 4280 	4275 	4462
f 4275 	4457 	4462
f 4275 	4243 	4457
f 4243 	4425 	4457
f 4243 	4240 	4425
f 4240 	4424 	4425
f 4240 	4313 	4424
f 4313 	4495 	4424
f 4577 	4578 	4579
f 4580 	4581 	4577
f 4582 	4583 	4580
f 4584 	4585 	4582
f 4586 	4587 	4584
f 4588 	4589 	4586
f 4590 	4591 	4588
f 4592 	4593 	4590
f 4594 	4595 	4592
f 4596 	4597 	4594
f 4598 	4599 	4596
f 4600 	4601 	4598
f 4602 	4603 	4600
f 4604 	4605 	4602
f 4606 	4607 	4604
f 4608 	4609 	4606
f 4610 	4611 	4608
f 4612 	4613 	4610
f 4614 	4615 	4612
f 4612 	4615 	4616
f 4617 	4618 	4612
f 4619 	4620 	4617
f 4621 	4622 	4619
f 4623 	4624 	4621
f 4625 	4626 	4623
f 4627 	4628 	4625
f 4629 	4630 	4627
f 4631 	4632 	4629
f 4633 	4634 	4631
f 4635 	4636 	4633
f 4637 	4638 	4635
f 4639 	4640 	4637
f 4641 	4642 	4639
f 4643 	4644 	4641
f 4645 	4646 	4643
f 4647 	4648 	4645
f 4649 	4650 	4647
f 4579 	4651 	4649
f 4580 	4577 	4579
f 4584 	4582 	4580
f 4588 	4586 	4584
f 4592 	4590 	4588
f 4596 	4594 	4592
f 4600 	4598 	4596
f 4604 	4602 	4600
f 4608 	4606 	4604
f 4612 	4610 	4608
f 4652 	4614 	4612
f 4612 	4616 	4653
f 4619 	4617 	4612
f 4623 	4621 	4619
f 4627 	4625 	4623
f 4631 	4629 	4627
f 4635 	4633 	4631
f 4639 	4637 	4635
f 4643 	4641 	4639
f 4647 	4645 	4643
f 4579 	4649 	4647
f 4584 	4580 	4579
f 4592 	4588 	4584
f 4600 	4596 	4592
f 4608 	4604 	4600
f 4652 	4612 	4608
f 4612 	4653 	4654
f 4623 	4619 	4612
f 4631 	4627 	4623
f 4639 	4635 	4631
f 4647 	4643 	4639
f 4584 	4579 	4647
f 4600 	4592 	4584
f 4655 	4652 	4608
f 4612 	4654 	4656
f 4631 	4623 	4612
f 4657 	4655 	4608
f 4612 	4656 	4658
f 4639 	4631 	4612
f 4659 	4657 	4608
f 4612 	4658 	4660
f 4661 	4659 	4608
f 4612 	4660 	4662
f 4663 	4661 	4608
f 4612 	4662 	4664
f 4665 	4663 	4608
f 4612 	4664 	4666
f 4667 	4665 	4608
f 4612 	4666 	4668
f 4669 	4667 	4608
f 4612 	4668 	4670
f 4671 	4669 	4608
f 4612 	4670 	4672
f 4673 	4671 	4608
f 4612 	4672 	4674
f 4675 	4673 	4608
f 4612 	4674 	4676
f 4677 	4675 	4608
f 4612 	4676 	4678
f 4677 	4608 	4600
f 4612 	4678 	4679
f 4680 	4677 	4600
f 4639 	4612 	4679
f 4681 	4680 	4600
f 4639 	4679 	4682
f 4683 	4681 	4600
f 4639 	4682 	4684
f 4685 	4683 	4600
f 4639 	4684 	4686
f 4687 	4685 	4600
f 4639 	4686 	4688
f 4689 	4687 	4600
f 4639 	4688 	4690
f 4691 	4689 	4600
f 4639 	4690 	4692
f 4693 	4691 	4600
f 4639 	4692 	4694
f 4695 	4693 	4600
f 4639 	4694 	4696
f 4697 	4695 	4600
f 4639 	4696 	4698
f 4699 	4697 	4600
f 4639 	4698 	4700
f 4701 	4699 	4600
f 4639 	4700 	4702
f 4703 	4701 	4600
f 4639 	4702 	4704
f 4703 	4600 	4584
f 4639 	4704 	4705
f 4706 	4703 	4584
f 4639 	4705 	4707
f 4708 	4706 	4584
f 4639 	4707 	4709
f 4710 	4708 	4584
f 4639 	4709 	4711
f 4712 	4710 	4584
f 4639 	4711 	4713
f 4714 	4712 	4584
f 4647 	4639 	4713
f 4715 	4714 	4584
f 4647 	4713 	4716
f 4717 	4715 	4584
f 4647 	4716 	4718
f 4719 	4717 	4584
f 4647 	4718 	4720
f 4721 	4719 	4584
f 4647 	4720 	4722
f 4721 	4584 	4647
f 4647 	4722 	4723
f 4724 	4721 	4647
f 4647 	4723 	4725
f 4726 	4724 	4647
f 4647 	4725 	4727
f 4728 	4726 	4647
f 4647 	4727 	4729
f 4730 	4728 	4647
f 4647 	4729 	4731
f 4732 	4730 	4647
f 4647 	4731 	4733
f 4734 	4732 	4647
f 4647 	4733 	4735
f 4736 	4734 	4647
f 4647 	4735 	4737
f 4738 	4736 	4647
f 4647 	4737 	4739
f 4740 	4738 	4647
f 4647 	4739 	4741
f 4742 	4740 	4647
f 4647 	4741 	4743
f 4744 	4742 	4647
f 4647 	4743 	4744
f 4745 	4746 	4747
f 4747 	4748 	4749
f 4749 	4750 	4751
f 4751 	4752 	4753
f 4753 	4754 	4755
f 4755 	4756 	4757
f 4757 	4758 	4759
f 4759 	4760 	4761
f 4761 	4762 	4763
f 4763 	4764 	4765
f 4765 	4766 	4767
f 4767 	4768 	4769
f 4769 	4770 	4771
f 4771 	4772 	4773
f 4773 	4774 	4775
f 4775 	4776 	4777
f 4777 	4778 	4779
f 4779 	4780 	4781
f 4781 	4782 	4783
f 4784 	4782 	4781
f 4781 	4785 	4786
f 4786 	4787 	4788
f 4788 	4789 	4790
f 4790 	4791 	4792
f 4792 	4793 	4794
f 4794 	4795 	4796
f 4796 	4797 	4798
f 4798 	4799 	4800
f 4800 	4801 	4802
f 4802 	4803 	4804
f 4804 	4805 	4806
f 4806 	4807 	4808
f 4808 	4809 	4810
f 4810 	4811 	4812
f 4812 	4813 	4814
f 4814 	4815 	4816
f 4816 	4817 	4818
f 4818 	4819 	4745
f 4745 	4747 	4749
f 4749 	4751 	4753
f 4753 	4755 	4757
f 4757 	4759 	4761
f 4761 	4763 	4765
f 4765 	4767 	4769
f 4769 	4771 	4773
f 4773 	4775 	4777
f 4777 	4779 	4781
f 4781 	4783 	4820
f 4821 	4784 	4781
f 4781 	4786 	4788
f 4788 	4790 	4792
f 4792 	4794 	4796
f 4796 	4798 	4800
f 4800 	4802 	4804
f 4804 	4806 	4808
f 4808 	4810 	4812
f 4812 	4814 	4816
f 4816 	4818 	4745
f 4745 	4749 	4753
f 4753 	4757 	4761
f 4761 	4765 	4769
f 4769 	4773 	4777
f 4777 	4781 	4820
f 4822 	4821 	4781
f 4781 	4788 	4792
f 4792 	4796 	4800
f 4800 	4804 	4808
f 4808 	4812 	4816
f 4816 	4745 	4753
f 4753 	4761 	4769
f 4777 	4820 	4823
f 4824 	4822 	4781
f 4781 	4792 	4800
f 4777 	4823 	4825
f 4826 	4824 	4781
f 4781 	4800 	4808
f 4777 	4825 	4827
f 4828 	4826 	4781
f 4777 	4827 	4829
f 4830 	4828 	4781
f 4777 	4829 	4831
f 4832 	4830 	4781
f 4777 	4831 	4833
f 4834 	4832 	4781
f 4777 	4833 	4835
f 4836 	4834 	4781
f 4777 	4835 	4837
f 4838 	4836 	4781
f 4777 	4837 	4839
f 4840 	4838 	4781
f 4777 	4839 	4841
f 4842 	4840 	4781
f 4777 	4841 	4843
f 4844 	4842 	4781
f 4777 	4843 	4845
f 4846 	4844 	4781
f 4769 	4777 	4845
f 4847 	4846 	4781
f 4769 	4845 	4848
f 4847 	4781 	4808
f 4769 	4848 	4849
f 4850 	4847 	4808
f 4769 	4849 	4851
f 4852 	4850 	4808
f 4769 	4851 	4853
f 4854 	4852 	4808
f 4769 	4853 	4855
f 4856 	4854 	4808
f 4769 	4855 	4857
f 4858 	4856 	4808
f 4769 	4857 	4859
f 4860 	4858 	4808
f 4769 	4859 	4861
f 4862 	4860 	4808
f 4769 	4861 	4863
f 4864 	4862 	4808
f 4769 	4863 	4865
f 4866 	4864 	4808
f 4769 	4865 	4867
f 4868 	4866 	4808
f 4769 	4867 	4869
f 4870 	4868 	4808
f 4769 	4869 	4871
f 4872 	4870 	4808
f 4753 	4769 	4871
f 4873 	4872 	4808
f 4753 	4871 	4874
f 4875 	4873 	4808
f 4753 	4874 	4876
f 4877 	4875 	4808
f 4753 	4876 	4878
f 4879 	4877 	4808
f 4753 	4878 	4880
f 4881 	4879 	4808
f 4753 	4880 	4882
f 4881 	4808 	4816
f 4753 	4882 	4883
f 4884 	4881 	4816
f 4753 	4883 	4885
f 4886 	4884 	4816
f 4753 	4885 	4887
f 4888 	4886 	4816
f 4753 	4887 	4889
f 4890 	4888 	4816
f 4816 	4753 	4889
f 4891 	4890 	4816
f 4816 	4889 	4892
f 4893 	4891 	4816
f 4816 	4892 	4894
f 4895 	4893 	4816
f 4816 	4894 	4896
f 4897 	4895 	4816
f 4816 	4896 	4898
f 4899 	4897 	4816
f 4816 	4898 	4900
f 4901 	4899 	4816
f 4816 	4900 	4902
f 4903 	4901 	4816
f 4816 	4902 	4904
f 4905 	4903 	4816
f 4816 	4904 	4906
f 4907 	4905 	4816
f 4816 	4906 	4908
f 4909 	4907 	4816
f 4816 	4908 	4910
f 4911 	4909 	4816
f 4816 	4910 	4912
f 4912 	4911 	4816
f 4578 	4577 	4746
f 4577 	4747 	4746
f 4577 	4581 	4747
f 4581 	4748 	4747
f 4581 	4580 	4748
f 4580 	4749 	4748
f 4580 	4583 	4749
f 4583 	4750 	4749
f 4583 	4582 	4750
f 4582 	4751 	4750
f 4582 	4585 	4751
f 4585 	4752 	4751
f 4585 	4584 	4752
f 4584 	4753 	4752
f 4584 	4587 	4753
f 4587 	4754 	4753
f 4587 	4586 	4754
f 4586 	4755 	4754
f 4586 	4589 	4755
f 4589 	4756 	4755
f 4589 	4588 	4756
f 4588 	4757 	4756
f 4588 	4591 	4757
f 4591 	4758 	4757
f 4591 	4590 	4758
f 4590 	4759 	4758
f 4590 	4593 	4759
f 4593 	4760 	4759
f 4593 	4592 	4760
f 4592 	4761 	4760
f 4592 	4595 	4761
f 4595 	4762 	4761
f 4595 	4594 	4762
f 4594 	4763 	4762
f 4594 	4597 	4763
f 4597 	4764 	4763
f 4597 	4596 	4764
f 4596 	4765 	4764
f 4596 	4599 	4765
f 4599 	4766 	4765
f 4599 	4598 	4766
f 4598 	4767 	4766
f 4598 	4601 	4767
f 4601 	4768 	4767
f 4601 	4600 	4768
f 4600 	4769 	4768
f 4600 	4603 	4769
f 4603 	4770 	4769
f 4603 	4602 	4770
f 4602 	4771 	4770
f 4602 	4605 	4771
f 4605 	4772 	4771
f 4605 	4604 	4772
f 4604 	4773 	4772
f 4604 	4607 	4773
f 4607 	4774 	4773
f 4607 	4606 	4774
f 4606 	4775 	4774
f 4606 	4609 	4775
f 4609 	4776 	4775
f 4609 	4608 	4776
f 4608 	4777 	4776
f 4608 	4611 	4777
f 4611 	4778 	4777
f 4611 	4610 	4778
f 4610 	4779 	4778
f 4610 	4613 	4779
f 4613 	4780 	4779
f 4613 	4612 	4780
f 4612 	4781 	4780
f 4612 	4618 	4781
f 4618 	4785 	4781
f 4618 	4617 	4785
f 4617 	4786 	4785
f 4617 	4620 	4786
f 4620 	4787 	4786
f 4620 	4619 	4787
f 4619 	4788 	4787
f 4619 	4622 	4788
f 4622 	4789 	4788
f 4622 	4621 	4789
f 4621 	4790 	4789
f 4621 	4624 	4790
f 4624 	4791 	4790
f 4624 	4623 	4791
f 4623 	4792 	4791
f 4623 	4626 	4792
f 4626 	4793 	4792
f 4626 	4625 	4793
f 4625 	4794 	4793
f 4625 	4628 	4794
f 4628 	4795 	4794
f 4628 	4627 	4795
f 4627 	4796 	4795
f 4627 	4630 	4796
f 4630 	4797 	4796
f 4630 	4629 	4797
f 4629 	4798 	4797
f 4629 	4632 	4798
f 4632 	4799 	4798
f 4632 	4631 	4799
f 4631 	4800 	4799
f 4631 	4634 	4800
f 4634 	4801 	4800
f 4634 	4633 	4801
f 4633 	4802 	4801
f 4633 	4636 	4802
f 4636 	4803 	4802
f 4636 	4635 	4803
f 4635 	4804 	4803
f 4635 	4638 	4804
f 4638 	4805 	4804
f 4638 	4637 	4805
f 4637 	4806 	4805
f 4637 	4640 	4806
f 4640 	4807 	4806
f 4640 	4639 	4807
f 4639 	4808 	4807
f 4639 	4642 	4808
f 4642 	4809 	4808
f 4642 	4641 	4809
f 4641 	4810 	4809
f 4641 	4644 	4810
f 4644 	4811 	4810
f 4644 	4643 	4811
f 4643 	4812 	4811
f 4643 	4646 	4812
f 4646 	4813 	4812
f 4646 	4645 	4813
f 4645 	4814 	4813
f 4645 	4648 	4814
f 4648 	4815 	4814
f 4648 	4647 	4815
f 4647 	4816 	4815
f 4647 	4650 	4816
f 4650 	4817 	4816
f 4650 	4649 	4817
f 4649 	4818 	4817
f 4649 	4651 	4818
f 4651 	4819 	4818
f 4651 	4579 	4819
f 4579 	4745 	4819
f 4579 	4578 	4745
f 4578 	4746 	4745
f 4614 	4652 	4783
f 4652 	4820 	4783
f 4652 	4655 	4820
f 4655 	4823 	4820
f 4655 	4657 	4823
f 4657 	4825 	4823
f 4657 	4659 	4825
f 4659 	4827 	4825
f 4659 	4661 	4827
f 4661 	4829 	4827
f 4661 	4663 	4829
f 4663 	4831 	4829
f 4663 	4665 	4831
f 4665 	4833 	4831
f 4665 	4667 	4833
f 4667 	4835 	4833
f 4667 	4669 	4835
f 4669 	4837 	4835
f 4669 	4671 	4837
f 4671 	4839 	4837
f 4671 	4673 	4839
f 4673 	4841 	4839
f 4673 	4675 	4841
f 4675 	4843 	4841
f 4675 	4677 	4843
f 4677 	4845 	4843
f 4677 	4680 	4845
f 4680 	4848 	4845
f 4680 	4681 	4848
f 4681 	4849 	4848
f 4681 	4683 	4849
f 4683 	4851 	4849
f 4683 	4685 	4851
f 4685 	4853 	4851
f 4685 	4687 	4853
f 4687 	4855 	4853
f 4687 	4689 	4855
f 4689 	4857 	4855
f 4689 	4691 	4857
f 4691 	4859 	4857
f 4691 	4693 	4859
f 4693 	4861 	4859
f 4693 	4695 	4861
f 4695 	4863 	4861
f 4695 	4697 	4863
f 4697 	4865 	4863
f 4697 	4699 	4865
f 4699 	4867 	4865
f 4699 	4701 	4867
f 4701 	4869 	4867
f 4701 	4703 	4869
f 4703 	4871 	4869
f 4703 	4706 	4871
f 4706 	4874 	4871
f 4706 	4708 	4874
f 4708 	4876 	4874
f 4708 	4710 	4876
f 4710 	4878 	4876
f 4710 	4712 	4878
f 4712 	4880 	4878
f 4712 	4714 	4880
f 4714 	4882 	4880
f 4714 	4715 	4882
f 4715 	4883 	4882
f 4715 	4717 	4883
f 4717 	4885 	4883
f 4717 	4719 	4885
f 4719 	4887 	4885
f 4719 	4721 	4887
f 4721 	4889 	4887
f 4721 	4724 	4889
f 4724 	4892 	4889
f 4724 	4726 	4892
f 4726 	4894 	4892
f 4726 	4728 	4894
f 4728 	4896 	4894
f 4728 	4730 	4896
f 4730 	4898 	4896
f 4730 	4732 	4898
f 4732 	4900 	4898
f 4732 	4734 	4900
f 4734 	4902 	4900
f 4734 	4736 	4902
f 4736 	4904 	4902
f 4736 	4738 	4904
f 4738 	4906 	4904
f 4738 	4740 	4906
f 4740 	4908 	4906
f 4740 	4742 	4908
f 4742 	4910 	4908
f 4742 	4744 	4910
f 4744 	4912 	4910
f 4744 	4743 	4912
f 4743 	4911 	4912
f 4743 	4741 	4911
f 4741 	4909 	4911
f 4741 	4739 	4909
f 4739 	4907 	4909
f 4739 	4737 	4907
f 4737 	4905 	4907
f 4737 	4735 	4905
f 4735 	4903 	4905
f 4735 	4733 	4903
f 4733 	4901 	4903
f 4733 	4731 	4901
f 4731 	4899 	4901
f 4731 	4729 	4899
f 4729 	4897 	4899
f 4729 	4727 	4897
f 4727 	4895 	4897
f 4727 	4725 	4895
f 4725 	4893 	4895
f 4725 	4723 	4893
f 4723 	4891 	4893
f 4723 	4722 	4891
f 4722 	4890 	4891
f 4722 	4720 	4890
f 4720 	4888 	4890
f 4720 	4718 	4888
f 4718 	4886 	4888
f 4718 	4716 	4886
f 4716 	4884 	4886
f 4716 	4713 	4884
f 4713 	4881 	4884
f 4713 	4711 	4881
f 4711 	4879 	4881
f 4711 	4709 	4879
f 4709 	4877 	4879
f 4709 	4707 	4877
f 4707 	4875 	4877
f 4707 	4705 	4875
f 4705 	4873 	4875
f 4705 	4704 	4873
f 4704 	4872 	4873
f 4704 	4702 	4872
f 4702 	4870 	4872
f 4702 	4700 	4870
f 4700 	4868 	4870
f 4700 	4698 	4868
f 4698 	4866 	4868
f 4698 	4696 	4866
f 4696 	4864 	4866
f 4696 	4694 	4864
f 4694 	4862 	4864
f 4694 	4692 	4862
f 4692 	4860 	4862
f 4692 	4690 	4860
f 4690 	4858 	4860
f 4690 	4688 	4858
f 4688 	4856 	4858
f 4688 	4686 	4856
f 4686 	4854 	4856
f 4686 	4684 	4854
f 4684 	4852 	4854
f 4684 	4682 	4852
f 4682 	4850 	4852
f 4682 	4679 	4850
f 4679 	4847 	4850
f 4679 	4678 	4847
f 4678 	4846 	4847
f 4678 	4676 	4846
f 4676 	4844 	4846
f 4676 	4674 	4844
f 4674 	4842 	4844
f 4674 	4672 	4842
f 4672 	4840 	4842
f 4672 	4670 	4840
f 4670 	4838 	4840
f 4670 	4668 	4838
f 4668 	4836 	4838
f 4668 	4666 	4836
f 4666 	4834 	4836
f 4666 	4664 	4834
f 4664 	4832 	4834
f 4664 	4662 	4832
f 4662 	4830 	4832
f 4662 	4660 	4830
f 4660 	4828 	4830
f 4660 	4658 	4828
f 4658 	4826 	4828
f 4658 	4656 	4826
f 4656 	4824 	4826
f 4656 	4654 	4824
f 4654 	4822 	4824
f 4654 	4653 	4822
f 4653 	4821 	4822
f 4653 	4616 	4821
f 4616 	4784 	4821
f 4616 	4615 	4784
f 4615 	4782 	4784
f 4615 	4614 	4782
f 4614 	4783 	4782
f 4913 	4914 	4915
f 4916 	4917 	4913
f 4918 	4919 	4920
f 4913 	4915 	4921
f 4922 	4916 	4913
f 4923 	4918 	4920
f 4913 	4921 	4924
f 4925 	4922 	4913
f 4926 	4923 	4920
f 4913 	4924 	4927
f 4928 	4925 	4913
f 4929 	4926 	4920
f 4913 	4927 	4930
f 4931 	4928 	4913
f 4932 	4929 	4920
f 4913 	4930 	4933
f 4934 	4931 	4913
f 4935 	4932 	4920
f 4913 	4933 	4936
f 4937 	4934 	4913
f 4938 	4935 	4920
f 4913 	4936 	4939
f 4940 	4937 	4913
f 4941 	4938 	4920
f 4913 	4939 	4942
f 4943 	4940 	4913
f 4944 	4941 	4920
f 4913 	4942 	4945
f 4946 	4943 	4913
f 4947 	4944 	4920
f 4913 	4945 	4948
f 4949 	4946 	4913
f 4950 	4947 	4920
f 4913 	4948 	4951
f 4952 	4949 	4913
f 4953 	4950 	4920
f 4913 	4951 	4954
f 4955 	4952 	4913
f 4956 	4953 	4920
f 4913 	4954 	4957
f 4958 	4955 	4913
f 4959 	4956 	4920
f 4913 	4957 	4960
f 4961 	4958 	4913
f 4962 	4959 	4920
f 4913 	4960 	4963
f 4964 	4961 	4913
f 4965 	4962 	4920
f 4964 	4913 	4963
f 4966 	4965 	4920
f 4964 	4963 	4967
f 4968 	4966 	4920
f 4964 	4967 	4969
f 4970 	4968 	4920
f 4964 	4969 	4971
f 4972 	4970 	4920
f 4964 	4971 	4973
f 4974 	4972 	4920
f 4964 	4973 	4975
f 4976 	4974 	4920
f 4964 	4975 	4977
f 4976 	4920 	4978
f 4964 	4977 	4979
f 4976 	4978 	4980
f 4964 	4979 	4981
f 4982 	4976 	4980
f 4964 	4981 	4983
f 4982 	4980 	4984
f 4985 	4964 	4983
f 4982 	4984 	4986
f 4987 	4985 	4983
f 4982 	4986 	4988
f 4989 	4987 	4983
f 4990 	4982 	4988
f 4991 	4989 	4983
f 4992 	4990 	4988
f 4993 	4991 	4983
f 4994 	4992 	4988
f 4988 	4993 	4983
f 4983 	4994 	4988
f 4995 	4996 	4997
f 4997 	4998 	4999
f 5000 	5001 	5002
f 5003 	4995 	4997
f 4997 	4999 	5004
f 5000 	5002 	5005
f 5006 	5003 	4997
f 4997 	5004 	5007
f 5000 	5005 	5008
f 5009 	5006 	4997
f 4997 	5007 	5010
f 5000 	5008 	5011
f 5012 	5009 	4997
f 4997 	5010 	5013
f 5000 	5011 	5014
f 5015 	5012 	4997
f 4997 	5013 	5016
f 5000 	5014 	5017
f 5018 	5015 	4997
f 4997 	5016 	5019
f 5000 	5017 	5020
f 5021 	5018 	4997
f 4997 	5019 	5022
f 5000 	5020 	5023
f 5024 	5021 	4997
f 4997 	5022 	5025
f 5000 	5023 	5026
f 5027 	5024 	4997
f 4997 	5025 	5028
f 5000 	5026 	5029
f 5030 	5027 	4997
f 4997 	5028 	5031
f 5000 	5029 	5032
f 5033 	5030 	4997
f 4997 	5031 	5034
f 5000 	5032 	5035
f 5036 	5033 	4997
f 4997 	5034 	5037
f 5000 	5035 	5038
f 5039 	5036 	4997
f 4997 	5037 	5040
f 5000 	5038 	5041
f 5042 	5039 	4997
f 4997 	5040 	5043
f 5000 	5041 	5044
f 5045 	5042 	4997
f 4997 	5043 	5046
f 5000 	5044 	5047
f 5045 	4997 	5046
f 5000 	5047 	5048
f 5049 	5045 	5046
f 5000 	5048 	5050
f 5051 	5049 	5046
f 5000 	5050 	5052
f 5053 	5051 	5046
f 5000 	5052 	5054
f 5055 	5053 	5046
f 5000 	5054 	5056
f 5057 	5055 	5046
f 5000 	5056 	5058
f 5059 	5057 	5046
f 5060 	5000 	5058
f 5061 	5059 	5046
f 5062 	5060 	5058
f 5063 	5061 	5046
f 5062 	5058 	5064
f 5065 	5063 	5046
f 5066 	5062 	5064
f 5065 	5046 	5067
f 5068 	5066 	5064
f 5065 	5067 	5069
f 5070 	5068 	5064
f 5065 	5069 	5071
f 5070 	5064 	5072
f 5065 	5071 	5073
f 5070 	5072 	5074
f 5065 	5073 	5075
f 5070 	5074 	5076
f 5065 	5075 	5070
f 5070 	5076 	5065
f 4914 	4913 	4996
f 4913 	4997 	4996
f 4913 	4917 	4997
f 4917 	4998 	4997
f 4917 	4916 	4998
f 4916 	4999 	4998
f 4916 	4922 	4999
f 4922 	5004 	4999
f 4922 	4925 	5004
f 4925 	5007 	5004
f 4925 	4928 	5007
f 4928 	5010 	5007
f 4928 	4931 	5010
f 4931 	5013 	5010
f 4931 	4934 	5013
f 4934 	5016 	5013
f 4934 	4937 	5016
f 4937 	5019 	5016
f 4937 	4940 	5019
f 4940 	5022 	5019
f 4940 	4943 	5022
f 4943 	5025 	5022
f 4943 	4946 	5025
f 4946 	5028 	5025
f 4946 	4949 	5028
f 4949 	5031 	5028
f 4949 	4952 	5031
f 4952 	5034 	5031
f 4952 	4955 	5034
f 4955 	5037 	5034
f 4955 	4958 	5037
f 4958 	5040 	5037
f 4958 	4961 	5040
f 4961 	5043 	5040
f 4961 	4964 	5043
f 4964 	5046 	5043
f 4964 	4985 	5046
f 4985 	5067 	5046
f 4985 	4987 	5067
f 4987 	5069 	5067
f 4987 	4989 	5069
f 4989 	5071 	5069
f 4989 	4991 	5071
f 4991 	5073 	5071
f 4991 	4993 	5073
f 4993 	5075 	5073
f 4993 	4988 	5075
f 4988 	5070 	5075
f 4988 	4986 	5070
f 4986 	5068 	5070
f 4986 	4984 	5068
f 4984 	5066 	5068
f 4984 	4980 	5066
f 4980 	5062 	5066
f 4980 	4978 	5062
f 4978 	5060 	5062
f 4978 	4920 	5060
f 4920 	5000 	5060
f 4920 	4919 	5000
f 4919 	5001 	5000
f 4919 	4918 	5001
f 4918 	5002 	5001
f 4918 	4923 	5002
f 4923 	5005 	5002
f 4923 	4926 	5005
f 4926 	5008 	5005
f 4926 	4929 	5008
f 4929 	5011 	5008
f 4929 	4932 	5011
f 4932 	5014 	5011
f 4932 	4935 	5014
f 4935 	5017 	5014
f 4935 	4938 	5017
f 4938 	5020 	5017
f 4938 	4941 	5020
f 4941 	5023 	5020
f 4941 	4944 	5023
f 4944 	5026 	5023
f 4944 	4947 	5026
f 4947 	5029 	5026
f 4947 	4950 	5029
f 4950 	5032 	5029
f 4950 	4953 	5032
f 4953 	5035 	5032
f 4953 	4956 	5035
f 4956 	5038 	5035
f 4956 	4959 	5038
f 4959 	5041 	5038
f 4959 	4962 	5041
f 4962 	5044 	5041
f 4962 	4965 	5044
f 4965 	5047 	5044
f 4965 	4966 	5047
f 4966 	5048 	5047
f 4966 	4968 	5048
f 4968 	5050 	5048
f 4968 	4970 	5050
f 4970 	5052 	5050
f 4970 	4972 	5052
f 4972 	5054 	5052
f 4972 	4974 	5054
f 4974 	5056 	5054
f 4974 	4976 	5056
f 4976 	5058 	5056
f 4976 	4982 	5058
f 4982 	5064 	5058
f 4982 	4990 	5064
f 4990 	5072 	5064
f 4990 	4992 	5072
f 4992 	5074 	5072
f 4992 	4994 	5074
f 4994 	5076 	5074
f 4994 	4983 	5076
f 4983 	5065 	5076
f 4983 	4981 	5065
f 4981 	5063 	5065
f 4981 	4979 	5063
f 4979 	5061 	5063
f 4979 	4977 	5061
f 4977 	5059 	5061
f 4977 	4975 	5059
f 4975 	5057 	5059
f 4975 	4973 	5057
f 4973 	5055 	5057
f 4973 	4971 	5055
f 4971 	5053 	5055
f 4971 	4969 	5053
f 4969 	5051 	5053
f 4969 	4967 	5051
f 4967 	5049 	5051
f 4967 	4963 	5049
f 4963 	5045 	5049
f 4963 	4960 	5045
f 4960 	5042 	5045
f 4960 	4957 	5042
f 4957 	5039 	5042
f 4957 	4954 	5039
f 4954 	5036 	5039
f 4954 	4951 	5036
f 4951 	5033 	5036
f 4951 	4948 	5033
f 4948 	5030 	5033
f 4948 	4945 	5030
f 4945 	5027 	5030
f 4945 	4942 	5027
f 4942 	5024 	5027
f 4942 	4939 	5024
f 4939 	5021 	5024
f 4939 	4936 	5021
f 4936 	5018 	5021
f 4936 	4933 	5018
f 4933 	5015 	5018
f 4933 	4930 	5015
f 4930 	5012 	5015
f 4930 	4927 	5012
f 4927 	5009 	5012
f 4927 	4924 	5009
f 4924 	5006 	5009
f 4924 	4921 	5006
f 4921 	5003 	5006
f 4921 	4915 	5003
f 4915 	4995 	5003
f 4915 	4914 	4995
f 4914 	4996 	4995
f 5077 	5078 	5079
f 5080 	5081 	5077
f 5082 	5083 	5080
f 5084 	5085 	5082
f 5086 	5087 	5084
f 5088 	5089 	5086
f 5090 	5091 	5088
f 5092 	5093 	5090
f 5094 	5095 	5092
f 5096 	5097 	5094
f 5098 	5099 	5096
f 5100 	5101 	5098
f 5102 	5103 	5100
f 5104 	5105 	5102
f 5106 	5107 	5104
f 5108 	5109 	5106
f 5110 	5111 	5108
f 5112 	5113 	5110
f 5114 	5115 	5112
f 5116 	5117 	5114
f 5118 	5119 	5116
f 5120 	5121 	5118
f 5122 	5123 	5120
f 5124 	5125 	5122
f 5126 	5127 	5124
f 5128 	5129 	5126
f 5130 	5131 	5128
f 5132 	5133 	5130
f 5134 	5135 	5132
f 5136 	5137 	5134
f 5138 	5139 	5136
f 5140 	5141 	5138
f 5142 	5143 	5140
f 5144 	5145 	5142
f 5146 	5147 	5144
f 5148 	5149 	5146
f 5150 	5151 	5148
f 5152 	5153 	5150
f 5154 	5155 	5152
f 5156 	5157 	5154
f 5158 	5159 	5156
f 5160 	5161 	5158
f 5162 	5163 	5160
f 5164 	5165 	5162
f 5166 	5167 	5164
f 5168 	5169 	5166
f 5170 	5171 	5168
f 5079 	5172 	5170
f 5080 	5077 	5079
f 5084 	5082 	5080
f 5088 	5086 	5084
f 5092 	5090 	5088
f 5096 	5094 	5092
f 5100 	5098 	5096
f 5104 	5102 	5100
f 5108 	5106 	5104
f 5112 	5110 	5108
f 5116 	5114 	5112
f 5120 	5118 	5116
f 5124 	5122 	5120
f 5128 	5126 	5124
f 5132 	5130 	5128
f 5136 	5134 	5132
f 5140 	5138 	5136
f 5144 	5142 	5140
f 5148 	5146 	5144
f 5152 	5150 	5148
f 5156 	5154 	5152
f 5160 	5158 	5156
f 5164 	5162 	5160
f 5168 	5166 	5164
f 5079 	5170 	5168
f 5084 	5080 	5079
f 5092 	5088 	5084
f 5100 	5096 	5092
f 5108 	5104 	5100
f 5116 	5112 	5108
f 5124 	5120 	5116
f 5132 	5128 	5124
f 5140 	5136 	5132
f 5148 	5144 	5140
f 5156 	5152 	5148
f 5164 	5160 	5156
f 5079 	5168 	5164
f 5092 	5084 	5079
f 5108 	5100 	5092
f 5124 	5116 	5108
f 5140 	5132 	5124
f 5156 	5148 	5140
f 5079 	5164 	5156
f 5108 	5092 	5079
f 5140 	5124 	5108
f 5079 	5156 	5140
f 5140 	5108 	5079
f 5173 	5174 	5175
f 5175 	5176 	5177
f 5177 	5178 	5179
f 5179 	5180 	5181
f 5181 	5182 	5183
f 5183 	5184 	5185
f 5185 	5186 	5187
f 5187 	5188 	5189
f 5189 	5190 	5191
f 5191 	5192 	5193
f 5193 	5194 	5195
f 5195 	5196 	5197
f 5197 	5198 	5199
f 5199 	5200 	5201
f 5201 	5202 	5203
f 5203 	5204 	5205
f 5205 	5206 	5207
f 5207 	5208 	5209
f 5209 	5210 	5211
f 5211 	5212 	5213
f 5213 	5214 	5215
f 5215 	5216 	5217
f 5217 	5218 	5219
f 5219 	5220 	5221
f 5221 	5222 	5223
f 5223 	5224 	5225
f 5225 	5226 	5227
f 5227 	5228 	5229
f 5229 	5230 	5231
f 5231 	5232 	5233
f 5233 	5234 	5235
f 5235 	5236 	5237
f 5237 	5238 	5239
f 5239 	5240 	5241
f 5241 	5242 	5243
f 5243 	5244 	5245
f 5245 	5246 	5247
f 5247 	5248 	5249
f 5249 	5250 	5251
f 5251 	5252 	5253
f 5253 	5254 	5255
f 5255 	5256 	5257
f 5257 	5258 	5259
f 5259 	5260 	5261
f 5261 	5262 	5263
f 5263 	5264 	5265
f 5265 	5266 	5267
f 5267 	5268 	5173
f 5173 	5175 	5177
f 5177 	5179 	5181
f 5181 	5183 	5185
f 5185 	5187 	5189
f 5189 	5191 	5193
f 5193 	5195 	5197
f 5197 	5199 	5201
f 5201 	5203 	5205
f 5205 	5207 	5209
f 5209 	5211 	5213
f 5213 	5215 	5217
f 5217 	5219 	5221
f 5221 	5223 	5225
f 5225 	5227 	5229
f 5229 	5231 	5233
f 5233 	5235 	5237
f 5237 	5239 	5241
f 5241 	5243 	5245
f 5245 	5247 	5249
f 5249 	5251 	5253
f 5253 	5255 	5257
f 5257 	5259 	5261
f 5261 	5263 	5265
f 5265 	5267 	5173
f 5173 	5177 	5181
f 5181 	5185 	5189
f 5189 	5193 	5197
f 5197 	5201 	5205
f 5205 	5209 	5213
f 5213 	5217 	5221
f 5221 	5225 	5229
f 5229 	5233 	5237
f 5237 	5241 	5245
f 5245 	5249 	5253
f 5253 	5257 	5261
f 5261 	5265 	5173
f 5173 	5181 	5189
f 5189 	5197 	5205
f 5205 	5213 	5221
f 5221 	5229 	5237
f 5237 	5245 	5253
f 5253 	5261 	5173
f 5173 	5189 	5205
f 5205 	5221 	5237
f 5237 	5253 	5173
f 5173 	5205 	5237
f 5077 	5081 	5175
f 5081 	5176 	5175
f 5081 	5080 	5176
f 5080 	5177 	5176
f 5080 	5083 	5177
f 5083 	5178 	5177
f 5083 	5082 	5178
f 5082 	5179 	5178
f 5082 	5085 	5179
f 5085 	5180 	5179
f 5085 	5084 	5180
f 5084 	5181 	5180
f 5084 	5087 	5181
f 5087 	5182 	5181
f 5087 	5086 	5182
f 5086 	5183 	5182
f 5086 	5089 	5183
f 5089 	5184 	5183
f 5089 	5088 	5184
f 5088 	5185 	5184
f 5088 	5091 	5185
f 5091 	5186 	5185
f 5091 	5090 	5186
f 5090 	5187 	5186
f 5090 	5093 	5187
f 5093 	5188 	5187
f 5093 	5092 	5188
f 5092 	5189 	5188
f 5092 	5095 	5189
f 5095 	5190 	5189
f 5095 	5094 	5190
f 5094 	5191 	5190
f 5094 	5097 	5191
f 5097 	5192 	5191
f 5097 	5096 	5192
f 5096 	5193 	5192
f 5096 	5099 	5193
f 5099 	5194 	5193
f 5099 	5098 	5194
f 5098 	5195 	5194
f 5098 	5101 	5195
f 5101 	5196 	5195
f 5101 	5100 	5196
f 5100 	5197 	5196
f 5100 	5103 	5197
f 5103 	5198 	5197
f 5103 	5102 	5198
f 5102 	5199 	5198
f 5102 	5105 	5199
f 5105 	5200 	5199
f 5105 	5104 	5200
f 5104 	5201 	5200
f 5104 	5107 	5201
f 5107 	5202 	5201
f 5107 	5106 	5202
f 5106 	5203 	5202
f 5106 	5109 	5203
f 5109 	5204 	5203
f 5109 	5108 	5204
f 5108 	5205 	5204
f 5108 	5111 	5205
f 5111 	5206 	5205
f 5111 	5110 	5206
f 5110 	5207 	5206
f 5110 	5113 	5207
f 5113 	5208 	5207
f 5113 	5112 	5208
f 5112 	5209 	5208
f 5112 	5115 	5209
f 5115 	5210 	5209
f 5115 	5114 	5210
f 5114 	5211 	5210
f 5114 	5117 	5211
f 5117 	5212 	5211
f 5117 	5116 	5212
f 5116 	5213 	5212
f 5116 	5119 	5213
f 5119 	5214 	5213
f 5119 	5118 	5214
f 5118 	5215 	5214
f 5118 	5121 	5215
f 5121 	5216 	5215
f 5121 	5120 	5216
f 5120 	5217 	5216
f 5120 	5123 	5217
f 5123 	5218 	5217
f 5123 	5122 	5218
f 5122 	5219 	5218
f 5122 	5125 	5219
f 5125 	5220 	5219
f 5125 	5124 	5220
f 5124 	5221 	5220
f 5124 	5127 	5221
f 5127 	5222 	5221
f 5127 	5126 	5222
f 5126 	5223 	5222
f 5126 	5129 	5223
f 5129 	5224 	5223
f 5129 	5128 	5224
f 5128 	5225 	5224
f 5128 	5131 	5225
f 5131 	5226 	5225
f 5131 	5130 	5226
f 5130 	5227 	5226
f 5130 	5133 	5227
f 5133 	5228 	5227
f 5133 	5132 	5228
f 5132 	5229 	5228
f 5132 	5135 	5229
f 5135 	5230 	5229
f 5135 	5134 	5230
f 5134 	5231 	5230
f 5134 	5137 	5231
f 5137 	5232 	5231
f 5137 	5136 	5232
f 5136 	5233 	5232
f 5136 	5139 	5233
f 5139 	5234 	5233
f 5139 	5138 	5234
f 5138 	5235 	5234
f 5138 	5141 	5235
f 5141 	5236 	5235
f 5141 	5140 	5236
f 5140 	5237 	5236
f 5140 	5143 	5237
f 5143 	5238 	5237
f 5143 	5142 	5238
f 5142 	5239 	5238
f 5142 	5145 	5239
f 5145 	5240 	5239
f 5145 	5144 	5240
f 5144 	5241 	5240
f 5144 	5147 	5241
f 5147 	5242 	5241
f 5147 	5146 	5242
f 5146 	5243 	5242
f 5146 	5149 	5243
f 5149 	5244 	5243
f 5149 	5148 	5244
f 5148 	5245 	5244
f 5148 	5151 	5245
f 5151 	5246 	5245
f 5151 	5150 	5246
f 5150 	5247 	5246
f 5150 	5153 	5247
f 5153 	5248 	5247
f 5153 	5152 	5248
f 5152 	5249 	5248
f 5152 	5155 	5249
f 5155 	5250 	5249
f 5155 	5154 	5250
f 5154 	5251 	5250
f 5154 	5157 	5251
f 5157 	5252 	5251
f 5157 	5156 	5252
f 5156 	5253 	5252
f 5156 	5159 	5253
f 5159 	5254 	5253
f 5159 	5158 	5254
f 5158 	5255 	5254
f 5158 	5161 	5255
f 5161 	5256 	5255
f 5161 	5160 	5256
f 5160 	5257 	5256
f 5160 	5163 	5257
f 5163 	5258 	5257
f 5163 	5162 	5258
f 5162 	5259 	5258
f 5162 	5165 	5259
f 5165 	5260 	5259
f 5165 	5164 	5260
f 5164 	5261 	5260
f 5164 	5167 	5261
f 5167 	5262 	5261
f 5167 	5166 	5262
f 5166 	5263 	5262
f 5166 	5169 	5263
f 5169 	5264 	5263
f 5169 	5168 	5264
f 5168 	5265 	5264
f 5168 	5171 	5265
f 5171 	5266 	5265
f 5171 	5170 	5266
f 5170 	5267 	5266
f 5170 	5172 	5267
f 5172 	5268 	5267
f 5172 	5079 	5268
f 5079 	5173 	5268
f 5079 	5078 	5173
f 5078 	5174 	5173
f 5078 	5077 	5174
f 5077 	5175 	5174
f 5269 	5270 	5271
f 5272 	5273 	5269
f 5274 	5275 	5276
f 5269 	5271 	5277
f 5278 	5272 	5269
f 5279 	5274 	5276
f 5269 	5277 	5280
f 5281 	5278 	5269
f 5282 	5279 	5276
f 5269 	5280 	5283
f 5284 	5281 	5269
f 5285 	5282 	5276
f 5269 	5283 	5286
f 5287 	5284 	5269
f 5288 	5285 	5276
f 5269 	5286 	5289
f 5290 	5287 	5269
f 5291 	5288 	5276
f 5269 	5289 	5292
f 5293 	5290 	5269
f 5294 	5291 	5276
f 5269 	5292 	5295
f 5296 	5293 	5269
f 5297 	5294 	5276
f 5269 	5295 	5298
f 5299 	5296 	5269
f 5300 	5297 	5276
f 5269 	5298 	5301
f 5302 	5299 	5269
f 5303 	5300 	5276
f 5269 	5301 	5304
f 5305 	5302 	5269
f 5306 	5303 	5276
f 5269 	5304 	5307
f 5308 	5305 	5269
f 5309 	5306 	5276
f 5269 	5307 	5310
f 5311 	5308 	5269
f 5312 	5309 	5276
f 5269 	5310 	5313
f 5314 	5311 	5269
f 5315 	5312 	5276
f 5269 	5313 	5316
f 5317 	5314 	5269
f 5318 	5315 	5276
f 5269 	5316 	5319
f 5320 	5317 	5269
f 5321 	5318 	5276
f 5320 	5269 	5319
f 5322 	5321 	5276
f 5320 	5319 	5323
f 5324 	5322 	5276
f 5320 	5323 	5325
f 5326 	5324 	5276
f 5320 	5325 	5327
f 5328 	5326 	5276
f 5320 	5327 	5329
f 5330 	5328 	5276
f 5320 	5329 	5331
f 5330 	5276 	5332
f 5320 	5331 	5333
f 5330 	5332 	5334
f 5320 	5333 	5335
f 5330 	5334 	5336
f 5320 	5335 	5337
f 5330 	5336 	5338
f 5320 	5337 	5339
f 5330 	5338 	5340
f 5341 	5320 	5339
f 5330 	5340 	5342
f 5343 	5341 	5339
f 5330 	5342 	5344
f 5345 	5343 	5339
f 5346 	5330 	5344
f 5344 	5345 	5339
f 5347 	5346 	5344
f 5344 	5339 	5348
f 5349 	5347 	5344
f 5344 	5348 	5350
f 5350 	5349 	5344
f 5351 	5352 	5353
f 5353 	5354 	5355
f 5356 	5357 	5358
f 5359 	5351 	5353
f 5353 	5355 	5360
f 5356 	5358 	5361
f 5362 	5359 	5353
f 5353 	5360 	5363
f 5356 	5361 	5364
f 5365 	5362 	5353
f 5353 	5363 	5366
f 5356 	5364 	5367
f 5368 	5365 	5353
f 5353 	5366 	5369
f 5356 	5367 	5370
f 5371 	5368 	5353
f 5353 	5369 	5372
f 5356 	5370 	5373
f 5374 	5371 	5353
f 5353 	5372 	5375
f 5356 	5373 	5376
f 5377 	5374 	5353
f 5353 	5375 	5378
f 5356 	5376 	5379
f 5380 	5377 	5353
f 5353 	5378 	5381
f 5356 	5379 	5382
f 5383 	5380 	5353
f 5353 	5381 	5384
f 5356 	5382 	5385
f 5386 	5383 	5353
f 5353 	5384 	5387
f 5356 	5385 	5388
f 5389 	5386 	5353
f 5353 	5387 	5390
f 5356 	5388 	5391
f 5392 	5389 	5353
f 5353 	5390 	5393
f 5356 	5391 	5394
f 5395 	5392 	5353
f 5353 	5393 	5396
f 5356 	5394 	5397
f 5398 	5395 	5353
f 5353 	5396 	5399
f 5356 	5397 	5400
f 5401 	5398 	5353
f 5353 	5399 	5402
f 5356 	5400 	5403
f 5401 	5353 	5402
f 5356 	5403 	5404
f 5405 	5401 	5402
f 5356 	5404 	5406
f 5407 	5405 	5402
f 5356 	5406 	5408
f 5409 	5407 	5402
f 5356 	5408 	5410
f 5411 	5409 	5402
f 5356 	5410 	5412
f 5413 	5411 	5402
f 5414 	5356 	5412
f 5415 	5413 	5402
f 5416 	5414 	5412
f 5417 	5415 	5402
f 5418 	5416 	5412
f 5419 	5417 	5402
f 5420 	5418 	5412
f 5421 	5419 	5402
f 5422 	5420 	5412
f 5421 	5402 	5423
f 5424 	5422 	5412
f 5421 	5423 	5425
f 5426 	5424 	5412
f 5421 	5425 	5427
f 5426 	5412 	5428
f 5421 	5427 	5426
f 5426 	5428 	5429
f 5430 	5421 	5426
f 5426 	5429 	5431
f 5432 	5430 	5426
f 5426 	5431 	5432
f 5270 	5269 	5352
f 5269 	5353 	5352
f 5269 	5273 	5353
f 5273 	5354 	5353
f 5273 	5272 	5354
f 5272 	5355 	5354
f 5272 	5278 	5355
f 5278 	5360 	5355
f 5278 	5281 	5360
f 5281 	5363 	5360
f 5281 	5284 	5363
f 5284 	5366 	5363
f 5284 	5287 	5366
f 5287 	5369 	5366
f 5287 	5290 	5369
f 5290 	5372 	5369
f 5290 	5293 	5372
f 5293 	5375 	5372
f 5293 	5296 	5375
f 5296 	5378 	5375
f 5296 	5299 	5378
f 5299 	5381 	5378
f 5299 	5302 	5381
f 5302 	5384 	5381
f 5302 	5305 	5384
f 5305 	5387 	5384
f 5305 	5308 	5387
f 5308 	5390 	5387
f 5308 	5311 	5390
f 5311 	5393 	5390
f 5311 	5314 	5393
f 5314 	5396 	5393
f 5314 	5317 	5396
f 5317 	5399 	5396
f 5317 	5320 	5399
f 5320 	5402 	5399
f 5320 	5341 	5402
f 5341 	5423 	5402
f 5341 	5343 	5423
f 5343 	5425 	5423
f 5343 	5345 	5425
f 5345 	5427 	5425
f 5345 	5344 	5427
f 5344 	5426 	5427
f 5344 	5342 	5426
f 5342 	5424 	5426
f 5342 	5340 	5424
f 5340 	5422 	5424
f 5340 	5338 	5422
f 5338 	5420 	5422
f 5338 	5336 	5420
f 5336 	5418 	5420
f 5336 	5334 	5418
f 5334 	5416 	5418
f 5334 	5332 	5416
f 5332 	5414 	5416
f 5332 	5276 	5414
f 5276 	5356 	5414
f 5276 	5275 	5356
f 5275 	5357 	5356
f 5275 	5274 	5357
f 5274 	5358 	5357
f 5274 	5279 	5358
f 5279 	5361 	5358
f 5279 	5282 	5361
f 5282 	5364 	5361
f 5282 	5285 	5364
f 5285 	5367 	5364
f 5285 	5288 	5367
f 5288 	5370 	5367
f 5288 	5291 	5370
f 5291 	5373 	5370
f 5291 	5294 	5373
f 5294 	5376 	5373
f 5294 	5297 	5376
f 5297 	5379 	5376
f 5297 	5300 	5379
f 5300 	5382 	5379
f 5300 	5303 	5382
f 5303 	5385 	5382
f 5303 	5306 	5385
f 5306 	5388 	5385
f 5306 	5309 	5388
f 5309 	5391 	5388
f 5309 	5312 	5391
f 5312 	5394 	5391
f 5312 	5315 	5394
f 5315 	5397 	5394
f 5315 	5318 	5397
f 5318 	5400 	5397
f 5318 	5321 	5400
f 5321 	5403 	5400
f 5321 	5322 	5403
f 5322 	5404 	5403
f 5322 	5324 	5404
f 5324 	5406 	5404
f 5324 	5326 	5406
f 5326 	5408 	5406
f 5326 	5328 	5408
f 5328 	5410 	5408
f 5328 	5330 	5410
f 5330 	5412 	5410
f 5330 	5346 	5412
f 5346 	5428 	5412
f 5346 	5347 	5428
f 5347 	5429 	5428
f 5347 	5349 	5429
f 5349 	5431 	5429
f 5349 	5350 	5431
f 5350 	5432 	5431
f 5350 	5348 	5432
f 5348 	5430 	5432
f 5348 	5339 	5430
f 5339 	5421 	5430
f 5339 	5337 	5421
f 5337 	5419 	5421
f 5337 	5335 	5419
f 5335 	5417 	5419
f 5335 	5333 	5417
f 5333 	5415 	5417
f 5333 	5331 	5415
f 5331 	5413 	5415
f 5331 	5329 	5413
f 5329 	5411 	5413
f 5329 	5327 	5411
f 5327 	5409 	5411
f 5327 	5325 	5409
f 5325 	5407 	5409
f 5325 	5323 	5407
f 5323 	5405 	5407
f 5323 	5319 	5405
f 5319 	5401 	5405
f 5319 	5316 	5401
f 5316 	5398 	5401
f 5316 	5313 	5398
f 5313 	5395 	5398
f 5313 	5310 	5395
f 5310 	5392 	5395
f 5310 	5307 	5392
f 5307 	5389 	5392
f 5307 	5304 	5389
f 5304 	5386 	5389
f 5304 	5301 	5386
f 5301 	5383 	5386
f 5301 	5298 	5383
f 5298 	5380 	5383
f 5298 	5295 	5380
f 5295 	5377 	5380
f 5295 	5292 	5377
f 5292 	5374 	5377
f 5292 	5289 	5374
f 5289 	5371 	5374
f 5289 	5286 	5371
f 5286 	5368 	5371
f 5286 	5283 	5368
f 5283 	5365 	5368
f 5283 	5280 	5365
f 5280 	5362 	5365
f 5280 	5277 	5362
f 5277 	5359 	5362
f 5277 	5271 	5359
f 5271 	5351 	5359
f 5271 	5270 	5351
f 5270 	5352 	5351
f 5433 	5434 	5435
f 5436 	5437 	5433
f 5438 	5439 	5436
f 5440 	5441 	5438
f 5442 	5443 	5440
f 5444 	5445 	5442
f 5446 	5447 	5444
f 5448 	5449 	5446
f 5450 	5451 	5448
f 5452 	5453 	5450
f 5454 	5455 	5452
f 5456 	5457 	5454
f 5458 	5459 	5456
f 5460 	5461 	5458
f 5462 	5463 	5460
f 5464 	5465 	5462
f 5466 	5467 	5464
f 5468 	5469 	5466
f 5470 	5471 	5468
f 5472 	5473 	5474
f 5475 	5476 	5472
f 5477 	5478 	5475
f 5479 	5480 	5477
f 5481 	5482 	5479
f 5483 	5484 	5481
f 5485 	5486 	5483
f 5487 	5488 	5485
f 5489 	5490 	5487
f 5491 	5492 	5489
f 5493 	5494 	5491
f 5495 	5496 	5493
f 5497 	5498 	5495
f 5499 	5500 	5497
f 5501 	5502 	5499
f 5503 	5504 	5501
f 5505 	5506 	5503
f 5507 	5508 	5505
f 5509 	5510 	5507
f 5511 	5512 	5509
f 5513 	5514 	5511
f 5515 	5516 	5513
f 5517 	5518 	5515
f 5519 	5520 	5517
f 5521 	5522 	5519
f 5523 	5524 	5521
f 5525 	5526 	5523
f 5527 	5528 	5525
f 5529 	5530 	5527
f 5531 	5532 	5529
f 5533 	5534 	5531
f 5535 	5536 	5533
f 5537 	5538 	5535
f 5539 	5540 	5537
f 5541 	5542 	5539
f 5543 	5544 	5541
f 5545 	5546 	5543
f 5547 	5548 	5545
f 5549 	5550 	5547
f 5551 	5552 	5549
f 5553 	5554 	5551
f 5555 	5556 	5553
f 5557 	5558 	5555
f 5559 	5560 	5557
f 5561 	5562 	5559
f 5563 	5564 	5561
f 5565 	5566 	5563
f 5435 	5567 	5565
f 5436 	5433 	5435
f 5440 	5438 	5436
f 5444 	5442 	5440
f 5448 	5446 	5444
f 5452 	5450 	5448
f 5456 	5454 	5452
f 5460 	5458 	5456
f 5464 	5462 	5460
f 5468 	5466 	5464
f 5568 	5470 	5468
f 5472 	5474 	5569
f 5477 	5475 	5472
f 5481 	5479 	5477
f 5485 	5483 	5481
f 5489 	5487 	5485
f 5493 	5491 	5489
f 5497 	5495 	5493
f 5501 	5499 	5497
f 5505 	5503 	5501
f 5509 	5507 	5505
f 5513 	5511 	5509
f 5517 	5515 	5513
f 5521 	5519 	5517
f 5525 	5523 	5521
f 5529 	5527 	5525
f 5533 	5531 	5529
f 5537 	5535 	5533
f 5541 	5539 	5537
f 5545 	5543 	5541
f 5549 	5547 	5545
f 5553 	5551 	5549
f 5557 	5555 	5553
f 5561 	5559 	5557
f 5565 	5563 	5561
f 5436 	5435 	5565
f 5444 	5440 	5436
f 5452 	5448 	5444
f 5460 	5456 	5452
f 5468 	5464 	5460
f 5570 	5568 	5468
f 5472 	5569 	5571
f 5481 	5477 	5472
f 5489 	5485 	5481
f 5497 	5493 	5489
f 5505 	5501 	5497
f 5513 	5509 	5505
f 5521 	5517 	5513
f 5529 	5525 	5521
f 5537 	5533 	5529
f 5545 	5541 	5537
f 5553 	5549 	5545
f 5561 	5557 	5553
f 5436 	5565 	5561
f 5452 	5444 	5436
f 5468 	5460 	5452
f 5572 	5570 	5468
f 5472 	5571 	5573
f 5489 	5481 	5472
f 5505 	5497 	5489
f 5521 	5513 	5505
f 5537 	5529 	5521
f 5553 	5545 	5537
f 5436 	5561 	5553
f 5468 	5452 	5436
f 5574 	5572 	5468
f 5472 	5573 	5575
f 5505 	5489 	5472
f 5574 	5468 	5436
f 5472 	5575 	5576
f 5577 	5574 	5436
f 5472 	5576 	5578
f 5579 	5577 	5436
f 5472 	5578 	5580
f 5581 	5579 	5436
f 5472 	5580 	5582
f 5583 	5581 	5436
f 5505 	5472 	5582
f 5584 	5583 	5436
f 5505 	5582 	5585
f 5586 	5584 	5436
f 5505 	5585 	5587
f 5588 	5586 	5436
f 5505 	5587 	5589
f 5590 	5588 	5436
f 5505 	5589 	5591
f 5592 	5590 	5436
f 5505 	5591 	5593
f 5594 	5592 	5436
f 5505 	5593 	5595
f 5596 	5594 	5436
f 5505 	5595 	5597
f 5598 	5596 	5436
f 5505 	5597 	5599
f 5600 	5598 	5436
f 5505 	5599 	5601
f 5602 	5600 	5436
f 5505 	5601 	5603
f 5604 	5602 	5436
f 5505 	5603 	5605
f 5606 	5604 	5436
f 5505 	5605 	5607
f 5608 	5606 	5436
f 5505 	5607 	5609
f 5610 	5608 	5436
f 5505 	5609 	5611
f 5612 	5610 	5436
f 5505 	5611 	5613
f 5614 	5612 	5436
f 5505 	5613 	5615
f 5614 	5436 	5553
f 5521 	5505 	5615
f 5616 	5614 	5553
f 5521 	5615 	5617
f 5618 	5616 	5553
f 5521 	5617 	5619
f 5620 	5618 	5553
f 5521 	5619 	5621
f 5622 	5620 	5553
f 5521 	5621 	5623
f 5624 	5622 	5553
f 5521 	5623 	5625
f 5624 	5553 	5537
f 5521 	5625 	5626
f 5627 	5624 	5537
f 5521 	5626 	5628
f 5629 	5627 	5537
f 5521 	5628 	5630
f 5631 	5629 	5537
f 5521 	5630 	5632
f 5633 	5631 	5537
f 5521 	5632 	5634
f 5635 	5633 	5537
f 5521 	5634 	5636
f 5637 	5635 	5537
f 5537 	5521 	5636
f 5638 	5637 	5537
f 5537 	5636 	5639
f 5640 	5638 	5537
f 5537 	5639 	5641
f 5642 	5640 	5537
f 5537 	5641 	5643
f 5644 	5642 	5537
f 5537 	5643 	5645
f 5646 	5644 	5537
f 5537 	5645 	5647
f 5648 	5646 	5537
f 5537 	5647 	5648
f 5649 	5650 	5651
f 5651 	5652 	5653
f 5653 	5654 	5655
f 5655 	5656 	5657
f 5657 	5658 	5659
f 5659 	5660 	5661
f 5661 	5662 	5663
f 5663 	5664 	5665
f 5665 	5666 	5667
f 5667 	5668 	5669
f 5669 	5670 	5671
f 5671 	5672 	5673
f 5673 	5674 	5675
f 5675 	5676 	5677
f 5677 	5678 	5679
f 5679 	5680 	5681
f 5681 	5682 	5683
f 5683 	5684 	5685
f 5685 	5686 	5687
f 5688 	5689 	5690
f 5690 	5691 	5692
f 5692 	5693 	5694
f 5694 	5695 	5696
f 5696 	5697 	5698
f 5698 	5699 	5700
f 5700 	5701 	5702
f 5702 	5703 	5704
f 5704 	5705 	5706
f 5706 	5707 	5708
f 5708 	5709 	5710
f 5710 	5711 	5712
f 5712 	5713 	5714
f 5714 	5715 	5716
f 5716 	5717 	5718
f 5718 	5719 	5720
f 5720 	5721 	5722
f 5722 	5723 	5724
f 5724 	5725 	5726
f 5726 	5727 	5728
f 5728 	5729 	5730
f 5730 	5731 	5732
f 5732 	5733 	5734
f 5734 	5735 	5736
f 5736 	5737 	5738
f 5738 	5739 	5740
f 5740 	5741 	5742
f 5742 	5743 	5744
f 5744 	5745 	5746
f 5746 	5747 	5748
f 5748 	5749 	5750
f 5750 	5751 	5752
f 5752 	5753 	5754
f 5754 	5755 	5756
f 5756 	5757 	5758
f 5758 	5759 	5760
f 5760 	5761 	5762
f 5762 	5763 	5764
f 5764 	5765 	5766
f 5766 	5767 	5768
f 5768 	5769 	5770
f 5770 	5771 	5772
f 5772 	5773 	5774
f 5774 	5775 	5776
f 5776 	5777 	5778
f 5778 	5779 	5780
f 5780 	5781 	5782
f 5782 	5783 	5649
f 5649 	5651 	5653
f 5653 	5655 	5657
f 5657 	5659 	5661
f 5661 	5663 	5665
f 5665 	5667 	5669
f 5669 	5671 	5673
f 5673 	5675 	5677
f 5677 	5679 	5681
f 5681 	5683 	5685
f 5685 	5687 	5784
f 5785 	5688 	5690
f 5690 	5692 	5694
f 5694 	5696 	5698
f 5698 	5700 	5702
f 5702 	5704 	5706
f 5706 	5708 	5710
f 5710 	5712 	5714
f 5714 	5716 	5718
f 5718 	5720 	5722
f 5722 	5724 	5726
f 5726 	5728 	5730
f 5730 	5732 	5734
f 5734 	5736 	5738
f 5738 	5740 	5742
f 5742 	5744 	5746
f 5746 	5748 	5750
f 5750 	5752 	5754
f 5754 	5756 	5758
f 5758 	5760 	5762
f 5762 	5764 	5766
f 5766 	5768 	5770
f 5770 	5772 	5774
f 5774 	5776 	5778
f 5778 	5780 	5782
f 5782 	5649 	5653
f 5653 	5657 	5661
f 5661 	5665 	5669
f 5669 	5673 	5677
f 5677 	5681 	5685
f 5685 	5784 	5786
f 5787 	5785 	5690
f 5690 	5694 	5698
f 5698 	5702 	5706
f 5706 	5710 	5714
f 5714 	5718 	5722
f 5722 	5726 	5730
f 5730 	5734 	5738
f 5738 	5742 	5746
f 5746 	5750 	5754
f 5754 	5758 	5762
f 5762 	5766 	5770
f 5770 	5774 	5778
f 5778 	5782 	5653
f 5653 	5661 	5669
f 5669 	5677 	5685
f 5685 	5786 	5788
f 5789 	5787 	5690
f 5690 	5698 	5706
f 5706 	5714 	5722
f 5722 	5730 	5738
f 5738 	5746 	5754
f 5754 	5762 	5770
f 5770 	5778 	5653
f 5653 	5669 	5685
f 5685 	5788 	5790
f 5791 	5789 	5690
f 5690 	5706 	5722
f 5653 	5685 	5790
f 5792 	5791 	5690
f 5653 	5790 	5793
f 5794 	5792 	5690
f 5653 	5793 	5795
f 5796 	5794 	5690
f 5653 	5795 	5797
f 5798 	5796 	5690
f 5653 	5797 	5799
f 5798 	5690 	5722
f 5653 	5799 	5800
f 5801 	5798 	5722
f 5653 	5800 	5802
f 5803 	5801 	5722
f 5653 	5802 	5804
f 5805 	5803 	5722
f 5653 	5804 	5806
f 5807 	5805 	5722
f 5653 	5806 	5808
f 5809 	5807 	5722
f 5653 	5808 	5810
f 5811 	5809 	5722
f 5653 	5810 	5812
f 5813 	5811 	5722
f 5653 	5812 	5814
f 5815 	5813 	5722
f 5653 	5814 	5816
f 5817 	5815 	5722
f 5653 	5816 	5818
f 5819 	5817 	5722
f 5653 	5818 	5820
f 5821 	5819 	5722
f 5653 	5820 	5822
f 5823 	5821 	5722
f 5653 	5822 	5824
f 5825 	5823 	5722
f 5653 	5824 	5826
f 5827 	5825 	5722
f 5653 	5826 	5828
f 5829 	5827 	5722
f 5653 	5828 	5830
f 5831 	5829 	5722
f 5770 	5653 	5830
f 5831 	5722 	5738
f 5770 	5830 	5832
f 5833 	5831 	5738
f 5770 	5832 	5834
f 5835 	5833 	5738
f 5770 	5834 	5836
f 5837 	5835 	5738
f 5770 	5836 	5838
f 5839 	5837 	5738
f 5770 	5838 	5840
f 5841 	5839 	5738
f 5754 	5770 	5840
f 5842 	5841 	5738
f 5754 	5840 	5843
f 5844 	5842 	5738
f 5754 	5843 	5845
f 5846 	5844 	5738
f 5754 	5845 	5847
f 5848 	5846 	5738
f 5754 	5847 	5849
f 5850 	5848 	5738
f 5754 	5849 	5851
f 5852 	5850 	5738
f 5754 	5851 	5853
f 5852 	5738 	5754
f 5754 	5853 	5854
f 5855 	5852 	5754
f 5754 	5854 	5856
f 5857 	5855 	5754
f 5754 	5856 	5858
f 5859 	5857 	5754
f 5754 	5858 	5860
f 5861 	5859 	5754
f 5754 	5860 	5862
f 5863 	5861 	5754
f 5754 	5862 	5864
f 5864 	5863 	5754
f 5433 	5437 	5651
f 5437 	5652 	5651
f 5437 	5436 	5652
f 5436 	5653 	5652
f 5436 	5439 	5653
f 5439 	5654 	5653
f 5439 	5438 	5654
f 5438 	5655 	5654
f 5438 	5441 	5655
f 5441 	5656 	5655
f 5441 	5440 	5656
f 5440 	5657 	5656
f 5440 	5443 	5657
f 5443 	5658 	5657
f 5443 	5442 	5658
f 5442 	5659 	5658
f 5442 	5445 	5659
f 5445 	5660 	5659
f 5445 	5444 	5660
f 5444 	5661 	5660
f 5444 	5447 	5661
f 5447 	5662 	5661
f 5447 	5446 	5662
f 5446 	5663 	5662
f 5446 	5449 	5663
f 5449 	5664 	5663
f 5449 	5448 	5664
f 5448 	5665 	5664
f 5448 	5451 	5665
f 5451 	5666 	5665
f 5451 	5450 	5666
f 5450 	5667 	5666
f 5450 	5453 	5667
f 5453 	5668 	5667
f 5453 	5452 	5668
f 5452 	5669 	5668
f 5452 	5455 	5669
f 5455 	5670 	5669
f 5455 	5454 	5670
f 5454 	5671 	5670
f 5454 	5457 	5671
f 5457 	5672 	5671
f 5457 	5456 	5672
f 5456 	5673 	5672
f 5456 	5459 	5673
f 5459 	5674 	5673
f 5459 	5458 	5674
f 5458 	5675 	5674
f 5458 	5461 	5675
f 5461 	5676 	5675
f 5461 	5460 	5676
f 5460 	5677 	5676
f 5460 	5463 	5677
f 5463 	5678 	5677
f 5463 	5462 	5678
f 5462 	5679 	5678
f 5462 	5465 	5679
f 5465 	5680 	5679
f 5465 	5464 	5680
f 5464 	5681 	5680
f 5464 	5467 	5681
f 5467 	5682 	5681
f 5467 	5466 	5682
f 5466 	5683 	5682
f 5466 	5469 	5683
f 5469 	5684 	5683
f 5469 	5468 	5684
f 5468 	5685 	5684
f 5468 	5471 	5685
f 5471 	5686 	5685
f 5471 	5470 	5686
f 5470 	5687 	5686
f 5470 	5568 	5687
f 5568 	5784 	5687
f 5568 	5570 	5784
f 5570 	5786 	5784
f 5570 	5572 	5786
f 5572 	5788 	5786
f 5572 	5574 	5788
f 5574 	5790 	5788
f 5574 	5577 	5790
f 5577 	5793 	5790
f 5577 	5579 	5793
f 5579 	5795 	5793
f 5579 	5581 	5795
f 5581 	5797 	5795
f 5581 	5583 	5797
f 5583 	5799 	5797
f 5583 	5584 	5799
f 5584 	5800 	5799
f 5584 	5586 	5800
f 5586 	5802 	5800
f 5586 	5588 	5802
f 5588 	5804 	5802
f 5588 	5590 	5804
f 5590 	5806 	5804
f 5590 	5592 	5806
f 5592 	5808 	5806
f 5592 	5594 	5808
f 5594 	5810 	5808
f 5594 	5596 	5810
f 5596 	5812 	5810
f 5596 	5598 	5812
f 5598 	5814 	5812
f 5598 	5600 	5814
f 5600 	5816 	5814
f 5600 	5602 	5816
f 5602 	5818 	5816
f 5602 	5604 	5818
f 5604 	5820 	5818
f 5604 	5606 	5820
f 5606 	5822 	5820
f 5606 	5608 	5822
f 5608 	5824 	5822
f 5608 	5610 	5824
f 5610 	5826 	5824
f 5610 	5612 	5826
f 5612 	5828 	5826
f 5612 	5614 	5828
f 5614 	5830 	5828
f 5614 	5616 	5830
f 5616 	5832 	5830
f 5616 	5618 	5832
f 5618 	5834 	5832
f 5618 	5620 	5834
f 5620 	5836 	5834
f 5620 	5622 	5836
f 5622 	5838 	5836
f 5622 	5624 	5838
f 5624 	5840 	5838
f 5624 	5627 	5840
f 5627 	5843 	5840
f 5627 	5629 	5843
f 5629 	5845 	5843
f 5629 	5631 	5845
f 5631 	5847 	5845
f 5631 	5633 	5847
f 5633 	5849 	5847
f 5633 	5635 	5849
f 5635 	5851 	5849
f 5635 	5637 	5851
f 5637 	5853 	5851
f 5637 	5638 	5853
f 5638 	5854 	5853
f 5638 	5640 	5854
f 5640 	5856 	5854
f 5640 	5642 	5856
f 5642 	5858 	5856
f 5642 	5644 	5858
f 5644 	5860 	5858
f 5644 	5646 	5860
f 5646 	5862 	5860
f 5646 	5648 	5862
f 5648 	5864 	5862
f 5648 	5647 	5864
f 5647 	5863 	5864
f 5647 	5645 	5863
f 5645 	5861 	5863
f 5645 	5643 	5861
f 5643 	5859 	5861
f 5643 	5641 	5859
f 5641 	5857 	5859
f 5641 	5639 	5857
f 5639 	5855 	5857
f 5639 	5636 	5855
f 5636 	5852 	5855
f 5636 	5634 	5852
f 5634 	5850 	5852
f 5634 	5632 	5850
f 5632 	5848 	5850
f 5632 	5630 	5848
f 5630 	5846 	5848
f 5630 	5628 	5846
f 5628 	5844 	5846
f 5628 	5626 	5844
f 5626 	5842 	5844
f 5626 	5625 	5842
f 5625 	5841 	5842
f 5625 	5623 	5841
f 5623 	5839 	5841
f 5623 	5621 	5839
f 5621 	5837 	5839
f 5621 	5619 	5837
f 5619 	5835 	5837
f 5619 	5617 	5835
f 5617 	5833 	5835
f 5617 	5615 	5833
f 5615 	5831 	5833
f 5615 	5613 	5831
f 5613 	5829 	5831
f 5613 	5611 	5829
f 5611 	5827 	5829
f 5611 	5609 	5827
f 5609 	5825 	5827
f 5609 	5607 	5825
f 5607 	5823 	5825
f 5607 	5605 	5823
f 5605 	5821 	5823
f 5605 	5603 	5821
f 5603 	5819 	5821
f 5603 	5601 	5819
f 5601 	5817 	5819
f 5601 	5599 	5817
f 5599 	5815 	5817
f 5599 	5597 	5815
f 5597 	5813 	5815
f 5597 	5595 	5813
f 5595 	5811 	5813
f 5595 	5593 	5811
f 5593 	5809 	5811
f 5593 	5591 	5809
f 5591 	5807 	5809
f 5591 	5589 	5807
f 5589 	5805 	5807
f 5589 	5587 	5805
f 5587 	5803 	5805
f 5587 	5585 	5803
f 5585 	5801 	5803
f 5585 	5582 	5801
f 5582 	5798 	5801
f 5582 	5580 	5798
f 5580 	5796 	5798
f 5580 	5578 	5796
f 5578 	5794 	5796
f 5578 	5576 	5794
f 5576 	5792 	5794
f 5576 	5575 	5792
f 5575 	5791 	5792
f 5575 	5573 	5791
f 5573 	5789 	5791
f 5573 	5571 	5789
f 5571 	5787 	5789
f 5571 	5569 	5787
f 5569 	5785 	5787
f 5569 	5474 	5785
f 5474 	5688 	5785
f 5474 	5473 	5688
f 5473 	5689 	5688
f 5473 	5472 	5689
f 5472 	5690 	5689
f 5472 	5476 	5690
f 5476 	5691 	5690
f 5476 	5475 	5691
f 5475 	5692 	5691
f 5475 	5478 	5692
f 5478 	5693 	5692
f 5478 	5477 	5693
f 5477 	5694 	5693
f 5477 	5480 	5694
f 5480 	5695 	5694
f 5480 	5479 	5695
f 5479 	5696 	5695
f 5479 	5482 	5696
f 5482 	5697 	5696
f 5482 	5481 	5697
f 5481 	5698 	5697
f 5481 	5484 	5698
f 5484 	5699 	5698
f 5484 	5483 	5699
f 5483 	5700 	5699
f 5483 	5486 	5700
f 5486 	5701 	5700
f 5486 	5485 	5701
f 5485 	5702 	5701
f 5485 	5488 	5702
f 5488 	5703 	5702
f 5488 	5487 	5703
f 5487 	5704 	5703
f 5487 	5490 	5704
f 5490 	5705 	5704
f 5490 	5489 	5705
f 5489 	5706 	5705
f 5489 	5492 	5706
f 5492 	5707 	5706
f 5492 	5491 	5707
f 5491 	5708 	5707
f 5491 	5494 	5708
f 5494 	5709 	5708
f 5494 	5493 	5709
f 5493 	5710 	5709
f 5493 	5496 	5710
f 5496 	5711 	5710
f 5496 	5495 	5711
f 5495 	5712 	5711
f 5495 	5498 	5712
f 5498 	5713 	5712
f 5498 	5497 	5713
f 5497 	5714 	5713
f 5497 	5500 	5714
f 5500 	5715 	5714
f 5500 	5499 	5715
f 5499 	5716 	5715
f 5499 	5502 	5716
f 5502 	5717 	5716
f 5502 	5501 	5717
f 5501 	5718 	5717
f 5501 	5504 	5718
f 5504 	5719 	5718
f 5504 	5503 	5719
f 5503 	5720 	5719
f 5503 	5506 	5720
f 5506 	5721 	5720
f 5506 	5505 	5721
f 5505 	5722 	5721
f 5505 	5508 	5722
f 5508 	5723 	5722
f 5508 	5507 	5723
f 5507 	5724 	5723
f 5507 	5510 	5724
f 5510 	5725 	5724
f 5510 	5509 	5725
f 5509 	5726 	5725
f 5509 	5512 	5726
f 5512 	5727 	5726
f 5512 	5511 	5727
f 5511 	5728 	5727
f 5511 	5514 	5728
f 5514 	5729 	5728
f 5514 	5513 	5729
f 5513 	5730 	5729
f 5513 	5516 	5730
f 5516 	5731 	5730
f 5516 	5515 	5731
f 5515 	5732 	5731
f 5515 	5518 	5732
f 5518 	5733 	5732
f 5518 	5517 	5733
f 5517 	5734 	5733
f 5517 	5520 	5734
f 5520 	5735 	5734
f 5520 	5519 	5735
f 5519 	5736 	5735
f 5519 	5522 	5736
f 5522 	5737 	5736
f 5522 	5521 	5737
f 5521 	5738 	5737
f 5521 	5524 	5738
f 5524 	5739 	5738
f 5524 	5523 	5739
f 5523 	5740 	5739
f 5523 	5526 	5740
f 5526 	5741 	5740
f 5526 	5525 	5741
f 5525 	5742 	5741
f 5525 	5528 	5742
f 5528 	5743 	5742
f 5528 	5527 	5743
f 5527 	5744 	5743
f 5527 	5530 	5744
f 5530 	5745 	5744
f 5530 	5529 	5745
f 5529 	5746 	5745
f 5529 	5532 	5746
f 5532 	5747 	5746
f 5532 	5531 	5747
f 5531 	5748 	5747
f 5531 	5534 	5748
f 5534 	5749 	5748
f 5534 	5533 	5749
f 5533 	5750 	5749
f 5533 	5536 	5750
f 5536 	5751 	5750
f 5536 	5535 	5751
f 5535 	5752 	5751
f 5535 	5538 	5752
f 5538 	5753 	5752
f 5538 	5537 	5753
f 5537 	5754 	5753
f 5537 	5540 	5754
f 5540 	5755 	5754
f 5540 	5539 	5755
f 5539 	5756 	5755
f 5539 	5542 	5756
f 5542 	5757 	5756
f 5542 	5541 	5757
f 5541 	5758 	5757
f 5541 	5544 	5758
f 5544 	5759 	5758
f 5544 	5543 	5759
f 5543 	5760 	5759
f 5543 	5546 	5760
f 5546 	5761 	5760
f 5546 	5545 	5761
f 5545 	5762 	5761
f 5545 	5548 	5762
f 5548 	5763 	5762
f 5548 	5547 	5763
f 5547 	5764 	5763
f 5547 	5550 	5764
f 5550 	5765 	5764
f 5550 	5549 	5765
f 5549 	5766 	5765
f 5549 	5552 	5766
f 5552 	5767 	5766
f 5552 	5551 	5767
f 5551 	5768 	5767
f 5551 	5554 	5768
f 5554 	5769 	5768
f 5554 	5553 	5769
f 5553 	5770 	5769
f 5553 	5556 	5770
f 5556 	5771 	5770
f 5556 	5555 	5771
f 5555 	5772 	5771
f 5555 	5558 	5772
f 5558 	5773 	5772
f 5558 	5557 	5773
f 5557 	5774 	5773
f 5557 	5560 	5774
f 5560 	5775 	5774
f 5560 	5559 	5775
f 5559 	5776 	5775
f 5559 	5562 	5776
f 5562 	5777 	5776
f 5562 	5561 	5777
f 5561 	5778 	5777
f 5561 	5564 	5778
f 5564 	5779 	5778
f 5564 	5563 	5779
f 5563 	5780 	5779
f 5563 	5566 	5780
f 5566 	5781 	5780
f 5566 	5565 	5781
f 5565 	5782 	5781
f 5565 	5567 	5782
f 5567 	5783 	5782
f 5567 	5435 	5783
f 5435 	5649 	5783
f 5435 	5434 	5649
f 5434 	5650 	5649
f 5434 	5433 	5650
f 5433 	5651 	5650
f 5865 	5866 	5867
f 5868 	5869 	5865
f 5870 	5871 	5868
f 5872 	5873 	5870
f 5874 	5875 	5872
f 5876 	5877 	5874
f 5878 	5879 	5876
f 5880 	5881 	5878
f 5882 	5883 	5880
f 5884 	5885 	5882
f 5886 	5887 	5884
f 5888 	5889 	5886
f 5890 	5891 	5888
f 5892 	5893 	5890
f 5894 	5895 	5892
f 5896 	5897 	5898
f 5899 	5900 	5896
f 5901 	5902 	5899
f 5903 	5904 	5901
f 5905 	5906 	5903
f 5907 	5908 	5905
f 5909 	5910 	5907
f 5911 	5912 	5909
f 5913 	5914 	5911
f 5915 	5916 	5913
f 5917 	5918 	5915
f 5919 	5920 	5917
f 5921 	5922 	5919
f 5923 	5924 	5921
f 5925 	5926 	5923
f 5927 	5928 	5925
f 5929 	5930 	5927
f 5931 	5932 	5929
f 5933 	5934 	5931
f 5935 	5936 	5933
f 5937 	5938 	5935
f 5939 	5940 	5937
f 5941 	5942 	5939
f 5943 	5944 	5941
f 5945 	5946 	5943
f 5943 	5946 	5947
f 5948 	5949 	5943
f 5950 	5951 	5948
f 5952 	5953 	5950
f 5954 	5955 	5952
f 5956 	5957 	5954
f 5958 	5959 	5956
f 5960 	5961 	5958
f 5962 	5963 	5960
f 5964 	5965 	5962
f 5966 	5967 	5964
f 5968 	5969 	5966
f 5970 	5971 	5968
f 5867 	5972 	5970
f 5868 	5865 	5867
f 5872 	5870 	5868
f 5876 	5874 	5872
f 5880 	5878 	5876
f 5884 	5882 	5880
f 5888 	5886 	5884
f 5892 	5890 	5888
f 5973 	5894 	5892
f 5899 	5896 	5898
f 5903 	5901 	5899
f 5907 	5905 	5903
f 5911 	5909 	5907
f 5915 	5913 	5911
f 5919 	5917 	5915
f 5923 	5921 	5919
f 5927 	5925 	5923
f 5931 	5929 	5927
f 5935 	5933 	5931
f 5939 	5937 	5935
f 5943 	5941 	5939
f 5974 	5945 	5943
f 5948 	5943 	5947
f 5952 	5950 	5948
f 5956 	5954 	5952
f 5960 	5958 	5956
f 5964 	5962 	5960
f 5968 	5966 	5964
f 5867 	5970 	5968
f 5872 	5868 	5867
f 5880 	5876 	5872
f 5888 	5884 	5880
f 5973 	5892 	5888
f 5907 	5903 	5899
f 5915 	5911 	5907
f 5923 	5919 	5915
f 5931 	5927 	5923
f 5939 	5935 	5931
f 5974 	5943 	5939
f 5956 	5952 	5948
f 5964 	5960 	5956
f 5867 	5968 	5964
f 5880 	5872 	5867
f 5973 	5888 	5880
f 5915 	5907 	5899
f 5931 	5923 	5915
f 5974 	5939 	5931
f 5964 	5956 	5948
f 5880 	5867 	5964
f 5975 	5973 	5880
f 5976 	5974 	5931
f 5977 	5975 	5880
f 5978 	5976 	5931
f 5979 	5977 	5880
f 5980 	5978 	5931
f 5981 	5979 	5880
f 5982 	5980 	5931
f 5983 	5981 	5880
f 5984 	5982 	5931
f 5985 	5983 	5880
f 5986 	5984 	5931
f 5987 	5985 	5880
f 5988 	5986 	5931
f 5989 	5987 	5880
f 5990 	5988 	5931
f 5991 	5989 	5880
f 5990 	5931 	5915
f 5992 	5991 	5880
f 5993 	5990 	5915
f 5994 	5992 	5880
f 5995 	5993 	5915
f 5996 	5994 	5880
f 5997 	5995 	5915
f 5998 	5996 	5880
f 5999 	5997 	5915
f 6000 	5998 	5880
f 6001 	5999 	5915
f 6002 	6000 	5880
f 6003 	6001 	5915
f 6004 	6002 	5880
f 6005 	6003 	5915
f 6006 	6004 	5880
f 6005 	5915 	5899
f 6007 	6006 	5880
f 6008 	6005 	5899
f 6007 	5880 	5964
f 6009 	6008 	5899
f 6010 	6007 	5964
f 6011 	6009 	5899
f 6012 	6010 	5964
f 6013 	6011 	5899
f 6014 	6012 	5964
f 6015 	6013 	5899
f 6016 	6014 	5964
f 6017 	6015 	5899
f 6018 	6016 	5964
f 6019 	6017 	5899
f 6020 	6018 	5964
f 6021 	6019 	5899
f 6022 	6020 	5964
f 6023 	6021 	5899
f 6024 	6022 	5964
f 6025 	6023 	5899
f 6026 	6024 	5964
f 6027 	6025 	5899
f 6028 	6026 	5964
f 6029 	6027 	5899
f 6030 	6028 	5964
f 6031 	6029 	5899
f 6032 	6030 	5964
f 6033 	6031 	5899
f 6034 	6032 	5964
f 6035 	6033 	5899
f 6036 	6034 	5964
f 6037 	6035 	5899
f 6036 	5964 	5948
f 6038 	6037 	5899
f 6039 	6036 	5948
f 6040 	6038 	5899
f 6041 	6039 	5948
f 5947 	6040 	5899
f 6042 	6041 	5948
f 5947 	5899 	5898
f 6043 	6042 	5948
f 5948 	5947 	5898
f 6044 	6043 	5948
f 5948 	5898 	6045
f 6046 	6044 	5948
f 5948 	6045 	6047
f 6048 	6046 	5948
f 5948 	6047 	6049
f 6050 	6048 	5948
f 5948 	6049 	6051
f 6052 	6050 	5948
f 5948 	6051 	6053
f 6053 	6052 	5948
f 6054 	6055 	6056
f 6056 	6057 	6058
f 6058 	6059 	6060
f 6060 	6061 	6062
f 6062 	6063 	6064
f 6064 	6065 	6066
f 6066 	6067 	6068
f 6068 	6069 	6070
f 6070 	6071 	6072
f 6072 	6073 	6074
f 6074 	6075 	6076
f 6076 	6077 	6078
f 6078 	6079 	6080
f 6080 	6081 	6082
f 6082 	6083 	6084
f 6085 	6086 	6087
f 6087 	6088 	6089
f 6089 	6090 	6091
f 6091 	6092 	6093
f 6093 	6094 	6095
f 6095 	6096 	6097
f 6097 	6098 	6099
f 6099 	6100 	6101
f 6101 	6102 	6103
f 6103 	6104 	6105
f 6105 	6106 	6107
f 6107 	6108 	6109
f 6109 	6110 	6111
f 6111 	6112 	6113
f 6113 	6114 	6115
f 6115 	6116 	6117
f 6117 	6118 	6119
f 6119 	6120 	6121
f 6121 	6122 	6123
f 6123 	6124 	6125
f 6125 	6126 	6127
f 6127 	6128 	6129
f 6129 	6130 	6131
f 6131 	6132 	6133
f 6133 	6134 	6135
f 6136 	6134 	6133
f 6133 	6137 	6138
f 6138 	6139 	6140
f 6140 	6141 	6142
f 6142 	6143 	6144
f 6144 	6145 	6146
f 6146 	6147 	6148
f 6148 	6149 	6150
f 6150 	6151 	6152
f 6152 	6153 	6154
f 6154 	6155 	6156
f 6156 	6157 	6158
f 6158 	6159 	6160
f 6160 	6161 	6054
f 6054 	6056 	6058
f 6058 	6060 	6062
f 6062 	6064 	6066
f 6066 	6068 	6070
f 6070 	6072 	6074
f 6074 	6076 	6078
f 6078 	6080 	6082
f 6082 	6084 	6162
f 6085 	6087 	6089
f 6089 	6091 	6093
f 6093 	6095 	6097
f 6097 	6099 	6101
f 6101 	6103 	6105
f 6105 	6107 	6109
f 6109 	6111 	6113
f 6113 	6115 	6117
f 6117 	6119 	6121
f 6121 	6123 	6125
f 6125 	6127 	6129
f 6129 	6131 	6133
f 6133 	6135 	6163
f 6136 	6133 	6138
f 6138 	6140 	6142
f 6142 	6144 	6146
f 6146 	6148 	6150
f 6150 	6152 	6154
f 6154 	6156 	6158
f 6158 	6160 	6054
f 6054 	6058 	6062
f 6062 	6066 	6070
f 6070 	6074 	6078
f 6078 	6082 	6162
f 6089 	6093 	6097
f 6097 	6101 	6105
f 6105 	6109 	6113
f 6113 	6117 	6121
f 6121 	6125 	6129
f 6129 	6133 	6163
f 6138 	6142 	6146
f 6146 	6150 	6154
f 6154 	6158 	6054
f 6054 	6062 	6070
f 6070 	6078 	6162
f 6089 	6097 	6105
f 6105 	6113 	6121
f 6121 	6129 	6163
f 6138 	6146 	6154
f 6154 	6054 	6070
f 6070 	6162 	6164
f 6121 	6163 	6165
f 6070 	6164 	6166
f 6121 	6165 	6167
f 6070 	6166 	6168
f 6121 	6167 	6169
f 6070 	6168 	6170
f 6121 	6169 	6171
f 6070 	6170 	6172
f 6121 	6171 	6173
f 6070 	6172 	6174
f 6121 	6173 	6175
f 6070 	6174 	6176
f 6121 	6175 	6177
f 6070 	6176 	6178
f 6121 	6177 	6179
f 6070 	6178 	6180
f 6105 	6121 	6179
f 6070 	6180 	6181
f 6105 	6179 	6182
f 6070 	6181 	6183
f 6105 	6182 	6184
f 6070 	6183 	6185
f 6105 	6184 	6186
f 6070 	6185 	6187
f 6105 	6186 	6188
f 6070 	6187 	6189
f 6105 	6188 	6190
f 6070 	6189 	6191
f 6105 	6190 	6192
f 6070 	6191 	6193
f 6105 	6192 	6194
f 6070 	6193 	6195
f 6089 	6105 	6194
f 6070 	6195 	6196
f 6089 	6194 	6197
f 6154 	6070 	6196
f 6089 	6197 	6198
f 6154 	6196 	6199
f 6089 	6198 	6200
f 6154 	6199 	6201
f 6089 	6200 	6202
f 6154 	6201 	6203
f 6089 	6202 	6204
f 6154 	6203 	6205
f 6089 	6204 	6206
f 6154 	6205 	6207
f 6089 	6206 	6208
f 6154 	6207 	6209
f 6089 	6208 	6210
f 6154 	6209 	6211
f 6089 	6210 	6212
f 6154 	6211 	6213
f 6089 	6212 	6214
f 6154 	6213 	6215
f 6089 	6214 	6216
f 6154 	6215 	6217
f 6089 	6216 	6218
f 6154 	6217 	6219
f 6089 	6218 	6220
f 6154 	6219 	6221
f 6089 	6220 	6222
f 6154 	6221 	6223
f 6089 	6222 	6224
f 6154 	6223 	6225
f 6089 	6224 	6226
f 6138 	6154 	6225
f 6089 	6226 	6227
f 6138 	6225 	6228
f 6089 	6227 	6229
f 6138 	6228 	6230
f 6089 	6229 	6136
f 6138 	6230 	6231
f 6085 	6089 	6136
f 6138 	6231 	6232
f 6085 	6136 	6138
f 6138 	6232 	6233
f 6234 	6085 	6138
f 6138 	6233 	6235
f 6236 	6234 	6138
f 6138 	6235 	6237
f 6238 	6236 	6138
f 6138 	6237 	6239
f 6240 	6238 	6138
f 6138 	6239 	6241
f 6242 	6240 	6138
f 6138 	6241 	6242
f 5866 	5865 	6055
f 5865 	6056 	6055
f 5865 	5869 	6056
f 5869 	6057 	6056
f 5869 	5868 	6057
f 5868 	6058 	6057
f 5868 	5871 	6058
f 5871 	6059 	6058
f 5871 	5870 	6059
f 5870 	6060 	6059
f 5870 	5873 	6060
f 5873 	6061 	6060
f 5873 	5872 	6061
f 5872 	6062 	6061
f 5872 	5875 	6062
f 5875 	6063 	6062
f 5875 	5874 	6063
f 5874 	6064 	6063
f 5874 	5877 	6064
f 5877 	6065 	6064
f 5877 	5876 	6065
f 5876 	6066 	6065
f 5876 	5879 	6066
f 5879 	6067 	6066
f 5879 	5878 	6067
f 5878 	6068 	6067
f 5878 	5881 	6068
f 5881 	6069 	6068
f 5881 	5880 	6069
f 5880 	6070 	6069
f 5880 	5883 	6070
f 5883 	6071 	6070
f 5883 	5882 	6071
f 5882 	6072 	6071
f 5882 	5885 	6072
f 5885 	6073 	6072
f 5885 	5884 	6073
f 5884 	6074 	6073
f 5884 	5887 	6074
f 5887 	6075 	6074
f 5887 	5886 	6075
f 5886 	6076 	6075
f 5886 	5889 	6076
f 5889 	6077 	6076
f 5889 	5888 	6077
f 5888 	6078 	6077
f 5888 	5891 	6078
f 5891 	6079 	6078
f 5891 	5890 	6079
f 5890 	6080 	6079
f 5890 	5893 	6080
f 5893 	6081 	6080
f 5893 	5892 	6081
f 5892 	6082 	6081
f 5892 	5895 	6082
f 5895 	6083 	6082
f 5895 	5894 	6083
f 5894 	6084 	6083
f 5894 	5973 	6084
f 5973 	6162 	6084
f 5973 	5975 	6162
f 5975 	6164 	6162
f 5975 	5977 	6164
f 5977 	6166 	6164
f 5977 	5979 	6166
f 5979 	6168 	6166
f 5979 	5981 	6168
f 5981 	6170 	6168
f 5981 	5983 	6170
f 5983 	6172 	6170
f 5983 	5985 	6172
f 5985 	6174 	6172
f 5985 	5987 	6174
f 5987 	6176 	6174
f 5987 	5989 	6176
f 5989 	6178 	6176
f 5989 	5991 	6178
f 5991 	6180 	6178
f 5991 	5992 	6180
f 5992 	6181 	6180
f 5992 	5994 	6181
f 5994 	6183 	6181
f 5994 	5996 	6183
f 5996 	6185 	6183
f 5996 	5998 	6185
f 5998 	6187 	6185
f 5998 	6000 	6187
f 6000 	6189 	6187
f 6000 	6002 	6189
f 6002 	6191 	6189
f 6002 	6004 	6191
f 6004 	6193 	6191
f 6004 	6006 	6193
f 6006 	6195 	6193
f 6006 	6007 	6195
f 6007 	6196 	6195
f 6007 	6010 	6196
f 6010 	6199 	6196
f 6010 	6012 	6199
f 6012 	6201 	6199
f 6012 	6014 	6201
f 6014 	6203 	6201
f 6014 	6016 	6203
f 6016 	6205 	6203
f 6016 	6018 	6205
f 6018 	6207 	6205
f 6018 	6020 	6207
f 6020 	6209 	6207
f 6020 	6022 	6209
f 6022 	6211 	6209
f 6022 	6024 	6211
f 6024 	6213 	6211
f 6024 	6026 	6213
f 6026 	6215 	6213
f 6026 	6028 	6215
f 6028 	6217 	6215
f 6028 	6030 	6217
f 6030 	6219 	6217
f 6030 	6032 	6219
f 6032 	6221 	6219
f 6032 	6034 	6221
f 6034 	6223 	6221
f 6034 	6036 	6223
f 6036 	6225 	6223
f 6036 	6039 	6225
f 6039 	6228 	6225
f 6039 	6041 	6228
f 6041 	6230 	6228
f 6041 	6042 	6230
f 6042 	6231 	6230
f 6042 	6043 	6231
f 6043 	6232 	6231
f 6043 	6044 	6232
f 6044 	6233 	6232
f 6044 	6046 	6233
f 6046 	6235 	6233
f 6046 	6048 	6235
f 6048 	6237 	6235
f 6048 	6050 	6237
f 6050 	6239 	6237
f 6050 	6052 	6239
f 6052 	6241 	6239
f 6052 	6053 	6241
f 6053 	6242 	6241
f 6053 	6051 	6242
f 6051 	6240 	6242
f 6051 	6049 	6240
f 6049 	6238 	6240
f 6049 	6047 	6238
f 6047 	6236 	6238
f 6047 	6045 	6236
f 6045 	6234 	6236
f 6045 	5898 	6234
f 5898 	6085 	6234
f 5898 	5897 	6085
f 5897 	6086 	6085
f 5897 	5896 	6086
f 5896 	6087 	6086
f 5896 	5900 	6087
f 5900 	6088 	6087
f 5900 	5899 	6088
f 5899 	6089 	6088
f 5899 	5902 	6089
f 5902 	6090 	6089
f 5902 	5901 	6090
f 5901 	6091 	6090
f 5901 	5904 	6091
f 5904 	6092 	6091
f 5904 	5903 	6092
f 5903 	6093 	6092
f 5903 	5906 	6093
f 5906 	6094 	6093
f 5906 	5905 	6094
f 5905 	6095 	6094
f 5905 	5908 	6095
f 5908 	6096 	6095
f 5908 	5907 	6096
f 5907 	6097 	6096
f 5907 	5910 	6097
f 5910 	6098 	6097
f 5910 	5909 	6098
f 5909 	6099 	6098
f 5909 	5912 	6099
f 5912 	6100 	6099
f 5912 	5911 	6100
f 5911 	6101 	6100
f 5911 	5914 	6101
f 5914 	6102 	6101
f 5914 	5913 	6102
f 5913 	6103 	6102
f 5913 	5916 	6103
f 5916 	6104 	6103
f 5916 	5915 	6104
f 5915 	6105 	6104
f 5915 	5918 	6105
f 5918 	6106 	6105
f 5918 	5917 	6106
f 5917 	6107 	6106
f 5917 	5920 	6107
f 5920 	6108 	6107
f 5920 	5919 	6108
f 5919 	6109 	6108
f 5919 	5922 	6109
f 5922 	6110 	6109
f 5922 	5921 	6110
f 5921 	6111 	6110
f 5921 	5924 	6111
f 5924 	6112 	6111
f 5924 	5923 	6112
f 5923 	6113 	6112
f 5923 	5926 	6113
f 5926 	6114 	6113
f 5926 	5925 	6114
f 5925 	6115 	6114
f 5925 	5928 	6115
f 5928 	6116 	6115
f 5928 	5927 	6116
f 5927 	6117 	6116
f 5927 	5930 	6117
f 5930 	6118 	6117
f 5930 	5929 	6118
f 5929 	6119 	6118
f 5929 	5932 	6119
f 5932 	6120 	6119
f 5932 	5931 	6120
f 5931 	6121 	6120
f 5931 	5934 	6121
f 5934 	6122 	6121
f 5934 	5933 	6122
f 5933 	6123 	6122
f 5933 	5936 	6123
f 5936 	6124 	6123
f 5936 	5935 	6124
f 5935 	6125 	6124
f 5935 	5938 	6125
f 5938 	6126 	6125
f 5938 	5937 	6126
f 5937 	6127 	6126
f 5937 	5940 	6127
f 5940 	6128 	6127
f 5940 	5939 	6128
f 5939 	6129 	6128
f 5939 	5942 	6129
f 5942 	6130 	6129
f 5942 	5941 	6130
f 5941 	6131 	6130
f 5941 	5944 	6131
f 5944 	6132 	6131
f 5944 	5943 	6132
f 5943 	6133 	6132
f 5943 	5949 	6133
f 5949 	6137 	6133
f 5949 	5948 	6137
f 5948 	6138 	6137
f 5948 	5951 	6138
f 5951 	6139 	6138
f 5951 	5950 	6139
f 5950 	6140 	6139
f 5950 	5953 	6140
f 5953 	6141 	6140
f 5953 	5952 	6141
f 5952 	6142 	6141
f 5952 	5955 	6142
f 5955 	6143 	6142
f 5955 	5954 	6143
f 5954 	6144 	6143
f 5954 	5957 	6144
f 5957 	6145 	6144
f 5957 	5956 	6145
f 5956 	6146 	6145
f 5956 	5959 	6146
f 5959 	6147 	6146
f 5959 	5958 	6147
f 5958 	6148 	6147
f 5958 	5961 	6148
f 5961 	6149 	6148
f 5961 	5960 	6149
f 5960 	6150 	6149
f 5960 	5963 	6150
f 5963 	6151 	6150
f 5963 	5962 	6151
f 5962 	6152 	6151
f 5962 	5965 	6152
f 5965 	6153 	6152
f 5965 	5964 	6153
f 5964 	6154 	6153
f 5964 	5967 	6154
f 5967 	6155 	6154
f 5967 	5966 	6155
f 5966 	6156 	6155
f 5966 	5969 	6156
f 5969 	6157 	6156
f 5969 	5968 	6157
f 5968 	6158 	6157
f 5968 	5971 	6158
f 5971 	6159 	6158
f 5971 	5970 	6159
f 5970 	6160 	6159
f 5970 	5972 	6160
f 5972 	6161 	6160
f 5972 	5867 	6161
f 5867 	6054 	6161
f 5867 	5866 	6054
f 5866 	6055 	6054
f 5997 	5999 	6186
f 5999 	6188 	6186
f 5999 	6001 	6188
f 6001 	6190 	6188
f 6001 	6003 	6190
f 6003 	6192 	6190
f 6003 	6005 	6192
f 6005 	6194 	6192
f 6005 	6008 	6194
f 6008 	6197 	6194
f 6008 	6009 	6197
f 6009 	6198 	6197
f 6009 	6011 	6198
f 6011 	6200 	6198
f 6011 	6013 	6200
f 6013 	6202 	6200
f 6013 	6015 	6202
f 6015 	6204 	6202
f 6015 	6017 	6204
f 6017 	6206 	6204
f 6017 	6019 	6206
f 6019 	6208 	6206
f 6019 	6021 	6208
f 6021 	6210 	6208
f 6021 	6023 	6210
f 6023 	6212 	6210
f 6023 	6025 	6212
f 6025 	6214 	6212
f 6025 	6027 	6214
f 6027 	6216 	6214
f 6027 	6029 	6216
f 6029 	6218 	6216
f 6029 	6031 	6218
f 6031 	6220 	6218
f 6031 	6033 	6220
f 6033 	6222 	6220
f 6033 	6035 	6222
f 6035 	6224 	6222
f 6035 	6037 	6224
f 6037 	6226 	6224
f 6037 	6038 	6226
f 6038 	6227 	6226
f 6038 	6040 	6227
f 6040 	6229 	6227
f 6040 	5947 	6229
f 5947 	6136 	6229
f 5947 	5946 	6136
f 5946 	6134 	6136
f 5946 	5945 	6134
f 5945 	6135 	6134
f 5945 	5974 	6135
f 5974 	6163 	6135
f 5974 	5976 	6163
f 5976 	6165 	6163
f 5976 	5978 	6165
f 5978 	6167 	6165
f 5978 	5980 	6167
f 5980 	6169 	6167
f 5980 	5982 	6169
f 5982 	6171 	6169
f 5982 	5984 	6171
f 5984 	6173 	6171
f 5984 	5986 	6173
f 5986 	6175 	6173
f 5986 	5988 	6175
f 5988 	6177 	6175
f 5988 	5990 	6177
f 5990 	6179 	6177
f 5990 	5993 	6179
f 5993 	6182 	6179
f 5993 	5995 	6182
f 5995 	6184 	6182
f 5995 	5997 	6184
f 5997 	6186 	6184
# 4044 faces

 #end of obj_21

o obj_22
v 32 		34.4444 		21
v 32 		34.4444 		11
v 29 		34.4444 		21
v 29 		34.4444 		11
v 29 		0.9841 		21
v 29 		0.9841 		11
v 32 		0.9841 		21
v 32 		0.9841 		11
# 8 vertices

g group_22_14900002

usemtl color_14900002
s 0

f 6243 	6244 	6245
f 6244 	6246 	6245
f 6247 	6248 	6249
f 6248 	6250 	6249
f 6247 	6249 	6245
f 6249 	6243 	6245
f 6250 	6248 	6244
f 6248 	6246 	6244
f 6249 	6250 	6243
f 6250 	6244 	6243
f 6245 	6246 	6247
f 6246 	6248 	6247
# 12 faces

 #end of obj_22

o obj_23
v 32 		34.4444 		15
v 32 		34.4444 		5
v 29 		34.4444 		15
v 29 		34.4444 		5
v 29 		20.6667 		15
v 29 		20.6667 		5
v 32 		20.6667 		15
v 32 		20.6667 		5
# 8 vertices

g group_23_14900002

usemtl color_14900002
s 0

f 6251 	6252 	6253
f 6252 	6254 	6253
f 6255 	6256 	6257
f 6256 	6258 	6257
f 6255 	6257 	6253
f 6257 	6251 	6253
f 6258 	6256 	6252
f 6256 	6254 	6252
f 6257 	6258 	6251
f 6258 	6252 	6251
f 6253 	6254 	6255
f 6254 	6256 	6255
# 12 faces

 #end of obj_23

o obj_24
v 32 		5.9048 		21
v 32 		5.9048 		1
v 29 		5.9048 		21
v 29 		5.9048 		1
v 29 		0 		21
v 29 		0 		1
v 32 		0 		21
v 32 		0 		1
# 8 vertices

g group_24_14900002

usemtl color_14900002
s 0

f 6259 	6260 	6261
f 6260 	6262 	6261
f 6263 	6264 	6265
f 6264 	6266 	6265
f 6263 	6265 	6261
f 6265 	6259 	6261
f 6266 	6264 	6260
f 6264 	6262 	6260
f 6265 	6266 	6259
f 6266 	6260 	6259
f 6261 	6262 	6263
f 6262 	6264 	6263
# 12 faces

 #end of obj_24

o obj_25
v -31 		27.5556 		6
v -31 		27.5556 		1
v -28 		27.5556 		6
v -28 		27.5556 		1
v -28 		61.0159 		6
v -28 		61.0159 		1
v -31 		61.0159 		6
v -31 		61.0159 		1
# 8 vertices

g group_25_14900002

usemtl color_14900002
s 0

f 6267 	6268 	6269
f 6268 	6270 	6269
f 6271 	6272 	6273
f 6272 	6274 	6273
f 6271 	6273 	6269
f 6273 	6267 	6269
f 6274 	6272 	6268
f 6272 	6270 	6268
f 6273 	6274 	6267
f 6274 	6268 	6267
f 6269 	6270 	6271
f 6270 	6272 	6271
# 12 faces

 #end of obj_25

o obj_26
v -31 		0 		37
v -31 		0 		21
v -28 		0 		37
v -28 		0 		21
v -28 		62 		37
v -28 		62 		21
v -31 		62 		37
v -31 		62 		21
# 8 vertices

g group_26_1650274

usemtl color_1650274
s 0

f 6275 	6276 	6277
f 6276 	6278 	6277
f 6279 	6280 	6281
f 6280 	6282 	6281
f 6279 	6281 	6277
f 6281 	6275 	6277
f 6282 	6280 	6276
f 6280 	6278 	6276
f 6281 	6282 	6275
f 6282 	6276 	6275
f 6277 	6278 	6279
f 6278 	6280 	6279
# 12 faces

 #end of obj_26

o obj_27
v -31 		0 		21
v -31 		0 		1
v -28 		0 		21
v -28 		0 		1
v -28 		17.7143 		21
v -28 		17.7143 		1
v -31 		17.7143 		21
v -31 		17.7143 		1
# 8 vertices

g group_27_14900002

usemtl color_14900002
s 0

f 6283 	6284 	6285
f 6284 	6286 	6285
f 6287 	6288 	6289
f 6288 	6290 	6289
f 6287 	6289 	6285
f 6289 	6283 	6285
f 6290 	6288 	6284
f 6288 	6286 	6284
f 6289 	6290 	6283
f 6290 	6284 	6283
f 6285 	6286 	6287
f 6286 	6288 	6287
# 12 faces

 #end of obj_27

o obj_28
v -31 		10.8254 		21
v -31 		10.8254 		13
v -28 		10.8254 		21
v -28 		10.8254 		13
v -28 		44.2857 		21
v -28 		44.2857 		13
v -31 		44.2857 		21
v -31 		44.2857 		13
# 8 vertices

g group_28_14900002

usemtl color_14900002
s 0

f 6291 	6292 	6293
f 6292 	6294 	6293
f 6295 	6296 	6297
f 6296 	6298 	6297
f 6295 	6297 	6293
f 6297 	6291 	6293
f 6298 	6296 	6292
f 6296 	6294 	6292
f 6297 	6298 	6291
f 6298 	6292 	6291
f 6293 	6294 	6295
f 6294 	6296 	6295
# 12 faces

 #end of obj_28

o obj_29
v -31 		43.3978 		29.464
v -31 		43.3782 		29.2665
v -31 		43.3716 		29.0614
v -31 		43.4765 		29.8363
v -31 		43.4306 		29.6539
v -31 		43.6076 		30.1784
v -31 		43.5355 		30.0112
v -31 		43.7846 		30.4902
v -31 		43.6896 		30.3381
v -31 		44.0141 		30.7718
v -31 		43.8928 		30.6348
v -31 		44.2959 		31.023
v -31 		44.1484 		30.9012
v -31 		44.6303 		31.2349
v -31 		44.4566 		31.1335
v -31 		45.0171 		31.4105
v -31 		44.8171 		31.3273
v -31 		45.4563 		31.5498
v -31 		45.2301 		31.4847
v -31 		45.9501 		31.6557
v -31 		45.6961 		31.608
v -31 		46.5008 		31.7193
v -31 		46.2184 		31.6928
v -31 		47.1083 		31.7405
v -31 		46.7974 		31.7352
v -31 		51.2973 		31.0684
v -31 		51.2973 		31.7405
v -31 		47.8654 		26.9181
v -31 		50.0189 		24.2299
v -31 		50.0189 		30.3056
v -31 		47.5409 		26.9181
v -31 		51.2973 		22.7405
v -31 		51.2973 		23.4125
v -31 		50.7269 		23.4125
v -31 		46.3118 		23.4125
v -31 		46.3118 		22.7405
v -31 		47.0427 		26.189
v -31 		47.4033 		26.1824
v -31 		47.8654 		26.1824
v -31 		46.3806 		26.2415
v -31 		46.7018 		26.2087
v -31 		45.7972 		26.3464
v -31 		46.0791 		26.2874
v -31 		45.2872 		26.5018
v -31 		45.5349 		26.4186
v -31 		44.8392 		26.6956
v -31 		45.0553 		26.5942
v -31 		44.4546 		26.9256
v -31 		44.639 		26.8061
v -31 		44.1329 		27.1908
v -31 		44.2861 		27.0543
v -31 		43.8707 		27.4834
v -31 		43.9944 		27.3338
v -31 		43.6674 		27.8023
v -31 		43.7617 		27.6396
v -31 		43.5218 		28.1481
v -31 		43.588 		27.9715
v -31 		43.4257 		28.5074
v -31 		43.4678 		28.3267
v -31 		43.3776 		28.8747
v -31 		43.3957 		28.69
v -31 		50.0206 		30.3848
v -31 		47.3749 		26.9211
v -31 		50.6753 		23.4133
v -31 		47.1476 		23.4125
v -31 		50.7269 		31.0684
v -31 		50.0255 		30.4589
v -31 		47.2175 		26.9302
v -31 		50.6253 		23.4155
v -31 		47.1935 		23.413
v -31 		50.0337 		30.5281
v -31 		47.0689 		26.9453
v -31 		50.577 		23.4193
v -31 		47.2394 		23.4145
v -31 		50.6783 		31.0677
v -31 		50.0451 		30.5921
v -31 		50.0206 		24.1421
v -31 		50.5303 		23.4246
v -31 		47.2853 		23.4171
v -31 		50.6308 		31.0654
v -31 		50.0599 		30.6512
v -31 		50.4852 		23.4314
v -31 		47.3312 		23.4206
v -31 		50.5843 		31.0616
v -31 		50.0779 		30.7052
v -31 		50.4418 		23.4398
v -31 		47.377 		23.4251
v -31 		50.539 		31.0563
v -31 		50.0957 		30.7543
v -31 		50.4002 		23.4504
v -31 		47.4229 		23.4307
v -31 		50.4947 		31.0495
v -31 		50.1162 		30.799
v -31 		50.3609 		23.464
v -31 		47.4647 		23.441
v -31 		50.4516 		31.0412
v -31 		50.1394 		30.8391
v -31 		50.3238 		23.4806
v -31 		47.5049 		23.4539
v -31 		50.4098 		31.0306
v -31 		47.8654 		30.9958
v -31 		50.2888 		23.5003
v -31 		47.5434 		23.4693
v -31 		50.3696 		31.017
v -31 		50.1653 		30.8747
v -31 		50.256 		23.523
v -31 		47.5803 		23.4872
v -31 		50.3311 		31.0003
v -31 		50.194 		30.9057
v -31 		50.2943 		30.9806
v -31 		50.2254 		30.9322
v -31 		50.2254 		23.5487
v -31 		50.259 		30.9579
v -31 		50.194 		23.5808
v -31 		50.1653 		23.6164
v -31 		47.3344 		30.9958
v -31 		50.1394 		23.6555
v -31 		47.1845 		30.9922
v -31 		50.1162 		23.6981
v -31 		47.0427 		30.9816
v -31 		50.0957 		23.7443
v -31 		46.9091 		30.964
v -31 		50.0779 		23.794
v -31 		46.7838 		30.9393
v -31 		50.0599 		23.8515
v -31 		46.6666 		30.9075
v -31 		50.0451 		23.915
v -31 		46.5576 		30.8686
v -31 		50.0337 		23.9847
v -31 		46.456 		30.8257
v -31 		50.0255 		24.0603
v -31 		46.3609 		30.7758
v -31 		46.2724 		30.7188
v -31 		47.6155 		23.5076
v -31 		46.1905 		30.6547
v -31 		47.6491 		23.5306
v -31 		46.1151 		30.5836
v -31 		47.6808 		23.5596
v -31 		46.0463 		30.5054
v -31 		47.7103 		23.5921
v -31 		45.9837 		30.4229
v -31 		47.7376 		23.6282
v -31 		47.7627 		23.6678
v -31 		45.9272 		30.3328
v -31 		47.7857 		23.711
v -31 		45.8767 		30.2352
v -31 		47.8064 		23.7576
v -31 		45.8321 		30.13
v -31 		47.8245 		23.8116
v -31 		45.7936 		30.0172
v -31 		47.8392 		23.8706
v -31 		45.7611 		29.8969
v -31 		47.8507 		23.9347
v -31 		45.7311 		29.769
v -31 		47.8589 		24.0038
v -31 		45.7065 		29.6335
v -31 		47.8638 		24.078
v -31 		45.6874 		29.4905
v -31 		47.8654 		24.1572
v -31 		45.6737 		29.3399
v -31 		45.6655 		29.1817
v -31 		45.6628 		29.0159
v -31 		46.9291 		26.9665
v -31 		45.6658 		28.8328
v -31 		46.798 		26.9937
v -31 		45.6748 		28.6587
v -31 		46.6756 		27.027
v -31 		45.6898 		28.4937
v -31 		46.5612 		27.0702
v -31 		45.7109 		28.3378
v -31 		46.4538 		27.1209
v -31 		45.7379 		28.191
v -31 		46.3536 		27.1792
v -31 		45.7709 		28.0533
v -31 		45.81 		27.9241
v -31 		46.2604 		27.245
v -31 		45.8551 		27.803
v -31 		46.1744 		27.3184
v -31 		45.9062 		27.69
v -31 		46.0954 		27.3994
v -31 		45.9632 		27.5851
v -31 		46.0263 		27.4882
v -32 		43.3716 		29.0614
v -32 		43.3782 		29.2665
v -32 		43.3978 		29.464
v -32 		43.4306 		29.6539
v -32 		43.4765 		29.8363
v -32 		43.5355 		30.0112
v -32 		43.6076 		30.1784
v -32 		43.6896 		30.3381
v -32 		43.7846 		30.4902
v -32 		43.8928 		30.6348
v -32 		44.0141 		30.7718
v -32 		44.1484 		30.9012
v -32 		44.2959 		31.023
v -32 		44.4566 		31.1335
v -32 		44.6303 		31.2349
v -32 		44.8171 		31.3273
v -32 		45.0171 		31.4105
v -32 		45.2301 		31.4847
v -32 		45.4563 		31.5498
v -32 		45.6961 		31.608
v -32 		45.9501 		31.6557
v -32 		46.2184 		31.6928
v -32 		46.5008 		31.7193
v -32 		46.7974 		31.7352
v -32 		47.1083 		31.7405
v -32 		51.2973 		31.7405
v -32 		51.2973 		31.0684
v -32 		50.0189 		30.3056
v -32 		50.0189 		24.2299
v -32 		47.8654 		26.9181
v -32 		47.5409 		26.9181
v -32 		50.7269 		23.4125
v -32 		51.2973 		23.4125
v -32 		51.2973 		22.7405
v -32 		46.3118 		22.7405
v -32 		46.3118 		23.4125
v -32 		47.8654 		26.1824
v -32 		47.4033 		26.1824
v -32 		47.0427 		26.189
v -32 		46.7018 		26.2087
v -32 		46.3806 		26.2415
v -32 		46.0791 		26.2874
v -32 		45.7972 		26.3464
v -32 		45.5349 		26.4186
v -32 		45.2872 		26.5018
v -32 		45.0553 		26.5942
v -32 		44.8392 		26.6956
v -32 		44.639 		26.8061
v -32 		44.4546 		26.9256
v -32 		44.2861 		27.0543
v -32 		44.1329 		27.1908
v -32 		43.9944 		27.3338
v -32 		43.8707 		27.4834
v -32 		43.7617 		27.6396
v -32 		43.6674 		27.8023
v -32 		43.588 		27.9715
v -32 		43.5218 		28.1481
v -32 		43.4678 		28.3267
v -32 		43.4257 		28.5074
v -32 		43.3957 		28.69
v -32 		43.3776 		28.8747
v -32 		50.0206 		30.3848
v -32 		47.3749 		26.9211
v -32 		50.6753 		23.4133
v -32 		47.1476 		23.4125
v -32 		50.7269 		31.0684
v -32 		50.0255 		30.4589
v -32 		47.2175 		26.9302
v -32 		50.6253 		23.4155
v -32 		47.1935 		23.413
v -32 		50.0337 		30.5281
v -32 		47.0689 		26.9453
v -32 		50.577 		23.4193
v -32 		47.2394 		23.4145
v -32 		50.6783 		31.0677
v -32 		50.0451 		30.5921
v -32 		50.0206 		24.1421
v -32 		50.5303 		23.4246
v -32 		47.2853 		23.4171
v -32 		50.6308 		31.0654
v -32 		50.0599 		30.6512
v -32 		50.4852 		23.4314
v -32 		47.3312 		23.4206
v -32 		50.5843 		31.0616
v -32 		50.0779 		30.7052
v -32 		50.4418 		23.4398
v -32 		47.377 		23.4251
v -32 		50.539 		31.0563
v -32 		50.0957 		30.7543
v -32 		50.4002 		23.4504
v -32 		47.4229 		23.4307
v -32 		50.4947 		31.0495
v -32 		50.1162 		30.799
v -32 		50.3609 		23.464
v -32 		47.4647 		23.441
v -32 		50.4516 		31.0412
v -32 		50.1394 		30.8391
v -32 		50.3238 		23.4806
v -32 		47.5049 		23.4539
v -32 		50.4098 		31.0306
v -32 		47.8654 		30.9958
v -32 		50.2888 		23.5003
v -32 		47.5434 		23.4693
v -32 		50.3696 		31.017
v -32 		50.1653 		30.8747
v -32 		50.256 		23.523
v -32 		47.5803 		23.4872
v -32 		50.3311 		31.0003
v -32 		50.194 		30.9057
v -32 		50.2943 		30.9806
v -32 		50.2254 		30.9322
v -32 		50.2254 		23.5487
v -32 		50.259 		30.9579
v -32 		50.194 		23.5808
v -32 		50.1653 		23.6164
v -32 		47.3344 		30.9958
v -32 		50.1394 		23.6555
v -32 		47.1845 		30.9922
v -32 		50.1162 		23.6981
v -32 		47.0427 		30.9816
v -32 		50.0957 		23.7443
v -32 		46.9091 		30.964
v -32 		50.0779 		23.794
v -32 		46.7838 		30.9393
v -32 		50.0599 		23.8515
v -32 		46.6666 		30.9075
v -32 		50.0451 		23.915
v -32 		46.5576 		30.8686
v -32 		50.0337 		23.9847
v -32 		46.456 		30.8257
v -32 		50.0255 		24.0603
v -32 		46.3609 		30.7758
v -32 		46.2724 		30.7188
v -32 		47.6155 		23.5076
v -32 		46.1905 		30.6547
v -32 		47.6491 		23.5306
v -32 		46.1151 		30.5836
v -32 		47.6808 		23.5596
v -32 		46.0463 		30.5054
v -32 		47.7103 		23.5921
v -32 		45.9837 		30.4229
v -32 		47.7376 		23.6282
v -32 		47.7627 		23.6678
v -32 		45.9272 		30.3328
v -32 		47.7857 		23.711
v -32 		45.8767 		30.2352
v -32 		47.8064 		23.7576
v -32 		45.8321 		30.13
v -32 		47.8245 		23.8116
v -32 		45.7936 		30.0172
v -32 		47.8392 		23.8706
v -32 		45.7611 		29.8969
v -32 		47.8507 		23.9347
v -32 		45.7311 		29.769
v -32 		47.8589 		24.0038
v -32 		45.7065 		29.6335
v -32 		47.8638 		24.078
v -32 		45.6874 		29.4905
v -32 		47.8654 		24.1572
v -32 		45.6737 		29.3399
v -32 		45.6655 		29.1817
v -32 		45.6628 		29.0159
v -32 		46.9291 		26.9665
v -32 		45.6658 		28.8328
v -32 		46.798 		26.9937
v -32 		45.6748 		28.6587
v -32 		46.6756 		27.027
v -32 		45.6898 		28.4937
v -32 		46.5612 		27.0702
v -32 		45.7109 		28.3378
v -32 		46.4538 		27.1209
v -32 		45.7379 		28.191
v -32 		46.3536 		27.1792
v -32 		45.7709 		28.0533
v -32 		45.81 		27.9241
v -32 		46.2604 		27.245
v -32 		45.8551 		27.803
v -32 		46.1744 		27.3184
v -32 		45.9062 		27.69
v -32 		46.0954 		27.3994
v -32 		45.9632 		27.5851
v -32 		46.0263 		27.4882
v -31 		35.257 		26.7052
v -31 		35.2365 		26.4274
v -31 		35.2296 		26.137
v -31 		35.3389 		27.2228
v -31 		35.2911 		26.9703
v -31 		35.4755 		27.69
v -31 		35.4004 		27.4627
v -31 		35.6623 		28.1068
v -31 		35.5632 		27.9047
v -31 		35.895 		28.4731
v -31 		35.7729 		28.2962
v -31 		36.1736 		28.7889
v -31 		36.0286 		28.6373
v -31 		36.5025 		29.0553
v -31 		36.3329 		28.9282
v -31 		36.8729 		29.2733
v -31 		36.6825 		29.1703
v -31 		37.2848 		29.4428
v -31 		37.0737 		29.3641
v -31 		37.7371 		29.5639
v -31 		37.5061 		29.5094
v -31 		38.2288 		29.6365
v -31 		37.9781 		29.6063
v -31 		38.7598 		29.6608
v -31 		38.4894 		29.6547
v -31 		39.8382 		29.5639
v -31 		39.3228 		29.6365
v -31 		40.7265 		29.2733
v -31 		40.3061 		29.4428
v -31 		41.4246 		28.7889
v -31 		41.0993 		29.0553
v -31 		41.9218 		28.1068
v -31 		41.698 		28.4731
v -31 		42.22 		27.2228
v -31 		42.0957 		27.69
v -31 		42.3195 		26.137
v -31 		42.2946 		26.7052
v -31 		40.1936 		26.3593
v -31 		40.1955 		26.137
v -31 		40.1936 		25.9176
v -31 		42.2932 		25.573
v -31 		42.3129 		25.8492
v -31 		42.2146 		25.0553
v -31 		42.2605 		25.3083
v -31 		42.0835 		24.5841
v -31 		42.1556 		24.8139
v -31 		41.8966 		24.1673
v -31 		41.9958 		24.3694
v -31 		41.6639 		23.801
v -31 		41.786 		23.9779
v -31 		41.3853 		23.4852
v -31 		41.5303 		23.6368
v -31 		41.0564 		23.2188
v -31 		41.226 		23.3459
v -31 		40.686 		23.0008
v -31 		40.8764 		23.1037
v -31 		40.2741 		22.8313
v -31 		40.4853 		22.91
v -31 		39.8174 		22.7102
v -31 		40.0501 		22.7647
v -31 		39.3258 		22.6375
v -31 		39.576 		22.6678
v -31 		38.7991 		22.6133
v -31 		39.0668 		22.6194
v -31 		37.7207 		22.7102
v -31 		38.2362 		22.6375
v -31 		36.8325 		23.0008
v -31 		37.2528 		22.8313
v -31 		36.1343 		23.4852
v -31 		36.4596 		23.2188
v -31 		35.6317 		24.1673
v -31 		35.8579 		23.801
v -31 		35.3302 		25.0513
v -31 		35.4558 		24.5841
v -31 		35.2548 		25.5689
v -31 		40.1878 		26.572
v -31 		40.1878 		25.7072
v -31 		40.1783 		25.5059
v -31 		40.1783 		26.775
v -31 		40.1649 		25.3136
v -31 		40.1649 		26.9685
v -31 		40.1477 		25.1305
v -31 		40.1477 		27.1524
v -31 		40.1266 		24.9564
v -31 		40.1266 		27.3267
v -31 		40.098 		24.7887
v -31 		40.101 		27.4915
v -31 		40.0644 		24.6305
v -31 		40.0698 		27.6466
v -31 		40.0258 		24.4819
v -31 		40.0332 		27.7922
v -31 		39.9824 		24.3429
v -31 		39.9911 		27.9282
v -31 		39.9341 		24.2135
v -31 		39.9436 		28.0545
v -31 		39.8808 		24.0936
v -31 		39.8906 		28.1713
v -31 		39.8193 		23.9834
v -31 		39.8319 		28.2788
v -31 		39.753 		23.8828
v -31 		39.7672 		28.3772
v -31 		39.6817 		23.7917
v -31 		39.6055 		23.7102
v -31 		39.6964 		28.4665
v -31 		39.6197 		28.5467
v -31 		39.5243 		23.6383
v -31 		39.5369 		28.6179
v -31 		39.4383 		23.576
v -31 		39.4481 		28.6799
v -31 		39.3432 		23.5233
v -31 		39.3531 		28.7326
v -31 		39.2416 		23.4801
v -31 		39.2515 		28.7758
v -31 		39.1335 		23.4466
v -31 		39.1433 		28.8093
v -31 		39.0187 		23.4226
v -31 		39.0286 		28.8333
v -31 		38.8975 		23.4082
v -31 		38.9073 		28.8477
v -31 		38.7696 		23.4034
v -31 		38.7795 		28.8525
v -31 		38.6418 		23.4082
v -31 		38.6516 		28.8477
v -31 		38.5205 		23.4226
v -31 		38.5304 		28.8333
v -31 		38.4058 		23.4466
v -31 		38.4156 		28.8093
v -31 		38.2976 		23.4801
v -31 		38.196 		23.5233
v -31 		38.3075 		28.7758
v -31 		38.101 		23.576
v -31 		38.2059 		28.7326
v -31 		38.0152 		23.6383
v -31 		38.1108 		28.6799
v -31 		37.9349 		23.7102
v -31 		38.0248 		28.6179
v -31 		37.8601 		23.7917
v -31 		37.9436 		28.5467
v -31 		37.8674 		28.4665
v -31 		37.7907 		23.8828
v -31 		37.7961 		28.3772
v -31 		37.7268 		23.9834
v -31 		37.7298 		28.2788
v -31 		37.6683 		24.0936
v -31 		37.6683 		28.1713
v -31 		37.6123 		24.2135
v -31 		37.5623 		24.3429
v -31 		37.615 		28.0545
v -31 		37.5183 		24.4819
v -31 		37.5667 		27.9282
v -31 		37.4804 		24.6305
v -31 		37.5233 		27.7922
v -31 		37.4484 		24.7887
v -31 		37.4848 		27.6466
v -31 		37.4225 		24.9564
v -31 		37.4512 		27.4915
v -31 		37.3984 		25.1305
v -31 		37.4225 		27.3267
v -31 		37.3788 		25.3136
v -31 		37.3984 		27.1524
v -31 		37.3635 		25.5059
v -31 		37.3788 		26.9685
v -31 		37.3525 		25.7072
v -31 		37.3635 		26.775
v -31 		37.346 		25.9176
v -31 		37.3525 		26.572
v -31 		37.3438 		26.137
v -31 		37.346 		26.3593
v -32 		35.2296 		26.137
v -32 		35.2365 		26.4274
v -32 		35.257 		26.7052
v -32 		35.2911 		26.9703
v -32 		35.3389 		27.2228
v -32 		35.4004 		27.4627
v -32 		35.4755 		27.69
v -32 		35.5632 		27.9047
v -32 		35.6623 		28.1068
v -32 		35.7729 		28.2962
v -32 		35.895 		28.4731
v -32 		36.0286 		28.6373
v -32 		36.1736 		28.7889
v -32 		36.3329 		28.9282
v -32 		36.5025 		29.0553
v -32 		36.6825 		29.1703
v -32 		36.8729 		29.2733
v -32 		37.0737 		29.3641
v -32 		37.2848 		29.4428
v -32 		37.5061 		29.5094
v -32 		37.7371 		29.5639
v -32 		37.9781 		29.6063
v -32 		38.2288 		29.6365
v -32 		38.4894 		29.6547
v -32 		38.7598 		29.6608
v -32 		39.3228 		29.6365
v -32 		39.8382 		29.5639
v -32 		40.3061 		29.4428
v -32 		40.7265 		29.2733
v -32 		41.0993 		29.0553
v -32 		41.4246 		28.7889
v -32 		41.698 		28.4731
v -32 		41.9218 		28.1068
v -32 		42.0957 		27.69
v -32 		42.22 		27.2228
v -32 		42.2946 		26.7052
v -32 		42.3195 		26.137
v -32 		40.1955 		26.137
v -32 		40.1936 		26.3593
v -32 		40.1936 		25.9176
v -32 		42.3129 		25.8492
v -32 		42.2932 		25.573
v -32 		42.2605 		25.3083
v -32 		42.2146 		25.0553
v -32 		42.1556 		24.8139
v -32 		42.0835 		24.5841
v -32 		41.9958 		24.3694
v -32 		41.8966 		24.1673
v -32 		41.786 		23.9779
v -32 		41.6639 		23.801
v -32 		41.5303 		23.6368
v -32 		41.3853 		23.4852
v -32 		41.226 		23.3459
v -32 		41.0564 		23.2188
v -32 		40.8764 		23.1037
v -32 		40.686 		23.0008
v -32 		40.4853 		22.91
v -32 		40.2741 		22.8313
v -32 		40.0501 		22.7647
v -32 		39.8174 		22.7102
v -32 		39.576 		22.6678
v -32 		39.3258 		22.6375
v -32 		39.0668 		22.6194
v -32 		38.7991 		22.6133
v -32 		38.2362 		22.6375
v -32 		37.7207 		22.7102
v -32 		37.2528 		22.8313
v -32 		36.8325 		23.0008
v -32 		36.4596 		23.2188
v -32 		36.1343 		23.4852
v -32 		35.8579 		23.801
v -32 		35.6317 		24.1673
v -32 		35.4558 		24.5841
v -32 		35.3302 		25.0513
v -32 		35.2548 		25.5689
v -32 		40.1878 		26.572
v -32 		40.1878 		25.7072
v -32 		40.1783 		25.5059
v -32 		40.1783 		26.775
v -32 		40.1649 		25.3136
v -32 		40.1649 		26.9685
v -32 		40.1477 		25.1305
v -32 		40.1477 		27.1524
v -32 		40.1266 		24.9564
v -32 		40.1266 		27.3267
v -32 		40.098 		24.7887
v -32 		40.101 		27.4915
v -32 		40.0644 		24.6305
v -32 		40.0698 		27.6466
v -32 		40.0258 		24.4819
v -32 		40.0332 		27.7922
v -32 		39.9824 		24.3429
v -32 		39.9911 		27.9282
v -32 		39.9341 		24.2135
v -32 		39.9436 		28.0545
v -32 		39.8808 		24.0936
v -32 		39.8906 		28.1713
v -32 		39.8193 		23.9834
v -32 		39.8319 		28.2788
v -32 		39.753 		23.8828
v -32 		39.7672 		28.3772
v -32 		39.6817 		23.7917
v -32 		39.6055 		23.7102
v -32 		39.6964 		28.4665
v -32 		39.6197 		28.5467
v -32 		39.5243 		23.6383
v -32 		39.5369 		28.6179
v -32 		39.4383 		23.576
v -32 		39.4481 		28.6799
v -32 		39.3432 		23.5233
v -32 		39.3531 		28.7326
v -32 		39.2416 		23.4801
v -32 		39.2515 		28.7758
v -32 		39.1335 		23.4466
v -32 		39.1433 		28.8093
v -32 		39.0187 		23.4226
v -32 		39.0286 		28.8333
v -32 		38.8975 		23.4082
v -32 		38.9073 		28.8477
v -32 		38.7696 		23.4034
v -32 		38.7795 		28.8525
v -32 		38.6418 		23.4082
v -32 		38.6516 		28.8477
v -32 		38.5205 		23.4226
v -32 		38.5304 		28.8333
v -32 		38.4058 		23.4466
v -32 		38.4156 		28.8093
v -32 		38.2976 		23.4801
v -32 		38.196 		23.5233
v -32 		38.3075 		28.7758
v -32 		38.101 		23.576
v -32 		38.2059 		28.7326
v -32 		38.0152 		23.6383
v -32 		38.1108 		28.6799
v -32 		37.9349 		23.7102
v -32 		38.0248 		28.6179
v -32 		37.8601 		23.7917
v -32 		37.9436 		28.5467
v -32 		37.8674 		28.4665
v -32 		37.7907 		23.8828
v -32 		37.7961 		28.3772
v -32 		37.7268 		23.9834
v -32 		37.7298 		28.2788
v -32 		37.6683 		24.0936
v -32 		37.6683 		28.1713
v -32 		37.6123 		24.2135
v -32 		37.5623 		24.3429
v -32 		37.615 		28.0545
v -32 		37.5183 		24.4819
v -32 		37.5667 		27.9282
v -32 		37.4804 		24.6305
v -32 		37.5233 		27.7922
v -32 		37.4484 		24.7887
v -32 		37.4848 		27.6466
v -32 		37.4225 		24.9564
v -32 		37.4512 		27.4915
v -32 		37.3984 		25.1305
v -32 		37.4225 		27.3267
v -32 		37.3788 		25.3136
v -32 		37.3984 		27.1524
v -32 		37.3635 		25.5059
v -32 		37.3788 		26.9685
v -32 		37.3525 		25.7072
v -32 		37.3635 		26.775
v -32 		37.346 		25.9176
v -32 		37.3525 		26.572
v -32 		37.3438 		26.137
v -32 		37.346 		26.3593
v -31 		34.3545 		22.7405
v -31 		34.3545 		23.4125
v -31 		34.1972 		23.4125
v -31 		30.0082 		23.4125
v -31 		30.0082 		22.7405
v -31 		34.3545 		31.6587
v -31 		34.3545 		32.3217
v -31 		31.1488 		32.3217
v -31 		34.1472 		23.4133
v -31 		30.1753 		23.4125
v -31 		34.1972 		31.6587
v -31 		34.0955 		23.4155
v -31 		30.2253 		23.4133
v -31 		34.1474 		31.658
v -31 		34.0423 		23.4193
v -31 		30.2769 		23.4155
v -31 		34.0966 		31.6557
v -31 		33.9874 		23.4246
v -31 		30.3302 		23.4193
v -31 		34.0447 		31.6519
v -31 		33.9308 		23.4314
v -31 		30.3851 		23.4246
v -31 		33.9917 		31.6466
v -31 		33.8727 		23.4398
v -31 		30.4417 		23.4314
v -31 		33.9377 		31.6398
v -31 		33.8178 		23.4504
v -31 		30.4998 		23.4398
v -31 		33.8825 		31.6315
v -31 		33.7645 		23.464
v -31 		30.555 		23.4504
v -31 		33.8273 		31.6209
v -31 		33.7129 		23.4806
v -31 		30.6091 		23.464
v -31 		33.7732 		31.6073
v -31 		33.6629 		23.5003
v -31 		30.6621 		23.4806
v -31 		33.7202 		31.5906
v -31 		33.6145 		23.523
v -31 		30.714 		23.5003
v -31 		33.6683 		31.5709
v -31 		33.5678 		23.5487
v -31 		30.7648 		23.523
v -31 		33.6175 		31.5482
v -31 		33.52 		23.5808
v -31 		30.8145 		23.5487
v -31 		33.5678 		31.5225
v -31 		33.475 		23.6164
v -31 		30.8623 		23.5808
v -31 		33.52 		31.4932
v -31 		33.4326 		23.6555
v -31 		30.9074 		23.6164
v -31 		33.475 		31.4599
v -31 		33.4326 		31.4226
v -31 		33.393 		23.6981
v -31 		33.393 		31.3812
v -31 		33.3561 		23.7443
v -31 		33.3561 		31.3358
v -31 		33.322 		23.794
v -31 		33.322 		31.2864
v -31 		33.2919 		23.8515
v -31 		33.2919 		31.2349
v -31 		33.2674 		23.915
v -31 		33.2674 		31.1774
v -31 		33.2482 		23.9847
v -31 		31.1488 		24.2299
v -31 		33.2346 		24.0603
v -31 		31.1464 		24.1421
v -31 		33.2264 		24.1421
v -31 		33.2482 		31.1138
v -31 		33.2237 		24.2299
v -31 		31.139 		24.0603
v -31 		30.9497 		23.6555
v -31 		31.1267 		23.9847
v -31 		30.9893 		23.6981
v -31 		31.1095 		23.915
v -31 		31.0262 		23.7443
v -31 		33.2346 		31.0442
v -31 		31.0603 		23.794
v -31 		33.2264 		30.9685
v -31 		31.0874 		23.8515
v -31 		33.2237 		30.8868
v -32 		34.1972 		23.4125
v -32 		34.3545 		23.4125
v -32 		34.3545 		22.7405
v -32 		30.0082 		22.7405
v -32 		30.0082 		23.4125
v -32 		31.1488 		32.3217
v -32 		34.3545 		32.3217
v -32 		34.3545 		31.6587
v -32 		34.1472 		23.4133
v -32 		30.1753 		23.4125
v -32 		34.1972 		31.6587
v -32 		34.0955 		23.4155
v -32 		30.2253 		23.4133
v -32 		34.1474 		31.658
v -32 		34.0423 		23.4193
v -32 		30.2769 		23.4155
v -32 		34.0966 		31.6557
v -32 		33.9874 		23.4246
v -32 		30.3302 		23.4193
v -32 		34.0447 		31.6519
v -32 		33.9308 		23.4314
v -32 		30.3851 		23.4246
v -32 		33.9917 		31.6466
v -32 		33.8727 		23.4398
v -32 		30.4417 		23.4314
v -32 		33.9377 		31.6398
v -32 		33.8178 		23.4504
v -32 		30.4998 		23.4398
v -32 		33.8825 		31.6315
v -32 		33.7645 		23.464
v -32 		30.555 		23.4504
v -32 		33.8273 		31.6209
v -32 		33.7129 		23.4806
v -32 		30.6091 		23.464
v -32 		33.7732 		31.6073
v -32 		33.6629 		23.5003
v -32 		30.6621 		23.4806
v -32 		33.7202 		31.5906
v -32 		33.6145 		23.523
v -32 		30.714 		23.5003
v -32 		33.6683 		31.5709
v -32 		33.5678 		23.5487
v -32 		30.7648 		23.523
v -32 		33.6175 		31.5482
v -32 		33.52 		23.5808
v -32 		30.8145 		23.5487
v -32 		33.5678 		31.5225
v -32 		33.475 		23.6164
v -32 		30.8623 		23.5808
v -32 		33.52 		31.4932
v -32 		33.4326 		23.6555
v -32 		30.9074 		23.6164
v -32 		33.475 		31.4599
v -32 		33.4326 		31.4226
v -32 		33.393 		23.6981
v -32 		33.393 		31.3812
v -32 		33.3561 		23.7443
v -32 		33.3561 		31.3358
v -32 		33.322 		23.794
v -32 		33.322 		31.2864
v -32 		33.2919 		23.8515
v -32 		33.2919 		31.2349
v -32 		33.2674 		23.915
v -32 		33.2674 		31.1774
v -32 		33.2482 		23.9847
v -32 		31.1488 		24.2299
v -32 		33.2346 		24.0603
v -32 		31.1464 		24.1421
v -32 		33.2264 		24.1421
v -32 		33.2482 		31.1138
v -32 		33.2237 		24.2299
v -32 		31.139 		24.0603
v -32 		30.9497 		23.6555
v -32 		31.1267 		23.9847
v -32 		30.9893 		23.6981
v -32 		31.1095 		23.915
v -32 		31.0262 		23.7443
v -32 		33.2346 		31.0442
v -32 		31.0603 		23.794
v -32 		33.2264 		30.9685
v -32 		31.0874 		23.8515
v -32 		33.2237 		30.8868
v -31 		28.5897 		31.4637
v -31 		28.5922 		31.5407
v -31 		28.5897 		31.6176
v -31 		28.57 		31.3204
v -31 		28.5823 		31.3903
v -31 		28.5307 		31.1913
v -31 		28.5528 		31.2541
v -31 		28.4723 		31.0762
v -31 		28.5037 		31.132
v -31 		28.398 		30.9753
v -31 		28.437 		31.024
v -31 		28.3084 		30.8886
v -31 		28.3551 		30.9302
v -31 		28.204 		30.8156
v -31 		28.2578 		30.8505
v -31 		28.0882 		30.7551
v -31 		28.1475 		30.7839
v -31 		27.9615 		30.7067
v -31 		28.0262 		30.7294
v -31 		27.8241 		30.6703
v -31 		27.894 		30.687
v -31 		27.6777 		30.6461
v -31 		27.752 		30.6567
v -31 		27.5225 		30.634
v -31 		27.6012 		30.6386
v -31 		27.3636 		30.634
v -31 		27.4417 		30.6325
v -31 		27.2106 		30.6461
v -31 		27.2865 		30.6386
v -31 		27.062 		30.6703
v -31 		27.1358 		30.6567
v -31 		26.9216 		30.7067
v -31 		26.9893 		30.687
v -31 		26.7927 		30.7551
v -31 		26.856 		30.7294
v -31 		26.6725 		30.8156
v -31 		26.7315 		30.7839
v -31 		26.5649 		30.8886
v -31 		26.6157 		30.8505
v -31 		26.4731 		30.9753
v -31 		26.5173 		30.9302
v -31 		26.3944 		31.0762
v -31 		26.4321 		31.024
v -31 		26.33 		31.1913
v -31 		26.36 		31.132
v -31 		26.2863 		31.3204
v -31 		26.3054 		31.2541
v -31 		26.2644 		31.4637
v -31 		26.2726 		31.3903
v -31 		26.2644 		31.6176
v -31 		26.2617 		31.5407
v -31 		26.2863 		31.7609
v -31 		26.2726 		31.691
v -31 		26.33 		31.8901
v -31 		26.3054 		31.8273
v -31 		26.3944 		32.0051
v -31 		26.36 		31.9493
v -31 		26.4731 		32.106
v -31 		26.4321 		32.0573
v -31 		26.5649 		32.1928
v -31 		26.5173 		32.1512
v -31 		26.6725 		32.2657
v -31 		26.6157 		32.2309
v -31 		26.7927 		32.3262
v -31 		26.7315 		32.2975
v -31 		26.9216 		32.3747
v -31 		26.856 		32.352
v -31 		27.062 		32.411
v -31 		26.9893 		32.3944
v -31 		27.2106 		32.4352
v -31 		27.1358 		32.4246
v -31 		27.3636 		32.4473
v -31 		27.2865 		32.4428
v -31 		27.5225 		32.4473
v -31 		27.4417 		32.4488
v -31 		27.6777 		32.4352
v -31 		27.6012 		32.4428
v -31 		27.8241 		32.411
v -31 		27.752 		32.4246
v -31 		27.9615 		32.3747
v -31 		27.894 		32.3944
v -31 		28.0882 		32.3262
v -31 		28.0262 		32.352
v -31 		28.204 		32.2657
v -31 		28.1475 		32.2975
v -31 		28.3084 		32.1928
v -31 		28.2578 		32.2309
v -31 		28.398 		32.106
v -31 		28.3551 		32.1512
v -31 		28.4723 		32.0051
v -31 		28.437 		32.0573
v -31 		28.5307 		31.8901
v -31 		28.5037 		31.9493
v -31 		28.57 		31.7609
v -31 		28.5528 		31.8273
v -31 		28.5823 		31.691
v -32 		28.5897 		31.6176
v -32 		28.5922 		31.5407
v -32 		28.5897 		31.4637
v -32 		28.5823 		31.3903
v -32 		28.57 		31.3204
v -32 		28.5528 		31.2541
v -32 		28.5307 		31.1913
v -32 		28.5037 		31.132
v -32 		28.4723 		31.0762
v -32 		28.437 		31.024
v -32 		28.398 		30.9753
v -32 		28.3551 		30.9302
v -32 		28.3084 		30.8886
v -32 		28.2578 		30.8505
v -32 		28.204 		30.8156
v -32 		28.1475 		30.7839
v -32 		28.0882 		30.7551
v -32 		28.0262 		30.7294
v -32 		27.9615 		30.7067
v -32 		27.894 		30.687
v -32 		27.8241 		30.6703
v -32 		27.752 		30.6567
v -32 		27.6777 		30.6461
v -32 		27.6012 		30.6386
v -32 		27.5225 		30.634
v -32 		27.4417 		30.6325
v -32 		27.3636 		30.634
v -32 		27.2865 		30.6386
v -32 		27.2106 		30.6461
v -32 		27.1358 		30.6567
v -32 		27.062 		30.6703
v -32 		26.9893 		30.687
v -32 		26.9216 		30.7067
v -32 		26.856 		30.7294
v -32 		26.7927 		30.7551
v -32 		26.7315 		30.7839
v -32 		26.6725 		30.8156
v -32 		26.6157 		30.8505
v -32 		26.5649 		30.8886
v -32 		26.5173 		30.9302
v -32 		26.4731 		30.9753
v -32 		26.4321 		31.024
v -32 		26.3944 		31.0762
v -32 		26.36 		31.132
v -32 		26.33 		31.1913
v -32 		26.3054 		31.2541
v -32 		26.2863 		31.3204
v -32 		26.2726 		31.3903
v -32 		26.2644 		31.4637
v -32 		26.2617 		31.5407
v -32 		26.2644 		31.6176
v -32 		26.2726 		31.691
v -32 		26.2863 		31.7609
v -32 		26.3054 		31.8273
v -32 		26.33 		31.8901
v -32 		26.36 		31.9493
v -32 		26.3944 		32.0051
v -32 		26.4321 		32.0573
v -32 		26.4731 		32.106
v -32 		26.5173 		32.1512
v -32 		26.5649 		32.1928
v -32 		26.6157 		32.2309
v -32 		26.6725 		32.2657
v -32 		26.7315 		32.2975
v -32 		26.7927 		32.3262
v -32 		26.856 		32.352
v -32 		26.9216 		32.3747
v -32 		26.9893 		32.3944
v -32 		27.062 		32.411
v -32 		27.1358 		32.4246
v -32 		27.2106 		32.4352
v -32 		27.2865 		32.4428
v -32 		27.3636 		32.4473
v -32 		27.4417 		32.4488
v -32 		27.5225 		32.4473
v -32 		27.6012 		32.4428
v -32 		27.6777 		32.4352
v -32 		27.752 		32.4246
v -32 		27.8241 		32.411
v -32 		27.894 		32.3944
v -32 		27.9615 		32.3747
v -32 		28.0262 		32.352
v -32 		28.0882 		32.3262
v -32 		28.1475 		32.2975
v -32 		28.204 		32.2657
v -32 		28.2578 		32.2309
v -32 		28.3084 		32.1928
v -32 		28.3551 		32.1512
v -32 		28.398 		32.106
v -32 		28.437 		32.0573
v -32 		28.4723 		32.0051
v -32 		28.5037 		31.9493
v -32 		28.5307 		31.8901
v -32 		28.5528 		31.8273
v -32 		28.57 		31.7609
v -32 		28.5823 		31.691
v -31 		29.5362 		22.7405
v -31 		29.5362 		23.4125
v -31 		29.3788 		23.4125
v -31 		25.1899 		23.4125
v -31 		25.1899 		22.7405
v -31 		29.5362 		28.8252
v -31 		29.5362 		29.4973
v -31 		26.3305 		29.4973
v -31 		29.3289 		23.4133
v -31 		25.357 		23.4125
v -31 		29.3788 		28.8252
v -31 		29.2772 		23.4155
v -31 		25.407 		23.4133
v -31 		29.3291 		28.8245
v -31 		29.224 		23.4193
v -31 		25.4586 		23.4155
v -31 		29.2783 		28.8222
v -31 		29.1691 		23.4246
v -31 		25.5119 		23.4193
v -31 		29.2264 		28.8184
v -31 		29.1125 		23.4314
v -31 		25.5668 		23.4246
v -31 		29.1734 		28.8131
v -31 		29.0543 		23.4398
v -31 		25.6233 		23.4314
v -31 		29.1193 		28.8063
v -31 		28.9994 		23.4504
v -31 		25.6815 		23.4398
v -31 		29.0642 		28.798
v -31 		28.9462 		23.464
v -31 		25.7367 		23.4504
v -31 		29.009 		28.7874
v -31 		28.8945 		23.4806
v -31 		25.7908 		23.464
v -31 		28.9549 		28.7738
v -31 		28.8446 		23.5003
v -31 		25.8438 		23.4806
v -31 		28.9019 		28.7571
v -31 		28.7962 		23.523
v -31 		25.8957 		23.5003
v -31 		28.85 		28.7374
v -31 		28.7495 		23.5487
v -31 		25.9465 		23.523
v -31 		28.7992 		28.7147
v -31 		28.7017 		23.5808
v -31 		25.9962 		23.5487
v -31 		28.7495 		28.689
v -31 		28.6566 		23.6164
v -31 		26.044 		23.5808
v -31 		28.7017 		28.6597
v -31 		28.6143 		23.6555
v -31 		26.0891 		23.6164
v -31 		28.6566 		28.6264
v -31 		28.6143 		28.5891
v -31 		28.5747 		23.6981
v -31 		28.5747 		28.5477
v -31 		28.5378 		23.7443
v -31 		28.5378 		28.5023
v -31 		28.5037 		23.794
v -31 		28.5037 		28.4529
v -31 		28.4736 		23.8515
v -31 		28.4736 		28.4014
v -31 		28.449 		23.915
v -31 		26.3305 		24.2299
v -31 		28.4299 		23.9847
v -31 		26.3281 		24.1421
v -31 		28.4163 		24.0603
v -31 		26.3207 		24.0603
v -31 		28.4081 		24.1421
v -31 		26.3084 		23.9847
v -31 		28.4053 		24.2299
v -31 		26.2912 		23.915
v -31 		26.1314 		23.6555
v -31 		26.2691 		23.8515
v -31 		26.171 		23.6981
v -31 		26.242 		23.794
v -31 		26.2079 		23.7443
v -31 		28.449 		28.3439
v -31 		28.4299 		28.2803
v -31 		28.4053 		28.0533
v -31 		28.4163 		28.2107
v -31 		28.4081 		28.135
v -32 		29.3788 		23.4125
v -32 		29.5362 		23.4125
v -32 		29.5362 		22.7405
v -32 		25.1899 		22.7405
v -32 		25.1899 		23.4125
v -32 		26.3305 		29.4973
v -32 		29.5362 		29.4973
v -32 		29.5362 		28.8252
v -32 		29.3289 		23.4133
v -32 		25.357 		23.4125
v -32 		29.3788 		28.8252
v -32 		29.2772 		23.4155
v -32 		25.407 		23.4133
v -32 		29.3291 		28.8245
v -32 		29.224 		23.4193
v -32 		25.4586 		23.4155
v -32 		29.2783 		28.8222
v -32 		29.1691 		23.4246
v -32 		25.5119 		23.4193
v -32 		29.2264 		28.8184
v -32 		29.1125 		23.4314
v -32 		25.5668 		23.4246
v -32 		29.1734 		28.8131
v -32 		29.0543 		23.4398
v -32 		25.6233 		23.4314
v -32 		29.1193 		28.8063
v -32 		28.9994 		23.4504
v -32 		25.6815 		23.4398
v -32 		29.0642 		28.798
v -32 		28.9462 		23.464
v -32 		25.7367 		23.4504
v -32 		29.009 		28.7874
v -32 		28.8945 		23.4806
v -32 		25.7908 		23.464
v -32 		28.9549 		28.7738
v -32 		28.8446 		23.5003
v -32 		25.8438 		23.4806
v -32 		28.9019 		28.7571
v -32 		28.7962 		23.523
v -32 		25.8957 		23.5003
v -32 		28.85 		28.7374
v -32 		28.7495 		23.5487
v -32 		25.9465 		23.523
v -32 		28.7992 		28.7147
v -32 		28.7017 		23.5808
v -32 		25.9962 		23.5487
v -32 		28.7495 		28.689
v -32 		28.6566 		23.6164
v -32 		26.044 		23.5808
v -32 		28.7017 		28.6597
v -32 		28.6143 		23.6555
v -32 		26.0891 		23.6164
v -32 		28.6566 		28.6264
v -32 		28.6143 		28.5891
v -32 		28.5747 		23.6981
v -32 		28.5747 		28.5477
v -32 		28.5378 		23.7443
v -32 		28.5378 		28.5023
v -32 		28.5037 		23.794
v -32 		28.5037 		28.4529
v -32 		28.4736 		23.8515
v -32 		28.4736 		28.4014
v -32 		28.449 		23.915
v -32 		26.3305 		24.2299
v -32 		28.4299 		23.9847
v -32 		26.3281 		24.1421
v -32 		28.4163 		24.0603
v -32 		26.3207 		24.0603
v -32 		28.4081 		24.1421
v -32 		26.3084 		23.9847
v -32 		28.4053 		24.2299
v -32 		26.2912 		23.915
v -32 		26.1314 		23.6555
v -32 		26.2691 		23.8515
v -32 		26.171 		23.6981
v -32 		26.242 		23.794
v -32 		26.2079 		23.7443
v -32 		28.449 		28.3439
v -32 		28.4299 		28.2803
v -32 		28.4053 		28.0533
v -32 		28.4163 		28.2107
v -32 		28.4081 		28.135
v -31 		20.7048 		22.6169
v -31 		20.932 		22.6133
v -31 		21.1806 		22.6181
v -31 		20.283 		22.6451
v -31 		20.4884 		22.6275
v -31 		19.905 		22.7016
v -31 		20.0886 		22.6698
v -31 		19.5731 		22.7821
v -31 		19.7324 		22.7405
v -31 		19.2825 		22.879
v -31 		19.4232 		22.8283
v -31 		19.029 		22.994
v -31 		19.1511 		22.9342
v -31 		18.8127 		23.1264
v -31 		18.9162 		23.0583
v -31 		18.6335 		23.2718
v -31 		18.7185 		23.1976
v -31 		18.4915 		23.4292
v -31 		18.5578 		23.3489
v -31 		18.3863 		23.5939
v -31 		18.4344 		23.5124
v -31 		18.3164 		23.7554
v -31 		18.347 		23.6749
v -31 		18.2814 		23.9148
v -31 		18.2945 		23.8353
v -31 		18.2795 		24.051
v -31 		18.277 		23.9937
v -31 		18.2992 		24.164
v -31 		18.2869 		24.1078
v -31 		18.3385 		24.275
v -31 		18.3164 		24.2198
v -31 		18.3942 		24.3795
v -31 		18.3655 		24.3298
v -31 		18.4663 		24.4683
v -31 		18.4278 		24.4256
v -31 		18.5581 		24.5429
v -31 		18.5098 		24.5074
v -31 		18.6526 		24.5033
v -31 		18.6114 		24.575
v -31 		19.8556 		27.2657
v -31 		20.0274 		27.2632
v -31 		20.0287 		27.3686
v -31 		19.5431 		27.2859
v -31 		19.6941 		27.2733
v -31 		19.2721 		27.3262
v -31 		19.4024 		27.3035
v -31 		19.0416 		27.3858
v -31 		19.1522 		27.354
v -31 		18.8449 		27.4584
v -31 		18.9392 		27.4206
v -31 		18.681 		27.5432
v -31 		18.7589 		27.4993
v -31 		18.5491 		27.6401
v -31 		18.6114 		27.5901
v -31 		18.4442 		27.749
v -31 		18.4934 		27.693
v -31 		18.3655 		27.8701
v -31 		18.4016 		27.8081
v -31 		18.312 		27.9993
v -31 		18.336 		27.9352
v -31 		18.277 		28.1305
v -31 		18.2923 		28.0644
v -31 		18.2596 		28.2657
v -31 		18.2661 		28.1976
v -31 		18.2623 		28.4249
v -31 		18.2574 		28.3348
v -31 		18.3016 		28.6005
v -31 		18.277 		28.5134
v -31 		18.3803 		28.77
v -31 		18.336 		28.686
v -31 		18.498 		28.9322
v -31 		18.4344 		28.8525
v -31 		18.6532 		29.0795
v -31 		18.5709 		29.0079
v -31 		18.8455 		29.2107
v -31 		18.7447 		29.1471
v -31 		19.0746 		29.3285
v -31 		18.9555 		29.2702
v -31 		19.339 		29.4314
v -31 		19.2025 		29.3822
v -31 		19.6384 		29.5162
v -31 		19.4844 		29.4761
v -31 		19.9757 		29.5851
v -31 		19.8012 		29.5518
v -31 		20.3494 		29.6335
v -31 		20.1585 		29.6123
v -31 		20.7559 		29.6577
v -31 		20.5485 		29.6486
v -31 		21.2046 		29.6557
v -31 		20.9714 		29.6608
v -31 		21.6548 		29.6153
v -31 		21.4324 		29.6406
v -31 		22.0831 		29.5346
v -31 		21.8717 		29.58
v -31 		22.4906 		29.4148
v -31 		22.289 		29.4791
v -31 		22.8643 		29.2453
v -31 		22.6824 		29.3368
v -31 		23.1986 		29.0212
v -31 		23.0364 		29.1401
v -31 		23.4963 		28.745
v -31 		23.351 		28.8888
v -31 		23.7542 		28.412
v -31 		23.6307 		28.5861
v -31 		23.9683 		28.0185
v -31 		23.8667 		28.2228
v -31 		24.1371 		27.5598
v -31 		24.059 		27.799
v -31 		24.2508 		27.027
v -31 		24.2011 		27.3025
v -31 		24.3076 		26.4216
v -31 		24.2863 		26.7334
v -31 		24.3079 		25.7763
v -31 		24.3147 		26.0916
v -31 		24.2532 		25.1971
v -31 		24.2874 		25.4781
v -31 		24.144 		24.6865
v -31 		24.2054 		24.9332
v -31 		23.9814 		24.2427
v -31 		24.0689 		24.4569
v -31 		23.7739 		23.8553
v -31 		23.8831 		24.0422
v -31 		23.5226 		23.5223
v -31 		23.6537 		23.6819
v -31 		23.2251 		23.2463
v -31 		23.3805 		23.3762
v -31 		22.8864 		23.0243
v -31 		23.0604 		23.129
v -31 		22.5106 		22.8527
v -31 		22.7031 		22.9322
v -31 		22.0984 		22.7332
v -31 		22.3087 		22.7859
v -31 		21.6548 		22.6565
v -31 		21.8804 		22.69
v -31 		21.4215 		22.6325
v -31 		18.6977 		24.4337
v -31 		20.0328 		27.4731
v -31 		18.7466 		24.3661
v -31 		20.0397 		27.5765
v -31 		18.7993 		24.3005
v -31 		20.0492 		27.6789
v -31 		18.8558 		24.2369
v -31 		20.0615 		27.7803
v -31 		20.0765 		27.8807
v -31 		18.9162 		24.1754
v -31 		20.0916 		27.9784
v -31 		18.9834 		24.1133
v -31 		20.1104 		28.0714
v -31 		19.0539 		24.0543
v -31 		20.1331 		28.16
v -31 		19.1276 		23.9983
v -31 		19.2046 		23.9453
v -31 		20.1596 		28.244
v -31 		19.285 		23.8954
v -31 		20.1899 		28.3235
v -31 		19.3685 		23.8484
v -31 		20.224 		28.3984
v -31 		19.4524 		23.802
v -31 		20.2587 		28.4688
v -31 		19.5401 		23.7596
v -31 		20.2972 		28.5346
v -31 		19.6316 		23.7213
v -31 		20.3396 		28.5959
v -31 		19.7269 		23.687
v -31 		20.3857 		28.6527
v -31 		19.8261 		23.6567
v -31 		20.4357 		28.7049
v -31 		19.929 		23.6305
v -31 		20.4895 		28.7526
v -31 		20.032 		23.6083
v -31 		20.548 		28.7942
v -31 		20.1377 		23.5901
v -31 		20.6119 		28.8283
v -31 		20.2462 		23.576
v -31 		20.6813 		28.8547
v -31 		20.3573 		23.5659
v -31 		20.7561 		28.8737
v -31 		20.4712 		23.5598
v -31 		20.8364 		28.885
v -31 		20.5879 		23.5578
v -31 		20.9222 		28.8888
v -31 		20.8629 		23.5752
v -31 		21.0189 		28.885
v -31 		21.1112 		23.6275
v -31 		21.1123 		28.8737
v -31 		21.3327 		23.7145
v -31 		21.2024 		28.8547
v -31 		21.5275 		23.8363
v -31 		21.2893 		28.8283
v -31 		21.6955 		23.993
v -31 		21.3729 		28.7942
v -31 		21.8367 		24.1845
v -31 		21.4532 		28.7526
v -31 		21.533 		28.7021
v -31 		21.9509 		24.4143
v -31 		21.6083 		28.6416
v -31 		22.0443 		24.6799
v -31 		21.6794 		28.5709
v -31 		22.1169 		24.9814
v -31 		21.746 		28.4902
v -31 		22.1688 		25.3187
v -31 		21.8083 		28.3994
v -31 		22.2 		25.6918
v -31 		21.8662 		28.2985
v -31 		22.2104 		26.1007
v -31 		22.2079 		26.3626
v -31 		21.9197 		28.1865
v -31 		22.2005 		26.6093
v -31 		21.9689 		28.0624
v -31 		22.1882 		26.8409
v -31 		22.0137 		27.9261
v -31 		22.171 		27.0573
v -31 		22.0541 		27.7778
v -31 		22.1489 		27.2586
v -31 		22.0902 		27.6174
v -31 		22.1219 		27.4448
v -32 		21.1806 		22.6181
v -32 		20.932 		22.6133
v -32 		20.7048 		22.6169
v -32 		20.4884 		22.6275
v -32 		20.283 		22.6451
v -32 		20.0886 		22.6698
v -32 		19.905 		22.7016
v -32 		19.7324 		22.7405
v -32 		19.5731 		22.7821
v -32 		19.4232 		22.8283
v -32 		19.2825 		22.879
v -32 		19.1511 		22.9342
v -32 		19.029 		22.994
v -32 		18.9162 		23.0583
v -32 		18.8127 		23.1264
v -32 		18.7185 		23.1976
v -32 		18.6335 		23.2718
v -32 		18.5578 		23.3489
v -32 		18.4915 		23.4292
v -32 		18.4344 		23.5124
v -32 		18.3863 		23.5939
v -32 		18.347 		23.6749
v -32 		18.3164 		23.7554
v -32 		18.2945 		23.8353
v -32 		18.2814 		23.9148
v -32 		18.277 		23.9937
v -32 		18.2795 		24.051
v -32 		18.2869 		24.1078
v -32 		18.2992 		24.164
v -32 		18.3164 		24.2198
v -32 		18.3385 		24.275
v -32 		18.3655 		24.3298
v -32 		18.3942 		24.3795
v -32 		18.4278 		24.4256
v -32 		18.4663 		24.4683
v -32 		18.5098 		24.5074
v -32 		18.5581 		24.5429
v -32 		18.6114 		24.575
v -32 		18.6526 		24.5033
v -32 		20.0287 		27.3686
v -32 		20.0274 		27.2632
v -32 		19.8556 		27.2657
v -32 		19.6941 		27.2733
v -32 		19.5431 		27.2859
v -32 		19.4024 		27.3035
v -32 		19.2721 		27.3262
v -32 		19.1522 		27.354
v -32 		19.0416 		27.3858
v -32 		18.9392 		27.4206
v -32 		18.8449 		27.4584
v -32 		18.7589 		27.4993
v -32 		18.681 		27.5432
v -32 		18.6114 		27.5901
v -32 		18.5491 		27.6401
v -32 		18.4934 		27.693
v -32 		18.4442 		27.749
v -32 		18.4016 		27.8081
v -32 		18.3655 		27.8701
v -32 		18.336 		27.9352
v -32 		18.312 		27.9993
v -32 		18.2923 		28.0644
v -32 		18.277 		28.1305
v -32 		18.2661 		28.1976
v -32 		18.2596 		28.2657
v -32 		18.2574 		28.3348
v -32 		18.2623 		28.4249
v -32 		18.277 		28.5134
v -32 		18.3016 		28.6005
v -32 		18.336 		28.686
v -32 		18.3803 		28.77
v -32 		18.4344 		28.8525
v -32 		18.498 		28.9322
v -32 		18.5709 		29.0079
v -32 		18.6532 		29.0795
v -32 		18.7447 		29.1471
v -32 		18.8455 		29.2107
v -32 		18.9555 		29.2702
v -32 		19.0746 		29.3285
v -32 		19.2025 		29.3822
v -32 		19.339 		29.4314
v -32 		19.4844 		29.4761
v -32 		19.6384 		29.5162
v -32 		19.8012 		29.5518
v -32 		19.9757 		29.5851
v -32 		20.1585 		29.6123
v -32 		20.3494 		29.6335
v -32 		20.5485 		29.6486
v -32 		20.7559 		29.6577
v -32 		20.9714 		29.6608
v -32 		21.2046 		29.6557
v -32 		21.4324 		29.6406
v -32 		21.6548 		29.6153
v -32 		21.8717 		29.58
v -32 		22.0831 		29.5346
v -32 		22.289 		29.4791
v -32 		22.4906 		29.4148
v -32 		22.6824 		29.3368
v -32 		22.8643 		29.2453
v -32 		23.0364 		29.1401
v -32 		23.1986 		29.0212
v -32 		23.351 		28.8888
v -32 		23.4963 		28.745
v -32 		23.6307 		28.5861
v -32 		23.7542 		28.412
v -32 		23.8667 		28.2228
v -32 		23.9683 		28.0185
v -32 		24.059 		27.799
v -32 		24.1371 		27.5598
v -32 		24.2011 		27.3025
v -32 		24.2508 		27.027
v -32 		24.2863 		26.7334
v -32 		24.3076 		26.4216
v -32 		24.3147 		26.0916
v -32 		24.3079 		25.7763
v -32 		24.2874 		25.4781
v -32 		24.2532 		25.1971
v -32 		24.2054 		24.9332
v -32 		24.144 		24.6865
v -32 		24.0689 		24.4569
v -32 		23.9814 		24.2427
v -32 		23.8831 		24.0422
v -32 		23.7739 		23.8553
v -32 		23.6537 		23.6819
v -32 		23.5226 		23.5223
v -32 		23.3805 		23.3762
v -32 		23.2251 		23.2463
v -32 		23.0604 		23.129
v -32 		22.8864 		23.0243
v -32 		22.7031 		22.9322
v -32 		22.5106 		22.8527
v -32 		22.3087 		22.7859
v -32 		22.0984 		22.7332
v -32 		21.8804 		22.69
v -32 		21.6548 		22.6565
v -32 		21.4215 		22.6325
v -32 		18.6977 		24.4337
v -32 		20.0328 		27.4731
v -32 		18.7466 		24.3661
v -32 		20.0397 		27.5765
v -32 		18.7993 		24.3005
v -32 		20.0492 		27.6789
v -32 		18.8558 		24.2369
v -32 		20.0615 		27.7803
v -32 		20.0765 		27.8807
v -32 		18.9162 		24.1754
v -32 		20.0916 		27.9784
v -32 		18.9834 		24.1133
v -32 		20.1104 		28.0714
v -32 		19.0539 		24.0543
v -32 		20.1331 		28.16
v -32 		19.1276 		23.9983
v -32 		19.2046 		23.9453
v -32 		20.1596 		28.244
v -32 		19.285 		23.8954
v -32 		20.1899 		28.3235
v -32 		19.3685 		23.8484
v -32 		20.224 		28.3984
v -32 		19.4524 		23.802
v -32 		20.2587 		28.4688
v -32 		19.5401 		23.7596
v -32 		20.2972 		28.5346
v -32 		19.6316 		23.7213
v -32 		20.3396 		28.5959
v -32 		19.7269 		23.687
v -32 		20.3857 		28.6527
v -32 		19.8261 		23.6567
v -32 		20.4357 		28.7049
v -32 		19.929 		23.6305
v -32 		20.4895 		28.7526
v -32 		20.032 		23.6083
v -32 		20.548 		28.7942
v -32 		20.1377 		23.5901
v -32 		20.6119 		28.8283
v -32 		20.2462 		23.576
v -32 		20.6813 		28.8547
v -32 		20.3573 		23.5659
v -32 		20.7561 		28.8737
v -32 		20.4712 		23.5598
v -32 		20.8364 		28.885
v -32 		20.5879 		23.5578
v -32 		20.9222 		28.8888
v -32 		20.8629 		23.5752
v -32 		21.0189 		28.885
v -32 		21.1112 		23.6275
v -32 		21.1123 		28.8737
v -32 		21.3327 		23.7145
v -32 		21.2024 		28.8547
v -32 		21.5275 		23.8363
v -32 		21.2893 		28.8283
v -32 		21.6955 		23.993
v -32 		21.3729 		28.7942
v -32 		21.8367 		24.1845
v -32 		21.4532 		28.7526
v -32 		21.533 		28.7021
v -32 		21.9509 		24.4143
v -32 		21.6083 		28.6416
v -32 		22.0443 		24.6799
v -32 		21.6794 		28.5709
v -32 		22.1169 		24.9814
v -32 		21.746 		28.4902
v -32 		22.1688 		25.3187
v -32 		21.8083 		28.3994
v -32 		22.2 		25.6918
v -32 		21.8662 		28.2985
v -32 		22.2104 		26.1007
v -32 		22.2079 		26.3626
v -32 		21.9197 		28.1865
v -32 		22.2005 		26.6093
v -32 		21.9689 		28.0624
v -32 		22.1882 		26.8409
v -32 		22.0137 		27.9261
v -32 		22.171 		27.0573
v -32 		22.0541 		27.7778
v -32 		22.1489 		27.2586
v -32 		22.0902 		27.6174
v -32 		22.1219 		27.4448
v -31 		13.143 		22.6264
v -31 		13.3593 		22.6166
v -31 		13.5866 		22.6133
v -31 		12.7431 		22.6658
v -31 		12.9376 		22.6428
v -31 		12.3869 		22.7314
v -31 		12.5595 		22.6953
v -31 		12.0711 		22.8071
v -31 		12.2244 		22.767
v -31 		11.7925 		22.9009
v -31 		11.9272 		22.8517
v -31 		11.5511 		23.0129
v -31 		11.6672 		22.9546
v -31 		11.3478 		23.1451
v -31 		11.4445 		23.0778
v -31 		11.184 		23.2874
v -31 		11.261 		23.215
v -31 		11.0594 		23.4398
v -31 		11.1168 		23.3623
v -31 		10.9665 		23.6063
v -31 		11.0083 		23.5223
v -31 		10.9108 		23.7788
v -31 		10.934 		23.6918
v -31 		10.8922 		23.9574
v -31 		10.8969 		23.8674
v -31 		10.9338 		24.2198
v -31 		10.9026 		24.0957
v -31 		11.0583 		24.4256
v -31 		10.9857 		24.3298
v -31 		11.2659 		24.575
v -31 		11.1517 		24.5074
v -31 		10.5382 		26.6184
v -31 		10.5382 		25.9736
v -31 		15.0026 		25.9736
v -31 		10.5634 		27.0957
v -31 		10.5445 		26.8618
v -31 		10.6388 		27.5346
v -31 		10.5948 		27.3199
v -31 		10.7644 		27.9352
v -31 		10.6953 		27.7397
v -31 		10.9305 		28.2904
v -31 		10.842 		28.1179
v -31 		11.1403 		28.6053
v -31 		11.0299 		28.4529
v -31 		11.3937 		28.8797
v -31 		11.2615 		28.7475
v -31 		11.6898 		29.1128
v -31 		11.5366 		29.0016
v -31 		12.0274 		29.3035
v -31 		11.8534 		29.2135
v -31 		12.4066 		29.4519
v -31 		12.2118 		29.383
v -31 		12.8163 		29.5629
v -31 		12.6073 		29.5129
v -31 		13.2588 		29.6295
v -31 		13.0334 		29.6017
v -31 		13.7341 		29.6517
v -31 		13.4923 		29.6461
v -31 		14.2519 		29.6264
v -31 		13.9979 		29.6454
v -31 		14.7305 		29.5508
v -31 		14.4961 		29.5949
v -31 		15.1697 		29.4246
v -31 		14.955 		29.494
v -31 		15.5674 		29.249
v -31 		15.374 		29.3429
v -31 		15.9214 		29.025
v -31 		15.7499 		29.1431
v -31 		16.2317 		28.7526
v -31 		16.082 		28.8949
v -31 		16.4972 		28.4256
v -31 		16.3702 		28.5952
v -31 		16.7168 		28.0503
v -31 		16.6128 		28.244
v -31 		16.8905 		27.6264
v -31 		16.8094 		27.8444
v -31 		17.0162 		27.1552
v -31 		16.9597 		27.3966
v -31 		17.0916 		26.6375
v -31 		17.0602 		26.9022
v -31 		14.9638 		27.1017
v -31 		14.9731 		26.7818
v -31 		12.6229 		26.7818
v -31 		17.1167 		26.0735
v -31 		17.1104 		26.3613
v -31 		17.0916 		25.5427
v -31 		17.1104 		25.803
v -31 		17.0162 		25.0523
v -31 		17.0602 		25.2924
v -31 		16.8905 		24.6022
v -31 		16.9597 		24.8222
v -31 		16.7157 		24.1996
v -31 		16.8092 		24.3956
v -31 		16.4928 		23.8394
v -31 		16.6103 		24.0142
v -31 		16.2219 		23.5215
v -31 		16.3634 		23.6751
v -31 		15.9018 		23.248
v -31 		16.0681 		23.379
v -31 		15.5314 		23.021
v -31 		15.7228 		23.1287
v -31 		15.1107 		22.8404
v -31 		15.3273 		22.9249
v -31 		14.6486 		22.7142
v -31 		14.8854 		22.771
v -31 		14.1405 		22.6386
v -31 		14.4003 		22.6701
v -31 		13.8693 		22.6196
v -31 		11.3071 		24.5033
v -31 		14.9359 		27.3954
v -31 		11.3522 		24.4337
v -31 		14.8895 		27.6628
v -31 		11.4011 		24.3661
v -31 		14.8245 		27.9039
v -31 		11.4538 		24.3005
v -31 		14.7409 		28.1189
v -31 		11.5104 		24.2369
v -31 		14.6387 		28.3076
v -31 		11.5707 		24.1754
v -31 		14.5174 		28.4685
v -31 		11.6316 		24.1133
v -31 		14.3831 		28.6002
v -31 		11.6964 		24.0543
v -31 		14.2356 		28.7026
v -31 		11.7649 		23.9983
v -31 		14.0749 		28.7758
v -31 		11.8373 		23.9453
v -31 		11.9135 		23.8954
v -31 		13.9012 		28.8197
v -31 		11.9936 		23.8484
v -31 		13.7144 		28.8343
v -31 		12.0771 		23.802
v -31 		13.6185 		28.8303
v -31 		12.164 		23.7596
v -31 		13.5276 		28.8182
v -31 		12.2541 		23.7213
v -31 		13.4415 		28.798
v -31 		12.3476 		23.687
v -31 		13.3604 		28.7697
v -31 		12.4443 		23.6567
v -31 		13.2842 		28.7334
v -31 		12.5442 		23.6305
v -31 		12.6442 		23.6083
v -31 		13.2129 		28.689
v -31 		13.1462 		28.6373
v -31 		12.7475 		23.5901
v -31 		13.084 		28.579
v -31 		12.854 		23.576
v -31 		13.0261 		28.5142
v -31 		12.9638 		23.5659
v -31 		12.9725 		28.4428
v -31 		13.0769 		23.5598
v -31 		12.9234 		28.3648
v -31 		13.1932 		23.5578
v -31 		12.8786 		28.2803
v -31 		13.3344 		23.5616
v -31 		12.8379 		28.1893
v -31 		13.4697 		23.573
v -31 		12.801 		28.0916
v -31 		13.5989 		23.5919
v -31 		12.7679 		27.9874
v -31 		13.722 		23.6184
v -31 		12.7387 		27.8767
v -31 		13.8392 		23.6524
v -31 		12.7133 		27.7594
v -31 		13.9504 		23.6941
v -31 		12.6917 		27.6355
v -31 		14.0591 		23.7465
v -31 		12.6707 		27.5059
v -31 		14.1624 		23.8071
v -31 		12.6535 		27.3711
v -31 		14.2601 		23.8757
v -31 		12.6401 		27.2314
v -31 		12.6305 		27.0866
v -31 		14.3525 		23.9524
v -31 		12.6248 		26.9367
v -31 		14.4393 		24.0371
v -31 		14.5207 		24.13
v -31 		14.5934 		24.2342
v -31 		14.6606 		24.3469
v -31 		14.999 		25.7667
v -31 		14.7223 		24.4683
v -31 		14.9884 		25.5699
v -31 		14.7786 		24.5982
v -31 		14.9706 		25.3833
v -31 		14.8294 		24.7367
v -31 		14.9457 		25.2067
v -31 		14.8747 		24.8838
v -31 		14.9138 		25.0402
v -32 		13.5866 		22.6133
v -32 		13.3593 		22.6166
v -32 		13.143 		22.6264
v -32 		12.9376 		22.6428
v -32 		12.7431 		22.6658
v -32 		12.5595 		22.6953
v -32 		12.3869 		22.7314
v -32 		12.2244 		22.767
v -32 		12.0711 		22.8071
v -32 		11.9272 		22.8517
v -32 		11.7925 		22.9009
v -32 		11.6672 		22.9546
v -32 		11.5511 		23.0129
v -32 		11.4445 		23.0778
v -32 		11.3478 		23.1451
v -32 		11.261 		23.215
v -32 		11.184 		23.2874
v -32 		11.1168 		23.3623
v -32 		11.0594 		23.4398
v -32 		11.0083 		23.5223
v -32 		10.9665 		23.6063
v -32 		10.934 		23.6918
v -32 		10.9108 		23.7788
v -32 		10.8969 		23.8674
v -32 		10.8922 		23.9574
v -32 		10.9026 		24.0957
v -32 		10.9338 		24.2198
v -32 		10.9857 		24.3298
v -32 		11.0583 		24.4256
v -32 		11.1517 		24.5074
v -32 		11.2659 		24.575
v -32 		15.0026 		25.9736
v -32 		10.5382 		25.9736
v -32 		10.5382 		26.6184
v -32 		10.5445 		26.8618
v -32 		10.5634 		27.0957
v -32 		10.5948 		27.3199
v -32 		10.6388 		27.5346
v -32 		10.6953 		27.7397
v -32 		10.7644 		27.9352
v -32 		10.842 		28.1179
v -32 		10.9305 		28.2904
v -32 		11.0299 		28.4529
v -32 		11.1403 		28.6053
v -32 		11.2615 		28.7475
v -32 		11.3937 		28.8797
v -32 		11.5366 		29.0016
v -32 		11.6898 		29.1128
v -32 		11.8534 		29.2135
v -32 		12.0274 		29.3035
v -32 		12.2118 		29.383
v -32 		12.4066 		29.4519
v -32 		12.6073 		29.5129
v -32 		12.8163 		29.5629
v -32 		13.0334 		29.6017
v -32 		13.2588 		29.6295
v -32 		13.4923 		29.6461
v -32 		13.7341 		29.6517
v -32 		13.9979 		29.6454
v -32 		14.2519 		29.6264
v -32 		14.4961 		29.5949
v -32 		14.7305 		29.5508
v -32 		14.955 		29.494
v -32 		15.1697 		29.4246
v -32 		15.374 		29.3429
v -32 		15.5674 		29.249
v -32 		15.7499 		29.1431
v -32 		15.9214 		29.025
v -32 		16.082 		28.8949
v -32 		16.2317 		28.7526
v -32 		16.3702 		28.5952
v -32 		16.4972 		28.4256
v -32 		16.6128 		28.244
v -32 		16.7168 		28.0503
v -32 		16.8094 		27.8444
v -32 		16.8905 		27.6264
v -32 		16.9597 		27.3966
v -32 		17.0162 		27.1552
v -32 		17.0602 		26.9022
v -32 		17.0916 		26.6375
v -32 		14.9731 		26.7818
v -32 		14.9638 		27.1017
v -32 		12.6229 		26.7818
v -32 		17.1104 		26.3613
v -32 		17.1167 		26.0735
v -32 		17.1104 		25.803
v -32 		17.0916 		25.5427
v -32 		17.0602 		25.2924
v -32 		17.0162 		25.0523
v -32 		16.9597 		24.8222
v -32 		16.8905 		24.6022
v -32 		16.8092 		24.3956
v -32 		16.7157 		24.1996
v -32 		16.6103 		24.0142
v -32 		16.4928 		23.8394
v -32 		16.3634 		23.6751
v -32 		16.2219 		23.5215
v -32 		16.0681 		23.379
v -32 		15.9018 		23.248
v -32 		15.7228 		23.1287
v -32 		15.5314 		23.021
v -32 		15.3273 		22.9249
v -32 		15.1107 		22.8404
v -32 		14.8854 		22.771
v -32 		14.6486 		22.7142
v -32 		14.4003 		22.6701
v -32 		14.1405 		22.6386
v -32 		13.8693 		22.6196
v -32 		11.3071 		24.5033
v -32 		14.9359 		27.3954
v -32 		11.3522 		24.4337
v -32 		14.8895 		27.6628
v -32 		11.4011 		24.3661
v -32 		14.8245 		27.9039
v -32 		11.4538 		24.3005
v -32 		14.7409 		28.1189
v -32 		11.5104 		24.2369
v -32 		14.6387 		28.3076
v -32 		11.5707 		24.1754
v -32 		14.5174 		28.4685
v -32 		11.6316 		24.1133
v -32 		14.3831 		28.6002
v -32 		11.6964 		24.0543
v -32 		14.2356 		28.7026
v -32 		11.7649 		23.9983
v -32 		14.0749 		28.7758
v -32 		11.8373 		23.9453
v -32 		11.9135 		23.8954
v -32 		13.9012 		28.8197
v -32 		11.9936 		23.8484
v -32 		13.7144 		28.8343
v -32 		12.0771 		23.802
v -32 		13.6185 		28.8303
v -32 		12.164 		23.7596
v -32 		13.5276 		28.8182
v -32 		12.2541 		23.7213
v -32 		13.4415 		28.798
v -32 		12.3476 		23.687
v -32 		13.3604 		28.7697
v -32 		12.4443 		23.6567
v -32 		13.2842 		28.7334
v -32 		12.5442 		23.6305
v -32 		12.6442 		23.6083
v -32 		13.2129 		28.689
v -32 		13.1462 		28.6373
v -32 		12.7475 		23.5901
v -32 		13.084 		28.579
v -32 		12.854 		23.576
v -32 		13.0261 		28.5142
v -32 		12.9638 		23.5659
v -32 		12.9725 		28.4428
v -32 		13.0769 		23.5598
v -32 		12.9234 		28.3648
v -32 		13.1932 		23.5578
v -32 		12.8786 		28.2803
v -32 		13.3344 		23.5616
v -32 		12.8379 		28.1893
v -32 		13.4697 		23.573
v -32 		12.801 		28.0916
v -32 		13.5989 		23.5919
v -32 		12.7679 		27.9874
v -32 		13.722 		23.6184
v -32 		12.7387 		27.8767
v -32 		13.8392 		23.6524
v -32 		12.7133 		27.7594
v -32 		13.9504 		23.6941
v -32 		12.6917 		27.6355
v -32 		14.0591 		23.7465
v -32 		12.6707 		27.5059
v -32 		14.1624 		23.8071
v -32 		12.6535 		27.3711
v -32 		14.2601 		23.8757
v -32 		12.6401 		27.2314
v -32 		12.6305 		27.0866
v -32 		14.3525 		23.9524
v -32 		12.6248 		26.9367
v -32 		14.4393 		24.0371
v -32 		14.5207 		24.13
v -32 		14.5934 		24.2342
v -32 		14.6606 		24.3469
v -32 		14.999 		25.7667
v -32 		14.7223 		24.4683
v -32 		14.9884 		25.5699
v -32 		14.7786 		24.5982
v -32 		14.9706 		25.3833
v -32 		14.8294 		24.7367
v -32 		14.9457 		25.2067
v -32 		14.8747 		24.8838
v -32 		14.9138 		25.0402
# 2030 vertices

g group_29_16448250

usemtl color_16448250
s 0

f 6299 	6300 	6301
f 6302 	6303 	6299
f 6304 	6305 	6302
f 6306 	6307 	6304
f 6308 	6309 	6306
f 6310 	6311 	6308
f 6312 	6313 	6310
f 6314 	6315 	6312
f 6316 	6317 	6314
f 6318 	6319 	6316
f 6320 	6321 	6318
f 6322 	6323 	6320
f 6324 	6325 	6322
f 6326 	6327 	6328
f 6327 	6326 	6329
f 6330 	6331 	6332
f 6333 	6334 	6330
f 6335 	6336 	6337
f 6338 	6339 	6335
f 6340 	6341 	6338
f 6342 	6343 	6340
f 6344 	6345 	6342
f 6346 	6347 	6344
f 6348 	6349 	6346
f 6350 	6351 	6348
f 6352 	6353 	6350
f 6354 	6355 	6352
f 6356 	6357 	6354
f 6358 	6359 	6356
f 6299 	6301 	6358
f 6304 	6302 	6299
f 6308 	6306 	6304
f 6312 	6310 	6308
f 6316 	6314 	6312
f 6320 	6318 	6316
f 6324 	6322 	6320
f 6326 	6328 	6360
f 6327 	6329 	6361
f 6330 	6332 	6362
f 6363 	6333 	6330
f 6338 	6335 	6337
f 6342 	6340 	6338
f 6346 	6344 	6342
f 6350 	6348 	6346
f 6354 	6352 	6350
f 6358 	6356 	6354
f 6304 	6299 	6358
f 6312 	6308 	6304
f 6320 	6316 	6312
f 6364 	6324 	6320
f 6326 	6360 	6365
f 6327 	6361 	6366
f 6330 	6362 	6367
f 6368 	6363 	6330
f 6342 	6338 	6337
f 6350 	6346 	6342
f 6358 	6354 	6350
f 6312 	6304 	6358
f 6364 	6320 	6312
f 6326 	6365 	6369
f 6327 	6366 	6370
f 6330 	6367 	6371
f 6372 	6368 	6330
f 6350 	6342 	6337
f 6312 	6358 	6350
f 6373 	6364 	6312
f 6326 	6369 	6374
f 6375 	6327 	6370
f 6330 	6371 	6376
f 6377 	6372 	6330
f 6378 	6373 	6312
f 6326 	6374 	6379
f 6330 	6376 	6380
f 6381 	6377 	6330
f 6382 	6378 	6312
f 6326 	6379 	6383
f 6330 	6380 	6384
f 6385 	6381 	6330
f 6386 	6382 	6312
f 6326 	6383 	6387
f 6330 	6384 	6388
f 6389 	6385 	6330
f 6390 	6386 	6312
f 6326 	6387 	6391
f 6330 	6388 	6392
f 6393 	6389 	6330
f 6394 	6390 	6312
f 6326 	6391 	6395
f 6330 	6392 	6396
f 6397 	6393 	6330
f 6398 	6394 	6312
f 6399 	6326 	6395
f 6330 	6396 	6400
f 6401 	6397 	6330
f 6402 	6398 	6312
f 6399 	6395 	6403
f 6330 	6400 	6404
f 6405 	6401 	6330
f 6406 	6402 	6312
f 6399 	6403 	6407
f 6405 	6330 	6404
f 6408 	6406 	6312
f 6399 	6407 	6409
f 6405 	6404 	6410
f 6411 	6408 	6312
f 6399 	6409 	6411
f 6405 	6410 	6412
f 6399 	6411 	6312
f 6405 	6412 	6413
f 6414 	6399 	6312
f 6405 	6413 	6415
f 6416 	6414 	6312
f 6405 	6415 	6417
f 6418 	6416 	6312
f 6405 	6417 	6419
f 6420 	6418 	6312
f 6405 	6419 	6421
f 6422 	6420 	6312
f 6405 	6421 	6423
f 6424 	6422 	6312
f 6405 	6423 	6425
f 6426 	6424 	6312
f 6405 	6425 	6427
f 6428 	6426 	6312
f 6405 	6427 	6429
f 6430 	6428 	6312
f 6405 	6429 	6375
f 6431 	6430 	6312
f 6432 	6405 	6375
f 6433 	6431 	6312
f 6434 	6432 	6375
f 6435 	6433 	6312
f 6436 	6434 	6375
f 6437 	6435 	6312
f 6438 	6436 	6375
f 6439 	6437 	6312
f 6440 	6438 	6375
f 6439 	6312 	6350
f 6441 	6440 	6375
f 6442 	6439 	6350
f 6443 	6441 	6375
f 6444 	6442 	6350
f 6445 	6443 	6375
f 6446 	6444 	6350
f 6447 	6445 	6375
f 6448 	6446 	6350
f 6449 	6447 	6375
f 6450 	6448 	6350
f 6451 	6449 	6375
f 6452 	6450 	6350
f 6453 	6451 	6375
f 6454 	6452 	6350
f 6455 	6453 	6375
f 6456 	6454 	6350
f 6457 	6455 	6375
f 6458 	6456 	6350
f 6337 	6457 	6375
f 6459 	6458 	6350
f 6337 	6375 	6370
f 6460 	6459 	6350
f 6337 	6370 	6461
f 6462 	6460 	6350
f 6337 	6461 	6463
f 6464 	6462 	6350
f 6337 	6463 	6465
f 6466 	6464 	6350
f 6337 	6465 	6467
f 6468 	6466 	6350
f 6337 	6467 	6469
f 6470 	6468 	6350
f 6337 	6469 	6471
f 6472 	6470 	6350
f 6350 	6337 	6471
f 6473 	6472 	6350
f 6350 	6471 	6474
f 6475 	6473 	6350
f 6350 	6474 	6476
f 6477 	6475 	6350
f 6350 	6476 	6478
f 6479 	6477 	6350
f 6350 	6478 	6480
f 6480 	6479 	6350
f 6481 	6482 	6483
f 6483 	6484 	6485
f 6485 	6486 	6487
f 6487 	6488 	6489
f 6489 	6490 	6491
f 6491 	6492 	6493
f 6493 	6494 	6495
f 6495 	6496 	6497
f 6497 	6498 	6499
f 6499 	6500 	6501
f 6501 	6502 	6503
f 6503 	6504 	6505
f 6505 	6506 	6507
f 6508 	6509 	6510
f 6511 	6510 	6509
f 6512 	6513 	6514
f 6514 	6515 	6516
f 6517 	6518 	6519
f 6519 	6520 	6521
f 6521 	6522 	6523
f 6523 	6524 	6525
f 6525 	6526 	6527
f 6527 	6528 	6529
f 6529 	6530 	6531
f 6531 	6532 	6533
f 6533 	6534 	6535
f 6535 	6536 	6537
f 6537 	6538 	6539
f 6539 	6540 	6541
f 6541 	6481 	6483
f 6483 	6485 	6487
f 6487 	6489 	6491
f 6491 	6493 	6495
f 6495 	6497 	6499
f 6499 	6501 	6503
f 6503 	6505 	6507
f 6542 	6508 	6510
f 6543 	6511 	6509
f 6544 	6512 	6514
f 6514 	6516 	6545
f 6517 	6519 	6521
f 6521 	6523 	6525
f 6525 	6527 	6529
f 6529 	6531 	6533
f 6533 	6535 	6537
f 6537 	6539 	6541
f 6541 	6483 	6487
f 6487 	6491 	6495
f 6495 	6499 	6503
f 6503 	6507 	6546
f 6547 	6542 	6510
f 6548 	6543 	6509
f 6549 	6544 	6514
f 6514 	6545 	6550
f 6517 	6521 	6525
f 6525 	6529 	6533
f 6533 	6537 	6541
f 6541 	6487 	6495
f 6495 	6503 	6546
f 6551 	6547 	6510
f 6552 	6548 	6509
f 6553 	6549 	6514
f 6514 	6550 	6554
f 6517 	6525 	6533
f 6533 	6541 	6495
f 6495 	6546 	6555
f 6556 	6551 	6510
f 6552 	6509 	6557
f 6558 	6553 	6514
f 6514 	6554 	6559
f 6495 	6555 	6560
f 6561 	6556 	6510
f 6562 	6558 	6514
f 6514 	6559 	6563
f 6495 	6560 	6564
f 6565 	6561 	6510
f 6566 	6562 	6514
f 6514 	6563 	6567
f 6495 	6564 	6568
f 6569 	6565 	6510
f 6570 	6566 	6514
f 6514 	6567 	6571
f 6495 	6568 	6572
f 6573 	6569 	6510
f 6574 	6570 	6514
f 6514 	6571 	6575
f 6495 	6572 	6576
f 6577 	6573 	6510
f 6578 	6574 	6514
f 6514 	6575 	6579
f 6495 	6576 	6580
f 6577 	6510 	6581
f 6582 	6578 	6514
f 6514 	6579 	6583
f 6495 	6580 	6584
f 6585 	6577 	6581
f 6586 	6582 	6514
f 6514 	6583 	6587
f 6495 	6584 	6588
f 6589 	6585 	6581
f 6586 	6514 	6587
f 6495 	6588 	6590
f 6591 	6589 	6581
f 6592 	6586 	6587
f 6495 	6590 	6593
f 6593 	6591 	6581
f 6594 	6592 	6587
f 6495 	6593 	6581
f 6595 	6594 	6587
f 6495 	6581 	6596
f 6597 	6595 	6587
f 6495 	6596 	6598
f 6599 	6597 	6587
f 6495 	6598 	6600
f 6601 	6599 	6587
f 6495 	6600 	6602
f 6603 	6601 	6587
f 6495 	6602 	6604
f 6605 	6603 	6587
f 6495 	6604 	6606
f 6607 	6605 	6587
f 6495 	6606 	6608
f 6609 	6607 	6587
f 6495 	6608 	6610
f 6611 	6609 	6587
f 6495 	6610 	6612
f 6557 	6611 	6587
f 6495 	6612 	6613
f 6557 	6587 	6614
f 6495 	6613 	6615
f 6557 	6614 	6616
f 6495 	6615 	6617
f 6557 	6616 	6618
f 6495 	6617 	6619
f 6557 	6618 	6620
f 6495 	6619 	6621
f 6557 	6620 	6622
f 6533 	6495 	6621
f 6557 	6622 	6623
f 6533 	6621 	6624
f 6557 	6623 	6625
f 6533 	6624 	6626
f 6557 	6625 	6627
f 6533 	6626 	6628
f 6557 	6627 	6629
f 6533 	6628 	6630
f 6557 	6629 	6631
f 6533 	6630 	6632
f 6557 	6631 	6633
f 6533 	6632 	6634
f 6557 	6633 	6635
f 6533 	6634 	6636
f 6557 	6635 	6637
f 6533 	6636 	6638
f 6557 	6637 	6639
f 6533 	6638 	6640
f 6557 	6639 	6517
f 6533 	6640 	6641
f 6552 	6557 	6517
f 6533 	6641 	6642
f 6643 	6552 	6517
f 6533 	6642 	6644
f 6645 	6643 	6517
f 6533 	6644 	6646
f 6647 	6645 	6517
f 6533 	6646 	6648
f 6649 	6647 	6517
f 6533 	6648 	6650
f 6651 	6649 	6517
f 6533 	6650 	6652
f 6653 	6651 	6517
f 6533 	6652 	6654
f 6653 	6517 	6533
f 6533 	6654 	6655
f 6656 	6653 	6533
f 6533 	6655 	6657
f 6658 	6656 	6533
f 6533 	6657 	6659
f 6660 	6658 	6533
f 6533 	6659 	6661
f 6662 	6660 	6533
f 6533 	6661 	6662
f 6300 	6299 	6482
f 6299 	6483 	6482
f 6299 	6303 	6483
f 6303 	6484 	6483
f 6303 	6302 	6484
f 6302 	6485 	6484
f 6302 	6305 	6485
f 6305 	6486 	6485
f 6305 	6304 	6486
f 6304 	6487 	6486
f 6304 	6307 	6487
f 6307 	6488 	6487
f 6307 	6306 	6488
f 6306 	6489 	6488
f 6306 	6309 	6489
f 6309 	6490 	6489
f 6309 	6308 	6490
f 6308 	6491 	6490
f 6308 	6311 	6491
f 6311 	6492 	6491
f 6311 	6310 	6492
f 6310 	6493 	6492
f 6310 	6313 	6493
f 6313 	6494 	6493
f 6313 	6312 	6494
f 6312 	6495 	6494
f 6312 	6315 	6495
f 6315 	6496 	6495
f 6315 	6314 	6496
f 6314 	6497 	6496
f 6314 	6317 	6497
f 6317 	6498 	6497
f 6317 	6316 	6498
f 6316 	6499 	6498
f 6316 	6319 	6499
f 6319 	6500 	6499
f 6319 	6318 	6500
f 6318 	6501 	6500
f 6318 	6321 	6501
f 6321 	6502 	6501
f 6321 	6320 	6502
f 6320 	6503 	6502
f 6320 	6323 	6503
f 6323 	6504 	6503
f 6323 	6322 	6504
f 6322 	6505 	6504
f 6322 	6325 	6505
f 6325 	6506 	6505
f 6325 	6324 	6506
f 6324 	6507 	6506
f 6324 	6364 	6507
f 6364 	6546 	6507
f 6364 	6373 	6546
f 6373 	6555 	6546
f 6373 	6378 	6555
f 6378 	6560 	6555
f 6378 	6382 	6560
f 6382 	6564 	6560
f 6382 	6386 	6564
f 6386 	6568 	6564
f 6386 	6390 	6568
f 6390 	6572 	6568
f 6390 	6394 	6572
f 6394 	6576 	6572
f 6394 	6398 	6576
f 6398 	6580 	6576
f 6398 	6402 	6580
f 6402 	6584 	6580
f 6402 	6406 	6584
f 6406 	6588 	6584
f 6406 	6408 	6588
f 6408 	6590 	6588
f 6408 	6411 	6590
f 6411 	6593 	6590
f 6411 	6409 	6593
f 6409 	6591 	6593
f 6409 	6407 	6591
f 6407 	6589 	6591
f 6407 	6403 	6589
f 6403 	6585 	6589
f 6403 	6395 	6585
f 6395 	6577 	6585
f 6395 	6391 	6577
f 6391 	6573 	6577
f 6391 	6387 	6573
f 6387 	6569 	6573
f 6387 	6383 	6569
f 6383 	6565 	6569
f 6383 	6379 	6565
f 6379 	6561 	6565
f 6379 	6374 	6561
f 6374 	6556 	6561
f 6374 	6369 	6556
f 6369 	6551 	6556
f 6369 	6365 	6551
f 6365 	6547 	6551
f 6365 	6360 	6547
f 6360 	6542 	6547
f 6360 	6328 	6542
f 6328 	6508 	6542
f 6328 	6327 	6508
f 6327 	6509 	6508
f 6327 	6375 	6509
f 6375 	6557 	6509
f 6375 	6429 	6557
f 6429 	6611 	6557
f 6429 	6427 	6611
f 6427 	6609 	6611
f 6427 	6425 	6609
f 6425 	6607 	6609
f 6425 	6423 	6607
f 6423 	6605 	6607
f 6423 	6421 	6605
f 6421 	6603 	6605
f 6421 	6419 	6603
f 6419 	6601 	6603
f 6419 	6417 	6601
f 6417 	6599 	6601
f 6417 	6415 	6599
f 6415 	6597 	6599
f 6415 	6413 	6597
f 6413 	6595 	6597
f 6413 	6412 	6595
f 6412 	6594 	6595
f 6412 	6410 	6594
f 6410 	6592 	6594
f 6410 	6404 	6592
f 6404 	6586 	6592
f 6404 	6400 	6586
f 6400 	6582 	6586
f 6400 	6396 	6582
f 6396 	6578 	6582
f 6396 	6392 	6578
f 6392 	6574 	6578
f 6392 	6388 	6574
f 6388 	6570 	6574
f 6388 	6384 	6570
f 6384 	6566 	6570
f 6384 	6380 	6566
f 6380 	6562 	6566
f 6380 	6376 	6562
f 6376 	6558 	6562
f 6376 	6371 	6558
f 6371 	6553 	6558
f 6371 	6367 	6553
f 6367 	6549 	6553
f 6367 	6362 	6549
f 6362 	6544 	6549
f 6362 	6332 	6544
f 6332 	6512 	6544
f 6332 	6331 	6512
f 6331 	6513 	6512
f 6331 	6330 	6513
f 6330 	6514 	6513
f 6330 	6334 	6514
f 6334 	6515 	6514
f 6334 	6333 	6515
f 6333 	6516 	6515
f 6333 	6363 	6516
f 6363 	6545 	6516
f 6363 	6368 	6545
f 6368 	6550 	6545
f 6368 	6372 	6550
f 6372 	6554 	6550
f 6372 	6377 	6554
f 6377 	6559 	6554
f 6377 	6381 	6559
f 6381 	6563 	6559
f 6381 	6385 	6563
f 6385 	6567 	6563
f 6385 	6389 	6567
f 6389 	6571 	6567
f 6389 	6393 	6571
f 6393 	6575 	6571
f 6393 	6397 	6575
f 6397 	6579 	6575
f 6397 	6401 	6579
f 6401 	6583 	6579
f 6401 	6405 	6583
f 6405 	6587 	6583
f 6405 	6432 	6587
f 6432 	6614 	6587
f 6432 	6434 	6614
f 6434 	6616 	6614
f 6434 	6436 	6616
f 6436 	6618 	6616
f 6436 	6438 	6618
f 6438 	6620 	6618
f 6438 	6440 	6620
f 6440 	6622 	6620
f 6440 	6441 	6622
f 6441 	6623 	6622
f 6441 	6443 	6623
f 6443 	6625 	6623
f 6443 	6445 	6625
f 6445 	6627 	6625
f 6445 	6447 	6627
f 6447 	6629 	6627
f 6447 	6449 	6629
f 6449 	6631 	6629
f 6449 	6451 	6631
f 6451 	6633 	6631
f 6451 	6453 	6633
f 6453 	6635 	6633
f 6453 	6455 	6635
f 6455 	6637 	6635
f 6455 	6457 	6637
f 6457 	6639 	6637
f 6457 	6337 	6639
f 6337 	6517 	6639
f 6337 	6336 	6517
f 6336 	6518 	6517
f 6336 	6335 	6518
f 6335 	6519 	6518
f 6335 	6339 	6519
f 6339 	6520 	6519
f 6339 	6338 	6520
f 6338 	6521 	6520
f 6338 	6341 	6521
f 6341 	6522 	6521
f 6341 	6340 	6522
f 6340 	6523 	6522
f 6340 	6343 	6523
f 6343 	6524 	6523
f 6343 	6342 	6524
f 6342 	6525 	6524
f 6342 	6345 	6525
f 6345 	6526 	6525
f 6345 	6344 	6526
f 6344 	6527 	6526
f 6344 	6347 	6527
f 6347 	6528 	6527
f 6347 	6346 	6528
f 6346 	6529 	6528
f 6346 	6349 	6529
f 6349 	6530 	6529
f 6349 	6348 	6530
f 6348 	6531 	6530
f 6348 	6351 	6531
f 6351 	6532 	6531
f 6351 	6350 	6532
f 6350 	6533 	6532
f 6350 	6353 	6533
f 6353 	6534 	6533
f 6353 	6352 	6534
f 6352 	6535 	6534
f 6352 	6355 	6535
f 6355 	6536 	6535
f 6355 	6354 	6536
f 6354 	6537 	6536
f 6354 	6357 	6537
f 6357 	6538 	6537
f 6357 	6356 	6538
f 6356 	6539 	6538
f 6356 	6359 	6539
f 6359 	6540 	6539
f 6359 	6358 	6540
f 6358 	6541 	6540
f 6358 	6301 	6541
f 6301 	6481 	6541
f 6301 	6300 	6481
f 6300 	6482 	6481
f 6399 	6414 	6581
f 6414 	6596 	6581
f 6414 	6416 	6596
f 6416 	6598 	6596
f 6416 	6418 	6598
f 6418 	6600 	6598
f 6418 	6420 	6600
f 6420 	6602 	6600
f 6420 	6422 	6602
f 6422 	6604 	6602
f 6422 	6424 	6604
f 6424 	6606 	6604
f 6424 	6426 	6606
f 6426 	6608 	6606
f 6426 	6428 	6608
f 6428 	6610 	6608
f 6428 	6430 	6610
f 6430 	6612 	6610
f 6430 	6431 	6612
f 6431 	6613 	6612
f 6431 	6433 	6613
f 6433 	6615 	6613
f 6433 	6435 	6615
f 6435 	6617 	6615
f 6435 	6437 	6617
f 6437 	6619 	6617
f 6437 	6439 	6619
f 6439 	6621 	6619
f 6439 	6442 	6621
f 6442 	6624 	6621
f 6442 	6444 	6624
f 6444 	6626 	6624
f 6444 	6446 	6626
f 6446 	6628 	6626
f 6446 	6448 	6628
f 6448 	6630 	6628
f 6448 	6450 	6630
f 6450 	6632 	6630
f 6450 	6452 	6632
f 6452 	6634 	6632
f 6452 	6454 	6634
f 6454 	6636 	6634
f 6454 	6456 	6636
f 6456 	6638 	6636
f 6456 	6458 	6638
f 6458 	6640 	6638
f 6458 	6459 	6640
f 6459 	6641 	6640
f 6459 	6460 	6641
f 6460 	6642 	6641
f 6460 	6462 	6642
f 6462 	6644 	6642
f 6462 	6464 	6644
f 6464 	6646 	6644
f 6464 	6466 	6646
f 6466 	6648 	6646
f 6466 	6468 	6648
f 6468 	6650 	6648
f 6468 	6470 	6650
f 6470 	6652 	6650
f 6470 	6472 	6652
f 6472 	6654 	6652
f 6472 	6473 	6654
f 6473 	6655 	6654
f 6473 	6475 	6655
f 6475 	6657 	6655
f 6475 	6477 	6657
f 6477 	6659 	6657
f 6477 	6479 	6659
f 6479 	6661 	6659
f 6479 	6480 	6661
f 6480 	6662 	6661
f 6480 	6478 	6662
f 6478 	6660 	6662
f 6478 	6476 	6660
f 6476 	6658 	6660
f 6476 	6474 	6658
f 6474 	6656 	6658
f 6474 	6471 	6656
f 6471 	6653 	6656
f 6471 	6469 	6653
f 6469 	6651 	6653
f 6469 	6467 	6651
f 6467 	6649 	6651
f 6467 	6465 	6649
f 6465 	6647 	6649
f 6465 	6463 	6647
f 6463 	6645 	6647
f 6463 	6461 	6645
f 6461 	6643 	6645
f 6461 	6370 	6643
f 6370 	6552 	6643
f 6370 	6366 	6552
f 6366 	6548 	6552
f 6366 	6361 	6548
f 6361 	6543 	6548
f 6361 	6329 	6543
f 6329 	6511 	6543
f 6329 	6326 	6511
f 6326 	6510 	6511
f 6326 	6399 	6510
f 6399 	6581 	6510
f 6663 	6664 	6665
f 6666 	6667 	6663
f 6668 	6669 	6666
f 6670 	6671 	6668
f 6672 	6673 	6670
f 6674 	6675 	6672
f 6676 	6677 	6674
f 6678 	6679 	6676
f 6680 	6681 	6678
f 6682 	6683 	6680
f 6684 	6685 	6682
f 6686 	6687 	6684
f 6688 	6689 	6686
f 6690 	6691 	6688
f 6692 	6693 	6690
f 6694 	6695 	6692
f 6696 	6697 	6694
f 6698 	6699 	6696
f 6700 	6701 	6698
f 6698 	6701 	6702
f 6703 	6704 	6698
f 6705 	6706 	6703
f 6707 	6708 	6705
f 6709 	6710 	6707
f 6711 	6712 	6709
f 6713 	6714 	6711
f 6715 	6716 	6713
f 6717 	6718 	6715
f 6719 	6720 	6717
f 6721 	6722 	6719
f 6723 	6724 	6721
f 6725 	6726 	6723
f 6727 	6728 	6725
f 6729 	6730 	6727
f 6731 	6732 	6729
f 6733 	6734 	6731
f 6735 	6736 	6733
f 6665 	6737 	6735
f 6666 	6663 	6665
f 6670 	6668 	6666
f 6674 	6672 	6670
f 6678 	6676 	6674
f 6682 	6680 	6678
f 6686 	6684 	6682
f 6690 	6688 	6686
f 6694 	6692 	6690
f 6698 	6696 	6694
f 6738 	6700 	6698
f 6698 	6702 	6739
f 6705 	6703 	6698
f 6709 	6707 	6705
f 6713 	6711 	6709
f 6717 	6715 	6713
f 6721 	6719 	6717
f 6725 	6723 	6721
f 6729 	6727 	6725
f 6733 	6731 	6729
f 6665 	6735 	6733
f 6670 	6666 	6665
f 6678 	6674 	6670
f 6686 	6682 	6678
f 6694 	6690 	6686
f 6738 	6698 	6694
f 6698 	6739 	6740
f 6709 	6705 	6698
f 6717 	6713 	6709
f 6725 	6721 	6717
f 6733 	6729 	6725
f 6670 	6665 	6733
f 6686 	6678 	6670
f 6741 	6738 	6694
f 6698 	6740 	6742
f 6717 	6709 	6698
f 6743 	6741 	6694
f 6698 	6742 	6744
f 6725 	6717 	6698
f 6745 	6743 	6694
f 6698 	6744 	6746
f 6747 	6745 	6694
f 6698 	6746 	6748
f 6749 	6747 	6694
f 6698 	6748 	6750
f 6751 	6749 	6694
f 6698 	6750 	6752
f 6753 	6751 	6694
f 6698 	6752 	6754
f 6755 	6753 	6694
f 6698 	6754 	6756
f 6757 	6755 	6694
f 6698 	6756 	6758
f 6759 	6757 	6694
f 6698 	6758 	6760
f 6761 	6759 	6694
f 6698 	6760 	6762
f 6763 	6761 	6694
f 6698 	6762 	6764
f 6763 	6694 	6686
f 6698 	6764 	6765
f 6766 	6763 	6686
f 6725 	6698 	6765
f 6767 	6766 	6686
f 6725 	6765 	6768
f 6769 	6767 	6686
f 6725 	6768 	6770
f 6771 	6769 	6686
f 6725 	6770 	6772
f 6773 	6771 	6686
f 6725 	6772 	6774
f 6775 	6773 	6686
f 6725 	6774 	6776
f 6777 	6775 	6686
f 6725 	6776 	6778
f 6779 	6777 	6686
f 6725 	6778 	6780
f 6781 	6779 	6686
f 6725 	6780 	6782
f 6783 	6781 	6686
f 6725 	6782 	6784
f 6785 	6783 	6686
f 6725 	6784 	6786
f 6787 	6785 	6686
f 6725 	6786 	6788
f 6789 	6787 	6686
f 6725 	6788 	6790
f 6789 	6686 	6670
f 6725 	6790 	6791
f 6792 	6789 	6670
f 6725 	6791 	6793
f 6794 	6792 	6670
f 6725 	6793 	6795
f 6796 	6794 	6670
f 6725 	6795 	6797
f 6798 	6796 	6670
f 6725 	6797 	6799
f 6800 	6798 	6670
f 6733 	6725 	6799
f 6801 	6800 	6670
f 6733 	6799 	6802
f 6803 	6801 	6670
f 6733 	6802 	6804
f 6805 	6803 	6670
f 6733 	6804 	6806
f 6807 	6805 	6670
f 6733 	6806 	6808
f 6807 	6670 	6733
f 6733 	6808 	6809
f 6810 	6807 	6733
f 6733 	6809 	6811
f 6812 	6810 	6733
f 6733 	6811 	6813
f 6814 	6812 	6733
f 6733 	6813 	6815
f 6816 	6814 	6733
f 6733 	6815 	6817
f 6818 	6816 	6733
f 6733 	6817 	6819
f 6820 	6818 	6733
f 6733 	6819 	6821
f 6822 	6820 	6733
f 6733 	6821 	6823
f 6824 	6822 	6733
f 6733 	6823 	6825
f 6826 	6824 	6733
f 6733 	6825 	6827
f 6828 	6826 	6733
f 6733 	6827 	6829
f 6830 	6828 	6733
f 6733 	6829 	6830
f 6831 	6832 	6833
f 6833 	6834 	6835
f 6835 	6836 	6837
f 6837 	6838 	6839
f 6839 	6840 	6841
f 6841 	6842 	6843
f 6843 	6844 	6845
f 6845 	6846 	6847
f 6847 	6848 	6849
f 6849 	6850 	6851
f 6851 	6852 	6853
f 6853 	6854 	6855
f 6855 	6856 	6857
f 6857 	6858 	6859
f 6859 	6860 	6861
f 6861 	6862 	6863
f 6863 	6864 	6865
f 6865 	6866 	6867
f 6867 	6868 	6869
f 6870 	6868 	6867
f 6867 	6871 	6872
f 6872 	6873 	6874
f 6874 	6875 	6876
f 6876 	6877 	6878
f 6878 	6879 	6880
f 6880 	6881 	6882
f 6882 	6883 	6884
f 6884 	6885 	6886
f 6886 	6887 	6888
f 6888 	6889 	6890
f 6890 	6891 	6892
f 6892 	6893 	6894
f 6894 	6895 	6896
f 6896 	6897 	6898
f 6898 	6899 	6900
f 6900 	6901 	6902
f 6902 	6903 	6904
f 6904 	6905 	6831
f 6831 	6833 	6835
f 6835 	6837 	6839
f 6839 	6841 	6843
f 6843 	6845 	6847
f 6847 	6849 	6851
f 6851 	6853 	6855
f 6855 	6857 	6859
f 6859 	6861 	6863
f 6863 	6865 	6867
f 6867 	6869 	6906
f 6907 	6870 	6867
f 6867 	6872 	6874
f 6874 	6876 	6878
f 6878 	6880 	6882
f 6882 	6884 	6886
f 6886 	6888 	6890
f 6890 	6892 	6894
f 6894 	6896 	6898
f 6898 	6900 	6902
f 6902 	6904 	6831
f 6831 	6835 	6839
f 6839 	6843 	6847
f 6847 	6851 	6855
f 6855 	6859 	6863
f 6863 	6867 	6906
f 6908 	6907 	6867
f 6867 	6874 	6878
f 6878 	6882 	6886
f 6886 	6890 	6894
f 6894 	6898 	6902
f 6902 	6831 	6839
f 6839 	6847 	6855
f 6863 	6906 	6909
f 6910 	6908 	6867
f 6867 	6878 	6886
f 6863 	6909 	6911
f 6912 	6910 	6867
f 6867 	6886 	6894
f 6863 	6911 	6913
f 6914 	6912 	6867
f 6863 	6913 	6915
f 6916 	6914 	6867
f 6863 	6915 	6917
f 6918 	6916 	6867
f 6863 	6917 	6919
f 6920 	6918 	6867
f 6863 	6919 	6921
f 6922 	6920 	6867
f 6863 	6921 	6923
f 6924 	6922 	6867
f 6863 	6923 	6925
f 6926 	6924 	6867
f 6863 	6925 	6927
f 6928 	6926 	6867
f 6863 	6927 	6929
f 6930 	6928 	6867
f 6863 	6929 	6931
f 6932 	6930 	6867
f 6855 	6863 	6931
f 6933 	6932 	6867
f 6855 	6931 	6934
f 6933 	6867 	6894
f 6855 	6934 	6935
f 6936 	6933 	6894
f 6855 	6935 	6937
f 6938 	6936 	6894
f 6855 	6937 	6939
f 6940 	6938 	6894
f 6855 	6939 	6941
f 6942 	6940 	6894
f 6855 	6941 	6943
f 6944 	6942 	6894
f 6855 	6943 	6945
f 6946 	6944 	6894
f 6855 	6945 	6947
f 6948 	6946 	6894
f 6855 	6947 	6949
f 6950 	6948 	6894
f 6855 	6949 	6951
f 6952 	6950 	6894
f 6855 	6951 	6953
f 6954 	6952 	6894
f 6855 	6953 	6955
f 6956 	6954 	6894
f 6855 	6955 	6957
f 6958 	6956 	6894
f 6839 	6855 	6957
f 6959 	6958 	6894
f 6839 	6957 	6960
f 6961 	6959 	6894
f 6839 	6960 	6962
f 6963 	6961 	6894
f 6839 	6962 	6964
f 6965 	6963 	6894
f 6839 	6964 	6966
f 6967 	6965 	6894
f 6839 	6966 	6968
f 6967 	6894 	6902
f 6839 	6968 	6969
f 6970 	6967 	6902
f 6839 	6969 	6971
f 6972 	6970 	6902
f 6839 	6971 	6973
f 6974 	6972 	6902
f 6839 	6973 	6975
f 6976 	6974 	6902
f 6902 	6839 	6975
f 6977 	6976 	6902
f 6902 	6975 	6978
f 6979 	6977 	6902
f 6902 	6978 	6980
f 6981 	6979 	6902
f 6902 	6980 	6982
f 6983 	6981 	6902
f 6902 	6982 	6984
f 6985 	6983 	6902
f 6902 	6984 	6986
f 6987 	6985 	6902
f 6902 	6986 	6988
f 6989 	6987 	6902
f 6902 	6988 	6990
f 6991 	6989 	6902
f 6902 	6990 	6992
f 6993 	6991 	6902
f 6902 	6992 	6994
f 6995 	6993 	6902
f 6902 	6994 	6996
f 6997 	6995 	6902
f 6902 	6996 	6998
f 6998 	6997 	6902
f 6664 	6663 	6832
f 6663 	6833 	6832
f 6663 	6667 	6833
f 6667 	6834 	6833
f 6667 	6666 	6834
f 6666 	6835 	6834
f 6666 	6669 	6835
f 6669 	6836 	6835
f 6669 	6668 	6836
f 6668 	6837 	6836
f 6668 	6671 	6837
f 6671 	6838 	6837
f 6671 	6670 	6838
f 6670 	6839 	6838
f 6670 	6673 	6839
f 6673 	6840 	6839
f 6673 	6672 	6840
f 6672 	6841 	6840
f 6672 	6675 	6841
f 6675 	6842 	6841
f 6675 	6674 	6842
f 6674 	6843 	6842
f 6674 	6677 	6843
f 6677 	6844 	6843
f 6677 	6676 	6844
f 6676 	6845 	6844
f 6676 	6679 	6845
f 6679 	6846 	6845
f 6679 	6678 	6846
f 6678 	6847 	6846
f 6678 	6681 	6847
f 6681 	6848 	6847
f 6681 	6680 	6848
f 6680 	6849 	6848
f 6680 	6683 	6849
f 6683 	6850 	6849
f 6683 	6682 	6850
f 6682 	6851 	6850
f 6682 	6685 	6851
f 6685 	6852 	6851
f 6685 	6684 	6852
f 6684 	6853 	6852
f 6684 	6687 	6853
f 6687 	6854 	6853
f 6687 	6686 	6854
f 6686 	6855 	6854
f 6686 	6689 	6855
f 6689 	6856 	6855
f 6689 	6688 	6856
f 6688 	6857 	6856
f 6688 	6691 	6857
f 6691 	6858 	6857
f 6691 	6690 	6858
f 6690 	6859 	6858
f 6690 	6693 	6859
f 6693 	6860 	6859
f 6693 	6692 	6860
f 6692 	6861 	6860
f 6692 	6695 	6861
f 6695 	6862 	6861
f 6695 	6694 	6862
f 6694 	6863 	6862
f 6694 	6697 	6863
f 6697 	6864 	6863
f 6697 	6696 	6864
f 6696 	6865 	6864
f 6696 	6699 	6865
f 6699 	6866 	6865
f 6699 	6698 	6866
f 6698 	6867 	6866
f 6698 	6704 	6867
f 6704 	6871 	6867
f 6704 	6703 	6871
f 6703 	6872 	6871
f 6703 	6706 	6872
f 6706 	6873 	6872
f 6706 	6705 	6873
f 6705 	6874 	6873
f 6705 	6708 	6874
f 6708 	6875 	6874
f 6708 	6707 	6875
f 6707 	6876 	6875
f 6707 	6710 	6876
f 6710 	6877 	6876
f 6710 	6709 	6877
f 6709 	6878 	6877
f 6709 	6712 	6878
f 6712 	6879 	6878
f 6712 	6711 	6879
f 6711 	6880 	6879
f 6711 	6714 	6880
f 6714 	6881 	6880
f 6714 	6713 	6881
f 6713 	6882 	6881
f 6713 	6716 	6882
f 6716 	6883 	6882
f 6716 	6715 	6883
f 6715 	6884 	6883
f 6715 	6718 	6884
f 6718 	6885 	6884
f 6718 	6717 	6885
f 6717 	6886 	6885
f 6717 	6720 	6886
f 6720 	6887 	6886
f 6720 	6719 	6887
f 6719 	6888 	6887
f 6719 	6722 	6888
f 6722 	6889 	6888
f 6722 	6721 	6889
f 6721 	6890 	6889
f 6721 	6724 	6890
f 6724 	6891 	6890
f 6724 	6723 	6891
f 6723 	6892 	6891
f 6723 	6726 	6892
f 6726 	6893 	6892
f 6726 	6725 	6893
f 6725 	6894 	6893
f 6725 	6728 	6894
f 6728 	6895 	6894
f 6728 	6727 	6895
f 6727 	6896 	6895
f 6727 	6730 	6896
f 6730 	6897 	6896
f 6730 	6729 	6897
f 6729 	6898 	6897
f 6729 	6732 	6898
f 6732 	6899 	6898
f 6732 	6731 	6899
f 6731 	6900 	6899
f 6731 	6734 	6900
f 6734 	6901 	6900
f 6734 	6733 	6901
f 6733 	6902 	6901
f 6733 	6736 	6902
f 6736 	6903 	6902
f 6736 	6735 	6903
f 6735 	6904 	6903
f 6735 	6737 	6904
f 6737 	6905 	6904
f 6737 	6665 	6905
f 6665 	6831 	6905
f 6665 	6664 	6831
f 6664 	6832 	6831
f 6700 	6738 	6869
f 6738 	6906 	6869
f 6738 	6741 	6906
f 6741 	6909 	6906
f 6741 	6743 	6909
f 6743 	6911 	6909
f 6743 	6745 	6911
f 6745 	6913 	6911
f 6745 	6747 	6913
f 6747 	6915 	6913
f 6747 	6749 	6915
f 6749 	6917 	6915
f 6749 	6751 	6917
f 6751 	6919 	6917
f 6751 	6753 	6919
f 6753 	6921 	6919
f 6753 	6755 	6921
f 6755 	6923 	6921
f 6755 	6757 	6923
f 6757 	6925 	6923
f 6757 	6759 	6925
f 6759 	6927 	6925
f 6759 	6761 	6927
f 6761 	6929 	6927
f 6761 	6763 	6929
f 6763 	6931 	6929
f 6763 	6766 	6931
f 6766 	6934 	6931
f 6766 	6767 	6934
f 6767 	6935 	6934
f 6767 	6769 	6935
f 6769 	6937 	6935
f 6769 	6771 	6937
f 6771 	6939 	6937
f 6771 	6773 	6939
f 6773 	6941 	6939
f 6773 	6775 	6941
f 6775 	6943 	6941
f 6775 	6777 	6943
f 6777 	6945 	6943
f 6777 	6779 	6945
f 6779 	6947 	6945
f 6779 	6781 	6947
f 6781 	6949 	6947
f 6781 	6783 	6949
f 6783 	6951 	6949
f 6783 	6785 	6951
f 6785 	6953 	6951
f 6785 	6787 	6953
f 6787 	6955 	6953
f 6787 	6789 	6955
f 6789 	6957 	6955
f 6789 	6792 	6957
f 6792 	6960 	6957
f 6792 	6794 	6960
f 6794 	6962 	6960
f 6794 	6796 	6962
f 6796 	6964 	6962
f 6796 	6798 	6964
f 6798 	6966 	6964
f 6798 	6800 	6966
f 6800 	6968 	6966
f 6800 	6801 	6968
f 6801 	6969 	6968
f 6801 	6803 	6969
f 6803 	6971 	6969
f 6803 	6805 	6971
f 6805 	6973 	6971
f 6805 	6807 	6973
f 6807 	6975 	6973
f 6807 	6810 	6975
f 6810 	6978 	6975
f 6810 	6812 	6978
f 6812 	6980 	6978
f 6812 	6814 	6980
f 6814 	6982 	6980
f 6814 	6816 	6982
f 6816 	6984 	6982
f 6816 	6818 	6984
f 6818 	6986 	6984
f 6818 	6820 	6986
f 6820 	6988 	6986
f 6820 	6822 	6988
f 6822 	6990 	6988
f 6822 	6824 	6990
f 6824 	6992 	6990
f 6824 	6826 	6992
f 6826 	6994 	6992
f 6826 	6828 	6994
f 6828 	6996 	6994
f 6828 	6830 	6996
f 6830 	6998 	6996
f 6830 	6829 	6998
f 6829 	6997 	6998
f 6829 	6827 	6997
f 6827 	6995 	6997
f 6827 	6825 	6995
f 6825 	6993 	6995
f 6825 	6823 	6993
f 6823 	6991 	6993
f 6823 	6821 	6991
f 6821 	6989 	6991
f 6821 	6819 	6989
f 6819 	6987 	6989
f 6819 	6817 	6987
f 6817 	6985 	6987
f 6817 	6815 	6985
f 6815 	6983 	6985
f 6815 	6813 	6983
f 6813 	6981 	6983
f 6813 	6811 	6981
f 6811 	6979 	6981
f 6811 	6809 	6979
f 6809 	6977 	6979
f 6809 	6808 	6977
f 6808 	6976 	6977
f 6808 	6806 	6976
f 6806 	6974 	6976
f 6806 	6804 	6974
f 6804 	6972 	6974
f 6804 	6802 	6972
f 6802 	6970 	6972
f 6802 	6799 	6970
f 6799 	6967 	6970
f 6799 	6797 	6967
f 6797 	6965 	6967
f 6797 	6795 	6965
f 6795 	6963 	6965
f 6795 	6793 	6963
f 6793 	6961 	6963
f 6793 	6791 	6961
f 6791 	6959 	6961
f 6791 	6790 	6959
f 6790 	6958 	6959
f 6790 	6788 	6958
f 6788 	6956 	6958
f 6788 	6786 	6956
f 6786 	6954 	6956
f 6786 	6784 	6954
f 6784 	6952 	6954
f 6784 	6782 	6952
f 6782 	6950 	6952
f 6782 	6780 	6950
f 6780 	6948 	6950
f 6780 	6778 	6948
f 6778 	6946 	6948
f 6778 	6776 	6946
f 6776 	6944 	6946
f 6776 	6774 	6944
f 6774 	6942 	6944
f 6774 	6772 	6942
f 6772 	6940 	6942
f 6772 	6770 	6940
f 6770 	6938 	6940
f 6770 	6768 	6938
f 6768 	6936 	6938
f 6768 	6765 	6936
f 6765 	6933 	6936
f 6765 	6764 	6933
f 6764 	6932 	6933
f 6764 	6762 	6932
f 6762 	6930 	6932
f 6762 	6760 	6930
f 6760 	6928 	6930
f 6760 	6758 	6928
f 6758 	6926 	6928
f 6758 	6756 	6926
f 6756 	6924 	6926
f 6756 	6754 	6924
f 6754 	6922 	6924
f 6754 	6752 	6922
f 6752 	6920 	6922
f 6752 	6750 	6920
f 6750 	6918 	6920
f 6750 	6748 	6918
f 6748 	6916 	6918
f 6748 	6746 	6916
f 6746 	6914 	6916
f 6746 	6744 	6914
f 6744 	6912 	6914
f 6744 	6742 	6912
f 6742 	6910 	6912
f 6742 	6740 	6910
f 6740 	6908 	6910
f 6740 	6739 	6908
f 6739 	6907 	6908
f 6739 	6702 	6907
f 6702 	6870 	6907
f 6702 	6701 	6870
f 6701 	6868 	6870
f 6701 	6700 	6868
f 6700 	6869 	6868
f 6999 	7000 	7001
f 7002 	7003 	6999
f 7004 	7005 	7006
f 6999 	7001 	7007
f 7008 	7002 	6999
f 7009 	7004 	7006
f 6999 	7007 	7010
f 7011 	7008 	6999
f 7012 	7009 	7006
f 6999 	7010 	7013
f 7014 	7011 	6999
f 7015 	7012 	7006
f 6999 	7013 	7016
f 7017 	7014 	6999
f 7018 	7015 	7006
f 6999 	7016 	7019
f 7020 	7017 	6999
f 7021 	7018 	7006
f 6999 	7019 	7022
f 7023 	7020 	6999
f 7024 	7021 	7006
f 6999 	7022 	7025
f 7026 	7023 	6999
f 7027 	7024 	7006
f 6999 	7025 	7028
f 7029 	7026 	6999
f 7030 	7027 	7006
f 6999 	7028 	7031
f 7032 	7029 	6999
f 7033 	7030 	7006
f 6999 	7031 	7034
f 7035 	7032 	6999
f 7036 	7033 	7006
f 6999 	7034 	7037
f 7038 	7035 	6999
f 7039 	7036 	7006
f 6999 	7037 	7040
f 7041 	7038 	6999
f 7042 	7039 	7006
f 6999 	7040 	7043
f 7044 	7041 	6999
f 7045 	7042 	7006
f 6999 	7043 	7046
f 7047 	7044 	6999
f 7048 	7045 	7006
f 6999 	7046 	7049
f 7050 	7047 	6999
f 7051 	7048 	7006
f 7050 	6999 	7049
f 7052 	7051 	7006
f 7050 	7049 	7053
f 7054 	7052 	7006
f 7050 	7053 	7055
f 7056 	7054 	7006
f 7050 	7055 	7057
f 7058 	7056 	7006
f 7050 	7057 	7059
f 7060 	7058 	7006
f 7050 	7059 	7061
f 7062 	7060 	7006
f 7050 	7061 	7063
f 7062 	7006 	7064
f 7050 	7063 	7065
f 7062 	7064 	7066
f 7050 	7065 	7067
f 7068 	7062 	7066
f 7050 	7067 	7069
f 7068 	7066 	7070
f 7071 	7050 	7069
f 7068 	7070 	7072
f 7073 	7071 	7069
f 7068 	7072 	7074
f 7075 	7073 	7069
f 7076 	7068 	7074
f 7077 	7075 	7069
f 7078 	7076 	7074
f 7079 	7077 	7069
f 7080 	7078 	7074
f 7074 	7079 	7069
f 7069 	7080 	7074
f 7081 	7082 	7083
f 7083 	7084 	7085
f 7086 	7087 	7088
f 7089 	7081 	7083
f 7083 	7085 	7090
f 7086 	7088 	7091
f 7092 	7089 	7083
f 7083 	7090 	7093
f 7086 	7091 	7094
f 7095 	7092 	7083
f 7083 	7093 	7096
f 7086 	7094 	7097
f 7098 	7095 	7083
f 7083 	7096 	7099
f 7086 	7097 	7100
f 7101 	7098 	7083
f 7083 	7099 	7102
f 7086 	7100 	7103
f 7104 	7101 	7083
f 7083 	7102 	7105
f 7086 	7103 	7106
f 7107 	7104 	7083
f 7083 	7105 	7108
f 7086 	7106 	7109
f 7110 	7107 	7083
f 7083 	7108 	7111
f 7086 	7109 	7112
f 7113 	7110 	7083
f 7083 	7111 	7114
f 7086 	7112 	7115
f 7116 	7113 	7083
f 7083 	7114 	7117
f 7086 	7115 	7118
f 7119 	7116 	7083
f 7083 	7117 	7120
f 7086 	7118 	7121
f 7122 	7119 	7083
f 7083 	7120 	7123
f 7086 	7121 	7124
f 7125 	7122 	7083
f 7083 	7123 	7126
f 7086 	7124 	7127
f 7128 	7125 	7083
f 7083 	7126 	7129
f 7086 	7127 	7130
f 7131 	7128 	7083
f 7083 	7129 	7132
f 7086 	7130 	7133
f 7131 	7083 	7132
f 7086 	7133 	7134
f 7135 	7131 	7132
f 7086 	7134 	7136
f 7137 	7135 	7132
f 7086 	7136 	7138
f 7139 	7137 	7132
f 7086 	7138 	7140
f 7141 	7139 	7132
f 7086 	7140 	7142
f 7143 	7141 	7132
f 7086 	7142 	7144
f 7145 	7143 	7132
f 7146 	7086 	7144
f 7147 	7145 	7132
f 7148 	7146 	7144
f 7149 	7147 	7132
f 7148 	7144 	7150
f 7151 	7149 	7132
f 7152 	7148 	7150
f 7151 	7132 	7153
f 7154 	7152 	7150
f 7151 	7153 	7155
f 7156 	7154 	7150
f 7151 	7155 	7157
f 7156 	7150 	7158
f 7151 	7157 	7159
f 7156 	7158 	7160
f 7151 	7159 	7161
f 7156 	7160 	7162
f 7151 	7161 	7156
f 7156 	7162 	7151
f 7000 	6999 	7082
f 6999 	7083 	7082
f 6999 	7003 	7083
f 7003 	7084 	7083
f 7003 	7002 	7084
f 7002 	7085 	7084
f 7002 	7008 	7085
f 7008 	7090 	7085
f 7008 	7011 	7090
f 7011 	7093 	7090
f 7011 	7014 	7093
f 7014 	7096 	7093
f 7014 	7017 	7096
f 7017 	7099 	7096
f 7017 	7020 	7099
f 7020 	7102 	7099
f 7020 	7023 	7102
f 7023 	7105 	7102
f 7023 	7026 	7105
f 7026 	7108 	7105
f 7026 	7029 	7108
f 7029 	7111 	7108
f 7029 	7032 	7111
f 7032 	7114 	7111
f 7032 	7035 	7114
f 7035 	7117 	7114
f 7035 	7038 	7117
f 7038 	7120 	7117
f 7038 	7041 	7120
f 7041 	7123 	7120
f 7041 	7044 	7123
f 7044 	7126 	7123
f 7044 	7047 	7126
f 7047 	7129 	7126
f 7047 	7050 	7129
f 7050 	7132 	7129
f 7050 	7071 	7132
f 7071 	7153 	7132
f 7071 	7073 	7153
f 7073 	7155 	7153
f 7073 	7075 	7155
f 7075 	7157 	7155
f 7075 	7077 	7157
f 7077 	7159 	7157
f 7077 	7079 	7159
f 7079 	7161 	7159
f 7079 	7074 	7161
f 7074 	7156 	7161
f 7074 	7072 	7156
f 7072 	7154 	7156
f 7072 	7070 	7154
f 7070 	7152 	7154
f 7070 	7066 	7152
f 7066 	7148 	7152
f 7066 	7064 	7148
f 7064 	7146 	7148
f 7064 	7006 	7146
f 7006 	7086 	7146
f 7006 	7005 	7086
f 7005 	7087 	7086
f 7005 	7004 	7087
f 7004 	7088 	7087
f 7004 	7009 	7088
f 7009 	7091 	7088
f 7009 	7012 	7091
f 7012 	7094 	7091
f 7012 	7015 	7094
f 7015 	7097 	7094
f 7015 	7018 	7097
f 7018 	7100 	7097
f 7018 	7021 	7100
f 7021 	7103 	7100
f 7021 	7024 	7103
f 7024 	7106 	7103
f 7024 	7027 	7106
f 7027 	7109 	7106
f 7027 	7030 	7109
f 7030 	7112 	7109
f 7030 	7033 	7112
f 7033 	7115 	7112
f 7033 	7036 	7115
f 7036 	7118 	7115
f 7036 	7039 	7118
f 7039 	7121 	7118
f 7039 	7042 	7121
f 7042 	7124 	7121
f 7042 	7045 	7124
f 7045 	7127 	7124
f 7045 	7048 	7127
f 7048 	7130 	7127
f 7048 	7051 	7130
f 7051 	7133 	7130
f 7051 	7052 	7133
f 7052 	7134 	7133
f 7052 	7054 	7134
f 7054 	7136 	7134
f 7054 	7056 	7136
f 7056 	7138 	7136
f 7056 	7058 	7138
f 7058 	7140 	7138
f 7058 	7060 	7140
f 7060 	7142 	7140
f 7060 	7062 	7142
f 7062 	7144 	7142
f 7062 	7068 	7144
f 7068 	7150 	7144
f 7068 	7076 	7150
f 7076 	7158 	7150
f 7076 	7078 	7158
f 7078 	7160 	7158
f 7078 	7080 	7160
f 7080 	7162 	7160
f 7080 	7069 	7162
f 7069 	7151 	7162
f 7069 	7067 	7151
f 7067 	7149 	7151
f 7067 	7065 	7149
f 7065 	7147 	7149
f 7065 	7063 	7147
f 7063 	7145 	7147
f 7063 	7061 	7145
f 7061 	7143 	7145
f 7061 	7059 	7143
f 7059 	7141 	7143
f 7059 	7057 	7141
f 7057 	7139 	7141
f 7057 	7055 	7139
f 7055 	7137 	7139
f 7055 	7053 	7137
f 7053 	7135 	7137
f 7053 	7049 	7135
f 7049 	7131 	7135
f 7049 	7046 	7131
f 7046 	7128 	7131
f 7046 	7043 	7128
f 7043 	7125 	7128
f 7043 	7040 	7125
f 7040 	7122 	7125
f 7040 	7037 	7122
f 7037 	7119 	7122
f 7037 	7034 	7119
f 7034 	7116 	7119
f 7034 	7031 	7116
f 7031 	7113 	7116
f 7031 	7028 	7113
f 7028 	7110 	7113
f 7028 	7025 	7110
f 7025 	7107 	7110
f 7025 	7022 	7107
f 7022 	7104 	7107
f 7022 	7019 	7104
f 7019 	7101 	7104
f 7019 	7016 	7101
f 7016 	7098 	7101
f 7016 	7013 	7098
f 7013 	7095 	7098
f 7013 	7010 	7095
f 7010 	7092 	7095
f 7010 	7007 	7092
f 7007 	7089 	7092
f 7007 	7001 	7089
f 7001 	7081 	7089
f 7001 	7000 	7081
f 7000 	7082 	7081
f 7163 	7164 	7165
f 7166 	7167 	7163
f 7168 	7169 	7166
f 7170 	7171 	7168
f 7172 	7173 	7170
f 7174 	7175 	7172
f 7176 	7177 	7174
f 7178 	7179 	7176
f 7180 	7181 	7178
f 7182 	7183 	7180
f 7184 	7185 	7182
f 7186 	7187 	7184
f 7188 	7189 	7186
f 7190 	7191 	7188
f 7192 	7193 	7190
f 7194 	7195 	7192
f 7196 	7197 	7194
f 7198 	7199 	7196
f 7200 	7201 	7198
f 7202 	7203 	7200
f 7204 	7205 	7202
f 7206 	7207 	7204
f 7208 	7209 	7206
f 7210 	7211 	7208
f 7212 	7213 	7210
f 7214 	7215 	7212
f 7216 	7217 	7214
f 7218 	7219 	7216
f 7220 	7221 	7218
f 7222 	7223 	7220
f 7224 	7225 	7222
f 7226 	7227 	7224
f 7228 	7229 	7226
f 7230 	7231 	7228
f 7232 	7233 	7230
f 7234 	7235 	7232
f 7236 	7237 	7234
f 7238 	7239 	7236
f 7240 	7241 	7238
f 7242 	7243 	7240
f 7244 	7245 	7242
f 7246 	7247 	7244
f 7248 	7249 	7246
f 7250 	7251 	7248
f 7252 	7253 	7250
f 7254 	7255 	7252
f 7256 	7257 	7254
f 7165 	7258 	7256
f 7166 	7163 	7165
f 7170 	7168 	7166
f 7174 	7172 	7170
f 7178 	7176 	7174
f 7182 	7180 	7178
f 7186 	7184 	7182
f 7190 	7188 	7186
f 7194 	7192 	7190
f 7198 	7196 	7194
f 7202 	7200 	7198
f 7206 	7204 	7202
f 7210 	7208 	7206
f 7214 	7212 	7210
f 7218 	7216 	7214
f 7222 	7220 	7218
f 7226 	7224 	7222
f 7230 	7228 	7226
f 7234 	7232 	7230
f 7238 	7236 	7234
f 7242 	7240 	7238
f 7246 	7244 	7242
f 7250 	7248 	7246
f 7254 	7252 	7250
f 7165 	7256 	7254
f 7170 	7166 	7165
f 7178 	7174 	7170
f 7186 	7182 	7178
f 7194 	7190 	7186
f 7202 	7198 	7194
f 7210 	7206 	7202
f 7218 	7214 	7210
f 7226 	7222 	7218
f 7234 	7230 	7226
f 7242 	7238 	7234
f 7250 	7246 	7242
f 7165 	7254 	7250
f 7178 	7170 	7165
f 7194 	7186 	7178
f 7210 	7202 	7194
f 7226 	7218 	7210
f 7242 	7234 	7226
f 7165 	7250 	7242
f 7194 	7178 	7165
f 7226 	7210 	7194
f 7165 	7242 	7226
f 7226 	7194 	7165
f 7259 	7260 	7261
f 7261 	7262 	7263
f 7263 	7264 	7265
f 7265 	7266 	7267
f 7267 	7268 	7269
f 7269 	7270 	7271
f 7271 	7272 	7273
f 7273 	7274 	7275
f 7275 	7276 	7277
f 7277 	7278 	7279
f 7279 	7280 	7281
f 7281 	7282 	7283
f 7283 	7284 	7285
f 7285 	7286 	7287
f 7287 	7288 	7289
f 7289 	7290 	7291
f 7291 	7292 	7293
f 7293 	7294 	7295
f 7295 	7296 	7297
f 7297 	7298 	7299
f 7299 	7300 	7301
f 7301 	7302 	7303
f 7303 	7304 	7305
f 7305 	7306 	7307
f 7307 	7308 	7309
f 7309 	7310 	7311
f 7311 	7312 	7313
f 7313 	7314 	7315
f 7315 	7316 	7317
f 7317 	7318 	7319
f 7319 	7320 	7321
f 7321 	7322 	7323
f 7323 	7324 	7325
f 7325 	7326 	7327
f 7327 	7328 	7329
f 7329 	7330 	7331
f 7331 	7332 	7333
f 7333 	7334 	7335
f 7335 	7336 	7337
f 7337 	7338 	7339
f 7339 	7340 	7341
f 7341 	7342 	7343
f 7343 	7344 	7345
f 7345 	7346 	7347
f 7347 	7348 	7349
f 7349 	7350 	7351
f 7351 	7352 	7353
f 7353 	7354 	7259
f 7259 	7261 	7263
f 7263 	7265 	7267
f 7267 	7269 	7271
f 7271 	7273 	7275
f 7275 	7277 	7279
f 7279 	7281 	7283
f 7283 	7285 	7287
f 7287 	7289 	7291
f 7291 	7293 	7295
f 7295 	7297 	7299
f 7299 	7301 	7303
f 7303 	7305 	7307
f 7307 	7309 	7311
f 7311 	7313 	7315
f 7315 	7317 	7319
f 7319 	7321 	7323
f 7323 	7325 	7327
f 7327 	7329 	7331
f 7331 	7333 	7335
f 7335 	7337 	7339
f 7339 	7341 	7343
f 7343 	7345 	7347
f 7347 	7349 	7351
f 7351 	7353 	7259
f 7259 	7263 	7267
f 7267 	7271 	7275
f 7275 	7279 	7283
f 7283 	7287 	7291
f 7291 	7295 	7299
f 7299 	7303 	7307
f 7307 	7311 	7315
f 7315 	7319 	7323
f 7323 	7327 	7331
f 7331 	7335 	7339
f 7339 	7343 	7347
f 7347 	7351 	7259
f 7259 	7267 	7275
f 7275 	7283 	7291
f 7291 	7299 	7307
f 7307 	7315 	7323
f 7323 	7331 	7339
f 7339 	7347 	7259
f 7259 	7275 	7291
f 7291 	7307 	7323
f 7323 	7339 	7259
f 7259 	7291 	7323
f 7163 	7167 	7261
f 7167 	7262 	7261
f 7167 	7166 	7262
f 7166 	7263 	7262
f 7166 	7169 	7263
f 7169 	7264 	7263
f 7169 	7168 	7264
f 7168 	7265 	7264
f 7168 	7171 	7265
f 7171 	7266 	7265
f 7171 	7170 	7266
f 7170 	7267 	7266
f 7170 	7173 	7267
f 7173 	7268 	7267
f 7173 	7172 	7268
f 7172 	7269 	7268
f 7172 	7175 	7269
f 7175 	7270 	7269
f 7175 	7174 	7270
f 7174 	7271 	7270
f 7174 	7177 	7271
f 7177 	7272 	7271
f 7177 	7176 	7272
f 7176 	7273 	7272
f 7176 	7179 	7273
f 7179 	7274 	7273
f 7179 	7178 	7274
f 7178 	7275 	7274
f 7178 	7181 	7275
f 7181 	7276 	7275
f 7181 	7180 	7276
f 7180 	7277 	7276
f 7180 	7183 	7277
f 7183 	7278 	7277
f 7183 	7182 	7278
f 7182 	7279 	7278
f 7182 	7185 	7279
f 7185 	7280 	7279
f 7185 	7184 	7280
f 7184 	7281 	7280
f 7184 	7187 	7281
f 7187 	7282 	7281
f 7187 	7186 	7282
f 7186 	7283 	7282
f 7186 	7189 	7283
f 7189 	7284 	7283
f 7189 	7188 	7284
f 7188 	7285 	7284
f 7188 	7191 	7285
f 7191 	7286 	7285
f 7191 	7190 	7286
f 7190 	7287 	7286
f 7190 	7193 	7287
f 7193 	7288 	7287
f 7193 	7192 	7288
f 7192 	7289 	7288
f 7192 	7195 	7289
f 7195 	7290 	7289
f 7195 	7194 	7290
f 7194 	7291 	7290
f 7194 	7197 	7291
f 7197 	7292 	7291
f 7197 	7196 	7292
f 7196 	7293 	7292
f 7196 	7199 	7293
f 7199 	7294 	7293
f 7199 	7198 	7294
f 7198 	7295 	7294
f 7198 	7201 	7295
f 7201 	7296 	7295
f 7201 	7200 	7296
f 7200 	7297 	7296
f 7200 	7203 	7297
f 7203 	7298 	7297
f 7203 	7202 	7298
f 7202 	7299 	7298
f 7202 	7205 	7299
f 7205 	7300 	7299
f 7205 	7204 	7300
f 7204 	7301 	7300
f 7204 	7207 	7301
f 7207 	7302 	7301
f 7207 	7206 	7302
f 7206 	7303 	7302
f 7206 	7209 	7303
f 7209 	7304 	7303
f 7209 	7208 	7304
f 7208 	7305 	7304
f 7208 	7211 	7305
f 7211 	7306 	7305
f 7211 	7210 	7306
f 7210 	7307 	7306
f 7210 	7213 	7307
f 7213 	7308 	7307
f 7213 	7212 	7308
f 7212 	7309 	7308
f 7212 	7215 	7309
f 7215 	7310 	7309
f 7215 	7214 	7310
f 7214 	7311 	7310
f 7214 	7217 	7311
f 7217 	7312 	7311
f 7217 	7216 	7312
f 7216 	7313 	7312
f 7216 	7219 	7313
f 7219 	7314 	7313
f 7219 	7218 	7314
f 7218 	7315 	7314
f 7218 	7221 	7315
f 7221 	7316 	7315
f 7221 	7220 	7316
f 7220 	7317 	7316
f 7220 	7223 	7317
f 7223 	7318 	7317
f 7223 	7222 	7318
f 7222 	7319 	7318
f 7222 	7225 	7319
f 7225 	7320 	7319
f 7225 	7224 	7320
f 7224 	7321 	7320
f 7224 	7227 	7321
f 7227 	7322 	7321
f 7227 	7226 	7322
f 7226 	7323 	7322
f 7226 	7229 	7323
f 7229 	7324 	7323
f 7229 	7228 	7324
f 7228 	7325 	7324
f 7228 	7231 	7325
f 7231 	7326 	7325
f 7231 	7230 	7326
f 7230 	7327 	7326
f 7230 	7233 	7327
f 7233 	7328 	7327
f 7233 	7232 	7328
f 7232 	7329 	7328
f 7232 	7235 	7329
f 7235 	7330 	7329
f 7235 	7234 	7330
f 7234 	7331 	7330
f 7234 	7237 	7331
f 7237 	7332 	7331
f 7237 	7236 	7332
f 7236 	7333 	7332
f 7236 	7239 	7333
f 7239 	7334 	7333
f 7239 	7238 	7334
f 7238 	7335 	7334
f 7238 	7241 	7335
f 7241 	7336 	7335
f 7241 	7240 	7336
f 7240 	7337 	7336
f 7240 	7243 	7337
f 7243 	7338 	7337
f 7243 	7242 	7338
f 7242 	7339 	7338
f 7242 	7245 	7339
f 7245 	7340 	7339
f 7245 	7244 	7340
f 7244 	7341 	7340
f 7244 	7247 	7341
f 7247 	7342 	7341
f 7247 	7246 	7342
f 7246 	7343 	7342
f 7246 	7249 	7343
f 7249 	7344 	7343
f 7249 	7248 	7344
f 7248 	7345 	7344
f 7248 	7251 	7345
f 7251 	7346 	7345
f 7251 	7250 	7346
f 7250 	7347 	7346
f 7250 	7253 	7347
f 7253 	7348 	7347
f 7253 	7252 	7348
f 7252 	7349 	7348
f 7252 	7255 	7349
f 7255 	7350 	7349
f 7255 	7254 	7350
f 7254 	7351 	7350
f 7254 	7257 	7351
f 7257 	7352 	7351
f 7257 	7256 	7352
f 7256 	7353 	7352
f 7256 	7258 	7353
f 7258 	7354 	7353
f 7258 	7165 	7354
f 7165 	7259 	7354
f 7165 	7164 	7259
f 7164 	7260 	7259
f 7164 	7163 	7260
f 7163 	7261 	7260
f 7355 	7356 	7357
f 7358 	7359 	7355
f 7360 	7361 	7362
f 7355 	7357 	7363
f 7364 	7358 	7355
f 7365 	7360 	7362
f 7355 	7363 	7366
f 7367 	7364 	7355
f 7368 	7365 	7362
f 7355 	7366 	7369
f 7370 	7367 	7355
f 7371 	7368 	7362
f 7355 	7369 	7372
f 7373 	7370 	7355
f 7374 	7371 	7362
f 7355 	7372 	7375
f 7376 	7373 	7355
f 7377 	7374 	7362
f 7355 	7375 	7378
f 7379 	7376 	7355
f 7380 	7377 	7362
f 7355 	7378 	7381
f 7382 	7379 	7355
f 7383 	7380 	7362
f 7355 	7381 	7384
f 7385 	7382 	7355
f 7386 	7383 	7362
f 7355 	7384 	7387
f 7388 	7385 	7355
f 7389 	7386 	7362
f 7355 	7387 	7390
f 7391 	7388 	7355
f 7392 	7389 	7362
f 7355 	7390 	7393
f 7394 	7391 	7355
f 7395 	7392 	7362
f 7355 	7393 	7396
f 7397 	7394 	7355
f 7398 	7395 	7362
f 7355 	7396 	7399
f 7400 	7397 	7355
f 7401 	7398 	7362
f 7355 	7399 	7402
f 7403 	7400 	7355
f 7404 	7401 	7362
f 7355 	7402 	7405
f 7406 	7403 	7355
f 7407 	7404 	7362
f 7406 	7355 	7405
f 7408 	7407 	7362
f 7406 	7405 	7409
f 7410 	7408 	7362
f 7406 	7409 	7411
f 7412 	7410 	7362
f 7406 	7411 	7413
f 7414 	7412 	7362
f 7406 	7413 	7415
f 7416 	7414 	7362
f 7406 	7415 	7417
f 7416 	7362 	7418
f 7406 	7417 	7419
f 7416 	7418 	7420
f 7406 	7419 	7421
f 7416 	7420 	7422
f 7406 	7421 	7423
f 7416 	7422 	7424
f 7406 	7423 	7425
f 7416 	7424 	7426
f 7427 	7406 	7425
f 7416 	7426 	7428
f 7429 	7427 	7425
f 7416 	7428 	7430
f 7431 	7429 	7425
f 7432 	7416 	7430
f 7430 	7431 	7425
f 7433 	7432 	7430
f 7430 	7425 	7434
f 7435 	7433 	7430
f 7430 	7434 	7436
f 7436 	7435 	7430
f 7437 	7438 	7439
f 7439 	7440 	7441
f 7442 	7443 	7444
f 7445 	7437 	7439
f 7439 	7441 	7446
f 7442 	7444 	7447
f 7448 	7445 	7439
f 7439 	7446 	7449
f 7442 	7447 	7450
f 7451 	7448 	7439
f 7439 	7449 	7452
f 7442 	7450 	7453
f 7454 	7451 	7439
f 7439 	7452 	7455
f 7442 	7453 	7456
f 7457 	7454 	7439
f 7439 	7455 	7458
f 7442 	7456 	7459
f 7460 	7457 	7439
f 7439 	7458 	7461
f 7442 	7459 	7462
f 7463 	7460 	7439
f 7439 	7461 	7464
f 7442 	7462 	7465
f 7466 	7463 	7439
f 7439 	7464 	7467
f 7442 	7465 	7468
f 7469 	7466 	7439
f 7439 	7467 	7470
f 7442 	7468 	7471
f 7472 	7469 	7439
f 7439 	7470 	7473
f 7442 	7471 	7474
f 7475 	7472 	7439
f 7439 	7473 	7476
f 7442 	7474 	7477
f 7478 	7475 	7439
f 7439 	7476 	7479
f 7442 	7477 	7480
f 7481 	7478 	7439
f 7439 	7479 	7482
f 7442 	7480 	7483
f 7484 	7481 	7439
f 7439 	7482 	7485
f 7442 	7483 	7486
f 7487 	7484 	7439
f 7439 	7485 	7488
f 7442 	7486 	7489
f 7487 	7439 	7488
f 7442 	7489 	7490
f 7491 	7487 	7488
f 7442 	7490 	7492
f 7493 	7491 	7488
f 7442 	7492 	7494
f 7495 	7493 	7488
f 7442 	7494 	7496
f 7497 	7495 	7488
f 7442 	7496 	7498
f 7499 	7497 	7488
f 7500 	7442 	7498
f 7501 	7499 	7488
f 7502 	7500 	7498
f 7503 	7501 	7488
f 7504 	7502 	7498
f 7505 	7503 	7488
f 7506 	7504 	7498
f 7507 	7505 	7488
f 7508 	7506 	7498
f 7507 	7488 	7509
f 7510 	7508 	7498
f 7507 	7509 	7511
f 7512 	7510 	7498
f 7507 	7511 	7513
f 7512 	7498 	7514
f 7507 	7513 	7512
f 7512 	7514 	7515
f 7516 	7507 	7512
f 7512 	7515 	7517
f 7518 	7516 	7512
f 7512 	7517 	7518
f 7356 	7355 	7438
f 7355 	7439 	7438
f 7355 	7359 	7439
f 7359 	7440 	7439
f 7359 	7358 	7440
f 7358 	7441 	7440
f 7358 	7364 	7441
f 7364 	7446 	7441
f 7364 	7367 	7446
f 7367 	7449 	7446
f 7367 	7370 	7449
f 7370 	7452 	7449
f 7370 	7373 	7452
f 7373 	7455 	7452
f 7373 	7376 	7455
f 7376 	7458 	7455
f 7376 	7379 	7458
f 7379 	7461 	7458
f 7379 	7382 	7461
f 7382 	7464 	7461
f 7382 	7385 	7464
f 7385 	7467 	7464
f 7385 	7388 	7467
f 7388 	7470 	7467
f 7388 	7391 	7470
f 7391 	7473 	7470
f 7391 	7394 	7473
f 7394 	7476 	7473
f 7394 	7397 	7476
f 7397 	7479 	7476
f 7397 	7400 	7479
f 7400 	7482 	7479
f 7400 	7403 	7482
f 7403 	7485 	7482
f 7403 	7406 	7485
f 7406 	7488 	7485
f 7406 	7427 	7488
f 7427 	7509 	7488
f 7427 	7429 	7509
f 7429 	7511 	7509
f 7429 	7431 	7511
f 7431 	7513 	7511
f 7431 	7430 	7513
f 7430 	7512 	7513
f 7430 	7428 	7512
f 7428 	7510 	7512
f 7428 	7426 	7510
f 7426 	7508 	7510
f 7426 	7424 	7508
f 7424 	7506 	7508
f 7424 	7422 	7506
f 7422 	7504 	7506
f 7422 	7420 	7504
f 7420 	7502 	7504
f 7420 	7418 	7502
f 7418 	7500 	7502
f 7418 	7362 	7500
f 7362 	7442 	7500
f 7362 	7361 	7442
f 7361 	7443 	7442
f 7361 	7360 	7443
f 7360 	7444 	7443
f 7360 	7365 	7444
f 7365 	7447 	7444
f 7365 	7368 	7447
f 7368 	7450 	7447
f 7368 	7371 	7450
f 7371 	7453 	7450
f 7371 	7374 	7453
f 7374 	7456 	7453
f 7374 	7377 	7456
f 7377 	7459 	7456
f 7377 	7380 	7459
f 7380 	7462 	7459
f 7380 	7383 	7462
f 7383 	7465 	7462
f 7383 	7386 	7465
f 7386 	7468 	7465
f 7386 	7389 	7468
f 7389 	7471 	7468
f 7389 	7392 	7471
f 7392 	7474 	7471
f 7392 	7395 	7474
f 7395 	7477 	7474
f 7395 	7398 	7477
f 7398 	7480 	7477
f 7398 	7401 	7480
f 7401 	7483 	7480
f 7401 	7404 	7483
f 7404 	7486 	7483
f 7404 	7407 	7486
f 7407 	7489 	7486
f 7407 	7408 	7489
f 7408 	7490 	7489
f 7408 	7410 	7490
f 7410 	7492 	7490
f 7410 	7412 	7492
f 7412 	7494 	7492
f 7412 	7414 	7494
f 7414 	7496 	7494
f 7414 	7416 	7496
f 7416 	7498 	7496
f 7416 	7432 	7498
f 7432 	7514 	7498
f 7432 	7433 	7514
f 7433 	7515 	7514
f 7433 	7435 	7515
f 7435 	7517 	7515
f 7435 	7436 	7517
f 7436 	7518 	7517
f 7436 	7434 	7518
f 7434 	7516 	7518
f 7434 	7425 	7516
f 7425 	7507 	7516
f 7425 	7423 	7507
f 7423 	7505 	7507
f 7423 	7421 	7505
f 7421 	7503 	7505
f 7421 	7419 	7503
f 7419 	7501 	7503
f 7419 	7417 	7501
f 7417 	7499 	7501
f 7417 	7415 	7499
f 7415 	7497 	7499
f 7415 	7413 	7497
f 7413 	7495 	7497
f 7413 	7411 	7495
f 7411 	7493 	7495
f 7411 	7409 	7493
f 7409 	7491 	7493
f 7409 	7405 	7491
f 7405 	7487 	7491
f 7405 	7402 	7487
f 7402 	7484 	7487
f 7402 	7399 	7484
f 7399 	7481 	7484
f 7399 	7396 	7481
f 7396 	7478 	7481
f 7396 	7393 	7478
f 7393 	7475 	7478
f 7393 	7390 	7475
f 7390 	7472 	7475
f 7390 	7387 	7472
f 7387 	7469 	7472
f 7387 	7384 	7469
f 7384 	7466 	7469
f 7384 	7381 	7466
f 7381 	7463 	7466
f 7381 	7378 	7463
f 7378 	7460 	7463
f 7378 	7375 	7460
f 7375 	7457 	7460
f 7375 	7372 	7457
f 7372 	7454 	7457
f 7372 	7369 	7454
f 7369 	7451 	7454
f 7369 	7366 	7451
f 7366 	7448 	7451
f 7366 	7363 	7448
f 7363 	7445 	7448
f 7363 	7357 	7445
f 7357 	7437 	7445
f 7357 	7356 	7437
f 7356 	7438 	7437
f 7519 	7520 	7521
f 7522 	7523 	7519
f 7524 	7525 	7522
f 7526 	7527 	7524
f 7528 	7529 	7526
f 7530 	7531 	7528
f 7532 	7533 	7530
f 7534 	7535 	7532
f 7536 	7537 	7534
f 7538 	7539 	7536
f 7540 	7541 	7538
f 7542 	7543 	7540
f 7544 	7545 	7542
f 7546 	7547 	7544
f 7548 	7549 	7546
f 7550 	7551 	7548
f 7552 	7553 	7550
f 7554 	7555 	7552
f 7556 	7557 	7554
f 7558 	7559 	7560
f 7561 	7562 	7558
f 7563 	7564 	7561
f 7565 	7566 	7563
f 7567 	7568 	7565
f 7569 	7570 	7567
f 7571 	7572 	7569
f 7573 	7574 	7571
f 7575 	7576 	7573
f 7577 	7578 	7575
f 7579 	7580 	7577
f 7581 	7582 	7579
f 7583 	7584 	7581
f 7585 	7586 	7583
f 7587 	7588 	7585
f 7589 	7590 	7587
f 7591 	7592 	7589
f 7593 	7594 	7591
f 7595 	7596 	7593
f 7597 	7598 	7595
f 7599 	7600 	7597
f 7601 	7602 	7599
f 7603 	7604 	7601
f 7605 	7606 	7603
f 7607 	7608 	7605
f 7609 	7610 	7607
f 7611 	7612 	7609
f 7613 	7614 	7611
f 7615 	7616 	7613
f 7617 	7618 	7615
f 7619 	7620 	7617
f 7621 	7622 	7619
f 7623 	7624 	7621
f 7625 	7626 	7623
f 7627 	7628 	7625
f 7629 	7630 	7627
f 7631 	7632 	7629
f 7633 	7634 	7631
f 7635 	7636 	7633
f 7637 	7638 	7635
f 7639 	7640 	7637
f 7641 	7642 	7639
f 7643 	7644 	7641
f 7645 	7646 	7643
f 7647 	7648 	7645
f 7649 	7650 	7647
f 7651 	7652 	7649
f 7521 	7653 	7651
f 7522 	7519 	7521
f 7526 	7524 	7522
f 7530 	7528 	7526
f 7534 	7532 	7530
f 7538 	7536 	7534
f 7542 	7540 	7538
f 7546 	7544 	7542
f 7550 	7548 	7546
f 7554 	7552 	7550
f 7654 	7556 	7554
f 7558 	7560 	7655
f 7563 	7561 	7558
f 7567 	7565 	7563
f 7571 	7569 	7567
f 7575 	7573 	7571
f 7579 	7577 	7575
f 7583 	7581 	7579
f 7587 	7585 	7583
f 7591 	7589 	7587
f 7595 	7593 	7591
f 7599 	7597 	7595
f 7603 	7601 	7599
f 7607 	7605 	7603
f 7611 	7609 	7607
f 7615 	7613 	7611
f 7619 	7617 	7615
f 7623 	7621 	7619
f 7627 	7625 	7623
f 7631 	7629 	7627
f 7635 	7633 	7631
f 7639 	7637 	7635
f 7643 	7641 	7639
f 7647 	7645 	7643
f 7651 	7649 	7647
f 7522 	7521 	7651
f 7530 	7526 	7522
f 7538 	7534 	7530
f 7546 	7542 	7538
f 7554 	7550 	7546
f 7656 	7654 	7554
f 7558 	7655 	7657
f 7567 	7563 	7558
f 7575 	7571 	7567
f 7583 	7579 	7575
f 7591 	7587 	7583
f 7599 	7595 	7591
f 7607 	7603 	7599
f 7615 	7611 	7607
f 7623 	7619 	7615
f 7631 	7627 	7623
f 7639 	7635 	7631
f 7647 	7643 	7639
f 7522 	7651 	7647
f 7538 	7530 	7522
f 7554 	7546 	7538
f 7658 	7656 	7554
f 7558 	7657 	7659
f 7575 	7567 	7558
f 7591 	7583 	7575
f 7607 	7599 	7591
f 7623 	7615 	7607
f 7639 	7631 	7623
f 7522 	7647 	7639
f 7554 	7538 	7522
f 7660 	7658 	7554
f 7558 	7659 	7661
f 7591 	7575 	7558
f 7660 	7554 	7522
f 7558 	7661 	7662
f 7663 	7660 	7522
f 7558 	7662 	7664
f 7665 	7663 	7522
f 7558 	7664 	7666
f 7667 	7665 	7522
f 7558 	7666 	7668
f 7669 	7667 	7522
f 7591 	7558 	7668
f 7670 	7669 	7522
f 7591 	7668 	7671
f 7672 	7670 	7522
f 7591 	7671 	7673
f 7674 	7672 	7522
f 7591 	7673 	7675
f 7676 	7674 	7522
f 7591 	7675 	7677
f 7678 	7676 	7522
f 7591 	7677 	7679
f 7680 	7678 	7522
f 7591 	7679 	7681
f 7682 	7680 	7522
f 7591 	7681 	7683
f 7684 	7682 	7522
f 7591 	7683 	7685
f 7686 	7684 	7522
f 7591 	7685 	7687
f 7688 	7686 	7522
f 7591 	7687 	7689
f 7690 	7688 	7522
f 7591 	7689 	7691
f 7692 	7690 	7522
f 7591 	7691 	7693
f 7694 	7692 	7522
f 7591 	7693 	7695
f 7696 	7694 	7522
f 7591 	7695 	7697
f 7698 	7696 	7522
f 7591 	7697 	7699
f 7700 	7698 	7522
f 7591 	7699 	7701
f 7700 	7522 	7639
f 7607 	7591 	7701
f 7702 	7700 	7639
f 7607 	7701 	7703
f 7704 	7702 	7639
f 7607 	7703 	7705
f 7706 	7704 	7639
f 7607 	7705 	7707
f 7708 	7706 	7639
f 7607 	7707 	7709
f 7710 	7708 	7639
f 7607 	7709 	7711
f 7710 	7639 	7623
f 7607 	7711 	7712
f 7713 	7710 	7623
f 7607 	7712 	7714
f 7715 	7713 	7623
f 7607 	7714 	7716
f 7717 	7715 	7623
f 7607 	7716 	7718
f 7719 	7717 	7623
f 7607 	7718 	7720
f 7721 	7719 	7623
f 7607 	7720 	7722
f 7723 	7721 	7623
f 7623 	7607 	7722
f 7724 	7723 	7623
f 7623 	7722 	7725
f 7726 	7724 	7623
f 7623 	7725 	7727
f 7728 	7726 	7623
f 7623 	7727 	7729
f 7730 	7728 	7623
f 7623 	7729 	7731
f 7732 	7730 	7623
f 7623 	7731 	7733
f 7734 	7732 	7623
f 7623 	7733 	7734
f 7735 	7736 	7737
f 7737 	7738 	7739
f 7739 	7740 	7741
f 7741 	7742 	7743
f 7743 	7744 	7745
f 7745 	7746 	7747
f 7747 	7748 	7749
f 7749 	7750 	7751
f 7751 	7752 	7753
f 7753 	7754 	7755
f 7755 	7756 	7757
f 7757 	7758 	7759
f 7759 	7760 	7761
f 7761 	7762 	7763
f 7763 	7764 	7765
f 7765 	7766 	7767
f 7767 	7768 	7769
f 7769 	7770 	7771
f 7771 	7772 	7773
f 7774 	7775 	7776
f 7776 	7777 	7778
f 7778 	7779 	7780
f 7780 	7781 	7782
f 7782 	7783 	7784
f 7784 	7785 	7786
f 7786 	7787 	7788
f 7788 	7789 	7790
f 7790 	7791 	7792
f 7792 	7793 	7794
f 7794 	7795 	7796
f 7796 	7797 	7798
f 7798 	7799 	7800
f 7800 	7801 	7802
f 7802 	7803 	7804
f 7804 	7805 	7806
f 7806 	7807 	7808
f 7808 	7809 	7810
f 7810 	7811 	7812
f 7812 	7813 	7814
f 7814 	7815 	7816
f 7816 	7817 	7818
f 7818 	7819 	7820
f 7820 	7821 	7822
f 7822 	7823 	7824
f 7824 	7825 	7826
f 7826 	7827 	7828
f 7828 	7829 	7830
f 7830 	7831 	7832
f 7832 	7833 	7834
f 7834 	7835 	7836
f 7836 	7837 	7838
f 7838 	7839 	7840
f 7840 	7841 	7842
f 7842 	7843 	7844
f 7844 	7845 	7846
f 7846 	7847 	7848
f 7848 	7849 	7850
f 7850 	7851 	7852
f 7852 	7853 	7854
f 7854 	7855 	7856
f 7856 	7857 	7858
f 7858 	7859 	7860
f 7860 	7861 	7862
f 7862 	7863 	7864
f 7864 	7865 	7866
f 7866 	7867 	7868
f 7868 	7869 	7735
f 7735 	7737 	7739
f 7739 	7741 	7743
f 7743 	7745 	7747
f 7747 	7749 	7751
f 7751 	7753 	7755
f 7755 	7757 	7759
f 7759 	7761 	7763
f 7763 	7765 	7767
f 7767 	7769 	7771
f 7771 	7773 	7870
f 7871 	7774 	7776
f 7776 	7778 	7780
f 7780 	7782 	7784
f 7784 	7786 	7788
f 7788 	7790 	7792
f 7792 	7794 	7796
f 7796 	7798 	7800
f 7800 	7802 	7804
f 7804 	7806 	7808
f 7808 	7810 	7812
f 7812 	7814 	7816
f 7816 	7818 	7820
f 7820 	7822 	7824
f 7824 	7826 	7828
f 7828 	7830 	7832
f 7832 	7834 	7836
f 7836 	7838 	7840
f 7840 	7842 	7844
f 7844 	7846 	7848
f 7848 	7850 	7852
f 7852 	7854 	7856
f 7856 	7858 	7860
f 7860 	7862 	7864
f 7864 	7866 	7868
f 7868 	7735 	7739
f 7739 	7743 	7747
f 7747 	7751 	7755
f 7755 	7759 	7763
f 7763 	7767 	7771
f 7771 	7870 	7872
f 7873 	7871 	7776
f 7776 	7780 	7784
f 7784 	7788 	7792
f 7792 	7796 	7800
f 7800 	7804 	7808
f 7808 	7812 	7816
f 7816 	7820 	7824
f 7824 	7828 	7832
f 7832 	7836 	7840
f 7840 	7844 	7848
f 7848 	7852 	7856
f 7856 	7860 	7864
f 7864 	7868 	7739
f 7739 	7747 	7755
f 7755 	7763 	7771
f 7771 	7872 	7874
f 7875 	7873 	7776
f 7776 	7784 	7792
f 7792 	7800 	7808
f 7808 	7816 	7824
f 7824 	7832 	7840
f 7840 	7848 	7856
f 7856 	7864 	7739
f 7739 	7755 	7771
f 7771 	7874 	7876
f 7877 	7875 	7776
f 7776 	7792 	7808
f 7739 	7771 	7876
f 7878 	7877 	7776
f 7739 	7876 	7879
f 7880 	7878 	7776
f 7739 	7879 	7881
f 7882 	7880 	7776
f 7739 	7881 	7883
f 7884 	7882 	7776
f 7739 	7883 	7885
f 7884 	7776 	7808
f 7739 	7885 	7886
f 7887 	7884 	7808
f 7739 	7886 	7888
f 7889 	7887 	7808
f 7739 	7888 	7890
f 7891 	7889 	7808
f 7739 	7890 	7892
f 7893 	7891 	7808
f 7739 	7892 	7894
f 7895 	7893 	7808
f 7739 	7894 	7896
f 7897 	7895 	7808
f 7739 	7896 	7898
f 7899 	7897 	7808
f 7739 	7898 	7900
f 7901 	7899 	7808
f 7739 	7900 	7902
f 7903 	7901 	7808
f 7739 	7902 	7904
f 7905 	7903 	7808
f 7739 	7904 	7906
f 7907 	7905 	7808
f 7739 	7906 	7908
f 7909 	7907 	7808
f 7739 	7908 	7910
f 7911 	7909 	7808
f 7739 	7910 	7912
f 7913 	7911 	7808
f 7739 	7912 	7914
f 7915 	7913 	7808
f 7739 	7914 	7916
f 7917 	7915 	7808
f 7856 	7739 	7916
f 7917 	7808 	7824
f 7856 	7916 	7918
f 7919 	7917 	7824
f 7856 	7918 	7920
f 7921 	7919 	7824
f 7856 	7920 	7922
f 7923 	7921 	7824
f 7856 	7922 	7924
f 7925 	7923 	7824
f 7856 	7924 	7926
f 7927 	7925 	7824
f 7840 	7856 	7926
f 7928 	7927 	7824
f 7840 	7926 	7929
f 7930 	7928 	7824
f 7840 	7929 	7931
f 7932 	7930 	7824
f 7840 	7931 	7933
f 7934 	7932 	7824
f 7840 	7933 	7935
f 7936 	7934 	7824
f 7840 	7935 	7937
f 7938 	7936 	7824
f 7840 	7937 	7939
f 7938 	7824 	7840
f 7840 	7939 	7940
f 7941 	7938 	7840
f 7840 	7940 	7942
f 7943 	7941 	7840
f 7840 	7942 	7944
f 7945 	7943 	7840
f 7840 	7944 	7946
f 7947 	7945 	7840
f 7840 	7946 	7948
f 7949 	7947 	7840
f 7840 	7948 	7950
f 7950 	7949 	7840
f 7519 	7523 	7737
f 7523 	7738 	7737
f 7523 	7522 	7738
f 7522 	7739 	7738
f 7522 	7525 	7739
f 7525 	7740 	7739
f 7525 	7524 	7740
f 7524 	7741 	7740
f 7524 	7527 	7741
f 7527 	7742 	7741
f 7527 	7526 	7742
f 7526 	7743 	7742
f 7526 	7529 	7743
f 7529 	7744 	7743
f 7529 	7528 	7744
f 7528 	7745 	7744
f 7528 	7531 	7745
f 7531 	7746 	7745
f 7531 	7530 	7746
f 7530 	7747 	7746
f 7530 	7533 	7747
f 7533 	7748 	7747
f 7533 	7532 	7748
f 7532 	7749 	7748
f 7532 	7535 	7749
f 7535 	7750 	7749
f 7535 	7534 	7750
f 7534 	7751 	7750
f 7534 	7537 	7751
f 7537 	7752 	7751
f 7537 	7536 	7752
f 7536 	7753 	7752
f 7536 	7539 	7753
f 7539 	7754 	7753
f 7539 	7538 	7754
f 7538 	7755 	7754
f 7538 	7541 	7755
f 7541 	7756 	7755
f 7541 	7540 	7756
f 7540 	7757 	7756
f 7540 	7543 	7757
f 7543 	7758 	7757
f 7543 	7542 	7758
f 7542 	7759 	7758
f 7542 	7545 	7759
f 7545 	7760 	7759
f 7545 	7544 	7760
f 7544 	7761 	7760
f 7544 	7547 	7761
f 7547 	7762 	7761
f 7547 	7546 	7762
f 7546 	7763 	7762
f 7546 	7549 	7763
f 7549 	7764 	7763
f 7549 	7548 	7764
f 7548 	7765 	7764
f 7548 	7551 	7765
f 7551 	7766 	7765
f 7551 	7550 	7766
f 7550 	7767 	7766
f 7550 	7553 	7767
f 7553 	7768 	7767
f 7553 	7552 	7768
f 7552 	7769 	7768
f 7552 	7555 	7769
f 7555 	7770 	7769
f 7555 	7554 	7770
f 7554 	7771 	7770
f 7554 	7557 	7771
f 7557 	7772 	7771
f 7557 	7556 	7772
f 7556 	7773 	7772
f 7556 	7654 	7773
f 7654 	7870 	7773
f 7654 	7656 	7870
f 7656 	7872 	7870
f 7656 	7658 	7872
f 7658 	7874 	7872
f 7658 	7660 	7874
f 7660 	7876 	7874
f 7660 	7663 	7876
f 7663 	7879 	7876
f 7663 	7665 	7879
f 7665 	7881 	7879
f 7665 	7667 	7881
f 7667 	7883 	7881
f 7667 	7669 	7883
f 7669 	7885 	7883
f 7669 	7670 	7885
f 7670 	7886 	7885
f 7670 	7672 	7886
f 7672 	7888 	7886
f 7672 	7674 	7888
f 7674 	7890 	7888
f 7674 	7676 	7890
f 7676 	7892 	7890
f 7676 	7678 	7892
f 7678 	7894 	7892
f 7678 	7680 	7894
f 7680 	7896 	7894
f 7680 	7682 	7896
f 7682 	7898 	7896
f 7682 	7684 	7898
f 7684 	7900 	7898
f 7684 	7686 	7900
f 7686 	7902 	7900
f 7686 	7688 	7902
f 7688 	7904 	7902
f 7688 	7690 	7904
f 7690 	7906 	7904
f 7690 	7692 	7906
f 7692 	7908 	7906
f 7692 	7694 	7908
f 7694 	7910 	7908
f 7694 	7696 	7910
f 7696 	7912 	7910
f 7696 	7698 	7912
f 7698 	7914 	7912
f 7698 	7700 	7914
f 7700 	7916 	7914
f 7700 	7702 	7916
f 7702 	7918 	7916
f 7702 	7704 	7918
f 7704 	7920 	7918
f 7704 	7706 	7920
f 7706 	7922 	7920
f 7706 	7708 	7922
f 7708 	7924 	7922
f 7708 	7710 	7924
f 7710 	7926 	7924
f 7710 	7713 	7926
f 7713 	7929 	7926
f 7713 	7715 	7929
f 7715 	7931 	7929
f 7715 	7717 	7931
f 7717 	7933 	7931
f 7717 	7719 	7933
f 7719 	7935 	7933
f 7719 	7721 	7935
f 7721 	7937 	7935
f 7721 	7723 	7937
f 7723 	7939 	7937
f 7723 	7724 	7939
f 7724 	7940 	7939
f 7724 	7726 	7940
f 7726 	7942 	7940
f 7726 	7728 	7942
f 7728 	7944 	7942
f 7728 	7730 	7944
f 7730 	7946 	7944
f 7730 	7732 	7946
f 7732 	7948 	7946
f 7732 	7734 	7948
f 7734 	7950 	7948
f 7734 	7733 	7950
f 7733 	7949 	7950
f 7733 	7731 	7949
f 7731 	7947 	7949
f 7731 	7729 	7947
f 7729 	7945 	7947
f 7729 	7727 	7945
f 7727 	7943 	7945
f 7727 	7725 	7943
f 7725 	7941 	7943
f 7725 	7722 	7941
f 7722 	7938 	7941
f 7722 	7720 	7938
f 7720 	7936 	7938
f 7720 	7718 	7936
f 7718 	7934 	7936
f 7718 	7716 	7934
f 7716 	7932 	7934
f 7716 	7714 	7932
f 7714 	7930 	7932
f 7714 	7712 	7930
f 7712 	7928 	7930
f 7712 	7711 	7928
f 7711 	7927 	7928
f 7711 	7709 	7927
f 7709 	7925 	7927
f 7709 	7707 	7925
f 7707 	7923 	7925
f 7707 	7705 	7923
f 7705 	7921 	7923
f 7705 	7703 	7921
f 7703 	7919 	7921
f 7703 	7701 	7919
f 7701 	7917 	7919
f 7701 	7699 	7917
f 7699 	7915 	7917
f 7699 	7697 	7915
f 7697 	7913 	7915
f 7697 	7695 	7913
f 7695 	7911 	7913
f 7695 	7693 	7911
f 7693 	7909 	7911
f 7693 	7691 	7909
f 7691 	7907 	7909
f 7691 	7689 	7907
f 7689 	7905 	7907
f 7689 	7687 	7905
f 7687 	7903 	7905
f 7687 	7685 	7903
f 7685 	7901 	7903
f 7685 	7683 	7901
f 7683 	7899 	7901
f 7683 	7681 	7899
f 7681 	7897 	7899
f 7681 	7679 	7897
f 7679 	7895 	7897
f 7679 	7677 	7895
f 7677 	7893 	7895
f 7677 	7675 	7893
f 7675 	7891 	7893
f 7675 	7673 	7891
f 7673 	7889 	7891
f 7673 	7671 	7889
f 7671 	7887 	7889
f 7671 	7668 	7887
f 7668 	7884 	7887
f 7668 	7666 	7884
f 7666 	7882 	7884
f 7666 	7664 	7882
f 7664 	7880 	7882
f 7664 	7662 	7880
f 7662 	7878 	7880
f 7662 	7661 	7878
f 7661 	7877 	7878
f 7661 	7659 	7877
f 7659 	7875 	7877
f 7659 	7657 	7875
f 7657 	7873 	7875
f 7657 	7655 	7873
f 7655 	7871 	7873
f 7655 	7560 	7871
f 7560 	7774 	7871
f 7560 	7559 	7774
f 7559 	7775 	7774
f 7559 	7558 	7775
f 7558 	7776 	7775
f 7558 	7562 	7776
f 7562 	7777 	7776
f 7562 	7561 	7777
f 7561 	7778 	7777
f 7561 	7564 	7778
f 7564 	7779 	7778
f 7564 	7563 	7779
f 7563 	7780 	7779
f 7563 	7566 	7780
f 7566 	7781 	7780
f 7566 	7565 	7781
f 7565 	7782 	7781
f 7565 	7568 	7782
f 7568 	7783 	7782
f 7568 	7567 	7783
f 7567 	7784 	7783
f 7567 	7570 	7784
f 7570 	7785 	7784
f 7570 	7569 	7785
f 7569 	7786 	7785
f 7569 	7572 	7786
f 7572 	7787 	7786
f 7572 	7571 	7787
f 7571 	7788 	7787
f 7571 	7574 	7788
f 7574 	7789 	7788
f 7574 	7573 	7789
f 7573 	7790 	7789
f 7573 	7576 	7790
f 7576 	7791 	7790
f 7576 	7575 	7791
f 7575 	7792 	7791
f 7575 	7578 	7792
f 7578 	7793 	7792
f 7578 	7577 	7793
f 7577 	7794 	7793
f 7577 	7580 	7794
f 7580 	7795 	7794
f 7580 	7579 	7795
f 7579 	7796 	7795
f 7579 	7582 	7796
f 7582 	7797 	7796
f 7582 	7581 	7797
f 7581 	7798 	7797
f 7581 	7584 	7798
f 7584 	7799 	7798
f 7584 	7583 	7799
f 7583 	7800 	7799
f 7583 	7586 	7800
f 7586 	7801 	7800
f 7586 	7585 	7801
f 7585 	7802 	7801
f 7585 	7588 	7802
f 7588 	7803 	7802
f 7588 	7587 	7803
f 7587 	7804 	7803
f 7587 	7590 	7804
f 7590 	7805 	7804
f 7590 	7589 	7805
f 7589 	7806 	7805
f 7589 	7592 	7806
f 7592 	7807 	7806
f 7592 	7591 	7807
f 7591 	7808 	7807
f 7591 	7594 	7808
f 7594 	7809 	7808
f 7594 	7593 	7809
f 7593 	7810 	7809
f 7593 	7596 	7810
f 7596 	7811 	7810
f 7596 	7595 	7811
f 7595 	7812 	7811
f 7595 	7598 	7812
f 7598 	7813 	7812
f 7598 	7597 	7813
f 7597 	7814 	7813
f 7597 	7600 	7814
f 7600 	7815 	7814
f 7600 	7599 	7815
f 7599 	7816 	7815
f 7599 	7602 	7816
f 7602 	7817 	7816
f 7602 	7601 	7817
f 7601 	7818 	7817
f 7601 	7604 	7818
f 7604 	7819 	7818
f 7604 	7603 	7819
f 7603 	7820 	7819
f 7603 	7606 	7820
f 7606 	7821 	7820
f 7606 	7605 	7821
f 7605 	7822 	7821
f 7605 	7608 	7822
f 7608 	7823 	7822
f 7608 	7607 	7823
f 7607 	7824 	7823
f 7607 	7610 	7824
f 7610 	7825 	7824
f 7610 	7609 	7825
f 7609 	7826 	7825
f 7609 	7612 	7826
f 7612 	7827 	7826
f 7612 	7611 	7827
f 7611 	7828 	7827
f 7611 	7614 	7828
f 7614 	7829 	7828
f 7614 	7613 	7829
f 7613 	7830 	7829
f 7613 	7616 	7830
f 7616 	7831 	7830
f 7616 	7615 	7831
f 7615 	7832 	7831
f 7615 	7618 	7832
f 7618 	7833 	7832
f 7618 	7617 	7833
f 7617 	7834 	7833
f 7617 	7620 	7834
f 7620 	7835 	7834
f 7620 	7619 	7835
f 7619 	7836 	7835
f 7619 	7622 	7836
f 7622 	7837 	7836
f 7622 	7621 	7837
f 7621 	7838 	7837
f 7621 	7624 	7838
f 7624 	7839 	7838
f 7624 	7623 	7839
f 7623 	7840 	7839
f 7623 	7626 	7840
f 7626 	7841 	7840
f 7626 	7625 	7841
f 7625 	7842 	7841
f 7625 	7628 	7842
f 7628 	7843 	7842
f 7628 	7627 	7843
f 7627 	7844 	7843
f 7627 	7630 	7844
f 7630 	7845 	7844
f 7630 	7629 	7845
f 7629 	7846 	7845
f 7629 	7632 	7846
f 7632 	7847 	7846
f 7632 	7631 	7847
f 7631 	7848 	7847
f 7631 	7634 	7848
f 7634 	7849 	7848
f 7634 	7633 	7849
f 7633 	7850 	7849
f 7633 	7636 	7850
f 7636 	7851 	7850
f 7636 	7635 	7851
f 7635 	7852 	7851
f 7635 	7638 	7852
f 7638 	7853 	7852
f 7638 	7637 	7853
f 7637 	7854 	7853
f 7637 	7640 	7854
f 7640 	7855 	7854
f 7640 	7639 	7855
f 7639 	7856 	7855
f 7639 	7642 	7856
f 7642 	7857 	7856
f 7642 	7641 	7857
f 7641 	7858 	7857
f 7641 	7644 	7858
f 7644 	7859 	7858
f 7644 	7643 	7859
f 7643 	7860 	7859
f 7643 	7646 	7860
f 7646 	7861 	7860
f 7646 	7645 	7861
f 7645 	7862 	7861
f 7645 	7648 	7862
f 7648 	7863 	7862
f 7648 	7647 	7863
f 7647 	7864 	7863
f 7647 	7650 	7864
f 7650 	7865 	7864
f 7650 	7649 	7865
f 7649 	7866 	7865
f 7649 	7652 	7866
f 7652 	7867 	7866
f 7652 	7651 	7867
f 7651 	7868 	7867
f 7651 	7653 	7868
f 7653 	7869 	7868
f 7653 	7521 	7869
f 7521 	7735 	7869
f 7521 	7520 	7735
f 7520 	7736 	7735
f 7520 	7519 	7736
f 7519 	7737 	7736
f 7951 	7952 	7953
f 7954 	7955 	7951
f 7956 	7957 	7954
f 7958 	7959 	7956
f 7960 	7961 	7958
f 7962 	7963 	7960
f 7964 	7965 	7962
f 7966 	7967 	7964
f 7968 	7969 	7966
f 7970 	7971 	7968
f 7972 	7973 	7970
f 7974 	7975 	7972
f 7976 	7977 	7974
f 7978 	7979 	7976
f 7980 	7981 	7978
f 7982 	7983 	7984
f 7985 	7986 	7982
f 7987 	7988 	7985
f 7989 	7990 	7987
f 7991 	7992 	7989
f 7993 	7994 	7991
f 7995 	7996 	7993
f 7997 	7998 	7995
f 7999 	8000 	7997
f 8001 	8002 	7999
f 8003 	8004 	8001
f 8005 	8006 	8003
f 8007 	8008 	8005
f 8009 	8010 	8007
f 8011 	8012 	8009
f 8013 	8014 	8011
f 8015 	8016 	8013
f 8017 	8018 	8015
f 8019 	8020 	8017
f 8021 	8022 	8019
f 8023 	8024 	8021
f 8025 	8026 	8023
f 8027 	8028 	8025
f 8029 	8030 	8027
f 8031 	8032 	8029
f 8029 	8032 	8033
f 8034 	8035 	8029
f 8036 	8037 	8034
f 8038 	8039 	8036
f 8040 	8041 	8038
f 8042 	8043 	8040
f 8044 	8045 	8042
f 8046 	8047 	8044
f 8048 	8049 	8046
f 8050 	8051 	8048
f 8052 	8053 	8050
f 8054 	8055 	8052
f 8056 	8057 	8054
f 7953 	8058 	8056
f 7954 	7951 	7953
f 7958 	7956 	7954
f 7962 	7960 	7958
f 7966 	7964 	7962
f 7970 	7968 	7966
f 7974 	7972 	7970
f 7978 	7976 	7974
f 8059 	7980 	7978
f 7985 	7982 	7984
f 7989 	7987 	7985
f 7993 	7991 	7989
f 7997 	7995 	7993
f 8001 	7999 	7997
f 8005 	8003 	8001
f 8009 	8007 	8005
f 8013 	8011 	8009
f 8017 	8015 	8013
f 8021 	8019 	8017
f 8025 	8023 	8021
f 8029 	8027 	8025
f 8060 	8031 	8029
f 8034 	8029 	8033
f 8038 	8036 	8034
f 8042 	8040 	8038
f 8046 	8044 	8042
f 8050 	8048 	8046
f 8054 	8052 	8050
f 7953 	8056 	8054
f 7958 	7954 	7953
f 7966 	7962 	7958
f 7974 	7970 	7966
f 8059 	7978 	7974
f 7993 	7989 	7985
f 8001 	7997 	7993
f 8009 	8005 	8001
f 8017 	8013 	8009
f 8025 	8021 	8017
f 8060 	8029 	8025
f 8042 	8038 	8034
f 8050 	8046 	8042
f 7953 	8054 	8050
f 7966 	7958 	7953
f 8059 	7974 	7966
f 8001 	7993 	7985
f 8017 	8009 	8001
f 8060 	8025 	8017
f 8050 	8042 	8034
f 7966 	7953 	8050
f 8061 	8059 	7966
f 8062 	8060 	8017
f 8063 	8061 	7966
f 8064 	8062 	8017
f 8065 	8063 	7966
f 8066 	8064 	8017
f 8067 	8065 	7966
f 8068 	8066 	8017
f 8069 	8067 	7966
f 8070 	8068 	8017
f 8071 	8069 	7966
f 8072 	8070 	8017
f 8073 	8071 	7966
f 8074 	8072 	8017
f 8075 	8073 	7966
f 8076 	8074 	8017
f 8077 	8075 	7966
f 8076 	8017 	8001
f 8078 	8077 	7966
f 8079 	8076 	8001
f 8080 	8078 	7966
f 8081 	8079 	8001
f 8082 	8080 	7966
f 8083 	8081 	8001
f 8084 	8082 	7966
f 8085 	8083 	8001
f 8086 	8084 	7966
f 8087 	8085 	8001
f 8088 	8086 	7966
f 8089 	8087 	8001
f 8090 	8088 	7966
f 8091 	8089 	8001
f 8092 	8090 	7966
f 8091 	8001 	7985
f 8093 	8092 	7966
f 8094 	8091 	7985
f 8093 	7966 	8050
f 8095 	8094 	7985
f 8096 	8093 	8050
f 8097 	8095 	7985
f 8098 	8096 	8050
f 8099 	8097 	7985
f 8100 	8098 	8050
f 8101 	8099 	7985
f 8102 	8100 	8050
f 8103 	8101 	7985
f 8104 	8102 	8050
f 8105 	8103 	7985
f 8106 	8104 	8050
f 8107 	8105 	7985
f 8108 	8106 	8050
f 8109 	8107 	7985
f 8110 	8108 	8050
f 8111 	8109 	7985
f 8112 	8110 	8050
f 8113 	8111 	7985
f 8114 	8112 	8050
f 8115 	8113 	7985
f 8116 	8114 	8050
f 8117 	8115 	7985
f 8118 	8116 	8050
f 8119 	8117 	7985
f 8120 	8118 	8050
f 8121 	8119 	7985
f 8122 	8120 	8050
f 8123 	8121 	7985
f 8122 	8050 	8034
f 8124 	8123 	7985
f 8125 	8122 	8034
f 8126 	8124 	7985
f 8127 	8125 	8034
f 8033 	8126 	7985
f 8128 	8127 	8034
f 8033 	7985 	7984
f 8129 	8128 	8034
f 8034 	8033 	7984
f 8130 	8129 	8034
f 8034 	7984 	8131
f 8132 	8130 	8034
f 8034 	8131 	8133
f 8134 	8132 	8034
f 8034 	8133 	8135
f 8136 	8134 	8034
f 8034 	8135 	8137
f 8138 	8136 	8034
f 8034 	8137 	8139
f 8139 	8138 	8034
f 8140 	8141 	8142
f 8142 	8143 	8144
f 8144 	8145 	8146
f 8146 	8147 	8148
f 8148 	8149 	8150
f 8150 	8151 	8152
f 8152 	8153 	8154
f 8154 	8155 	8156
f 8156 	8157 	8158
f 8158 	8159 	8160
f 8160 	8161 	8162
f 8162 	8163 	8164
f 8164 	8165 	8166
f 8166 	8167 	8168
f 8168 	8169 	8170
f 8171 	8172 	8173
f 8173 	8174 	8175
f 8175 	8176 	8177
f 8177 	8178 	8179
f 8179 	8180 	8181
f 8181 	8182 	8183
f 8183 	8184 	8185
f 8185 	8186 	8187
f 8187 	8188 	8189
f 8189 	8190 	8191
f 8191 	8192 	8193
f 8193 	8194 	8195
f 8195 	8196 	8197
f 8197 	8198 	8199
f 8199 	8200 	8201
f 8201 	8202 	8203
f 8203 	8204 	8205
f 8205 	8206 	8207
f 8207 	8208 	8209
f 8209 	8210 	8211
f 8211 	8212 	8213
f 8213 	8214 	8215
f 8215 	8216 	8217
f 8217 	8218 	8219
f 8219 	8220 	8221
f 8222 	8220 	8219
f 8219 	8223 	8224
f 8224 	8225 	8226
f 8226 	8227 	8228
f 8228 	8229 	8230
f 8230 	8231 	8232
f 8232 	8233 	8234
f 8234 	8235 	8236
f 8236 	8237 	8238
f 8238 	8239 	8240
f 8240 	8241 	8242
f 8242 	8243 	8244
f 8244 	8245 	8246
f 8246 	8247 	8140
f 8140 	8142 	8144
f 8144 	8146 	8148
f 8148 	8150 	8152
f 8152 	8154 	8156
f 8156 	8158 	8160
f 8160 	8162 	8164
f 8164 	8166 	8168
f 8168 	8170 	8248
f 8171 	8173 	8175
f 8175 	8177 	8179
f 8179 	8181 	8183
f 8183 	8185 	8187
f 8187 	8189 	8191
f 8191 	8193 	8195
f 8195 	8197 	8199
f 8199 	8201 	8203
f 8203 	8205 	8207
f 8207 	8209 	8211
f 8211 	8213 	8215
f 8215 	8217 	8219
f 8219 	8221 	8249
f 8222 	8219 	8224
f 8224 	8226 	8228
f 8228 	8230 	8232
f 8232 	8234 	8236
f 8236 	8238 	8240
f 8240 	8242 	8244
f 8244 	8246 	8140
f 8140 	8144 	8148
f 8148 	8152 	8156
f 8156 	8160 	8164
f 8164 	8168 	8248
f 8175 	8179 	8183
f 8183 	8187 	8191
f 8191 	8195 	8199
f 8199 	8203 	8207
f 8207 	8211 	8215
f 8215 	8219 	8249
f 8224 	8228 	8232
f 8232 	8236 	8240
f 8240 	8244 	8140
f 8140 	8148 	8156
f 8156 	8164 	8248
f 8175 	8183 	8191
f 8191 	8199 	8207
f 8207 	8215 	8249
f 8224 	8232 	8240
f 8240 	8140 	8156
f 8156 	8248 	8250
f 8207 	8249 	8251
f 8156 	8250 	8252
f 8207 	8251 	8253
f 8156 	8252 	8254
f 8207 	8253 	8255
f 8156 	8254 	8256
f 8207 	8255 	8257
f 8156 	8256 	8258
f 8207 	8257 	8259
f 8156 	8258 	8260
f 8207 	8259 	8261
f 8156 	8260 	8262
f 8207 	8261 	8263
f 8156 	8262 	8264
f 8207 	8263 	8265
f 8156 	8264 	8266
f 8191 	8207 	8265
f 8156 	8266 	8267
f 8191 	8265 	8268
f 8156 	8267 	8269
f 8191 	8268 	8270
f 8156 	8269 	8271
f 8191 	8270 	8272
f 8156 	8271 	8273
f 8191 	8272 	8274
f 8156 	8273 	8275
f 8191 	8274 	8276
f 8156 	8275 	8277
f 8191 	8276 	8278
f 8156 	8277 	8279
f 8191 	8278 	8280
f 8156 	8279 	8281
f 8175 	8191 	8280
f 8156 	8281 	8282
f 8175 	8280 	8283
f 8240 	8156 	8282
f 8175 	8283 	8284
f 8240 	8282 	8285
f 8175 	8284 	8286
f 8240 	8285 	8287
f 8175 	8286 	8288
f 8240 	8287 	8289
f 8175 	8288 	8290
f 8240 	8289 	8291
f 8175 	8290 	8292
f 8240 	8291 	8293
f 8175 	8292 	8294
f 8240 	8293 	8295
f 8175 	8294 	8296
f 8240 	8295 	8297
f 8175 	8296 	8298
f 8240 	8297 	8299
f 8175 	8298 	8300
f 8240 	8299 	8301
f 8175 	8300 	8302
f 8240 	8301 	8303
f 8175 	8302 	8304
f 8240 	8303 	8305
f 8175 	8304 	8306
f 8240 	8305 	8307
f 8175 	8306 	8308
f 8240 	8307 	8309
f 8175 	8308 	8310
f 8240 	8309 	8311
f 8175 	8310 	8312
f 8224 	8240 	8311
f 8175 	8312 	8313
f 8224 	8311 	8314
f 8175 	8313 	8315
f 8224 	8314 	8316
f 8175 	8315 	8222
f 8224 	8316 	8317
f 8171 	8175 	8222
f 8224 	8317 	8318
f 8171 	8222 	8224
f 8224 	8318 	8319
f 8320 	8171 	8224
f 8224 	8319 	8321
f 8322 	8320 	8224
f 8224 	8321 	8323
f 8324 	8322 	8224
f 8224 	8323 	8325
f 8326 	8324 	8224
f 8224 	8325 	8327
f 8328 	8326 	8224
f 8224 	8327 	8328
f 7952 	7951 	8141
f 7951 	8142 	8141
f 7951 	7955 	8142
f 7955 	8143 	8142
f 7955 	7954 	8143
f 7954 	8144 	8143
f 7954 	7957 	8144
f 7957 	8145 	8144
f 7957 	7956 	8145
f 7956 	8146 	8145
f 7956 	7959 	8146
f 7959 	8147 	8146
f 7959 	7958 	8147
f 7958 	8148 	8147
f 7958 	7961 	8148
f 7961 	8149 	8148
f 7961 	7960 	8149
f 7960 	8150 	8149
f 7960 	7963 	8150
f 7963 	8151 	8150
f 7963 	7962 	8151
f 7962 	8152 	8151
f 7962 	7965 	8152
f 7965 	8153 	8152
f 7965 	7964 	8153
f 7964 	8154 	8153
f 7964 	7967 	8154
f 7967 	8155 	8154
f 7967 	7966 	8155
f 7966 	8156 	8155
f 7966 	7969 	8156
f 7969 	8157 	8156
f 7969 	7968 	8157
f 7968 	8158 	8157
f 7968 	7971 	8158
f 7971 	8159 	8158
f 7971 	7970 	8159
f 7970 	8160 	8159
f 7970 	7973 	8160
f 7973 	8161 	8160
f 7973 	7972 	8161
f 7972 	8162 	8161
f 7972 	7975 	8162
f 7975 	8163 	8162
f 7975 	7974 	8163
f 7974 	8164 	8163
f 7974 	7977 	8164
f 7977 	8165 	8164
f 7977 	7976 	8165
f 7976 	8166 	8165
f 7976 	7979 	8166
f 7979 	8167 	8166
f 7979 	7978 	8167
f 7978 	8168 	8167
f 7978 	7981 	8168
f 7981 	8169 	8168
f 7981 	7980 	8169
f 7980 	8170 	8169
f 7980 	8059 	8170
f 8059 	8248 	8170
f 8059 	8061 	8248
f 8061 	8250 	8248
f 8061 	8063 	8250
f 8063 	8252 	8250
f 8063 	8065 	8252
f 8065 	8254 	8252
f 8065 	8067 	8254
f 8067 	8256 	8254
f 8067 	8069 	8256
f 8069 	8258 	8256
f 8069 	8071 	8258
f 8071 	8260 	8258
f 8071 	8073 	8260
f 8073 	8262 	8260
f 8073 	8075 	8262
f 8075 	8264 	8262
f 8075 	8077 	8264
f 8077 	8266 	8264
f 8077 	8078 	8266
f 8078 	8267 	8266
f 8078 	8080 	8267
f 8080 	8269 	8267
f 8080 	8082 	8269
f 8082 	8271 	8269
f 8082 	8084 	8271
f 8084 	8273 	8271
f 8084 	8086 	8273
f 8086 	8275 	8273
f 8086 	8088 	8275
f 8088 	8277 	8275
f 8088 	8090 	8277
f 8090 	8279 	8277
f 8090 	8092 	8279
f 8092 	8281 	8279
f 8092 	8093 	8281
f 8093 	8282 	8281
f 8093 	8096 	8282
f 8096 	8285 	8282
f 8096 	8098 	8285
f 8098 	8287 	8285
f 8098 	8100 	8287
f 8100 	8289 	8287
f 8100 	8102 	8289
f 8102 	8291 	8289
f 8102 	8104 	8291
f 8104 	8293 	8291
f 8104 	8106 	8293
f 8106 	8295 	8293
f 8106 	8108 	8295
f 8108 	8297 	8295
f 8108 	8110 	8297
f 8110 	8299 	8297
f 8110 	8112 	8299
f 8112 	8301 	8299
f 8112 	8114 	8301
f 8114 	8303 	8301
f 8114 	8116 	8303
f 8116 	8305 	8303
f 8116 	8118 	8305
f 8118 	8307 	8305
f 8118 	8120 	8307
f 8120 	8309 	8307
f 8120 	8122 	8309
f 8122 	8311 	8309
f 8122 	8125 	8311
f 8125 	8314 	8311
f 8125 	8127 	8314
f 8127 	8316 	8314
f 8127 	8128 	8316
f 8128 	8317 	8316
f 8128 	8129 	8317
f 8129 	8318 	8317
f 8129 	8130 	8318
f 8130 	8319 	8318
f 8130 	8132 	8319
f 8132 	8321 	8319
f 8132 	8134 	8321
f 8134 	8323 	8321
f 8134 	8136 	8323
f 8136 	8325 	8323
f 8136 	8138 	8325
f 8138 	8327 	8325
f 8138 	8139 	8327
f 8139 	8328 	8327
f 8139 	8137 	8328
f 8137 	8326 	8328
f 8137 	8135 	8326
f 8135 	8324 	8326
f 8135 	8133 	8324
f 8133 	8322 	8324
f 8133 	8131 	8322
f 8131 	8320 	8322
f 8131 	7984 	8320
f 7984 	8171 	8320
f 7984 	7983 	8171
f 7983 	8172 	8171
f 7983 	7982 	8172
f 7982 	8173 	8172
f 7982 	7986 	8173
f 7986 	8174 	8173
f 7986 	7985 	8174
f 7985 	8175 	8174
f 7985 	7988 	8175
f 7988 	8176 	8175
f 7988 	7987 	8176
f 7987 	8177 	8176
f 7987 	7990 	8177
f 7990 	8178 	8177
f 7990 	7989 	8178
f 7989 	8179 	8178
f 7989 	7992 	8179
f 7992 	8180 	8179
f 7992 	7991 	8180
f 7991 	8181 	8180
f 7991 	7994 	8181
f 7994 	8182 	8181
f 7994 	7993 	8182
f 7993 	8183 	8182
f 7993 	7996 	8183
f 7996 	8184 	8183
f 7996 	7995 	8184
f 7995 	8185 	8184
f 7995 	7998 	8185
f 7998 	8186 	8185
f 7998 	7997 	8186
f 7997 	8187 	8186
f 7997 	8000 	8187
f 8000 	8188 	8187
f 8000 	7999 	8188
f 7999 	8189 	8188
f 7999 	8002 	8189
f 8002 	8190 	8189
f 8002 	8001 	8190
f 8001 	8191 	8190
f 8001 	8004 	8191
f 8004 	8192 	8191
f 8004 	8003 	8192
f 8003 	8193 	8192
f 8003 	8006 	8193
f 8006 	8194 	8193
f 8006 	8005 	8194
f 8005 	8195 	8194
f 8005 	8008 	8195
f 8008 	8196 	8195
f 8008 	8007 	8196
f 8007 	8197 	8196
f 8007 	8010 	8197
f 8010 	8198 	8197
f 8010 	8009 	8198
f 8009 	8199 	8198
f 8009 	8012 	8199
f 8012 	8200 	8199
f 8012 	8011 	8200
f 8011 	8201 	8200
f 8011 	8014 	8201
f 8014 	8202 	8201
f 8014 	8013 	8202
f 8013 	8203 	8202
f 8013 	8016 	8203
f 8016 	8204 	8203
f 8016 	8015 	8204
f 8015 	8205 	8204
f 8015 	8018 	8205
f 8018 	8206 	8205
f 8018 	8017 	8206
f 8017 	8207 	8206
f 8017 	8020 	8207
f 8020 	8208 	8207
f 8020 	8019 	8208
f 8019 	8209 	8208
f 8019 	8022 	8209
f 8022 	8210 	8209
f 8022 	8021 	8210
f 8021 	8211 	8210
f 8021 	8024 	8211
f 8024 	8212 	8211
f 8024 	8023 	8212
f 8023 	8213 	8212
f 8023 	8026 	8213
f 8026 	8214 	8213
f 8026 	8025 	8214
f 8025 	8215 	8214
f 8025 	8028 	8215
f 8028 	8216 	8215
f 8028 	8027 	8216
f 8027 	8217 	8216
f 8027 	8030 	8217
f 8030 	8218 	8217
f 8030 	8029 	8218
f 8029 	8219 	8218
f 8029 	8035 	8219
f 8035 	8223 	8219
f 8035 	8034 	8223
f 8034 	8224 	8223
f 8034 	8037 	8224
f 8037 	8225 	8224
f 8037 	8036 	8225
f 8036 	8226 	8225
f 8036 	8039 	8226
f 8039 	8227 	8226
f 8039 	8038 	8227
f 8038 	8228 	8227
f 8038 	8041 	8228
f 8041 	8229 	8228
f 8041 	8040 	8229
f 8040 	8230 	8229
f 8040 	8043 	8230
f 8043 	8231 	8230
f 8043 	8042 	8231
f 8042 	8232 	8231
f 8042 	8045 	8232
f 8045 	8233 	8232
f 8045 	8044 	8233
f 8044 	8234 	8233
f 8044 	8047 	8234
f 8047 	8235 	8234
f 8047 	8046 	8235
f 8046 	8236 	8235
f 8046 	8049 	8236
f 8049 	8237 	8236
f 8049 	8048 	8237
f 8048 	8238 	8237
f 8048 	8051 	8238
f 8051 	8239 	8238
f 8051 	8050 	8239
f 8050 	8240 	8239
f 8050 	8053 	8240
f 8053 	8241 	8240
f 8053 	8052 	8241
f 8052 	8242 	8241
f 8052 	8055 	8242
f 8055 	8243 	8242
f 8055 	8054 	8243
f 8054 	8244 	8243
f 8054 	8057 	8244
f 8057 	8245 	8244
f 8057 	8056 	8245
f 8056 	8246 	8245
f 8056 	8058 	8246
f 8058 	8247 	8246
f 8058 	7953 	8247
f 7953 	8140 	8247
f 7953 	7952 	8140
f 7952 	8141 	8140
f 8083 	8085 	8272
f 8085 	8274 	8272
f 8085 	8087 	8274
f 8087 	8276 	8274
f 8087 	8089 	8276
f 8089 	8278 	8276
f 8089 	8091 	8278
f 8091 	8280 	8278
f 8091 	8094 	8280
f 8094 	8283 	8280
f 8094 	8095 	8283
f 8095 	8284 	8283
f 8095 	8097 	8284
f 8097 	8286 	8284
f 8097 	8099 	8286
f 8099 	8288 	8286
f 8099 	8101 	8288
f 8101 	8290 	8288
f 8101 	8103 	8290
f 8103 	8292 	8290
f 8103 	8105 	8292
f 8105 	8294 	8292
f 8105 	8107 	8294
f 8107 	8296 	8294
f 8107 	8109 	8296
f 8109 	8298 	8296
f 8109 	8111 	8298
f 8111 	8300 	8298
f 8111 	8113 	8300
f 8113 	8302 	8300
f 8113 	8115 	8302
f 8115 	8304 	8302
f 8115 	8117 	8304
f 8117 	8306 	8304
f 8117 	8119 	8306
f 8119 	8308 	8306
f 8119 	8121 	8308
f 8121 	8310 	8308
f 8121 	8123 	8310
f 8123 	8312 	8310
f 8123 	8124 	8312
f 8124 	8313 	8312
f 8124 	8126 	8313
f 8126 	8315 	8313
f 8126 	8033 	8315
f 8033 	8222 	8315
f 8033 	8032 	8222
f 8032 	8220 	8222
f 8032 	8031 	8220
f 8031 	8221 	8220
f 8031 	8060 	8221
f 8060 	8249 	8221
f 8060 	8062 	8249
f 8062 	8251 	8249
f 8062 	8064 	8251
f 8064 	8253 	8251
f 8064 	8066 	8253
f 8066 	8255 	8253
f 8066 	8068 	8255
f 8068 	8257 	8255
f 8068 	8070 	8257
f 8070 	8259 	8257
f 8070 	8072 	8259
f 8072 	8261 	8259
f 8072 	8074 	8261
f 8074 	8263 	8261
f 8074 	8076 	8263
f 8076 	8265 	8263
f 8076 	8079 	8265
f 8079 	8268 	8265
f 8079 	8081 	8268
f 8081 	8270 	8268
f 8081 	8083 	8270
f 8083 	8272 	8270
# 4044 faces

 #end of obj_29

o obj_30
v -31 		27.5556 		21
v -31 		27.5556 		11
v -28 		27.5556 		21
v -28 		27.5556 		11
v -28 		61.0159 		21
v -28 		61.0159 		11
v -31 		61.0159 		21
v -31 		61.0159 		11
# 8 vertices

g group_30_14900002

usemtl color_14900002
s 0

f 8329 	8330 	8331
f 8330 	8332 	8331
f 8333 	8334 	8335
f 8334 	8336 	8335
f 8333 	8335 	8331
f 8335 	8329 	8331
f 8336 	8334 	8330
f 8334 	8332 	8330
f 8335 	8336 	8329
f 8336 	8330 	8329
f 8331 	8332 	8333
f 8332 	8334 	8333
# 12 faces

 #end of obj_30

o obj_31
v -31 		27.5556 		15
v -31 		27.5556 		5
v -28 		27.5556 		15
v -28 		27.5556 		5
v -28 		41.3333 		15
v -28 		41.3333 		5
v -31 		41.3333 		15
v -31 		41.3333 		5
# 8 vertices

g group_31_14900002

usemtl color_14900002
s 0

f 8337 	8338 	8339
f 8338 	8340 	8339
f 8341 	8342 	8343
f 8342 	8344 	8343
f 8341 	8343 	8339
f 8343 	8337 	8339
f 8344 	8342 	8338
f 8342 	8340 	8338
f 8343 	8344 	8337
f 8344 	8338 	8337
f 8339 	8340 	8341
f 8340 	8342 	8341
# 12 faces

 #end of obj_31

o obj_32
v -31 		56.0952 		21
v -31 		56.0952 		1
v -28 		56.0952 		21
v -28 		56.0952 		1
v -28 		62 		21
v -28 		62 		1
v -31 		62 		21
v -31 		62 		1
# 8 vertices

g group_32_14900002

usemtl color_14900002
s 0

f 8345 	8346 	8347
f 8346 	8348 	8347
f 8349 	8350 	8351
f 8350 	8352 	8351
f 8349 	8351 	8347
f 8351 	8345 	8347
f 8352 	8350 	8346
f 8350 	8348 	8346
f 8351 	8352 	8345
f 8352 	8346 	8345
f 8347 	8348 	8349
f 8348 	8350 	8349
# 12 faces

 #end of obj_32

o obj_33
v 33 		0 		1
v 33 		0 		0
v 33 		62 		1
v 33 		62 		0
v -31 		62 		1
v -31 		62 		0
v -31 		0 		1
v -31 		0 		0
# 8 vertices

g group_33_14541540

usemtl color_14541540
s 0

f 8353 	8354 	8355
f 8354 	8356 	8355
f 8357 	8358 	8359
f 8358 	8360 	8359
f 8357 	8359 	8355
f 8359 	8353 	8355
f 8360 	8358 	8354
f 8358 	8356 	8354
f 8359 	8360 	8353
f 8360 	8354 	8353
f 8355 	8356 	8357
f 8356 	8358 	8357
# 12 faces

 #end of obj_33

