# Object Export From Tinkercad Server 2015

mtllib obj.mtl

o obj_0
v 12 		-26 		16
v 12 		33 		16
v 12 		-26 		7
v 12 		33 		7
v -14 		33 		16
v -14 		-26 		16
v -14 		33 		7
v -14 		-26 		7
# 8 vertices

g group_0_16448250

usemtl color_16448250
s 0

f 1 	3 	2
f 3 	4 	2
f 5 	7 	6
f 7 	8 	6
f 5 	6 	2
f 6 	1 	2
f 8 	7 	3
f 7 	4 	3
f 6 	8 	1
f 8 	3 	1
f 2 	4 	5
f 4 	7 	5
# 12 faces

 #end of obj_0

o obj_1
v -8 		-24 		7
v -8 		-16 		7
v -8 		-24 		0
v -8 		-16 		0
v -13 		-16 		7
v -13 		-24 		7
v -13 		-16 		0
v -13 		-24 		0
# 8 vertices

g group_1_2829873

usemtl color_2829873
s 0

f 9 	11 	10
f 11 	12 	10
f 13 	15 	14
f 15 	16 	14
f 13 	14 	10
f 14 	9 	10
f 16 	15 	11
f 15 	12 	11
f 14 	16 	9
f 16 	11 	9
f 10 	12 	13
f 12 	15 	13
# 12 faces

 #end of obj_1

o obj_2
v 10 		-24 		7
v 10 		-16 		7
v 10 		-24 		0
v 10 		-16 		0
v 6 		-16 		7
v 6 		-24 		7
v 6 		-16 		0
v 6 		-24 		0
# 8 vertices

g group_2_2829873

usemtl color_2829873
s 0

f 17 	19 	18
f 19 	20 	18
f 21 	23 	22
f 23 	24 	22
f 21 	22 	18
f 22 	17 	18
f 24 	23 	19
f 23 	20 	19
f 22 	24 	17
f 24 	19 	17
f 18 	20 	21
f 20 	23 	21
# 12 faces

 #end of obj_2

o obj_3
v 11 		23 		7
v 11 		31 		7
v 11 		23 		0
v 11 		31 		0
v 7 		31 		7
v 7 		23 		7
v 7 		31 		0
v 7 		23 		0
# 8 vertices

g group_3_2829873

usemtl color_2829873
s 0

f 25 	27 	26
f 27 	28 	26
f 29 	31 	30
f 31 	32 	30
f 29 	30 	26
f 30 	25 	26
f 32 	31 	27
f 31 	28 	27
f 30 	32 	25
f 32 	27 	25
f 26 	28 	29
f 28 	31 	29
# 12 faces

 #end of obj_3

o obj_4
v -8 		23 		7
v -8 		31 		7
v -8 		23 		0
v -8 		31 		0
v -13 		31 		7
v -13 		23 		7
v -13 		31 		0
v -13 		23 		0
# 8 vertices

g group_4_2829873

usemtl color_2829873
s 0

f 33 	35 	34
f 35 	36 	34
f 37 	39 	38
f 39 	40 	38
f 37 	38 	34
f 38 	33 	34
f 40 	39 	35
f 39 	36 	35
f 38 	40 	33
f 40 	35 	33
f 34 	36 	37
f 36 	39 	37
# 12 faces

 #end of obj_4

o obj_5
v 12.2112 		-16 		34
v 12.2112 		33 		34
v 12.2112 		-16 		16
v 12.2112 		33 		16
v -14 		33 		34
v -14 		-16 		34
v -14 		33 		16
v -14 		-16 		16
# 8 vertices

g group_5_16448250

usemtl color_16448250
s 0

f 41 	43 	42
f 43 	44 	42
f 45 	47 	46
f 47 	48 	46
f 45 	46 	42
f 46 	41 	42
f 48 	47 	43
f 47 	44 	43
f 46 	48 	41
f 48 	43 	41
f 42 	44 	45
f 44 	47 	45
# 12 faces

 #end of obj_5

o obj_6
v 11 		-15.5 		16.7333
v 11 		-15.5 		31
v 11 		-16.5 		16.7333
v 11 		-16.5 		31
v -13 		-15.5 		31
v -13 		-15.5 		16.7333
v -13 		-16.5 		31
v -13 		-16.5 		16.7333
# 8 vertices

g group_6_8768998

usemtl color_8768998
s 0

f 51 	49 	50
f 52 	51 	50
f 55 	53 	54
f 56 	55 	54
f 54 	53 	50
f 49 	54 	50
f 55 	56 	51
f 52 	55 	51
f 56 	54 	49
f 51 	56 	49
f 52 	50 	53
f 55 	52 	53
# 12 faces

 #end of obj_6

o obj_7
v -5 		-27 		15
v -5 		-26 		15
v -5 		-27 		13
v -5 		-26 		13
v -13 		-26 		15
v -13 		-27 		15
v -13 		-26 		13
v -13 		-27 		13
# 8 vertices

g group_7_16768282

usemtl color_16768282
s 0

f 57 	59 	58
f 59 	60 	58
f 61 	63 	62
f 63 	64 	62
f 61 	62 	58
f 62 	57 	58
f 64 	63 	59
f 63 	60 	59
f 62 	64 	57
f 64 	59 	57
f 58 	60 	61
f 60 	63 	61
# 12 faces

 #end of obj_7

o obj_8
v 11 		-27 		15
v 11 		-26 		15
v 11 		-27 		13
v 11 		-26 		13
v 3 		-26 		15
v 3 		-27 		15
v 3 		-26 		13
v 3 		-27 		13
# 8 vertices

g group_8_16768282

usemtl color_16768282
s 0

f 65 	67 	66
f 67 	68 	66
f 69 	71 	70
f 71 	72 	70
f 69 	70 	66
f 70 	65 	66
f 72 	71 	67
f 71 	68 	67
f 70 	72 	65
f 72 	67 	65
f 66 	68 	69
f 68 	71 	69
# 12 faces

 #end of obj_8

o obj_9
v 11 		33 		15
v 11 		34 		15
v 11 		33 		13
v 11 		34 		13
v 3 		34 		15
v 3 		33 		15
v 3 		34 		13
v 3 		33 		13
# 8 vertices

g group_9_9771553

usemtl color_9771553
s 0

f 73 	75 	74
f 75 	76 	74
f 77 	79 	78
f 79 	80 	78
f 77 	78 	74
f 78 	73 	74
f 80 	79 	75
f 79 	76 	75
f 78 	80 	73
f 80 	75 	73
f 74 	76 	77
f 76 	79 	77
# 12 faces

 #end of obj_9

o obj_10
v -5 		33 		15
v -5 		34 		15
v -5 		33 		13
v -5 		34 		13
v -13 		34 		15
v -13 		33 		15
v -13 		34 		13
v -13 		33 		13
# 8 vertices

g group_10_9771553

usemtl color_9771553
s 0

f 81 	83 	82
f 83 	84 	82
f 85 	87 	86
f 87 	88 	86
f 85 	86 	82
f 86 	81 	82
f 88 	87 	83
f 87 	84 	83
f 86 	88 	81
f 88 	83 	81
f 82 	84 	85
f 84 	87 	85
# 12 faces

 #end of obj_10

o obj_11
v 12 		-27 		9
v 12 		-26 		9
v 12 		-27 		7
v 12 		-26 		7
v -14 		-26 		9
v -14 		-27 		9
v -14 		-26 		7
v -14 		-27 		7
# 8 vertices

g group_11_10988977

usemtl color_10988977
s 0

f 89 	91 	90
f 91 	92 	90
f 93 	95 	94
f 95 	96 	94
f 93 	94 	90
f 94 	89 	90
f 96 	95 	91
f 95 	92 	91
f 94 	96 	89
f 96 	91 	89
f 90 	92 	93
f 92 	95 	93
# 12 faces

 #end of obj_11

o obj_12
v 12 		32.5 		9
v 12 		33.5 		9
v 12 		32.5 		7
v 12 		33.5 		7
v -14 		33.5 		9
v -14 		32.5 		9
v -14 		33.5 		7
v -14 		32.5 		7
# 8 vertices

g group_12_10988977

usemtl color_10988977
s 0

f 97 	99 	98
f 99 	100 	98
f 101 	103 	102
f 103 	104 	102
f 101 	102 	98
f 102 	97 	98
f 104 	103 	99
f 103 	100 	99
f 102 	104 	97
f 104 	99 	97
f 98 	100 	101
f 100 	103 	101
# 12 faces

 #end of obj_12

o obj_13
v -13.5464 		32.9732 		9
v -14.5462 		33.0135 		9
v -13.5464 		32.9732 		7
v -14.5462 		33.0135 		7
v -15 		-26.9597 		9
v -14.0002 		-27 		9
v -15 		-26.9597 		7
v -14.0002 		-27 		7
# 8 vertices

g group_13_10988977

usemtl color_10988977
s 0

f 105 	107 	106
f 107 	108 	106
f 109 	111 	110
f 111 	112 	110
f 109 	110 	106
f 110 	105 	106
f 112 	111 	107
f 111 	108 	107
f 110 	112 	105
f 112 	107 	105
f 106 	108 	109
f 108 	111 	109
# 12 faces

 #end of obj_13

o obj_14
v 13 		32.9732 		9
v 12.0002 		33.0135 		9
v 13 		32.9732 		7
v 12.0002 		33.0135 		7
v 11.5464 		-26.9597 		9
v 12.5462 		-27 		9
v 11.5464 		-26.9597 		7
v 12.5462 		-27 		7
# 8 vertices

g group_14_10988977

usemtl color_10988977
s 0

f 113 	115 	114
f 115 	116 	114
f 117 	119 	118
f 119 	120 	118
f 117 	118 	114
f 118 	113 	114
f 120 	119 	115
f 119 	116 	115
f 118 	120 	113
f 120 	115 	113
f 114 	116 	117
f 116 	119 	117
# 12 faces

 #end of obj_14

o obj_15
v 12.5 		26.3223 		16
v 12.5 		26.3223 		33
v 10.7112 		26.3223 		16
v 10.7112 		26.3223 		33
v 12.5 		1 		33
v 12.5 		1 		16
v 10.7112 		1 		33
v 10.7112 		1 		16
# 8 vertices

g group_15_15277357

usemtl color_15277357
s 0

f 121 	123 	122
f 123 	124 	122
f 125 	127 	126
f 127 	128 	126
f 125 	126 	122
f 126 	121 	122
f 128 	127 	123
f 127 	124 	123
f 126 	128 	121
f 128 	123 	121
f 122 	124 	125
f 124 	127 	125
# 12 faces

 #end of obj_15

o obj_16
v 12 		-7.5 		16.7333
v 12 		-7.5 		31
v 13 		-7.5 		16.7333
v 13 		-7.5 		31
v 12 		-15 		31
v 12 		-15 		16.7333
v 13 		-15 		31
v 13 		-15 		16.7333
# 8 vertices

g group_16_8768998

usemtl color_8768998
s 0

f 131 	129 	130
f 132 	131 	130
f 135 	133 	134
f 136 	135 	134
f 134 	133 	130
f 129 	134 	130
f 135 	136 	131
f 132 	135 	131
f 136 	134 	129
f 131 	136 	129
f 132 	130 	133
f 135 	132 	133
# 12 faces

 #end of obj_16

o obj_17
v -14.5 		-7.25 		16.7333
v -14.5 		-7.25 		31
v -13.5 		-7.25 		16.7333
v -13.5 		-7.25 		31
v -14.5 		-14.75 		31
v -14.5 		-14.75 		16.7333
v -13.5 		-14.75 		31
v -13.5 		-14.75 		16.7333
# 8 vertices

g group_17_8768998

usemtl color_8768998
s 0

f 139 	137 	138
f 140 	139 	138
f 143 	141 	142
f 144 	143 	142
f 142 	141 	138
f 137 	142 	138
f 143 	144 	139
f 140 	143 	139
f 144 	142 	137
f 139 	144 	137
f 140 	138 	141
f 143 	140 	141
# 12 faces

 #end of obj_17

o obj_18
v 13 		8.059 		30.2528
v 13 		8.0691 		30.1012
v 13 		8.0724 		29.9437
v 13 		8.0185 		30.5387
v 13 		8.0421 		30.3987
v 13 		7.9512 		30.8013
v 13 		7.9882 		30.6729
v 13 		7.8602 		31.0407
v 13 		7.9091 		30.9239
v 13 		7.7423 		31.2569
v 13 		7.8047 		31.1517
v 13 		7.5975 		31.4498
v 13 		7.6733 		31.3562
v 13 		7.4257 		31.6125
v 13 		7.515 		31.5346
v 13 		7.227 		31.7473
v 13 		7.3297 		31.6834
v 13 		7.0013 		31.8542
v 13 		7.1175 		31.8042
v 13 		6.7475 		31.9356
v 13 		6.8781 		31.899
v 13 		6.4646 		31.9844
v 13 		6.6097 		31.964
v 13 		6.1524 		32.0006
v 13 		6.3122 		31.9966
v 13 		4 		31.4847
v 13 		4 		32.0006
v 13 		5.7634 		28.2981
v 13 		4.6568 		26.2342
v 13 		4.6568 		30.899
v 13 		5.9301 		28.2981
v 13 		4 		25.0906
v 13 		4 		25.6066
v 13 		4.2931 		25.6066
v 13 		6.5617 		25.6066
v 13 		6.5617 		25.0906
v 13 		6.1861 		27.7384
v 13 		6.0009 		27.7333
v 13 		5.7634 		27.7333
v 13 		6.5263 		27.7786
v 13 		6.3613 		27.7535
v 13 		6.8261 		27.8592
v 13 		6.6813 		27.8139
v 13 		7.0882 		27.9785
v 13 		6.9609 		27.9146
v 13 		7.3183 		28.1273
v 13 		7.2073 		28.0494
v 13 		7.5159 		28.3039
v 13 		7.4212 		28.2121
v 13 		7.6813 		28.5075
v 13 		7.6025 		28.4027
v 13 		7.816 		28.7322
v 13 		7.7524 		28.6173
v 13 		7.9204 		28.977
v 13 		7.872 		28.8521
v 13 		7.9953 		29.2425
v 13 		7.9613 		29.107
v 13 		8.0447 		29.5183
v 13 		8.023 		29.3797
v 13 		8.0694 		29.8004
v 13 		8.0601 		29.6586
v 13 		4.656 		30.9598
v 13 		6.0155 		28.3004
v 13 		4.3196 		25.6072
v 13 		6.1322 		25.6066
v 13 		4.2931 		31.4847
v 13 		4.6535 		31.0167
v 13 		6.0963 		28.3074
v 13 		4.3453 		25.609
v 13 		6.1086 		25.607
v 13 		4.6493 		31.0698
v 13 		6.1726 		28.319
v 13 		4.3701 		25.6119
v 13 		6.0851 		25.6082
v 13 		4.318 		31.4841
v 13 		4.6434 		31.119
v 13 		4.656 		26.1668
v 13 		4.3941 		25.6159
v 13 		6.0615 		25.6101
v 13 		4.3425 		31.4823
v 13 		4.6358 		31.1643
v 13 		4.4173 		25.6212
v 13 		6.0379 		25.6128
v 13 		4.3663 		31.4794
v 13 		4.6265 		31.2058
v 13 		4.4396 		25.6275
v 13 		6.0143 		25.6163
v 13 		4.3896 		31.4754
v 13 		4.6174 		31.2435
v 13 		4.4609 		25.6357
v 13 		5.9907 		25.6206
v 13 		4.4124 		31.4701
v 13 		4.6069 		31.2778
v 13 		4.4811 		25.6461
v 13 		5.9693 		25.6285
v 13 		4.4345 		31.4637
v 13 		4.595 		31.3086
v 13 		4.5002 		25.6589
v 13 		5.9486 		25.6384
v 13 		4.456 		31.4556
v 13 		5.7634 		31.4289
v 13 		4.5182 		25.674
v 13 		5.9289 		25.6502
v 13 		4.4766 		31.4452
v 13 		4.5816 		31.3359
v 13 		4.535 		25.6915
v 13 		5.9099 		25.664
v 13 		4.4964 		31.4324
v 13 		4.5669 		31.3597
v 13 		4.5154 		31.4173
v 13 		4.5507 		31.3801
v 13 		4.5507 		25.7112
v 13 		4.5335 		31.3998
v 13 		4.5669 		25.7358
v 13 		4.5816 		25.7631
v 13 		6.0362 		31.4289
v 13 		4.595 		25.7932
v 13 		6.1133 		31.4262
v 13 		4.6069 		25.8259
v 13 		6.1861 		31.418
v 13 		4.6174 		25.8613
v 13 		6.2547 		31.4045
v 13 		4.6265 		25.8995
v 13 		6.3192 		31.3855
v 13 		4.6358 		25.9436
v 13 		6.3794 		31.3611
v 13 		4.6434 		25.9925
v 13 		6.4354 		31.3313
v 13 		4.6493 		26.0459
v 13 		6.4876 		31.2983
v 13 		4.6535 		26.104
v 13 		6.5364 		31.26
v 13 		6.5819 		31.2162
v 13 		5.8918 		25.6797
v 13 		6.624 		31.167
v 13 		5.8745 		25.6973
v 13 		6.6628 		31.1124
v 13 		5.8583 		25.7195
v 13 		6.6981 		31.0524
v 13 		5.8431 		25.7445
v 13 		6.7303 		30.989
v 13 		5.8291 		25.7722
v 13 		5.8162 		25.8026
v 13 		6.7593 		30.9199
v 13 		5.8044 		25.8358
v 13 		6.7853 		30.8449
v 13 		5.7937 		25.8716
v 13 		6.8082 		30.7641
v 13 		5.7844 		25.913
v 13 		6.8279 		30.6776
v 13 		5.7769 		25.9584
v 13 		6.8446 		30.5852
v 13 		5.771 		26.0076
v 13 		6.8601 		30.487
v 13 		5.7667 		26.0606
v 13 		6.8727 		30.383
v 13 		5.7642 		26.1176
v 13 		6.8825 		30.2731
v 13 		5.7634 		26.1784
v 13 		6.8896 		30.1575
v 13 		6.8938 		30.0361
v 13 		6.8952 		29.9088
v 13 		6.2445 		28.3353
v 13 		6.8936 		29.7682
v 13 		6.3119 		28.3562
v 13 		6.889 		29.6346
v 13 		6.3748 		28.3818
v 13 		6.8813 		29.5079
v 13 		6.4336 		28.4149
v 13 		6.8705 		29.3882
v 13 		6.4887 		28.4538
v 13 		6.8566 		29.2755
v 13 		6.5402 		28.4986
v 13 		6.8396 		29.1697
v 13 		6.8195 		29.0705
v 13 		6.5881 		28.5491
v 13 		6.7964 		28.9776
v 13 		6.6323 		28.6055
v 13 		6.7701 		28.8908
v 13 		6.6729 		28.6677
v 13 		6.7408 		28.8102
v 13 		6.7084 		28.7358
v 13.01 		8.0724 		29.9437
v 13.01 		8.0691 		30.1012
v 13.01 		8.059 		30.2528
v 13.01 		8.0421 		30.3987
v 13.01 		8.0185 		30.5387
v 13.01 		7.9882 		30.6729
v 13.01 		7.9512 		30.8013
v 13.01 		7.9091 		30.9239
v 13.01 		7.8602 		31.0407
v 13.01 		7.8047 		31.1517
v 13.01 		7.7423 		31.2569
v 13.01 		7.6733 		31.3562
v 13.01 		7.5975 		31.4498
v 13.01 		7.515 		31.5346
v 13.01 		7.4257 		31.6125
v 13.01 		7.3297 		31.6834
v 13.01 		7.227 		31.7473
v 13.01 		7.1175 		31.8042
v 13.01 		7.0013 		31.8542
v 13.01 		6.8781 		31.899
v 13.01 		6.7475 		31.9356
v 13.01 		6.6097 		31.964
v 13.01 		6.4646 		31.9844
v 13.01 		6.3122 		31.9966
v 13.01 		6.1524 		32.0006
v 13.01 		4 		32.0006
v 13.01 		4 		31.4847
v 13.01 		4.6568 		30.899
v 13.01 		4.6568 		26.2342
v 13.01 		5.7634 		28.2981
v 13.01 		5.9301 		28.2981
v 13.01 		4.2931 		25.6066
v 13.01 		4 		25.6066
v 13.01 		4 		25.0906
v 13.01 		6.5617 		25.0906
v 13.01 		6.5617 		25.6066
v 13.01 		5.7634 		27.7333
v 13.01 		6.0009 		27.7333
v 13.01 		6.1861 		27.7384
v 13.01 		6.3613 		27.7535
v 13.01 		6.5263 		27.7786
v 13.01 		6.6813 		27.8139
v 13.01 		6.8261 		27.8592
v 13.01 		6.9609 		27.9146
v 13.01 		7.0882 		27.9785
v 13.01 		7.2073 		28.0494
v 13.01 		7.3183 		28.1273
v 13.01 		7.4212 		28.2121
v 13.01 		7.5159 		28.3039
v 13.01 		7.6025 		28.4027
v 13.01 		7.6813 		28.5075
v 13.01 		7.7524 		28.6173
v 13.01 		7.816 		28.7322
v 13.01 		7.872 		28.8521
v 13.01 		7.9204 		28.977
v 13.01 		7.9613 		29.107
v 13.01 		7.9953 		29.2425
v 13.01 		8.023 		29.3797
v 13.01 		8.0447 		29.5183
v 13.01 		8.0601 		29.6586
v 13.01 		8.0694 		29.8004
v 13.01 		4.656 		30.9598
v 13.01 		6.0155 		28.3004
v 13.01 		4.3196 		25.6072
v 13.01 		6.1322 		25.6066
v 13.01 		4.2931 		31.4847
v 13.01 		4.6535 		31.0167
v 13.01 		6.0963 		28.3074
v 13.01 		4.3453 		25.609
v 13.01 		6.1086 		25.607
v 13.01 		4.6493 		31.0698
v 13.01 		6.1726 		28.319
v 13.01 		4.3701 		25.6119
v 13.01 		6.0851 		25.6082
v 13.01 		4.318 		31.4841
v 13.01 		4.6434 		31.119
v 13.01 		4.656 		26.1668
v 13.01 		4.3941 		25.6159
v 13.01 		6.0615 		25.6101
v 13.01 		4.3425 		31.4823
v 13.01 		4.6358 		31.1643
v 13.01 		4.4173 		25.6212
v 13.01 		6.0379 		25.6128
v 13.01 		4.3663 		31.4794
v 13.01 		4.6265 		31.2058
v 13.01 		4.4396 		25.6275
v 13.01 		6.0143 		25.6163
v 13.01 		4.3896 		31.4754
v 13.01 		4.6174 		31.2435
v 13.01 		4.4609 		25.6357
v 13.01 		5.9907 		25.6206
v 13.01 		4.4124 		31.4701
v 13.01 		4.6069 		31.2778
v 13.01 		4.4811 		25.6461
v 13.01 		5.9693 		25.6285
v 13.01 		4.4345 		31.4637
v 13.01 		4.595 		31.3086
v 13.01 		4.5002 		25.6589
v 13.01 		5.9486 		25.6384
v 13.01 		4.456 		31.4556
v 13.01 		5.7634 		31.4289
v 13.01 		4.5182 		25.674
v 13.01 		5.9289 		25.6502
v 13.01 		4.4766 		31.4452
v 13.01 		4.5816 		31.3359
v 13.01 		4.535 		25.6915
v 13.01 		5.9099 		25.664
v 13.01 		4.4964 		31.4324
v 13.01 		4.5669 		31.3597
v 13.01 		4.5154 		31.4173
v 13.01 		4.5507 		31.3801
v 13.01 		4.5507 		25.7112
v 13.01 		4.5335 		31.3998
v 13.01 		4.5669 		25.7358
v 13.01 		4.5816 		25.7631
v 13.01 		6.0362 		31.4289
v 13.01 		4.595 		25.7932
v 13.01 		6.1133 		31.4262
v 13.01 		4.6069 		25.8259
v 13.01 		6.1861 		31.418
v 13.01 		4.6174 		25.8613
v 13.01 		6.2547 		31.4045
v 13.01 		4.6265 		25.8995
v 13.01 		6.3192 		31.3855
v 13.01 		4.6358 		25.9436
v 13.01 		6.3794 		31.3611
v 13.01 		4.6434 		25.9925
v 13.01 		6.4354 		31.3313
v 13.01 		4.6493 		26.0459
v 13.01 		6.4876 		31.2983
v 13.01 		4.6535 		26.104
v 13.01 		6.5364 		31.26
v 13.01 		6.5819 		31.2162
v 13.01 		5.8918 		25.6797
v 13.01 		6.624 		31.167
v 13.01 		5.8745 		25.6973
v 13.01 		6.6628 		31.1124
v 13.01 		5.8583 		25.7195
v 13.01 		6.6981 		31.0524
v 13.01 		5.8431 		25.7445
v 13.01 		6.7303 		30.989
v 13.01 		5.8291 		25.7722
v 13.01 		5.8162 		25.8026
v 13.01 		6.7593 		30.9199
v 13.01 		5.8044 		25.8358
v 13.01 		6.7853 		30.8449
v 13.01 		5.7937 		25.8716
v 13.01 		6.8082 		30.7641
v 13.01 		5.7844 		25.913
v 13.01 		6.8279 		30.6776
v 13.01 		5.7769 		25.9584
v 13.01 		6.8446 		30.5852
v 13.01 		5.771 		26.0076
v 13.01 		6.8601 		30.487
v 13.01 		5.7667 		26.0606
v 13.01 		6.8727 		30.383
v 13.01 		5.7642 		26.1176
v 13.01 		6.8825 		30.2731
v 13.01 		5.7634 		26.1784
v 13.01 		6.8896 		30.1575
v 13.01 		6.8938 		30.0361
v 13.01 		6.8952 		29.9088
v 13.01 		6.2445 		28.3353
v 13.01 		6.8936 		29.7682
v 13.01 		6.3119 		28.3562
v 13.01 		6.889 		29.6346
v 13.01 		6.3748 		28.3818
v 13.01 		6.8813 		29.5079
v 13.01 		6.4336 		28.4149
v 13.01 		6.8705 		29.3882
v 13.01 		6.4887 		28.4538
v 13.01 		6.8566 		29.2755
v 13.01 		6.5402 		28.4986
v 13.01 		6.8396 		29.1697
v 13.01 		6.8195 		29.0705
v 13.01 		6.5881 		28.5491
v 13.01 		6.7964 		28.9776
v 13.01 		6.6323 		28.6055
v 13.01 		6.7701 		28.8908
v 13.01 		6.6729 		28.6677
v 13.01 		6.7408 		28.8102
v 13.01 		6.7084 		28.7358
v 13 		8.8922 		31.7882
v 13 		8.891 		31.8472
v 13 		8.8922 		31.9063
v 13 		8.9023 		31.6782
v 13 		8.896 		31.7318
v 13 		8.9226 		31.579
v 13 		8.9112 		31.6272
v 13 		8.9526 		31.4907
v 13 		8.9364 		31.5335
v 13 		8.9908 		31.4132
v 13 		8.9707 		31.4506
v 13 		9.0368 		31.3466
v 13 		9.0128 		31.3785
v 13 		9.0904 		31.2906
v 13 		9.0628 		31.3173
v 13 		9.1499 		31.2441
v 13 		9.1195 		31.2662
v 13 		9.215 		31.2069
v 13 		9.1818 		31.2243
v 13 		9.2856 		31.179
v 13 		9.2497 		31.1918
v 13 		9.3609 		31.1604
v 13 		9.3227 		31.1686
v 13 		9.4406 		31.1511
v 13 		9.4002 		31.1546
v 13 		9.5223 		31.1511
v 13 		9.4821 		31.15
v 13 		9.6009 		31.1604
v 13 		9.5619 		31.1546
v 13 		9.6772 		31.179
v 13 		9.6393 		31.1686
v 13 		9.7494 		31.2069
v 13 		9.7146 		31.1918
v 13 		9.8156 		31.2441
v 13 		9.7831 		31.2243
v 13 		9.8774 		31.2906
v 13 		9.8471 		31.2662
v 13 		9.9327 		31.3466
v 13 		9.9066 		31.3173
v 13 		9.9798 		31.4132
v 13 		9.9571 		31.3785
v 13 		10.0202 		31.4907
v 13 		10.0009 		31.4506
v 13 		10.0534 		31.579
v 13 		10.0379 		31.5335
v 13 		10.0758 		31.6782
v 13 		10.066 		31.6272
v 13 		10.0871 		31.7882
v 13 		10.0828 		31.7318
v 13 		10.0871 		31.9063
v 13 		10.0885 		31.8472
v 13 		10.0758 		32.0163
v 13 		10.0828 		31.9627
v 13 		10.0534 		32.1155
v 13 		10.066 		32.0673
v 13 		10.0202 		32.2038
v 13 		10.0379 		32.161
v 13 		9.9798 		32.2813
v 13 		10.0009 		32.2439
v 13 		9.9327 		32.3479
v 13 		9.9571 		32.316
v 13 		9.8774 		32.4039
v 13 		9.9066 		32.3772
v 13 		9.8156 		32.4504
v 13 		9.8471 		32.4283
v 13 		9.7494 		32.4876
v 13 		9.7831 		32.4701
v 13 		9.6772 		32.5155
v 13 		9.7146 		32.5027
v 13 		9.6009 		32.5341
v 13 		9.6393 		32.5259
v 13 		9.5223 		32.5434
v 13 		9.5619 		32.5399
v 13 		9.4406 		32.5434
v 13 		9.4821 		32.5445
v 13 		9.3609 		32.5341
v 13 		9.4002 		32.5399
v 13 		9.2856 		32.5155
v 13 		9.3227 		32.5259
v 13 		9.215 		32.4876
v 13 		9.2497 		32.5027
v 13 		9.1499 		32.4504
v 13 		9.1818 		32.4701
v 13 		9.0904 		32.4039
v 13 		9.1195 		32.4283
v 13 		9.0368 		32.3479
v 13 		9.0628 		32.3772
v 13 		8.9908 		32.2813
v 13 		9.0128 		32.316
v 13 		8.9526 		32.2038
v 13 		8.9707 		32.2439
v 13 		8.9226 		32.1155
v 13 		8.9364 		32.161
v 13 		8.9023 		32.0163
v 13 		8.9112 		32.0673
v 13 		8.896 		31.9627
v 13.01 		8.8922 		31.9063
v 13.01 		8.891 		31.8472
v 13.01 		8.8922 		31.7882
v 13.01 		8.896 		31.7318
v 13.01 		8.9023 		31.6782
v 13.01 		8.9112 		31.6272
v 13.01 		8.9226 		31.579
v 13.01 		8.9364 		31.5335
v 13.01 		8.9526 		31.4907
v 13.01 		8.9707 		31.4506
v 13.01 		8.9908 		31.4132
v 13.01 		9.0128 		31.3785
v 13.01 		9.0368 		31.3466
v 13.01 		9.0628 		31.3173
v 13.01 		9.0904 		31.2906
v 13.01 		9.1195 		31.2662
v 13.01 		9.1499 		31.2441
v 13.01 		9.1818 		31.2243
v 13.01 		9.215 		31.2069
v 13.01 		9.2497 		31.1918
v 13.01 		9.2856 		31.179
v 13.01 		9.3227 		31.1686
v 13.01 		9.3609 		31.1604
v 13.01 		9.4002 		31.1546
v 13.01 		9.4406 		31.1511
v 13.01 		9.4821 		31.15
v 13.01 		9.5223 		31.1511
v 13.01 		9.5619 		31.1546
v 13.01 		9.6009 		31.1604
v 13.01 		9.6393 		31.1686
v 13.01 		9.6772 		31.179
v 13.01 		9.7146 		31.1918
v 13.01 		9.7494 		31.2069
v 13.01 		9.7831 		31.2243
v 13.01 		9.8156 		31.2441
v 13.01 		9.8471 		31.2662
v 13.01 		9.8774 		31.2906
v 13.01 		9.9066 		31.3173
v 13.01 		9.9327 		31.3466
v 13.01 		9.9571 		31.3785
v 13.01 		9.9798 		31.4132
v 13.01 		10.0009 		31.4506
v 13.01 		10.0202 		31.4907
v 13.01 		10.0379 		31.5335
v 13.01 		10.0534 		31.579
v 13.01 		10.066 		31.6272
v 13.01 		10.0758 		31.6782
v 13.01 		10.0828 		31.7318
v 13.01 		10.0871 		31.7882
v 13.01 		10.0885 		31.8472
v 13.01 		10.0871 		31.9063
v 13.01 		10.0828 		31.9627
v 13.01 		10.0758 		32.0163
v 13.01 		10.066 		32.0673
v 13.01 		10.0534 		32.1155
v 13.01 		10.0379 		32.161
v 13.01 		10.0202 		32.2038
v 13.01 		10.0009 		32.2439
v 13.01 		9.9798 		32.2813
v 13.01 		9.9571 		32.316
v 13.01 		9.9327 		32.3479
v 13.01 		9.9066 		32.3772
v 13.01 		9.8774 		32.4039
v 13.01 		9.8471 		32.4283
v 13.01 		9.8156 		32.4504
v 13.01 		9.7831 		32.4701
v 13.01 		9.7494 		32.4876
v 13.01 		9.7146 		32.5027
v 13.01 		9.6772 		32.5155
v 13.01 		9.6393 		32.5259
v 13.01 		9.6009 		32.5341
v 13.01 		9.5619 		32.5399
v 13.01 		9.5223 		32.5434
v 13.01 		9.4821 		32.5445
v 13.01 		9.4406 		32.5434
v 13.01 		9.4002 		32.5399
v 13.01 		9.3609 		32.5341
v 13.01 		9.3227 		32.5259
v 13.01 		9.2856 		32.5155
v 13.01 		9.2497 		32.5027
v 13.01 		9.215 		32.4876
v 13.01 		9.1818 		32.4701
v 13.01 		9.1499 		32.4504
v 13.01 		9.1195 		32.4283
v 13.01 		9.0904 		32.4039
v 13.01 		9.0628 		32.3772
v 13.01 		9.0368 		32.3479
v 13.01 		9.0128 		32.316
v 13.01 		8.9908 		32.2813
v 13.01 		8.9707 		32.2439
v 13.01 		8.9526 		32.2038
v 13.01 		8.9364 		32.161
v 13.01 		8.9226 		32.1155
v 13.01 		8.9112 		32.0673
v 13.01 		8.9023 		32.0163
v 13.01 		8.896 		31.9627
v 13 		8.4059 		25.0906
v 13 		8.4059 		25.6066
v 13 		8.4868 		25.6066
v 13 		10.6392 		25.6066
v 13 		10.6392 		25.0906
v 13 		8.4059 		29.7624
v 13 		8.4059 		30.2784
v 13 		10.0531 		30.2784
v 13 		8.5124 		25.6072
v 13 		10.5533 		25.6066
v 13 		8.4868 		29.7624
v 13 		8.539 		25.609
v 13 		10.5276 		25.6072
v 13 		8.5123 		29.7618
v 13 		8.5663 		25.6119
v 13 		10.5011 		25.609
v 13 		8.5384 		29.7601
v 13 		8.5946 		25.6159
v 13 		10.4737 		25.6119
v 13 		8.5651 		29.7572
v 13 		8.6236 		25.6212
v 13 		10.4455 		25.6159
v 13 		8.5923 		29.7531
v 13 		8.6535 		25.6275
v 13 		10.4165 		25.6212
v 13 		8.6201 		29.7479
v 13 		8.6817 		25.6357
v 13 		10.3866 		25.6275
v 13 		8.6484 		29.7415
v 13 		8.7091 		25.6461
v 13 		10.3582 		25.6357
v 13 		8.6768 		29.7333
v 13 		8.7356 		25.6589
v 13 		10.3304 		25.6461
v 13 		8.7046 		29.7229
v 13 		8.7613 		25.674
v 13 		10.3032 		25.6589
v 13 		8.7318 		29.7101
v 13 		8.7861 		25.6915
v 13 		10.2765 		25.674
v 13 		8.7585 		29.695
v 13 		8.8101 		25.7112
v 13 		10.2504 		25.6915
v 13 		8.7846 		29.6776
v 13 		8.8347 		25.7358
v 13 		10.2249 		25.7112
v 13 		8.8101 		29.6578
v 13 		8.8579 		25.7631
v 13 		10.2003 		25.7358
v 13 		8.8347 		29.6353
v 13 		8.8796 		25.7932
v 13 		10.1772 		25.7631
v 13 		8.8579 		29.6098
v 13 		8.8796 		29.5811
v 13 		8.9 		25.8259
v 13 		8.9 		29.5493
v 13 		8.9189 		25.8613
v 13 		8.9189 		29.5145
v 13 		8.9364 		25.8995
v 13 		8.9364 		29.4765
v 13 		8.9519 		25.9436
v 13 		8.9519 		29.437
v 13 		8.9645 		25.9925
v 13 		10.0531 		26.2342
v 13 		8.9743 		26.0459
v 13 		10.0544 		26.1668
v 13 		8.9814 		26.104
v 13 		10.0581 		26.104
v 13 		8.9856 		26.1668
v 13 		10.0645 		26.0459
v 13 		8.987 		26.2342
v 13 		10.0733 		25.9925
v 13 		10.1554 		25.7932
v 13 		10.0847 		25.9436
v 13 		10.1351 		25.8259
v 13 		10.0986 		25.8995
v 13 		10.1161 		25.8613
v 13 		8.9645 		29.3928
v 13 		8.9743 		29.344
v 13 		8.987 		29.1697
v 13 		8.9814 		29.2906
v 13 		8.9856 		29.2325
v 13.01 		8.4868 		25.6066
v 13.01 		8.4059 		25.6066
v 13.01 		8.4059 		25.0906
v 13.01 		10.6392 		25.0906
v 13.01 		10.6392 		25.6066
v 13.01 		10.0531 		30.2784
v 13.01 		8.4059 		30.2784
v 13.01 		8.4059 		29.7624
v 13.01 		8.5124 		25.6072
v 13.01 		10.5533 		25.6066
v 13.01 		8.4868 		29.7624
v 13.01 		8.539 		25.609
v 13.01 		10.5276 		25.6072
v 13.01 		8.5123 		29.7618
v 13.01 		8.5663 		25.6119
v 13.01 		10.5011 		25.609
v 13.01 		8.5384 		29.7601
v 13.01 		8.5946 		25.6159
v 13.01 		10.4737 		25.6119
v 13.01 		8.5651 		29.7572
v 13.01 		8.6236 		25.6212
v 13.01 		10.4455 		25.6159
v 13.01 		8.5923 		29.7531
v 13.01 		8.6535 		25.6275
v 13.01 		10.4165 		25.6212
v 13.01 		8.6201 		29.7479
v 13.01 		8.6817 		25.6357
v 13.01 		10.3866 		25.6275
v 13.01 		8.6484 		29.7415
v 13.01 		8.7091 		25.6461
v 13.01 		10.3582 		25.6357
v 13.01 		8.6768 		29.7333
v 13.01 		8.7356 		25.6589
v 13.01 		10.3304 		25.6461
v 13.01 		8.7046 		29.7229
v 13.01 		8.7613 		25.674
v 13.01 		10.3032 		25.6589
v 13.01 		8.7318 		29.7101
v 13.01 		8.7861 		25.6915
v 13.01 		10.2765 		25.674
v 13.01 		8.7585 		29.695
v 13.01 		8.8101 		25.7112
v 13.01 		10.2504 		25.6915
v 13.01 		8.7846 		29.6776
v 13.01 		8.8347 		25.7358
v 13.01 		10.2249 		25.7112
v 13.01 		8.8101 		29.6578
v 13.01 		8.8579 		25.7631
v 13.01 		10.2003 		25.7358
v 13.01 		8.8347 		29.6353
v 13.01 		8.8796 		25.7932
v 13.01 		10.1772 		25.7631
v 13.01 		8.8579 		29.6098
v 13.01 		8.8796 		29.5811
v 13.01 		8.9 		25.8259
v 13.01 		8.9 		29.5493
v 13.01 		8.9189 		25.8613
v 13.01 		8.9189 		29.5145
v 13.01 		8.9364 		25.8995
v 13.01 		8.9364 		29.4765
v 13.01 		8.9519 		25.9436
v 13.01 		8.9519 		29.437
v 13.01 		8.9645 		25.9925
v 13.01 		10.0531 		26.2342
v 13.01 		8.9743 		26.0459
v 13.01 		10.0544 		26.1668
v 13.01 		8.9814 		26.104
v 13.01 		10.0581 		26.104
v 13.01 		8.9856 		26.1668
v 13.01 		10.0645 		26.0459
v 13.01 		8.987 		26.2342
v 13.01 		10.0733 		25.9925
v 13.01 		10.1554 		25.7932
v 13.01 		10.0847 		25.9436
v 13.01 		10.1351 		25.8259
v 13.01 		10.0986 		25.8995
v 13.01 		10.1161 		25.8613
v 13.01 		8.9645 		29.3928
v 13.01 		8.9743 		29.344
v 13.01 		8.987 		29.1697
v 13.01 		8.9814 		29.2906
v 13.01 		8.9856 		29.2325
v 13 		14.1811 		30.2784
v 13 		14.1811 		29.86
v 13 		12.1045 		25.7461
v 13 		11.488 		28.7025
v 13 		11.0636 		28.7025
v 13 		11.1495 		30.2784
v 13 		10.8868 		25.0906
v 13 		10.8868 		25.4811
v 13 		12.9533 		29.616
v 13 		13.8476 		26.8408
v 13 		14.2468 		26.8408
v 13 		14.2468 		25.0906
v 13 		11.5285 		28.9396
v 13 		13.8072 		26.527
v 13 		11.5418 		29.0029
v 13 		13.7968 		26.4589
v 13 		11.5548 		29.0628
v 13 		13.7859 		26.3938
v 13 		11.5676 		29.1192
v 13 		13.7744 		26.3318
v 13 		11.5801 		29.172
v 13 		13.7623 		26.2729
v 13 		11.5923 		29.2214
v 13 		13.7497 		26.2171
v 13 		11.6043 		29.2673
v 13 		13.7365 		26.1645
v 13 		11.6165 		29.308
v 13 		13.7243 		26.117
v 13 		11.6295 		29.3464
v 13 		13.7112 		26.0723
v 13 		11.6434 		29.3824
v 13 		13.6973 		26.0302
v 13 		11.6581 		29.4161
v 13 		13.6826 		25.9909
v 13 		11.6737 		29.4475
v 13 		13.667 		25.9543
v 13 		11.6901 		29.4765
v 13 		13.6506 		25.9204
v 13 		11.7056 		29.5007
v 13 		13.6316 		25.8915
v 13 		11.7216 		29.5222
v 13 		13.6118 		25.8654
v 13 		11.7381 		29.541
v 13 		13.5912 		25.842
v 13 		11.7553 		29.5571
v 13 		13.5697 		25.8212
v 13 		11.773 		29.5704
v 13 		13.5474 		25.8032
v 13 		11.7912 		29.5811
v 13 		13.5243 		25.7879
v 13 		11.8118 		29.5918
v 13 		13.4982 		25.7751
v 13 		11.8333 		29.6005
v 13 		13.4704 		25.7647
v 13 		11.8556 		29.6072
v 13 		13.4409 		25.7565
v 13 		11.8788 		29.6121
v 13 		13.4097 		25.7507
v 13 		11.9028 		29.615
v 13 		13.3769 		25.7472
v 13 		11.9276 		29.616
v 13 		13.3424 		25.7461
v 13.01 		12.1045 		25.7461
v 13.01 		14.1811 		29.86
v 13.01 		14.1811 		30.2784
v 13.01 		11.1495 		30.2784
v 13.01 		11.0636 		28.7025
v 13.01 		11.488 		28.7025
v 13.01 		12.9533 		29.616
v 13.01 		10.8868 		25.4811
v 13.01 		10.8868 		25.0906
v 13.01 		14.2468 		25.0906
v 13.01 		14.2468 		26.8408
v 13.01 		13.8476 		26.8408
v 13.01 		11.5285 		28.9396
v 13.01 		13.8072 		26.527
v 13.01 		11.5418 		29.0029
v 13.01 		13.7968 		26.4589
v 13.01 		11.5548 		29.0628
v 13.01 		13.7859 		26.3938
v 13.01 		11.5676 		29.1192
v 13.01 		13.7744 		26.3318
v 13.01 		11.5801 		29.172
v 13.01 		13.7623 		26.2729
v 13.01 		11.5923 		29.2214
v 13.01 		13.7497 		26.2171
v 13.01 		11.6043 		29.2673
v 13.01 		13.7365 		26.1645
v 13.01 		11.6165 		29.308
v 13.01 		13.7243 		26.117
v 13.01 		11.6295 		29.3464
v 13.01 		13.7112 		26.0723
v 13.01 		11.6434 		29.3824
v 13.01 		13.6973 		26.0302
v 13.01 		11.6581 		29.4161
v 13.01 		13.6826 		25.9909
v 13.01 		11.6737 		29.4475
v 13.01 		13.667 		25.9543
v 13.01 		11.6901 		29.4765
v 13.01 		13.6506 		25.9204
v 13.01 		11.7056 		29.5007
v 13.01 		13.6316 		25.8915
v 13.01 		11.7216 		29.5222
v 13.01 		13.6118 		25.8654
v 13.01 		11.7381 		29.541
v 13.01 		13.5912 		25.842
v 13.01 		11.7553 		29.5571
v 13.01 		13.5697 		25.8212
v 13.01 		11.773 		29.5704
v 13.01 		13.5474 		25.8032
v 13.01 		11.7912 		29.5811
v 13.01 		13.5243 		25.7879
v 13.01 		11.8118 		29.5918
v 13.01 		13.4982 		25.7751
v 13.01 		11.8333 		29.6005
v 13.01 		13.4704 		25.7647
v 13.01 		11.8556 		29.6072
v 13.01 		13.4409 		25.7565
v 13.01 		11.8788 		29.6121
v 13.01 		13.4097 		25.7507
v 13.01 		11.9028 		29.615
v 13.01 		13.3769 		25.7472
v 13.01 		11.9276 		29.616
v 13.01 		13.3424 		25.7461
v 13 		17.8948 		30.2784
v 13 		17.8948 		29.86
v 13 		15.8182 		25.7461
v 13 		15.2017 		28.7025
v 13 		14.7773 		28.7025
v 13 		14.8632 		30.2784
v 13 		14.6005 		25.0906
v 13 		14.6005 		25.4811
v 13 		16.667 		29.616
v 13 		17.5613 		26.8408
v 13 		17.9605 		26.8408
v 13 		17.9605 		25.0906
v 13 		15.2422 		28.9396
v 13 		17.5209 		26.527
v 13 		15.2555 		29.0029
v 13 		17.5105 		26.4589
v 13 		15.2686 		29.0628
v 13 		17.4996 		26.3938
v 13 		15.2813 		29.1192
v 13 		17.4881 		26.3318
v 13 		15.2938 		29.172
v 13 		17.476 		26.2729
v 13 		15.306 		29.2214
v 13 		17.4634 		26.2171
v 13 		15.318 		29.2673
v 13 		17.4502 		26.1645
v 13 		15.3302 		29.308
v 13 		17.438 		26.117
v 13 		15.3432 		29.3464
v 13 		17.4249 		26.0723
v 13 		15.3571 		29.3824
v 13 		17.411 		26.0302
v 13 		15.3719 		29.4161
v 13 		17.3963 		25.9909
v 13 		15.3874 		29.4475
v 13 		17.3807 		25.9543
v 13 		15.4039 		29.4765
v 13 		17.3643 		25.9204
v 13 		15.4193 		29.5007
v 13 		17.3453 		25.8915
v 13 		15.4353 		29.5222
v 13 		17.3255 		25.8654
v 13 		15.4519 		29.541
v 13 		17.3049 		25.842
v 13 		15.469 		29.5571
v 13 		17.2834 		25.8212
v 13 		15.4867 		29.5704
v 13 		17.2611 		25.8032
v 13 		15.5049 		29.5811
v 13 		17.238 		25.7879
v 13 		15.5255 		29.5918
v 13 		17.2119 		25.7751
v 13 		15.547 		29.6005
v 13 		17.1841 		25.7647
v 13 		15.5693 		29.6072
v 13 		17.1546 		25.7565
v 13 		15.5925 		29.6121
v 13 		17.1234 		25.7507
v 13 		15.6165 		29.615
v 13 		17.0906 		25.7472
v 13 		15.6413 		29.616
v 13 		17.0561 		25.7461
v 13.01 		15.8182 		25.7461
v 13.01 		17.8948 		29.86
v 13.01 		17.8948 		30.2784
v 13.01 		14.8632 		30.2784
v 13.01 		14.7773 		28.7025
v 13.01 		15.2017 		28.7025
v 13.01 		16.667 		29.616
v 13.01 		14.6005 		25.4811
v 13.01 		14.6005 		25.0906
v 13.01 		17.9605 		25.0906
v 13.01 		17.9605 		26.8408
v 13.01 		17.5613 		26.8408
v 13.01 		15.2422 		28.9396
v 13.01 		17.5209 		26.527
v 13.01 		15.2555 		29.0029
v 13.01 		17.5105 		26.4589
v 13.01 		15.2686 		29.0628
v 13.01 		17.4996 		26.3938
v 13.01 		15.2813 		29.1192
v 13.01 		17.4881 		26.3318
v 13.01 		15.2938 		29.172
v 13.01 		17.476 		26.2729
v 13.01 		15.306 		29.2214
v 13.01 		17.4634 		26.2171
v 13.01 		15.318 		29.2673
v 13.01 		17.4502 		26.1645
v 13.01 		15.3302 		29.308
v 13.01 		17.438 		26.117
v 13.01 		15.3432 		29.3464
v 13.01 		17.4249 		26.0723
v 13.01 		15.3571 		29.3824
v 13.01 		17.411 		26.0302
v 13.01 		15.3719 		29.4161
v 13.01 		17.3963 		25.9909
v 13.01 		15.3874 		29.4475
v 13.01 		17.3807 		25.9543
v 13.01 		15.4039 		29.4765
v 13.01 		17.3643 		25.9204
v 13.01 		15.4193 		29.5007
v 13.01 		17.3453 		25.8915
v 13.01 		15.4353 		29.5222
v 13.01 		17.3255 		25.8654
v 13.01 		15.4519 		29.541
v 13.01 		17.3049 		25.842
v 13.01 		15.469 		29.5571
v 13.01 		17.2834 		25.8212
v 13.01 		15.4867 		29.5704
v 13.01 		17.2611 		25.8032
v 13.01 		15.5049 		29.5811
v 13.01 		17.238 		25.7879
v 13.01 		15.5255 		29.5918
v 13.01 		17.2119 		25.7751
v 13.01 		15.547 		29.6005
v 13.01 		17.1841 		25.7647
v 13.01 		15.5693 		29.6072
v 13.01 		17.1546 		25.7565
v 13.01 		15.5925 		29.6121
v 13.01 		17.1234 		25.7507
v 13.01 		15.6165 		29.615
v 13.01 		17.0906 		25.7472
v 13.01 		15.6413 		29.616
v 13.01 		17.0561 		25.7461
v 13 		19.8207 		28.1341
v 13 		20.0725 		28.1447
v 13 		20.6485 		28.1447
v 13 		19.3828 		28.0488
v 13 		19.5908 		28.1021
v 13 		19.0325 		27.8784
v 13 		19.1967 		27.9743
v 13 		18.7713 		27.6219
v 13 		18.8902 		27.7612
v 13 		18.5984 		27.2749
v 13 		18.674 		27.4598
v 13 		18.5119 		26.8364
v 13 		18.5444 		27.067
v 13 		19.5925 		26.534
v 13 		18.5011 		26.5828
v 13 		19.595 		26.4004
v 13 		18.5101 		26.3248
v 13 		18.5034 		26.4509
v 13 		18.5371 		26.0901
v 13 		18.5213 		26.2045
v 13 		18.582 		25.8786
v 13 		18.5573 		25.9814
v 13 		18.6465 		25.6903
v 13 		18.6124 		25.7815
v 13 		18.7257 		25.5253
v 13 		18.6843 		25.6049
v 13 		18.8195 		25.3835
v 13 		18.7708 		25.4515
v 13 		18.9233 		25.2611
v 13 		18.8698 		25.3192
v 13 		19.0395 		25.1635
v 13 		18.9799 		25.2092
v 13 		19.1681 		25.0906
v 13 		19.1023 		25.124
v 13 		19.3062 		25.0403
v 13 		19.2363 		25.0629
v 13 		19.451 		25.0101
v 13 		19.3778 		25.0227
v 13 		19.6026 		25
v 13 		19.526 		25.0025
v 13 		19.7284 		25.0046
v 13 		19.6669 		25.0012
v 13 		19.8429 		25.0186
v 13 		19.787 		25.0105
v 13 		19.9462 		25.0418
v 13 		19.8959 		25.0291
v 13 		20.0405 		25.0782
v 13 		19.9942 		25.0591
v 13 		20.1281 		25.1224
v 13 		20.0851 		25.0994
v 13 		20.2089 		25.1743
v 13 		20.1694 		25.1474
v 13 		20.2847 		25.2448
v 13 		20.2472 		25.2082
v 13 		20.3571 		25.3262
v 13 		20.3214 		25.2841
v 13 		20.4262 		25.4184
v 13 		20.3921 		25.3709
v 13 		20.4958 		25.5175
v 13 		20.4604 		25.4664
v 13 		20.5699 		25.6291
v 13 		20.5323 		25.5718
v 13 		20.6485 		25.7531
v 13 		20.6087 		25.6895
v 13 		22.1593 		25.0906
v 13 		20.8557 		25.0906
v 13 		20.7091 		25.7531
v 13 		22.134 		25.6066
v 13 		22.1593 		25.6066
v 13 		21.712 		28.9055
v 13 		21.7146 		28.7583
v 13 		21.7146 		26.29
v 13 		21.6906 		29.1767
v 13 		21.704 		29.045
v 13 		21.648 		29.4169
v 13 		21.672 		29.3006
v 13 		21.5858 		29.6266
v 13 		21.6186 		29.5253
v 13 		21.5049 		29.8095
v 13 		21.5479 		29.7213
v 13 		21.4039 		29.966
v 13 		21.4569 		29.891
v 13 		21.2811 		30.0944
v 13 		21.3458 		30.0343
v 13 		21.1374 		30.1982
v 13 		21.2116 		30.149
v 13 		20.9746 		30.2803
v 13 		21.0583 		30.242
v 13 		20.7908 		30.3409
v 13 		20.886 		30.3132
v 13 		20.5854 		30.3812
v 13 		20.6906 		30.3636
v 13 		20.3597 		30.4014
v 13 		20.475 		30.3938
v 13 		20.1409 		30.4023
v 13 		20.2392 		30.4039
v 13 		19.95 		30.3899
v 13 		20.0444 		30.3977
v 13 		19.767 		30.3651
v 13 		19.8575 		30.3791
v 13 		19.5926 		30.3278
v 13 		19.6784 		30.3481
v 13 		19.4321 		30.2766
v 13 		19.5105 		30.3039
v 13 		19.2861 		30.2116
v 13 		19.3573 		30.2458
v 13 		19.1553 		30.1323
v 13 		19.2186 		30.1738
v 13 		19.043 		30.0378
v 13 		19.0968 		30.087
v 13 		18.9498 		29.9278
v 13 		18.994 		29.9847
v 13 		18.8749 		29.8021
v 13 		18.9104 		29.867
v 13 		18.8232 		29.6595
v 13 		18.8458 		29.733
v 13 		18.7974 		29.4999
v 13 		18.8071 		29.5819
v 13 		18.8008 		29.301
v 13 		18.7942 		29.4138
v 13 		18.8536 		29.1104
v 13 		18.8206 		29.1999
v 13 		18.9591 		28.9663
v 13 		18.8997 		29.0326
v 13 		19.1174 		28.867
v 13 		19.0317 		28.9117
v 13 		19.3285 		28.8019
v 13 		19.2164 		28.8304
v 13 		19.5924 		28.7694
v 13 		19.4538 		28.7816
v 13 		19.7447 		28.8389
v 13 		19.7441 		28.7653
v 13 		19.5935 		26.6227
v 13 		19.6026 		26.2783
v 13 		22.0962 		25.6074
v 13 		19.7463 		28.9109
v 13 		19.6152 		26.1679
v 13 		22.0605 		25.6097
v 13 		19.5964 		26.7076
v 13 		19.6329 		26.0692
v 13 		21.7152 		26.2245
v 13 		19.7491 		28.9814
v 13 		19.6014 		26.7885
v 13 		19.6557 		25.982
v 13 		22.0266 		25.6136
v 13 		21.7169 		26.1629
v 13 		19.6082 		26.8656
v 13 		19.6835 		25.9065
v 13 		21.9948 		25.619
v 13 		19.7531 		29.0504
v 13 		19.6171 		26.9388
v 13 		19.7185 		25.8425
v 13 		21.9649 		25.626
v 13 		19.7581 		29.1178
v 13 		19.6279 		27.0082
v 13 		19.7598 		25.7902
v 13 		21.9369 		25.6345
v 13 		19.7643 		29.1837
v 13 		19.6411 		27.0717
v 13 		19.8072 		25.7496
v 13 		21.9094 		25.6473
v 13 		19.7736 		29.2451
v 13 		19.6571 		27.1321
v 13 		21.8842 		25.6624
v 13 		19.7845 		29.3037
v 13 		19.6759 		27.1894
v 13 		19.8609 		25.7205
v 13 		21.8612 		25.6798
v 13 		19.7971 		29.3597
v 13 		19.6975 		27.2437
v 13 		19.9207 		25.7031
v 13 		21.8404 		25.6996
v 13 		19.8115 		29.413
v 13 		19.7219 		27.2948
v 13 		19.9866 		25.6973
v 13 		21.8219 		25.7217
v 13 		19.8275 		29.4635
v 13 		19.7491 		27.3428
v 13 		20.0363 		25.6996
v 13 		21.8056 		25.7461
v 13 		19.8451 		29.5114
v 13 		19.7795 		27.3876
v 13 		20.0843 		25.7066
v 13 		21.7896 		25.7732
v 13 		19.8631 		29.5561
v 13 		19.8131 		27.4288
v 13 		20.1306 		25.7182
v 13 		19.8833 		29.5974
v 13 		19.8502 		27.4666
v 13 		20.1752 		25.7345
v 13 		21.7753 		25.8034
v 13 		19.9058 		29.6351
v 13 		20.2182 		25.7554
v 13 		21.7626 		25.8367
v 13 		19.9305 		29.6694
v 13 		19.8906 		27.5009
v 13 		20.2595 		25.7809
v 13 		21.7517 		25.8731
v 13 		19.9574 		29.7002
v 13 		19.9344 		27.5317
v 13 		20.2989 		25.8131
v 13 		21.7424 		25.9127
v 13 		19.9866 		29.7275
v 13 		19.9816 		27.559
v 13 		20.3364 		25.8491
v 13 		21.7348 		25.9553
v 13 		20.0182 		29.7531
v 13 		20.0305 		27.5846
v 13 		20.3719 		25.889
v 13 		21.7287 		26.0014
v 13 		20.0523 		29.774
v 13 		20.0832 		27.6055
v 13 		20.4054 		25.9328
v 13 		21.7236 		26.0513
v 13 		20.0889 		29.7903
v 13 		20.1395 		27.6218
v 13 		20.437 		25.9804
v 13 		21.7197 		26.1052
v 13 		20.1281 		29.8019
v 13 		20.1994 		27.6334
v 13 		20.4666 		26.032
v 13 		20.1698 		29.8089
v 13 		20.263 		27.6403
v 13 		20.4941 		26.0852
v 13 		20.214 		29.8112
v 13 		20.3302 		27.6427
v 13 		20.2596 		29.8089
v 13 		20.6485 		27.6427
v 13 		20.5194 		26.1428
v 13 		20.5424 		26.2045
v 13 		20.3021 		29.8019
v 13 		20.5632 		26.2706
v 13 		20.3416 		29.7903
v 13 		20.5817 		26.3409
v 13 		20.3779 		29.774
v 13 		20.598 		26.4155
v 13 		20.4112 		29.7531
v 13 		20.6134 		26.4914
v 13 		20.4414 		29.7275
v 13 		20.6261 		26.5704
v 13 		20.4703 		29.6979
v 13 		20.6359 		26.6525
v 13 		20.4964 		29.6648
v 13 		20.6429 		26.7378
v 13 		20.5197 		29.6282
v 13 		20.6471 		26.8261
v 13 		20.5402 		29.5881
v 13 		20.6485 		26.9175
v 13 		20.5578 		29.5445
v 13 		20.5727 		29.4974
v 13 		20.587 		29.4447
v 13 		20.5997 		29.389
v 13 		20.6485 		28.6886
v 13 		20.6106 		29.3301
v 13 		20.6481 		28.7688
v 13 		20.6199 		29.2681
v 13 		20.6468 		28.8466
v 13 		20.6275 		29.203
v 13 		20.6447 		28.9222
v 13 		20.6334 		29.1348
v 13 		20.6418 		28.9954
v 13 		20.638 		29.0663
v 13.01 		20.6485 		28.1447
v 13.01 		20.0725 		28.1447
v 13.01 		19.8207 		28.1341
v 13.01 		19.5908 		28.1021
v 13.01 		19.3828 		28.0488
v 13.01 		19.1967 		27.9743
v 13.01 		19.0325 		27.8784
v 13.01 		18.8902 		27.7612
v 13.01 		18.7713 		27.6219
v 13.01 		18.674 		27.4598
v 13.01 		18.5984 		27.2749
v 13.01 		18.5444 		27.067
v 13.01 		18.5119 		26.8364
v 13.01 		18.5011 		26.5828
v 13.01 		19.5925 		26.534
v 13.01 		19.595 		26.4004
v 13.01 		18.5034 		26.4509
v 13.01 		18.5101 		26.3248
v 13.01 		18.5213 		26.2045
v 13.01 		18.5371 		26.0901
v 13.01 		18.5573 		25.9814
v 13.01 		18.582 		25.8786
v 13.01 		18.6124 		25.7815
v 13.01 		18.6465 		25.6903
v 13.01 		18.6843 		25.6049
v 13.01 		18.7257 		25.5253
v 13.01 		18.7708 		25.4515
v 13.01 		18.8195 		25.3835
v 13.01 		18.8698 		25.3192
v 13.01 		18.9233 		25.2611
v 13.01 		18.9799 		25.2092
v 13.01 		19.0395 		25.1635
v 13.01 		19.1023 		25.124
v 13.01 		19.1681 		25.0906
v 13.01 		19.2363 		25.0629
v 13.01 		19.3062 		25.0403
v 13.01 		19.3778 		25.0227
v 13.01 		19.451 		25.0101
v 13.01 		19.526 		25.0025
v 13.01 		19.6026 		25
v 13.01 		19.6669 		25.0012
v 13.01 		19.7284 		25.0046
v 13.01 		19.787 		25.0105
v 13.01 		19.8429 		25.0186
v 13.01 		19.8959 		25.0291
v 13.01 		19.9462 		25.0418
v 13.01 		19.9942 		25.0591
v 13.01 		20.0405 		25.0782
v 13.01 		20.0851 		25.0994
v 13.01 		20.1281 		25.1224
v 13.01 		20.1694 		25.1474
v 13.01 		20.2089 		25.1743
v 13.01 		20.2472 		25.2082
v 13.01 		20.2847 		25.2448
v 13.01 		20.3214 		25.2841
v 13.01 		20.3571 		25.3262
v 13.01 		20.3921 		25.3709
v 13.01 		20.4262 		25.4184
v 13.01 		20.4604 		25.4664
v 13.01 		20.4958 		25.5175
v 13.01 		20.5323 		25.5718
v 13.01 		20.5699 		25.6291
v 13.01 		20.6087 		25.6895
v 13.01 		20.6485 		25.7531
v 13.01 		20.7091 		25.7531
v 13.01 		20.8557 		25.0906
v 13.01 		22.1593 		25.0906
v 13.01 		22.1593 		25.6066
v 13.01 		22.134 		25.6066
v 13.01 		21.7146 		26.29
v 13.01 		21.7146 		28.7583
v 13.01 		21.712 		28.9055
v 13.01 		21.704 		29.045
v 13.01 		21.6906 		29.1767
v 13.01 		21.672 		29.3006
v 13.01 		21.648 		29.4169
v 13.01 		21.6186 		29.5253
v 13.01 		21.5858 		29.6266
v 13.01 		21.5479 		29.7213
v 13.01 		21.5049 		29.8095
v 13.01 		21.4569 		29.891
v 13.01 		21.4039 		29.966
v 13.01 		21.3458 		30.0343
v 13.01 		21.2811 		30.0944
v 13.01 		21.2116 		30.149
v 13.01 		21.1374 		30.1982
v 13.01 		21.0583 		30.242
v 13.01 		20.9746 		30.2803
v 13.01 		20.886 		30.3132
v 13.01 		20.7908 		30.3409
v 13.01 		20.6906 		30.3636
v 13.01 		20.5854 		30.3812
v 13.01 		20.475 		30.3938
v 13.01 		20.3597 		30.4014
v 13.01 		20.2392 		30.4039
v 13.01 		20.1409 		30.4023
v 13.01 		20.0444 		30.3977
v 13.01 		19.95 		30.3899
v 13.01 		19.8575 		30.3791
v 13.01 		19.767 		30.3651
v 13.01 		19.6784 		30.3481
v 13.01 		19.5926 		30.3278
v 13.01 		19.5105 		30.3039
v 13.01 		19.4321 		30.2766
v 13.01 		19.3573 		30.2458
v 13.01 		19.2861 		30.2116
v 13.01 		19.2186 		30.1738
v 13.01 		19.1553 		30.1323
v 13.01 		19.0968 		30.087
v 13.01 		19.043 		30.0378
v 13.01 		18.994 		29.9847
v 13.01 		18.9498 		29.9278
v 13.01 		18.9104 		29.867
v 13.01 		18.8749 		29.8021
v 13.01 		18.8458 		29.733
v 13.01 		18.8232 		29.6595
v 13.01 		18.8071 		29.5819
v 13.01 		18.7974 		29.4999
v 13.01 		18.7942 		29.4138
v 13.01 		18.8008 		29.301
v 13.01 		18.8206 		29.1999
v 13.01 		18.8536 		29.1104
v 13.01 		18.8997 		29.0326
v 13.01 		18.9591 		28.9663
v 13.01 		19.0317 		28.9117
v 13.01 		19.1174 		28.867
v 13.01 		19.2164 		28.8304
v 13.01 		19.3285 		28.8019
v 13.01 		19.4538 		28.7816
v 13.01 		19.5924 		28.7694
v 13.01 		19.7441 		28.7653
v 13.01 		19.7447 		28.8389
v 13.01 		19.5935 		26.6227
v 13.01 		19.6026 		26.2783
v 13.01 		22.0962 		25.6074
v 13.01 		19.7463 		28.9109
v 13.01 		19.6152 		26.1679
v 13.01 		22.0605 		25.6097
v 13.01 		19.5964 		26.7076
v 13.01 		19.6329 		26.0692
v 13.01 		21.7152 		26.2245
v 13.01 		19.7491 		28.9814
v 13.01 		19.6014 		26.7885
v 13.01 		19.6557 		25.982
v 13.01 		22.0266 		25.6136
v 13.01 		21.7169 		26.1629
v 13.01 		19.6082 		26.8656
v 13.01 		19.6835 		25.9065
v 13.01 		21.9948 		25.619
v 13.01 		19.7531 		29.0504
v 13.01 		19.6171 		26.9388
v 13.01 		19.7185 		25.8425
v 13.01 		21.9649 		25.626
v 13.01 		19.7581 		29.1178
v 13.01 		19.6279 		27.0082
v 13.01 		19.7598 		25.7902
v 13.01 		21.9369 		25.6345
v 13.01 		19.7643 		29.1837
v 13.01 		19.6411 		27.0717
v 13.01 		19.8072 		25.7496
v 13.01 		21.9094 		25.6473
v 13.01 		19.7736 		29.2451
v 13.01 		19.6571 		27.1321
v 13.01 		21.8842 		25.6624
v 13.01 		19.7845 		29.3037
v 13.01 		19.6759 		27.1894
v 13.01 		19.8609 		25.7205
v 13.01 		21.8612 		25.6798
v 13.01 		19.7971 		29.3597
v 13.01 		19.6975 		27.2437
v 13.01 		19.9207 		25.7031
v 13.01 		21.8404 		25.6996
v 13.01 		19.8115 		29.413
v 13.01 		19.7219 		27.2948
v 13.01 		19.9866 		25.6973
v 13.01 		21.8219 		25.7217
v 13.01 		19.8275 		29.4635
v 13.01 		19.7491 		27.3428
v 13.01 		20.0363 		25.6996
v 13.01 		21.8056 		25.7461
v 13.01 		19.8451 		29.5114
v 13.01 		19.7795 		27.3876
v 13.01 		20.0843 		25.7066
v 13.01 		21.7896 		25.7732
v 13.01 		19.8631 		29.5561
v 13.01 		19.8131 		27.4288
v 13.01 		20.1306 		25.7182
v 13.01 		19.8833 		29.5974
v 13.01 		19.8502 		27.4666
v 13.01 		20.1752 		25.7345
v 13.01 		21.7753 		25.8034
v 13.01 		19.9058 		29.6351
v 13.01 		20.2182 		25.7554
v 13.01 		21.7626 		25.8367
v 13.01 		19.9305 		29.6694
v 13.01 		19.8906 		27.5009
v 13.01 		20.2595 		25.7809
v 13.01 		21.7517 		25.8731
v 13.01 		19.9574 		29.7002
v 13.01 		19.9344 		27.5317
v 13.01 		20.2989 		25.8131
v 13.01 		21.7424 		25.9127
v 13.01 		19.9866 		29.7275
v 13.01 		19.9816 		27.559
v 13.01 		20.3364 		25.8491
v 13.01 		21.7348 		25.9553
v 13.01 		20.0182 		29.7531
v 13.01 		20.0305 		27.5846
v 13.01 		20.3719 		25.889
v 13.01 		21.7287 		26.0014
v 13.01 		20.0523 		29.774
v 13.01 		20.0832 		27.6055
v 13.01 		20.4054 		25.9328
v 13.01 		21.7236 		26.0513
v 13.01 		20.0889 		29.7903
v 13.01 		20.1395 		27.6218
v 13.01 		20.437 		25.9804
v 13.01 		21.7197 		26.1052
v 13.01 		20.1281 		29.8019
v 13.01 		20.1994 		27.6334
v 13.01 		20.4666 		26.032
v 13.01 		20.1698 		29.8089
v 13.01 		20.263 		27.6403
v 13.01 		20.4941 		26.0852
v 13.01 		20.214 		29.8112
v 13.01 		20.3302 		27.6427
v 13.01 		20.2596 		29.8089
v 13.01 		20.6485 		27.6427
v 13.01 		20.5194 		26.1428
v 13.01 		20.5424 		26.2045
v 13.01 		20.3021 		29.8019
v 13.01 		20.5632 		26.2706
v 13.01 		20.3416 		29.7903
v 13.01 		20.5817 		26.3409
v 13.01 		20.3779 		29.774
v 13.01 		20.598 		26.4155
v 13.01 		20.4112 		29.7531
v 13.01 		20.6134 		26.4914
v 13.01 		20.4414 		29.7275
v 13.01 		20.6261 		26.5704
v 13.01 		20.4703 		29.6979
v 13.01 		20.6359 		26.6525
v 13.01 		20.4964 		29.6648
v 13.01 		20.6429 		26.7378
v 13.01 		20.5197 		29.6282
v 13.01 		20.6471 		26.8261
v 13.01 		20.5402 		29.5881
v 13.01 		20.6485 		26.9175
v 13.01 		20.5578 		29.5445
v 13.01 		20.5727 		29.4974
v 13.01 		20.587 		29.4447
v 13.01 		20.5997 		29.389
v 13.01 		20.6485 		28.6886
v 13.01 		20.6106 		29.3301
v 13.01 		20.6481 		28.7688
v 13.01 		20.6199 		29.2681
v 13.01 		20.6468 		28.8466
v 13.01 		20.6275 		29.203
v 13.01 		20.6447 		28.9222
v 13.01 		20.6334 		29.1348
v 13.01 		20.6418 		28.9954
v 13.01 		20.638 		29.0663
# 1492 vertices

g group_18_4634441

usemtl color_4634441
s 0

f 145 	146 	147
f 148 	149 	145
f 150 	151 	148
f 152 	153 	150
f 154 	155 	152
f 156 	157 	154
f 158 	159 	156
f 160 	161 	158
f 162 	163 	160
f 164 	165 	162
f 166 	167 	164
f 168 	169 	166
f 170 	171 	168
f 172 	173 	174
f 173 	172 	175
f 176 	177 	178
f 179 	180 	176
f 181 	182 	183
f 184 	185 	181
f 186 	187 	184
f 188 	189 	186
f 190 	191 	188
f 192 	193 	190
f 194 	195 	192
f 196 	197 	194
f 198 	199 	196
f 200 	201 	198
f 202 	203 	200
f 204 	205 	202
f 145 	147 	204
f 150 	148 	145
f 154 	152 	150
f 158 	156 	154
f 162 	160 	158
f 166 	164 	162
f 170 	168 	166
f 172 	174 	206
f 173 	175 	207
f 176 	178 	208
f 209 	179 	176
f 184 	181 	183
f 188 	186 	184
f 192 	190 	188
f 196 	194 	192
f 200 	198 	196
f 204 	202 	200
f 150 	145 	204
f 158 	154 	150
f 166 	162 	158
f 210 	170 	166
f 172 	206 	211
f 173 	207 	212
f 176 	208 	213
f 214 	209 	176
f 188 	184 	183
f 196 	192 	188
f 204 	200 	196
f 158 	150 	204
f 210 	166 	158
f 172 	211 	215
f 173 	212 	216
f 176 	213 	217
f 218 	214 	176
f 196 	188 	183
f 158 	204 	196
f 219 	210 	158
f 172 	215 	220
f 221 	173 	216
f 176 	217 	222
f 223 	218 	176
f 224 	219 	158
f 172 	220 	225
f 176 	222 	226
f 227 	223 	176
f 228 	224 	158
f 172 	225 	229
f 176 	226 	230
f 231 	227 	176
f 232 	228 	158
f 172 	229 	233
f 176 	230 	234
f 235 	231 	176
f 236 	232 	158
f 172 	233 	237
f 176 	234 	238
f 239 	235 	176
f 240 	236 	158
f 172 	237 	241
f 176 	238 	242
f 243 	239 	176
f 244 	240 	158
f 245 	172 	241
f 176 	242 	246
f 247 	243 	176
f 248 	244 	158
f 245 	241 	249
f 176 	246 	250
f 251 	247 	176
f 252 	248 	158
f 245 	249 	253
f 251 	176 	250
f 254 	252 	158
f 245 	253 	255
f 251 	250 	256
f 257 	254 	158
f 245 	255 	257
f 251 	256 	258
f 245 	257 	158
f 251 	258 	259
f 260 	245 	158
f 251 	259 	261
f 262 	260 	158
f 251 	261 	263
f 264 	262 	158
f 251 	263 	265
f 266 	264 	158
f 251 	265 	267
f 268 	266 	158
f 251 	267 	269
f 270 	268 	158
f 251 	269 	271
f 272 	270 	158
f 251 	271 	273
f 274 	272 	158
f 251 	273 	275
f 276 	274 	158
f 251 	275 	221
f 277 	276 	158
f 278 	251 	221
f 279 	277 	158
f 280 	278 	221
f 281 	279 	158
f 282 	280 	221
f 283 	281 	158
f 284 	282 	221
f 285 	283 	158
f 286 	284 	221
f 285 	158 	196
f 287 	286 	221
f 288 	285 	196
f 289 	287 	221
f 290 	288 	196
f 291 	289 	221
f 292 	290 	196
f 293 	291 	221
f 294 	292 	196
f 295 	293 	221
f 296 	294 	196
f 297 	295 	221
f 298 	296 	196
f 299 	297 	221
f 300 	298 	196
f 301 	299 	221
f 302 	300 	196
f 303 	301 	221
f 304 	302 	196
f 183 	303 	221
f 305 	304 	196
f 183 	221 	216
f 306 	305 	196
f 183 	216 	307
f 308 	306 	196
f 183 	307 	309
f 310 	308 	196
f 183 	309 	311
f 312 	310 	196
f 183 	311 	313
f 314 	312 	196
f 183 	313 	315
f 316 	314 	196
f 183 	315 	317
f 318 	316 	196
f 196 	183 	317
f 319 	318 	196
f 196 	317 	320
f 321 	319 	196
f 196 	320 	322
f 323 	321 	196
f 196 	322 	324
f 325 	323 	196
f 196 	324 	326
f 326 	325 	196
f 327 	328 	329
f 329 	330 	331
f 331 	332 	333
f 333 	334 	335
f 335 	336 	337
f 337 	338 	339
f 339 	340 	341
f 341 	342 	343
f 343 	344 	345
f 345 	346 	347
f 347 	348 	349
f 349 	350 	351
f 351 	352 	353
f 354 	355 	356
f 357 	356 	355
f 358 	359 	360
f 360 	361 	362
f 363 	364 	365
f 365 	366 	367
f 367 	368 	369
f 369 	370 	371
f 371 	372 	373
f 373 	374 	375
f 375 	376 	377
f 377 	378 	379
f 379 	380 	381
f 381 	382 	383
f 383 	384 	385
f 385 	386 	387
f 387 	327 	329
f 329 	331 	333
f 333 	335 	337
f 337 	339 	341
f 341 	343 	345
f 345 	347 	349
f 349 	351 	353
f 388 	354 	356
f 389 	357 	355
f 390 	358 	360
f 360 	362 	391
f 363 	365 	367
f 367 	369 	371
f 371 	373 	375
f 375 	377 	379
f 379 	381 	383
f 383 	385 	387
f 387 	329 	333
f 333 	337 	341
f 341 	345 	349
f 349 	353 	392
f 393 	388 	356
f 394 	389 	355
f 395 	390 	360
f 360 	391 	396
f 363 	367 	371
f 371 	375 	379
f 379 	383 	387
f 387 	333 	341
f 341 	349 	392
f 397 	393 	356
f 398 	394 	355
f 399 	395 	360
f 360 	396 	400
f 363 	371 	379
f 379 	387 	341
f 341 	392 	401
f 402 	397 	356
f 398 	355 	403
f 404 	399 	360
f 360 	400 	405
f 341 	401 	406
f 407 	402 	356
f 408 	404 	360
f 360 	405 	409
f 341 	406 	410
f 411 	407 	356
f 412 	408 	360
f 360 	409 	413
f 341 	410 	414
f 415 	411 	356
f 416 	412 	360
f 360 	413 	417
f 341 	414 	418
f 419 	415 	356
f 420 	416 	360
f 360 	417 	421
f 341 	418 	422
f 423 	419 	356
f 424 	420 	360
f 360 	421 	425
f 341 	422 	426
f 423 	356 	427
f 428 	424 	360
f 360 	425 	429
f 341 	426 	430
f 431 	423 	427
f 432 	428 	360
f 360 	429 	433
f 341 	430 	434
f 435 	431 	427
f 432 	360 	433
f 341 	434 	436
f 437 	435 	427
f 438 	432 	433
f 341 	436 	439
f 439 	437 	427
f 440 	438 	433
f 341 	439 	427
f 441 	440 	433
f 341 	427 	442
f 443 	441 	433
f 341 	442 	444
f 445 	443 	433
f 341 	444 	446
f 447 	445 	433
f 341 	446 	448
f 449 	447 	433
f 341 	448 	450
f 451 	449 	433
f 341 	450 	452
f 453 	451 	433
f 341 	452 	454
f 455 	453 	433
f 341 	454 	456
f 457 	455 	433
f 341 	456 	458
f 403 	457 	433
f 341 	458 	459
f 403 	433 	460
f 341 	459 	461
f 403 	460 	462
f 341 	461 	463
f 403 	462 	464
f 341 	463 	465
f 403 	464 	466
f 341 	465 	467
f 403 	466 	468
f 379 	341 	467
f 403 	468 	469
f 379 	467 	470
f 403 	469 	471
f 379 	470 	472
f 403 	471 	473
f 379 	472 	474
f 403 	473 	475
f 379 	474 	476
f 403 	475 	477
f 379 	476 	478
f 403 	477 	479
f 379 	478 	480
f 403 	479 	481
f 379 	480 	482
f 403 	481 	483
f 379 	482 	484
f 403 	483 	485
f 379 	484 	486
f 403 	485 	363
f 379 	486 	487
f 398 	403 	363
f 379 	487 	488
f 489 	398 	363
f 379 	488 	490
f 491 	489 	363
f 379 	490 	492
f 493 	491 	363
f 379 	492 	494
f 495 	493 	363
f 379 	494 	496
f 497 	495 	363
f 379 	496 	498
f 499 	497 	363
f 379 	498 	500
f 499 	363 	379
f 379 	500 	501
f 502 	499 	379
f 379 	501 	503
f 504 	502 	379
f 379 	503 	505
f 506 	504 	379
f 379 	505 	507
f 508 	506 	379
f 379 	507 	508
f 146 	145 	328
f 145 	329 	328
f 145 	149 	329
f 149 	330 	329
f 149 	148 	330
f 148 	331 	330
f 148 	151 	331
f 151 	332 	331
f 151 	150 	332
f 150 	333 	332
f 150 	153 	333
f 153 	334 	333
f 153 	152 	334
f 152 	335 	334
f 152 	155 	335
f 155 	336 	335
f 155 	154 	336
f 154 	337 	336
f 154 	157 	337
f 157 	338 	337
f 157 	156 	338
f 156 	339 	338
f 156 	159 	339
f 159 	340 	339
f 159 	158 	340
f 158 	341 	340
f 158 	161 	341
f 161 	342 	341
f 161 	160 	342
f 160 	343 	342
f 160 	163 	343
f 163 	344 	343
f 163 	162 	344
f 162 	345 	344
f 162 	165 	345
f 165 	346 	345
f 165 	164 	346
f 164 	347 	346
f 164 	167 	347
f 167 	348 	347
f 167 	166 	348
f 166 	349 	348
f 166 	169 	349
f 169 	350 	349
f 169 	168 	350
f 168 	351 	350
f 168 	171 	351
f 171 	352 	351
f 171 	170 	352
f 170 	353 	352
f 170 	210 	353
f 210 	392 	353
f 210 	219 	392
f 219 	401 	392
f 219 	224 	401
f 224 	406 	401
f 224 	228 	406
f 228 	410 	406
f 228 	232 	410
f 232 	414 	410
f 232 	236 	414
f 236 	418 	414
f 236 	240 	418
f 240 	422 	418
f 240 	244 	422
f 244 	426 	422
f 244 	248 	426
f 248 	430 	426
f 248 	252 	430
f 252 	434 	430
f 252 	254 	434
f 254 	436 	434
f 254 	257 	436
f 257 	439 	436
f 257 	255 	439
f 255 	437 	439
f 255 	253 	437
f 253 	435 	437
f 253 	249 	435
f 249 	431 	435
f 249 	241 	431
f 241 	423 	431
f 241 	237 	423
f 237 	419 	423
f 237 	233 	419
f 233 	415 	419
f 233 	229 	415
f 229 	411 	415
f 229 	225 	411
f 225 	407 	411
f 225 	220 	407
f 220 	402 	407
f 220 	215 	402
f 215 	397 	402
f 215 	211 	397
f 211 	393 	397
f 211 	206 	393
f 206 	388 	393
f 206 	174 	388
f 174 	354 	388
f 174 	173 	354
f 173 	355 	354
f 173 	221 	355
f 221 	403 	355
f 221 	275 	403
f 275 	457 	403
f 275 	273 	457
f 273 	455 	457
f 273 	271 	455
f 271 	453 	455
f 271 	269 	453
f 269 	451 	453
f 269 	267 	451
f 267 	449 	451
f 267 	265 	449
f 265 	447 	449
f 265 	263 	447
f 263 	445 	447
f 263 	261 	445
f 261 	443 	445
f 261 	259 	443
f 259 	441 	443
f 259 	258 	441
f 258 	440 	441
f 258 	256 	440
f 256 	438 	440
f 256 	250 	438
f 250 	432 	438
f 250 	246 	432
f 246 	428 	432
f 246 	242 	428
f 242 	424 	428
f 242 	238 	424
f 238 	420 	424
f 238 	234 	420
f 234 	416 	420
f 234 	230 	416
f 230 	412 	416
f 230 	226 	412
f 226 	408 	412
f 226 	222 	408
f 222 	404 	408
f 222 	217 	404
f 217 	399 	404
f 217 	213 	399
f 213 	395 	399
f 213 	208 	395
f 208 	390 	395
f 208 	178 	390
f 178 	358 	390
f 178 	177 	358
f 177 	359 	358
f 177 	176 	359
f 176 	360 	359
f 176 	180 	360
f 180 	361 	360
f 180 	179 	361
f 179 	362 	361
f 179 	209 	362
f 209 	391 	362
f 209 	214 	391
f 214 	396 	391
f 214 	218 	396
f 218 	400 	396
f 218 	223 	400
f 223 	405 	400
f 223 	227 	405
f 227 	409 	405
f 227 	231 	409
f 231 	413 	409
f 231 	235 	413
f 235 	417 	413
f 235 	239 	417
f 239 	421 	417
f 239 	243 	421
f 243 	425 	421
f 243 	247 	425
f 247 	429 	425
f 247 	251 	429
f 251 	433 	429
f 251 	278 	433
f 278 	460 	433
f 278 	280 	460
f 280 	462 	460
f 280 	282 	462
f 282 	464 	462
f 282 	284 	464
f 284 	466 	464
f 284 	286 	466
f 286 	468 	466
f 286 	287 	468
f 287 	469 	468
f 287 	289 	469
f 289 	471 	469
f 289 	291 	471
f 291 	473 	471
f 291 	293 	473
f 293 	475 	473
f 293 	295 	475
f 295 	477 	475
f 295 	297 	477
f 297 	479 	477
f 297 	299 	479
f 299 	481 	479
f 299 	301 	481
f 301 	483 	481
f 301 	303 	483
f 303 	485 	483
f 303 	183 	485
f 183 	363 	485
f 183 	182 	363
f 182 	364 	363
f 182 	181 	364
f 181 	365 	364
f 181 	185 	365
f 185 	366 	365
f 185 	184 	366
f 184 	367 	366
f 184 	187 	367
f 187 	368 	367
f 187 	186 	368
f 186 	369 	368
f 186 	189 	369
f 189 	370 	369
f 189 	188 	370
f 188 	371 	370
f 188 	191 	371
f 191 	372 	371
f 191 	190 	372
f 190 	373 	372
f 190 	193 	373
f 193 	374 	373
f 193 	192 	374
f 192 	375 	374
f 192 	195 	375
f 195 	376 	375
f 195 	194 	376
f 194 	377 	376
f 194 	197 	377
f 197 	378 	377
f 197 	196 	378
f 196 	379 	378
f 196 	199 	379
f 199 	380 	379
f 199 	198 	380
f 198 	381 	380
f 198 	201 	381
f 201 	382 	381
f 201 	200 	382
f 200 	383 	382
f 200 	203 	383
f 203 	384 	383
f 203 	202 	384
f 202 	385 	384
f 202 	205 	385
f 205 	386 	385
f 205 	204 	386
f 204 	387 	386
f 204 	147 	387
f 147 	327 	387
f 147 	146 	327
f 146 	328 	327
f 245 	260 	427
f 260 	442 	427
f 260 	262 	442
f 262 	444 	442
f 262 	264 	444
f 264 	446 	444
f 264 	266 	446
f 266 	448 	446
f 266 	268 	448
f 268 	450 	448
f 268 	270 	450
f 270 	452 	450
f 270 	272 	452
f 272 	454 	452
f 272 	274 	454
f 274 	456 	454
f 274 	276 	456
f 276 	458 	456
f 276 	277 	458
f 277 	459 	458
f 277 	279 	459
f 279 	461 	459
f 279 	281 	461
f 281 	463 	461
f 281 	283 	463
f 283 	465 	463
f 283 	285 	465
f 285 	467 	465
f 285 	288 	467
f 288 	470 	467
f 288 	290 	470
f 290 	472 	470
f 290 	292 	472
f 292 	474 	472
f 292 	294 	474
f 294 	476 	474
f 294 	296 	476
f 296 	478 	476
f 296 	298 	478
f 298 	480 	478
f 298 	300 	480
f 300 	482 	480
f 300 	302 	482
f 302 	484 	482
f 302 	304 	484
f 304 	486 	484
f 304 	305 	486
f 305 	487 	486
f 305 	306 	487
f 306 	488 	487
f 306 	308 	488
f 308 	490 	488
f 308 	310 	490
f 310 	492 	490
f 310 	312 	492
f 312 	494 	492
f 312 	314 	494
f 314 	496 	494
f 314 	316 	496
f 316 	498 	496
f 316 	318 	498
f 318 	500 	498
f 318 	319 	500
f 319 	501 	500
f 319 	321 	501
f 321 	503 	501
f 321 	323 	503
f 323 	505 	503
f 323 	325 	505
f 325 	507 	505
f 325 	326 	507
f 326 	508 	507
f 326 	324 	508
f 324 	506 	508
f 324 	322 	506
f 322 	504 	506
f 322 	320 	504
f 320 	502 	504
f 320 	317 	502
f 317 	499 	502
f 317 	315 	499
f 315 	497 	499
f 315 	313 	497
f 313 	495 	497
f 313 	311 	495
f 311 	493 	495
f 311 	309 	493
f 309 	491 	493
f 309 	307 	491
f 307 	489 	491
f 307 	216 	489
f 216 	398 	489
f 216 	212 	398
f 212 	394 	398
f 212 	207 	394
f 207 	389 	394
f 207 	175 	389
f 175 	357 	389
f 175 	172 	357
f 172 	356 	357
f 172 	245 	356
f 245 	427 	356
f 509 	510 	511
f 512 	513 	509
f 514 	515 	512
f 516 	517 	514
f 518 	519 	516
f 520 	521 	518
f 522 	523 	520
f 524 	525 	522
f 526 	527 	524
f 528 	529 	526
f 530 	531 	528
f 532 	533 	530
f 534 	535 	532
f 536 	537 	534
f 538 	539 	536
f 540 	541 	538
f 542 	543 	540
f 544 	545 	542
f 546 	547 	544
f 548 	549 	546
f 550 	551 	548
f 552 	553 	550
f 554 	555 	552
f 556 	557 	554
f 558 	559 	556
f 560 	561 	558
f 562 	563 	560
f 564 	565 	562
f 566 	567 	564
f 568 	569 	566
f 570 	571 	568
f 572 	573 	570
f 574 	575 	572
f 576 	577 	574
f 578 	579 	576
f 580 	581 	578
f 582 	583 	580
f 584 	585 	582
f 586 	587 	584
f 588 	589 	586
f 590 	591 	588
f 592 	593 	590
f 594 	595 	592
f 596 	597 	594
f 598 	599 	596
f 600 	601 	598
f 602 	603 	600
f 511 	604 	602
f 512 	509 	511
f 516 	514 	512
f 520 	518 	516
f 524 	522 	520
f 528 	526 	524
f 532 	530 	528
f 536 	534 	532
f 540 	538 	536
f 544 	542 	540
f 548 	546 	544
f 552 	550 	548
f 556 	554 	552
f 560 	558 	556
f 564 	562 	560
f 568 	566 	564
f 572 	570 	568
f 576 	574 	572
f 580 	578 	576
f 584 	582 	580
f 588 	586 	584
f 592 	590 	588
f 596 	594 	592
f 600 	598 	596
f 511 	602 	600
f 516 	512 	511
f 524 	520 	516
f 532 	528 	524
f 540 	536 	532
f 548 	544 	540
f 556 	552 	548
f 564 	560 	556
f 572 	568 	564
f 580 	576 	572
f 588 	584 	580
f 596 	592 	588
f 511 	600 	596
f 524 	516 	511
f 540 	532 	524
f 556 	548 	540
f 572 	564 	556
f 588 	580 	572
f 511 	596 	588
f 540 	524 	511
f 572 	556 	540
f 511 	588 	572
f 572 	540 	511
f 605 	606 	607
f 607 	608 	609
f 609 	610 	611
f 611 	612 	613
f 613 	614 	615
f 615 	616 	617
f 617 	618 	619
f 619 	620 	621
f 621 	622 	623
f 623 	624 	625
f 625 	626 	627
f 627 	628 	629
f 629 	630 	631
f 631 	632 	633
f 633 	634 	635
f 635 	636 	637
f 637 	638 	639
f 639 	640 	641
f 641 	642 	643
f 643 	644 	645
f 645 	646 	647
f 647 	648 	649
f 649 	650 	651
f 651 	652 	653
f 653 	654 	655
f 655 	656 	657
f 657 	658 	659
f 659 	660 	661
f 661 	662 	663
f 663 	664 	665
f 665 	666 	667
f 667 	668 	669
f 669 	670 	671
f 671 	672 	673
f 673 	674 	675
f 675 	676 	677
f 677 	678 	679
f 679 	680 	681
f 681 	682 	683
f 683 	684 	685
f 685 	686 	687
f 687 	688 	689
f 689 	690 	691
f 691 	692 	693
f 693 	694 	695
f 695 	696 	697
f 697 	698 	699
f 699 	700 	605
f 605 	607 	609
f 609 	611 	613
f 613 	615 	617
f 617 	619 	621
f 621 	623 	625
f 625 	627 	629
f 629 	631 	633
f 633 	635 	637
f 637 	639 	641
f 641 	643 	645
f 645 	647 	649
f 649 	651 	653
f 653 	655 	657
f 657 	659 	661
f 661 	663 	665
f 665 	667 	669
f 669 	671 	673
f 673 	675 	677
f 677 	679 	681
f 681 	683 	685
f 685 	687 	689
f 689 	691 	693
f 693 	695 	697
f 697 	699 	605
f 605 	609 	613
f 613 	617 	621
f 621 	625 	629
f 629 	633 	637
f 637 	641 	645
f 645 	649 	653
f 653 	657 	661
f 661 	665 	669
f 669 	673 	677
f 677 	681 	685
f 685 	689 	693
f 693 	697 	605
f 605 	613 	621
f 621 	629 	637
f 637 	645 	653
f 653 	661 	669
f 669 	677 	685
f 685 	693 	605
f 605 	621 	637
f 637 	653 	669
f 669 	685 	605
f 605 	637 	669
f 509 	513 	607
f 513 	608 	607
f 513 	512 	608
f 512 	609 	608
f 512 	515 	609
f 515 	610 	609
f 515 	514 	610
f 514 	611 	610
f 514 	517 	611
f 517 	612 	611
f 517 	516 	612
f 516 	613 	612
f 516 	519 	613
f 519 	614 	613
f 519 	518 	614
f 518 	615 	614
f 518 	521 	615
f 521 	616 	615
f 521 	520 	616
f 520 	617 	616
f 520 	523 	617
f 523 	618 	617
f 523 	522 	618
f 522 	619 	618
f 522 	525 	619
f 525 	620 	619
f 525 	524 	620
f 524 	621 	620
f 524 	527 	621
f 527 	622 	621
f 527 	526 	622
f 526 	623 	622
f 526 	529 	623
f 529 	624 	623
f 529 	528 	624
f 528 	625 	624
f 528 	531 	625
f 531 	626 	625
f 531 	530 	626
f 530 	627 	626
f 530 	533 	627
f 533 	628 	627
f 533 	532 	628
f 532 	629 	628
f 532 	535 	629
f 535 	630 	629
f 535 	534 	630
f 534 	631 	630
f 534 	537 	631
f 537 	632 	631
f 537 	536 	632
f 536 	633 	632
f 536 	539 	633
f 539 	634 	633
f 539 	538 	634
f 538 	635 	634
f 538 	541 	635
f 541 	636 	635
f 541 	540 	636
f 540 	637 	636
f 540 	543 	637
f 543 	638 	637
f 543 	542 	638
f 542 	639 	638
f 542 	545 	639
f 545 	640 	639
f 545 	544 	640
f 544 	641 	640
f 544 	547 	641
f 547 	642 	641
f 547 	546 	642
f 546 	643 	642
f 546 	549 	643
f 549 	644 	643
f 549 	548 	644
f 548 	645 	644
f 548 	551 	645
f 551 	646 	645
f 551 	550 	646
f 550 	647 	646
f 550 	553 	647
f 553 	648 	647
f 553 	552 	648
f 552 	649 	648
f 552 	555 	649
f 555 	650 	649
f 555 	554 	650
f 554 	651 	650
f 554 	557 	651
f 557 	652 	651
f 557 	556 	652
f 556 	653 	652
f 556 	559 	653
f 559 	654 	653
f 559 	558 	654
f 558 	655 	654
f 558 	561 	655
f 561 	656 	655
f 561 	560 	656
f 560 	657 	656
f 560 	563 	657
f 563 	658 	657
f 563 	562 	658
f 562 	659 	658
f 562 	565 	659
f 565 	660 	659
f 565 	564 	660
f 564 	661 	660
f 564 	567 	661
f 567 	662 	661
f 567 	566 	662
f 566 	663 	662
f 566 	569 	663
f 569 	664 	663
f 569 	568 	664
f 568 	665 	664
f 568 	571 	665
f 571 	666 	665
f 571 	570 	666
f 570 	667 	666
f 570 	573 	667
f 573 	668 	667
f 573 	572 	668
f 572 	669 	668
f 572 	575 	669
f 575 	670 	669
f 575 	574 	670
f 574 	671 	670
f 574 	577 	671
f 577 	672 	671
f 577 	576 	672
f 576 	673 	672
f 576 	579 	673
f 579 	674 	673
f 579 	578 	674
f 578 	675 	674
f 578 	581 	675
f 581 	676 	675
f 581 	580 	676
f 580 	677 	676
f 580 	583 	677
f 583 	678 	677
f 583 	582 	678
f 582 	679 	678
f 582 	585 	679
f 585 	680 	679
f 585 	584 	680
f 584 	681 	680
f 584 	587 	681
f 587 	682 	681
f 587 	586 	682
f 586 	683 	682
f 586 	589 	683
f 589 	684 	683
f 589 	588 	684
f 588 	685 	684
f 588 	591 	685
f 591 	686 	685
f 591 	590 	686
f 590 	687 	686
f 590 	593 	687
f 593 	688 	687
f 593 	592 	688
f 592 	689 	688
f 592 	595 	689
f 595 	690 	689
f 595 	594 	690
f 594 	691 	690
f 594 	597 	691
f 597 	692 	691
f 597 	596 	692
f 596 	693 	692
f 596 	599 	693
f 599 	694 	693
f 599 	598 	694
f 598 	695 	694
f 598 	601 	695
f 601 	696 	695
f 601 	600 	696
f 600 	697 	696
f 600 	603 	697
f 603 	698 	697
f 603 	602 	698
f 602 	699 	698
f 602 	604 	699
f 604 	700 	699
f 604 	511 	700
f 511 	605 	700
f 511 	510 	605
f 510 	606 	605
f 510 	509 	606
f 509 	607 	606
f 701 	702 	703
f 704 	705 	701
f 706 	707 	708
f 701 	703 	709
f 710 	704 	701
f 711 	706 	708
f 701 	709 	712
f 713 	710 	701
f 714 	711 	708
f 701 	712 	715
f 716 	713 	701
f 717 	714 	708
f 701 	715 	718
f 719 	716 	701
f 720 	717 	708
f 701 	718 	721
f 722 	719 	701
f 723 	720 	708
f 701 	721 	724
f 725 	722 	701
f 726 	723 	708
f 701 	724 	727
f 728 	725 	701
f 729 	726 	708
f 701 	727 	730
f 731 	728 	701
f 732 	729 	708
f 701 	730 	733
f 734 	731 	701
f 735 	732 	708
f 701 	733 	736
f 737 	734 	701
f 738 	735 	708
f 701 	736 	739
f 740 	737 	701
f 741 	738 	708
f 701 	739 	742
f 743 	740 	701
f 744 	741 	708
f 701 	742 	745
f 746 	743 	701
f 747 	744 	708
f 701 	745 	748
f 749 	746 	701
f 750 	747 	708
f 701 	748 	751
f 752 	749 	701
f 753 	750 	708
f 752 	701 	751
f 754 	753 	708
f 752 	751 	755
f 756 	754 	708
f 752 	755 	757
f 758 	756 	708
f 752 	757 	759
f 760 	758 	708
f 752 	759 	761
f 762 	760 	708
f 752 	761 	763
f 762 	708 	764
f 752 	763 	765
f 762 	764 	766
f 752 	765 	767
f 762 	766 	768
f 752 	767 	769
f 762 	768 	770
f 752 	769 	771
f 762 	770 	772
f 773 	752 	771
f 762 	772 	774
f 775 	773 	771
f 762 	774 	776
f 777 	775 	771
f 778 	762 	776
f 776 	777 	771
f 779 	778 	776
f 776 	771 	780
f 781 	779 	776
f 776 	780 	782
f 782 	781 	776
f 783 	784 	785
f 785 	786 	787
f 788 	789 	790
f 791 	783 	785
f 785 	787 	792
f 788 	790 	793
f 794 	791 	785
f 785 	792 	795
f 788 	793 	796
f 797 	794 	785
f 785 	795 	798
f 788 	796 	799
f 800 	797 	785
f 785 	798 	801
f 788 	799 	802
f 803 	800 	785
f 785 	801 	804
f 788 	802 	805
f 806 	803 	785
f 785 	804 	807
f 788 	805 	808
f 809 	806 	785
f 785 	807 	810
f 788 	808 	811
f 812 	809 	785
f 785 	810 	813
f 788 	811 	814
f 815 	812 	785
f 785 	813 	816
f 788 	814 	817
f 818 	815 	785
f 785 	816 	819
f 788 	817 	820
f 821 	818 	785
f 785 	819 	822
f 788 	820 	823
f 824 	821 	785
f 785 	822 	825
f 788 	823 	826
f 827 	824 	785
f 785 	825 	828
f 788 	826 	829
f 830 	827 	785
f 785 	828 	831
f 788 	829 	832
f 833 	830 	785
f 785 	831 	834
f 788 	832 	835
f 833 	785 	834
f 788 	835 	836
f 837 	833 	834
f 788 	836 	838
f 839 	837 	834
f 788 	838 	840
f 841 	839 	834
f 788 	840 	842
f 843 	841 	834
f 788 	842 	844
f 845 	843 	834
f 846 	788 	844
f 847 	845 	834
f 848 	846 	844
f 849 	847 	834
f 850 	848 	844
f 851 	849 	834
f 852 	850 	844
f 853 	851 	834
f 854 	852 	844
f 853 	834 	855
f 856 	854 	844
f 853 	855 	857
f 858 	856 	844
f 853 	857 	859
f 858 	844 	860
f 853 	859 	858
f 858 	860 	861
f 862 	853 	858
f 858 	861 	863
f 864 	862 	858
f 858 	863 	864
f 702 	701 	784
f 701 	785 	784
f 701 	705 	785
f 705 	786 	785
f 705 	704 	786
f 704 	787 	786
f 704 	710 	787
f 710 	792 	787
f 710 	713 	792
f 713 	795 	792
f 713 	716 	795
f 716 	798 	795
f 716 	719 	798
f 719 	801 	798
f 719 	722 	801
f 722 	804 	801
f 722 	725 	804
f 725 	807 	804
f 725 	728 	807
f 728 	810 	807
f 728 	731 	810
f 731 	813 	810
f 731 	734 	813
f 734 	816 	813
f 734 	737 	816
f 737 	819 	816
f 737 	740 	819
f 740 	822 	819
f 740 	743 	822
f 743 	825 	822
f 743 	746 	825
f 746 	828 	825
f 746 	749 	828
f 749 	831 	828
f 749 	752 	831
f 752 	834 	831
f 752 	773 	834
f 773 	855 	834
f 773 	775 	855
f 775 	857 	855
f 775 	777 	857
f 777 	859 	857
f 777 	776 	859
f 776 	858 	859
f 776 	774 	858
f 774 	856 	858
f 774 	772 	856
f 772 	854 	856
f 772 	770 	854
f 770 	852 	854
f 770 	768 	852
f 768 	850 	852
f 768 	766 	850
f 766 	848 	850
f 766 	764 	848
f 764 	846 	848
f 764 	708 	846
f 708 	788 	846
f 708 	707 	788
f 707 	789 	788
f 707 	706 	789
f 706 	790 	789
f 706 	711 	790
f 711 	793 	790
f 711 	714 	793
f 714 	796 	793
f 714 	717 	796
f 717 	799 	796
f 717 	720 	799
f 720 	802 	799
f 720 	723 	802
f 723 	805 	802
f 723 	726 	805
f 726 	808 	805
f 726 	729 	808
f 729 	811 	808
f 729 	732 	811
f 732 	814 	811
f 732 	735 	814
f 735 	817 	814
f 735 	738 	817
f 738 	820 	817
f 738 	741 	820
f 741 	823 	820
f 741 	744 	823
f 744 	826 	823
f 744 	747 	826
f 747 	829 	826
f 747 	750 	829
f 750 	832 	829
f 750 	753 	832
f 753 	835 	832
f 753 	754 	835
f 754 	836 	835
f 754 	756 	836
f 756 	838 	836
f 756 	758 	838
f 758 	840 	838
f 758 	760 	840
f 760 	842 	840
f 760 	762 	842
f 762 	844 	842
f 762 	778 	844
f 778 	860 	844
f 778 	779 	860
f 779 	861 	860
f 779 	781 	861
f 781 	863 	861
f 781 	782 	863
f 782 	864 	863
f 782 	780 	864
f 780 	862 	864
f 780 	771 	862
f 771 	853 	862
f 771 	769 	853
f 769 	851 	853
f 769 	767 	851
f 767 	849 	851
f 767 	765 	849
f 765 	847 	849
f 765 	763 	847
f 763 	845 	847
f 763 	761 	845
f 761 	843 	845
f 761 	759 	843
f 759 	841 	843
f 759 	757 	841
f 757 	839 	841
f 757 	755 	839
f 755 	837 	839
f 755 	751 	837
f 751 	833 	837
f 751 	748 	833
f 748 	830 	833
f 748 	745 	830
f 745 	827 	830
f 745 	742 	827
f 742 	824 	827
f 742 	739 	824
f 739 	821 	824
f 739 	736 	821
f 736 	818 	821
f 736 	733 	818
f 733 	815 	818
f 733 	730 	815
f 730 	812 	815
f 730 	727 	812
f 727 	809 	812
f 727 	724 	809
f 724 	806 	809
f 724 	721 	806
f 721 	803 	806
f 721 	718 	803
f 718 	800 	803
f 718 	715 	800
f 715 	797 	800
f 715 	712 	797
f 712 	794 	797
f 712 	709 	794
f 709 	791 	794
f 709 	703 	791
f 703 	783 	791
f 703 	702 	783
f 702 	784 	783
f 865 	866 	867
f 868 	869 	870
f 871 	872 	873
f 874 	875 	876
f 877 	868 	870
f 878 	874 	876
f 879 	877 	870
f 880 	878 	876
f 881 	879 	870
f 882 	880 	876
f 883 	881 	870
f 884 	882 	876
f 885 	883 	870
f 886 	884 	876
f 887 	885 	870
f 888 	886 	876
f 889 	887 	870
f 890 	888 	876
f 891 	889 	870
f 892 	890 	876
f 893 	891 	870
f 894 	892 	876
f 895 	893 	870
f 896 	894 	876
f 897 	895 	870
f 898 	896 	876
f 899 	897 	870
f 900 	898 	876
f 901 	899 	870
f 902 	900 	876
f 903 	901 	870
f 904 	902 	876
f 905 	903 	870
f 906 	904 	876
f 907 	905 	870
f 908 	906 	876
f 909 	907 	870
f 910 	908 	876
f 911 	909 	870
f 912 	910 	876
f 913 	911 	870
f 914 	912 	876
f 915 	913 	870
f 916 	914 	876
f 917 	915 	870
f 918 	916 	876
f 919 	917 	870
f 920 	918 	876
f 919 	870 	865
f 920 	876 	871
f 921 	919 	865
f 922 	920 	871
f 923 	921 	865
f 924 	922 	871
f 925 	923 	865
f 926 	924 	871
f 873 	925 	865
f 867 	926 	871
f 873 	865 	867
f 867 	871 	873
f 927 	928 	929
f 930 	931 	932
f 933 	934 	935
f 936 	937 	938
f 930 	932 	939
f 936 	938 	940
f 930 	939 	941
f 936 	940 	942
f 930 	941 	943
f 936 	942 	944
f 930 	943 	945
f 936 	944 	946
f 930 	945 	947
f 936 	946 	948
f 930 	947 	949
f 936 	948 	950
f 930 	949 	951
f 936 	950 	952
f 930 	951 	953
f 936 	952 	954
f 930 	953 	955
f 936 	954 	956
f 930 	955 	957
f 936 	956 	958
f 930 	957 	959
f 936 	958 	960
f 930 	959 	961
f 936 	960 	962
f 930 	961 	963
f 936 	962 	964
f 930 	963 	965
f 936 	964 	966
f 930 	965 	967
f 936 	966 	968
f 930 	967 	969
f 936 	968 	970
f 930 	969 	971
f 936 	970 	972
f 930 	971 	973
f 936 	972 	974
f 930 	973 	975
f 936 	974 	976
f 930 	975 	977
f 936 	976 	978
f 930 	977 	979
f 936 	978 	980
f 930 	979 	981
f 936 	980 	982
f 929 	930 	981
f 935 	936 	982
f 929 	981 	983
f 935 	982 	984
f 929 	983 	985
f 935 	984 	986
f 929 	985 	987
f 935 	986 	988
f 929 	987 	933
f 935 	988 	927
f 927 	929 	933
f 933 	935 	927
f 867 	866 	927
f 866 	928 	927
f 866 	865 	928
f 865 	929 	928
f 865 	870 	929
f 870 	930 	929
f 870 	869 	930
f 869 	931 	930
f 869 	868 	931
f 868 	932 	931
f 868 	877 	932
f 877 	939 	932
f 877 	879 	939
f 879 	941 	939
f 879 	881 	941
f 881 	943 	941
f 881 	883 	943
f 883 	945 	943
f 883 	885 	945
f 885 	947 	945
f 885 	887 	947
f 887 	949 	947
f 887 	889 	949
f 889 	951 	949
f 889 	891 	951
f 891 	953 	951
f 891 	893 	953
f 893 	955 	953
f 893 	895 	955
f 895 	957 	955
f 895 	897 	957
f 897 	959 	957
f 897 	899 	959
f 899 	961 	959
f 899 	901 	961
f 901 	963 	961
f 901 	903 	963
f 903 	965 	963
f 903 	905 	965
f 905 	967 	965
f 905 	907 	967
f 907 	969 	967
f 907 	909 	969
f 909 	971 	969
f 909 	911 	971
f 911 	973 	971
f 911 	913 	973
f 913 	975 	973
f 913 	915 	975
f 915 	977 	975
f 915 	917 	977
f 917 	979 	977
f 917 	919 	979
f 919 	981 	979
f 919 	921 	981
f 921 	983 	981
f 921 	923 	983
f 923 	985 	983
f 923 	925 	985
f 925 	987 	985
f 925 	873 	987
f 873 	933 	987
f 873 	872 	933
f 872 	934 	933
f 872 	871 	934
f 871 	935 	934
f 871 	876 	935
f 876 	936 	935
f 876 	875 	936
f 875 	937 	936
f 875 	874 	937
f 874 	938 	937
f 874 	878 	938
f 878 	940 	938
f 878 	880 	940
f 880 	942 	940
f 880 	882 	942
f 882 	944 	942
f 882 	884 	944
f 884 	946 	944
f 884 	886 	946
f 886 	948 	946
f 886 	888 	948
f 888 	950 	948
f 888 	890 	950
f 890 	952 	950
f 890 	892 	952
f 892 	954 	952
f 892 	894 	954
f 894 	956 	954
f 894 	896 	956
f 896 	958 	956
f 896 	898 	958
f 898 	960 	958
f 898 	900 	960
f 900 	962 	960
f 900 	902 	962
f 902 	964 	962
f 902 	904 	964
f 904 	966 	964
f 904 	906 	966
f 906 	968 	966
f 906 	908 	968
f 908 	970 	968
f 908 	910 	970
f 910 	972 	970
f 910 	912 	972
f 912 	974 	972
f 912 	914 	974
f 914 	976 	974
f 914 	916 	976
f 916 	978 	976
f 916 	918 	978
f 918 	980 	978
f 918 	920 	980
f 920 	982 	980
f 920 	922 	982
f 922 	984 	982
f 922 	924 	984
f 924 	986 	984
f 924 	926 	986
f 926 	988 	986
f 926 	867 	988
f 867 	927 	988
f 989 	990 	991
f 992 	993 	994
f 995 	996 	997
f 998 	999 	1000
f 1001 	992 	994
f 1002 	998 	1000
f 1003 	1001 	994
f 1004 	1002 	1000
f 1005 	1003 	994
f 1006 	1004 	1000
f 1007 	1005 	994
f 1008 	1006 	1000
f 1009 	1007 	994
f 1010 	1008 	1000
f 1011 	1009 	994
f 1012 	1010 	1000
f 1013 	1011 	994
f 1014 	1012 	1000
f 1015 	1013 	994
f 1016 	1014 	1000
f 1017 	1015 	994
f 1018 	1016 	1000
f 1019 	1017 	994
f 1020 	1018 	1000
f 1021 	1019 	994
f 1022 	1020 	1000
f 1023 	1021 	994
f 1024 	1022 	1000
f 1025 	1023 	994
f 1026 	1024 	1000
f 1027 	1025 	994
f 1028 	1026 	1000
f 1029 	1027 	994
f 1030 	1028 	1000
f 1031 	1029 	994
f 1032 	1030 	1000
f 1033 	1031 	994
f 1034 	1032 	1000
f 1035 	1033 	994
f 1036 	1034 	1000
f 1037 	1035 	994
f 1038 	1036 	1000
f 1039 	1037 	994
f 1040 	1038 	1000
f 1041 	1039 	994
f 1042 	1040 	1000
f 1043 	1041 	994
f 1044 	1042 	1000
f 1043 	994 	989
f 1044 	1000 	995
f 1045 	1043 	989
f 1046 	1044 	995
f 1047 	1045 	989
f 1048 	1046 	995
f 1049 	1047 	989
f 1050 	1048 	995
f 997 	1049 	989
f 991 	1050 	995
f 997 	989 	991
f 991 	995 	997
f 1051 	1052 	1053
f 1054 	1055 	1056
f 1057 	1058 	1059
f 1060 	1061 	1062
f 1054 	1056 	1063
f 1060 	1062 	1064
f 1054 	1063 	1065
f 1060 	1064 	1066
f 1054 	1065 	1067
f 1060 	1066 	1068
f 1054 	1067 	1069
f 1060 	1068 	1070
f 1054 	1069 	1071
f 1060 	1070 	1072
f 1054 	1071 	1073
f 1060 	1072 	1074
f 1054 	1073 	1075
f 1060 	1074 	1076
f 1054 	1075 	1077
f 1060 	1076 	1078
f 1054 	1077 	1079
f 1060 	1078 	1080
f 1054 	1079 	1081
f 1060 	1080 	1082
f 1054 	1081 	1083
f 1060 	1082 	1084
f 1054 	1083 	1085
f 1060 	1084 	1086
f 1054 	1085 	1087
f 1060 	1086 	1088
f 1054 	1087 	1089
f 1060 	1088 	1090
f 1054 	1089 	1091
f 1060 	1090 	1092
f 1054 	1091 	1093
f 1060 	1092 	1094
f 1054 	1093 	1095
f 1060 	1094 	1096
f 1054 	1095 	1097
f 1060 	1096 	1098
f 1054 	1097 	1099
f 1060 	1098 	1100
f 1054 	1099 	1101
f 1060 	1100 	1102
f 1054 	1101 	1103
f 1060 	1102 	1104
f 1054 	1103 	1105
f 1060 	1104 	1106
f 1053 	1054 	1105
f 1059 	1060 	1106
f 1053 	1105 	1107
f 1059 	1106 	1108
f 1053 	1107 	1109
f 1059 	1108 	1110
f 1053 	1109 	1111
f 1059 	1110 	1112
f 1053 	1111 	1057
f 1059 	1112 	1051
f 1051 	1053 	1057
f 1057 	1059 	1051
f 991 	990 	1051
f 990 	1052 	1051
f 990 	989 	1052
f 989 	1053 	1052
f 989 	994 	1053
f 994 	1054 	1053
f 994 	993 	1054
f 993 	1055 	1054
f 993 	992 	1055
f 992 	1056 	1055
f 992 	1001 	1056
f 1001 	1063 	1056
f 1001 	1003 	1063
f 1003 	1065 	1063
f 1003 	1005 	1065
f 1005 	1067 	1065
f 1005 	1007 	1067
f 1007 	1069 	1067
f 1007 	1009 	1069
f 1009 	1071 	1069
f 1009 	1011 	1071
f 1011 	1073 	1071
f 1011 	1013 	1073
f 1013 	1075 	1073
f 1013 	1015 	1075
f 1015 	1077 	1075
f 1015 	1017 	1077
f 1017 	1079 	1077
f 1017 	1019 	1079
f 1019 	1081 	1079
f 1019 	1021 	1081
f 1021 	1083 	1081
f 1021 	1023 	1083
f 1023 	1085 	1083
f 1023 	1025 	1085
f 1025 	1087 	1085
f 1025 	1027 	1087
f 1027 	1089 	1087
f 1027 	1029 	1089
f 1029 	1091 	1089
f 1029 	1031 	1091
f 1031 	1093 	1091
f 1031 	1033 	1093
f 1033 	1095 	1093
f 1033 	1035 	1095
f 1035 	1097 	1095
f 1035 	1037 	1097
f 1037 	1099 	1097
f 1037 	1039 	1099
f 1039 	1101 	1099
f 1039 	1041 	1101
f 1041 	1103 	1101
f 1041 	1043 	1103
f 1043 	1105 	1103
f 1043 	1045 	1105
f 1045 	1107 	1105
f 1045 	1047 	1107
f 1047 	1109 	1107
f 1047 	1049 	1109
f 1049 	1111 	1109
f 1049 	997 	1111
f 997 	1057 	1111
f 997 	996 	1057
f 996 	1058 	1057
f 996 	995 	1058
f 995 	1059 	1058
f 995 	1000 	1059
f 1000 	1060 	1059
f 1000 	999 	1060
f 999 	1061 	1060
f 999 	998 	1061
f 998 	1062 	1061
f 998 	1002 	1062
f 1002 	1064 	1062
f 1002 	1004 	1064
f 1004 	1066 	1064
f 1004 	1006 	1066
f 1006 	1068 	1066
f 1006 	1008 	1068
f 1008 	1070 	1068
f 1008 	1010 	1070
f 1010 	1072 	1070
f 1010 	1012 	1072
f 1012 	1074 	1072
f 1012 	1014 	1074
f 1014 	1076 	1074
f 1014 	1016 	1076
f 1016 	1078 	1076
f 1016 	1018 	1078
f 1018 	1080 	1078
f 1018 	1020 	1080
f 1020 	1082 	1080
f 1020 	1022 	1082
f 1022 	1084 	1082
f 1022 	1024 	1084
f 1024 	1086 	1084
f 1024 	1026 	1086
f 1026 	1088 	1086
f 1026 	1028 	1088
f 1028 	1090 	1088
f 1028 	1030 	1090
f 1030 	1092 	1090
f 1030 	1032 	1092
f 1032 	1094 	1092
f 1032 	1034 	1094
f 1034 	1096 	1094
f 1034 	1036 	1096
f 1036 	1098 	1096
f 1036 	1038 	1098
f 1038 	1100 	1098
f 1038 	1040 	1100
f 1040 	1102 	1100
f 1040 	1042 	1102
f 1042 	1104 	1102
f 1042 	1044 	1104
f 1044 	1106 	1104
f 1044 	1046 	1106
f 1046 	1108 	1106
f 1046 	1048 	1108
f 1048 	1110 	1108
f 1048 	1050 	1110
f 1050 	1112 	1110
f 1050 	991 	1112
f 991 	1051 	1112
f 1113 	1114 	1115
f 1116 	1117 	1113
f 1118 	1119 	1116
f 1120 	1121 	1118
f 1122 	1123 	1120
f 1124 	1125 	1122
f 1126 	1127 	1124
f 1127 	1126 	1128
f 1129 	1130 	1127
f 1131 	1132 	1129
f 1133 	1134 	1131
f 1135 	1136 	1133
f 1137 	1138 	1135
f 1139 	1140 	1137
f 1141 	1142 	1139
f 1143 	1144 	1141
f 1145 	1146 	1143
f 1147 	1148 	1145
f 1149 	1150 	1147
f 1151 	1152 	1149
f 1153 	1154 	1151
f 1155 	1156 	1153
f 1157 	1158 	1155
f 1159 	1160 	1157
f 1161 	1162 	1159
f 1163 	1164 	1161
f 1165 	1166 	1163
f 1167 	1168 	1165
f 1169 	1170 	1167
f 1171 	1172 	1169
f 1173 	1174 	1171
f 1175 	1176 	1173
f 1177 	1178 	1179
f 1180 	1181 	1177
f 1182 	1183 	1184
f 1185 	1186 	1182
f 1187 	1188 	1185
f 1189 	1190 	1187
f 1191 	1192 	1189
f 1193 	1194 	1191
f 1195 	1196 	1193
f 1197 	1198 	1195
f 1199 	1200 	1197
f 1201 	1202 	1199
f 1203 	1204 	1201
f 1205 	1206 	1203
f 1207 	1208 	1205
f 1209 	1210 	1207
f 1211 	1212 	1209
f 1213 	1214 	1211
f 1215 	1216 	1213
f 1217 	1218 	1215
f 1219 	1220 	1217
f 1221 	1222 	1219
f 1223 	1224 	1221
f 1225 	1226 	1223
f 1227 	1228 	1225
f 1229 	1230 	1227
f 1231 	1232 	1229
f 1233 	1234 	1231
f 1235 	1236 	1233
f 1237 	1238 	1235
f 1239 	1240 	1237
f 1241 	1242 	1239
f 1243 	1244 	1241
f 1116 	1113 	1115
f 1120 	1118 	1116
f 1124 	1122 	1120
f 1245 	1126 	1124
f 1127 	1128 	1246
f 1131 	1129 	1127
f 1135 	1133 	1131
f 1139 	1137 	1135
f 1143 	1141 	1139
f 1147 	1145 	1143
f 1151 	1149 	1147
f 1155 	1153 	1151
f 1159 	1157 	1155
f 1163 	1161 	1159
f 1167 	1165 	1163
f 1171 	1169 	1167
f 1175 	1173 	1171
f 1247 	1180 	1177
f 1185 	1182 	1184
f 1189 	1187 	1185
f 1193 	1191 	1189
f 1197 	1195 	1193
f 1201 	1199 	1197
f 1205 	1203 	1201
f 1209 	1207 	1205
f 1213 	1211 	1209
f 1217 	1215 	1213
f 1221 	1219 	1217
f 1225 	1223 	1221
f 1229 	1227 	1225
f 1233 	1231 	1229
f 1237 	1235 	1233
f 1241 	1239 	1237
f 1248 	1243 	1241
f 1120 	1116 	1115
f 1245 	1124 	1120
f 1127 	1246 	1249
f 1135 	1131 	1127
f 1143 	1139 	1135
f 1151 	1147 	1143
f 1159 	1155 	1151
f 1167 	1163 	1159
f 1175 	1171 	1167
f 1250 	1247 	1177
f 1189 	1185 	1184
f 1197 	1193 	1189
f 1205 	1201 	1197
f 1213 	1209 	1205
f 1221 	1217 	1213
f 1229 	1225 	1221
f 1237 	1233 	1229
f 1248 	1241 	1237
f 1251 	1245 	1120
f 1127 	1249 	1252
f 1143 	1135 	1127
f 1159 	1151 	1143
f 1175 	1167 	1159
f 1250 	1177 	1179
f 1189 	1184 	1253
f 1205 	1197 	1189
f 1221 	1213 	1205
f 1237 	1229 	1221
f 1254 	1248 	1237
f 1255 	1251 	1120
f 1127 	1252 	1256
f 1159 	1143 	1127
f 1257 	1250 	1179
f 1189 	1253 	1258
f 1221 	1205 	1189
f 1254 	1237 	1221
f 1259 	1255 	1120
f 1127 	1256 	1260
f 1261 	1257 	1179
f 1262 	1254 	1221
f 1263 	1259 	1120
f 1127 	1260 	1264
f 1265 	1261 	1179
f 1266 	1262 	1221
f 1267 	1263 	1120
f 1127 	1264 	1268
f 1269 	1265 	1179
f 1270 	1266 	1221
f 1271 	1267 	1120
f 1127 	1268 	1272
f 1273 	1269 	1179
f 1274 	1270 	1221
f 1275 	1271 	1120
f 1159 	1127 	1272
f 1276 	1273 	1179
f 1277 	1274 	1221
f 1278 	1275 	1120
f 1159 	1272 	1279
f 1280 	1276 	1179
f 1281 	1277 	1221
f 1282 	1278 	1120
f 1159 	1279 	1283
f 1284 	1280 	1179
f 1285 	1281 	1221
f 1286 	1282 	1120
f 1159 	1283 	1287
f 1288 	1284 	1179
f 1289 	1285 	1221
f 1290 	1286 	1120
f 1159 	1287 	1291
f 1292 	1288 	1179
f 1293 	1289 	1221
f 1294 	1290 	1120
f 1159 	1291 	1295
f 1296 	1292 	1179
f 1297 	1293 	1221
f 1298 	1294 	1120
f 1159 	1295 	1299
f 1296 	1179 	1175
f 1300 	1297 	1221
f 1301 	1298 	1120
f 1159 	1299 	1302
f 1303 	1296 	1175
f 1304 	1300 	1221
f 1301 	1120 	1115
f 1159 	1302 	1305
f 1306 	1303 	1175
f 1307 	1304 	1221
f 1308 	1301 	1115
f 1159 	1305 	1309
f 1310 	1306 	1175
f 1311 	1307 	1221
f 1312 	1308 	1115
f 1159 	1309 	1313
f 1314 	1310 	1175
f 1315 	1311 	1221
f 1316 	1312 	1115
f 1159 	1313 	1317
f 1318 	1314 	1175
f 1319 	1315 	1221
f 1320 	1316 	1115
f 1159 	1317 	1321
f 1322 	1318 	1175
f 1323 	1319 	1221
f 1324 	1320 	1115
f 1159 	1321 	1325
f 1326 	1322 	1175
f 1327 	1323 	1221
f 1328 	1324 	1115
f 1159 	1325 	1329
f 1330 	1326 	1175
f 1331 	1327 	1221
f 1332 	1328 	1115
f 1159 	1329 	1333
f 1258 	1330 	1175
f 1334 	1331 	1221
f 1335 	1332 	1115
f 1159 	1333 	1336
f 1189 	1258 	1175
f 1337 	1334 	1221
f 1338 	1335 	1115
f 1175 	1159 	1336
f 1339 	1337 	1221
f 1340 	1338 	1115
f 1175 	1336 	1341
f 1339 	1221 	1189
f 1175 	1341 	1342
f 1343 	1339 	1189
f 1175 	1342 	1344
f 1345 	1343 	1189
f 1175 	1344 	1346
f 1347 	1345 	1189
f 1175 	1346 	1348
f 1349 	1347 	1189
f 1175 	1348 	1350
f 1351 	1349 	1189
f 1175 	1350 	1352
f 1353 	1351 	1189
f 1175 	1352 	1354
f 1355 	1353 	1189
f 1175 	1354 	1356
f 1357 	1355 	1189
f 1175 	1356 	1358
f 1359 	1357 	1189
f 1175 	1358 	1360
f 1361 	1359 	1189
f 1189 	1175 	1360
f 1362 	1361 	1189
f 1189 	1360 	1340
f 1363 	1362 	1189
f 1189 	1340 	1115
f 1364 	1363 	1189
f 1189 	1115 	1365
f 1366 	1364 	1189
f 1189 	1365 	1367
f 1368 	1366 	1189
f 1189 	1367 	1369
f 1370 	1368 	1189
f 1189 	1369 	1371
f 1372 	1370 	1189
f 1189 	1371 	1373
f 1374 	1372 	1189
f 1189 	1373 	1374
f 1375 	1376 	1377
f 1377 	1378 	1379
f 1379 	1380 	1381
f 1381 	1382 	1383
f 1383 	1384 	1385
f 1385 	1386 	1387
f 1387 	1388 	1389
f 1390 	1389 	1388
f 1388 	1391 	1392
f 1392 	1393 	1394
f 1394 	1395 	1396
f 1396 	1397 	1398
f 1398 	1399 	1400
f 1400 	1401 	1402
f 1402 	1403 	1404
f 1404 	1405 	1406
f 1406 	1407 	1408
f 1408 	1409 	1410
f 1410 	1411 	1412
f 1412 	1413 	1414
f 1414 	1415 	1416
f 1416 	1417 	1418
f 1418 	1419 	1420
f 1420 	1421 	1422
f 1422 	1423 	1424
f 1424 	1425 	1426
f 1426 	1427 	1428
f 1428 	1429 	1430
f 1430 	1431 	1432
f 1432 	1433 	1434
f 1434 	1435 	1436
f 1436 	1437 	1438
f 1439 	1440 	1441
f 1441 	1442 	1443
f 1444 	1445 	1446
f 1446 	1447 	1448
f 1448 	1449 	1450
f 1450 	1451 	1452
f 1452 	1453 	1454
f 1454 	1455 	1456
f 1456 	1457 	1458
f 1458 	1459 	1460
f 1460 	1461 	1462
f 1462 	1463 	1464
f 1464 	1465 	1466
f 1466 	1467 	1468
f 1468 	1469 	1470
f 1470 	1471 	1472
f 1472 	1473 	1474
f 1474 	1475 	1476
f 1476 	1477 	1478
f 1478 	1479 	1480
f 1480 	1481 	1482
f 1482 	1483 	1484
f 1484 	1485 	1486
f 1486 	1487 	1488
f 1488 	1489 	1490
f 1490 	1491 	1492
f 1492 	1493 	1494
f 1494 	1495 	1496
f 1496 	1497 	1498
f 1498 	1499 	1500
f 1500 	1501 	1502
f 1502 	1503 	1504
f 1504 	1505 	1506
f 1375 	1377 	1379
f 1379 	1381 	1383
f 1383 	1385 	1387
f 1387 	1389 	1507
f 1508 	1390 	1388
f 1388 	1392 	1394
f 1394 	1396 	1398
f 1398 	1400 	1402
f 1402 	1404 	1406
f 1406 	1408 	1410
f 1410 	1412 	1414
f 1414 	1416 	1418
f 1418 	1420 	1422
f 1422 	1424 	1426
f 1426 	1428 	1430
f 1430 	1432 	1434
f 1434 	1436 	1438
f 1441 	1443 	1509
f 1444 	1446 	1448
f 1448 	1450 	1452
f 1452 	1454 	1456
f 1456 	1458 	1460
f 1460 	1462 	1464
f 1464 	1466 	1468
f 1468 	1470 	1472
f 1472 	1474 	1476
f 1476 	1478 	1480
f 1480 	1482 	1484
f 1484 	1486 	1488
f 1488 	1490 	1492
f 1492 	1494 	1496
f 1496 	1498 	1500
f 1500 	1502 	1504
f 1504 	1506 	1510
f 1375 	1379 	1383
f 1383 	1387 	1507
f 1511 	1508 	1388
f 1388 	1394 	1398
f 1398 	1402 	1406
f 1406 	1410 	1414
f 1414 	1418 	1422
f 1422 	1426 	1430
f 1430 	1434 	1438
f 1441 	1509 	1512
f 1444 	1448 	1452
f 1452 	1456 	1460
f 1460 	1464 	1468
f 1468 	1472 	1476
f 1476 	1480 	1484
f 1484 	1488 	1492
f 1492 	1496 	1500
f 1500 	1504 	1510
f 1383 	1507 	1513
f 1514 	1511 	1388
f 1388 	1398 	1406
f 1406 	1414 	1422
f 1422 	1430 	1438
f 1439 	1441 	1512
f 1515 	1444 	1452
f 1452 	1460 	1468
f 1468 	1476 	1484
f 1484 	1492 	1500
f 1500 	1510 	1516
f 1383 	1513 	1517
f 1518 	1514 	1388
f 1388 	1406 	1422
f 1439 	1512 	1519
f 1520 	1515 	1452
f 1452 	1468 	1484
f 1484 	1500 	1516
f 1383 	1517 	1521
f 1522 	1518 	1388
f 1439 	1519 	1523
f 1484 	1516 	1524
f 1383 	1521 	1525
f 1526 	1522 	1388
f 1439 	1523 	1527
f 1484 	1524 	1528
f 1383 	1525 	1529
f 1530 	1526 	1388
f 1439 	1527 	1531
f 1484 	1528 	1532
f 1383 	1529 	1533
f 1534 	1530 	1388
f 1439 	1531 	1535
f 1484 	1532 	1536
f 1383 	1533 	1537
f 1534 	1388 	1422
f 1439 	1535 	1538
f 1484 	1536 	1539
f 1383 	1537 	1540
f 1541 	1534 	1422
f 1439 	1538 	1542
f 1484 	1539 	1543
f 1383 	1540 	1544
f 1545 	1541 	1422
f 1439 	1542 	1546
f 1484 	1543 	1547
f 1383 	1544 	1548
f 1549 	1545 	1422
f 1439 	1546 	1550
f 1484 	1547 	1551
f 1383 	1548 	1552
f 1553 	1549 	1422
f 1439 	1550 	1554
f 1484 	1551 	1555
f 1383 	1552 	1556
f 1557 	1553 	1422
f 1439 	1554 	1558
f 1484 	1555 	1559
f 1383 	1556 	1560
f 1561 	1557 	1422
f 1438 	1439 	1558
f 1484 	1559 	1562
f 1383 	1560 	1563
f 1564 	1561 	1422
f 1438 	1558 	1565
f 1484 	1562 	1566
f 1375 	1383 	1563
f 1567 	1564 	1422
f 1438 	1565 	1568
f 1484 	1566 	1569
f 1375 	1563 	1570
f 1571 	1567 	1422
f 1438 	1568 	1572
f 1484 	1569 	1573
f 1375 	1570 	1574
f 1575 	1571 	1422
f 1438 	1572 	1576
f 1484 	1573 	1577
f 1375 	1574 	1578
f 1579 	1575 	1422
f 1438 	1576 	1580
f 1484 	1577 	1581
f 1375 	1578 	1582
f 1583 	1579 	1422
f 1438 	1580 	1584
f 1484 	1581 	1585
f 1375 	1582 	1586
f 1587 	1583 	1422
f 1438 	1584 	1588
f 1484 	1585 	1589
f 1375 	1586 	1590
f 1591 	1587 	1422
f 1438 	1588 	1592
f 1484 	1589 	1593
f 1375 	1590 	1594
f 1595 	1591 	1422
f 1438 	1592 	1520
f 1484 	1593 	1596
f 1375 	1594 	1597
f 1598 	1595 	1422
f 1438 	1520 	1452
f 1484 	1596 	1599
f 1375 	1597 	1600
f 1598 	1422 	1438
f 1484 	1599 	1601
f 1375 	1600 	1602
f 1603 	1598 	1438
f 1452 	1484 	1601
f 1604 	1603 	1438
f 1452 	1601 	1605
f 1606 	1604 	1438
f 1452 	1605 	1607
f 1608 	1606 	1438
f 1452 	1607 	1609
f 1610 	1608 	1438
f 1452 	1609 	1611
f 1612 	1610 	1438
f 1452 	1611 	1613
f 1614 	1612 	1438
f 1452 	1613 	1615
f 1616 	1614 	1438
f 1452 	1615 	1617
f 1618 	1616 	1438
f 1452 	1617 	1619
f 1620 	1618 	1438
f 1452 	1619 	1621
f 1622 	1620 	1438
f 1452 	1621 	1623
f 1622 	1438 	1452
f 1452 	1623 	1624
f 1602 	1622 	1452
f 1452 	1624 	1625
f 1375 	1602 	1452
f 1452 	1625 	1626
f 1627 	1375 	1452
f 1452 	1626 	1628
f 1629 	1627 	1452
f 1452 	1628 	1630
f 1631 	1629 	1452
f 1452 	1630 	1632
f 1633 	1631 	1452
f 1452 	1632 	1634
f 1635 	1633 	1452
f 1452 	1634 	1636
f 1636 	1635 	1452
f 1339 	1343 	1601
f 1343 	1605 	1601
f 1343 	1345 	1605
f 1345 	1607 	1605
f 1345 	1347 	1607
f 1347 	1609 	1607
f 1347 	1349 	1609
f 1349 	1611 	1609
f 1349 	1351 	1611
f 1351 	1613 	1611
f 1351 	1353 	1613
f 1353 	1615 	1613
f 1353 	1355 	1615
f 1355 	1617 	1615
f 1355 	1357 	1617
f 1357 	1619 	1617
f 1357 	1359 	1619
f 1359 	1621 	1619
f 1359 	1361 	1621
f 1361 	1623 	1621
f 1361 	1362 	1623
f 1362 	1624 	1623
f 1362 	1363 	1624
f 1363 	1625 	1624
f 1363 	1364 	1625
f 1364 	1626 	1625
f 1364 	1366 	1626
f 1366 	1628 	1626
f 1366 	1368 	1628
f 1368 	1630 	1628
f 1368 	1370 	1630
f 1370 	1632 	1630
f 1370 	1372 	1632
f 1372 	1634 	1632
f 1372 	1374 	1634
f 1374 	1636 	1634
f 1374 	1373 	1636
f 1373 	1635 	1636
f 1373 	1371 	1635
f 1371 	1633 	1635
f 1371 	1369 	1633
f 1369 	1631 	1633
f 1369 	1367 	1631
f 1367 	1629 	1631
f 1367 	1365 	1629
f 1365 	1627 	1629
f 1365 	1115 	1627
f 1115 	1375 	1627
f 1115 	1114 	1375
f 1114 	1376 	1375
f 1114 	1113 	1376
f 1113 	1377 	1376
f 1113 	1117 	1377
f 1117 	1378 	1377
f 1117 	1116 	1378
f 1116 	1379 	1378
f 1116 	1119 	1379
f 1119 	1380 	1379
f 1119 	1118 	1380
f 1118 	1381 	1380
f 1118 	1121 	1381
f 1121 	1382 	1381
f 1121 	1120 	1382
f 1120 	1383 	1382
f 1120 	1123 	1383
f 1123 	1384 	1383
f 1123 	1122 	1384
f 1122 	1385 	1384
f 1122 	1125 	1385
f 1125 	1386 	1385
f 1125 	1124 	1386
f 1124 	1387 	1386
f 1124 	1127 	1387
f 1127 	1388 	1387
f 1127 	1130 	1388
f 1130 	1391 	1388
f 1130 	1129 	1391
f 1129 	1392 	1391
f 1129 	1132 	1392
f 1132 	1393 	1392
f 1132 	1131 	1393
f 1131 	1394 	1393
f 1131 	1134 	1394
f 1134 	1395 	1394
f 1134 	1133 	1395
f 1133 	1396 	1395
f 1133 	1136 	1396
f 1136 	1397 	1396
f 1136 	1135 	1397
f 1135 	1398 	1397
f 1135 	1138 	1398
f 1138 	1399 	1398
f 1138 	1137 	1399
f 1137 	1400 	1399
f 1137 	1140 	1400
f 1140 	1401 	1400
f 1140 	1139 	1401
f 1139 	1402 	1401
f 1139 	1142 	1402
f 1142 	1403 	1402
f 1142 	1141 	1403
f 1141 	1404 	1403
f 1141 	1144 	1404
f 1144 	1405 	1404
f 1144 	1143 	1405
f 1143 	1406 	1405
f 1143 	1146 	1406
f 1146 	1407 	1406
f 1146 	1145 	1407
f 1145 	1408 	1407
f 1145 	1148 	1408
f 1148 	1409 	1408
f 1148 	1147 	1409
f 1147 	1410 	1409
f 1147 	1150 	1410
f 1150 	1411 	1410
f 1150 	1149 	1411
f 1149 	1412 	1411
f 1149 	1152 	1412
f 1152 	1413 	1412
f 1152 	1151 	1413
f 1151 	1414 	1413
f 1151 	1154 	1414
f 1154 	1415 	1414
f 1154 	1153 	1415
f 1153 	1416 	1415
f 1153 	1156 	1416
f 1156 	1417 	1416
f 1156 	1155 	1417
f 1155 	1418 	1417
f 1155 	1158 	1418
f 1158 	1419 	1418
f 1158 	1157 	1419
f 1157 	1420 	1419
f 1157 	1160 	1420
f 1160 	1421 	1420
f 1160 	1159 	1421
f 1159 	1422 	1421
f 1159 	1162 	1422
f 1162 	1423 	1422
f 1162 	1161 	1423
f 1161 	1424 	1423
f 1161 	1164 	1424
f 1164 	1425 	1424
f 1164 	1163 	1425
f 1163 	1426 	1425
f 1163 	1166 	1426
f 1166 	1427 	1426
f 1166 	1165 	1427
f 1165 	1428 	1427
f 1165 	1168 	1428
f 1168 	1429 	1428
f 1168 	1167 	1429
f 1167 	1430 	1429
f 1167 	1170 	1430
f 1170 	1431 	1430
f 1170 	1169 	1431
f 1169 	1432 	1431
f 1169 	1172 	1432
f 1172 	1433 	1432
f 1172 	1171 	1433
f 1171 	1434 	1433
f 1171 	1174 	1434
f 1174 	1435 	1434
f 1174 	1173 	1435
f 1173 	1436 	1435
f 1173 	1176 	1436
f 1176 	1437 	1436
f 1176 	1175 	1437
f 1175 	1438 	1437
f 1175 	1179 	1438
f 1179 	1439 	1438
f 1179 	1178 	1439
f 1178 	1440 	1439
f 1178 	1177 	1440
f 1177 	1441 	1440
f 1177 	1181 	1441
f 1181 	1442 	1441
f 1181 	1180 	1442
f 1180 	1443 	1442
f 1180 	1247 	1443
f 1247 	1509 	1443
f 1247 	1250 	1509
f 1250 	1512 	1509
f 1250 	1257 	1512
f 1257 	1519 	1512
f 1257 	1261 	1519
f 1261 	1523 	1519
f 1261 	1265 	1523
f 1265 	1527 	1523
f 1265 	1269 	1527
f 1269 	1531 	1527
f 1269 	1273 	1531
f 1273 	1535 	1531
f 1273 	1276 	1535
f 1276 	1538 	1535
f 1276 	1280 	1538
f 1280 	1542 	1538
f 1280 	1284 	1542
f 1284 	1546 	1542
f 1284 	1288 	1546
f 1288 	1550 	1546
f 1288 	1292 	1550
f 1292 	1554 	1550
f 1292 	1296 	1554
f 1296 	1558 	1554
f 1296 	1303 	1558
f 1303 	1565 	1558
f 1303 	1306 	1565
f 1306 	1568 	1565
f 1306 	1310 	1568
f 1310 	1572 	1568
f 1310 	1314 	1572
f 1314 	1576 	1572
f 1314 	1318 	1576
f 1318 	1580 	1576
f 1318 	1322 	1580
f 1322 	1584 	1580
f 1322 	1326 	1584
f 1326 	1588 	1584
f 1326 	1330 	1588
f 1330 	1592 	1588
f 1330 	1258 	1592
f 1258 	1520 	1592
f 1258 	1253 	1520
f 1253 	1515 	1520
f 1253 	1184 	1515
f 1184 	1444 	1515
f 1184 	1183 	1444
f 1183 	1445 	1444
f 1183 	1182 	1445
f 1182 	1446 	1445
f 1182 	1186 	1446
f 1186 	1447 	1446
f 1186 	1185 	1447
f 1185 	1448 	1447
f 1185 	1188 	1448
f 1188 	1449 	1448
f 1188 	1187 	1449
f 1187 	1450 	1449
f 1187 	1190 	1450
f 1190 	1451 	1450
f 1190 	1189 	1451
f 1189 	1452 	1451
f 1189 	1192 	1452
f 1192 	1453 	1452
f 1192 	1191 	1453
f 1191 	1454 	1453
f 1191 	1194 	1454
f 1194 	1455 	1454
f 1194 	1193 	1455
f 1193 	1456 	1455
f 1193 	1196 	1456
f 1196 	1457 	1456
f 1196 	1195 	1457
f 1195 	1458 	1457
f 1195 	1198 	1458
f 1198 	1459 	1458
f 1198 	1197 	1459
f 1197 	1460 	1459
f 1197 	1200 	1460
f 1200 	1461 	1460
f 1200 	1199 	1461
f 1199 	1462 	1461
f 1199 	1202 	1462
f 1202 	1463 	1462
f 1202 	1201 	1463
f 1201 	1464 	1463
f 1201 	1204 	1464
f 1204 	1465 	1464
f 1204 	1203 	1465
f 1203 	1466 	1465
f 1203 	1206 	1466
f 1206 	1467 	1466
f 1206 	1205 	1467
f 1205 	1468 	1467
f 1205 	1208 	1468
f 1208 	1469 	1468
f 1208 	1207 	1469
f 1207 	1470 	1469
f 1207 	1210 	1470
f 1210 	1471 	1470
f 1210 	1209 	1471
f 1209 	1472 	1471
f 1209 	1212 	1472
f 1212 	1473 	1472
f 1212 	1211 	1473
f 1211 	1474 	1473
f 1211 	1214 	1474
f 1214 	1475 	1474
f 1214 	1213 	1475
f 1213 	1476 	1475
f 1213 	1216 	1476
f 1216 	1477 	1476
f 1216 	1215 	1477
f 1215 	1478 	1477
f 1215 	1218 	1478
f 1218 	1479 	1478
f 1218 	1217 	1479
f 1217 	1480 	1479
f 1217 	1220 	1480
f 1220 	1481 	1480
f 1220 	1219 	1481
f 1219 	1482 	1481
f 1219 	1222 	1482
f 1222 	1483 	1482
f 1222 	1221 	1483
f 1221 	1484 	1483
f 1221 	1224 	1484
f 1224 	1485 	1484
f 1224 	1223 	1485
f 1223 	1486 	1485
f 1223 	1226 	1486
f 1226 	1487 	1486
f 1226 	1225 	1487
f 1225 	1488 	1487
f 1225 	1228 	1488
f 1228 	1489 	1488
f 1228 	1227 	1489
f 1227 	1490 	1489
f 1227 	1230 	1490
f 1230 	1491 	1490
f 1230 	1229 	1491
f 1229 	1492 	1491
f 1229 	1232 	1492
f 1232 	1493 	1492
f 1232 	1231 	1493
f 1231 	1494 	1493
f 1231 	1234 	1494
f 1234 	1495 	1494
f 1234 	1233 	1495
f 1233 	1496 	1495
f 1233 	1236 	1496
f 1236 	1497 	1496
f 1236 	1235 	1497
f 1235 	1498 	1497
f 1235 	1238 	1498
f 1238 	1499 	1498
f 1238 	1237 	1499
f 1237 	1500 	1499
f 1237 	1240 	1500
f 1240 	1501 	1500
f 1240 	1239 	1501
f 1239 	1502 	1501
f 1239 	1242 	1502
f 1242 	1503 	1502
f 1242 	1241 	1503
f 1241 	1504 	1503
f 1241 	1244 	1504
f 1244 	1505 	1504
f 1244 	1243 	1505
f 1243 	1506 	1505
f 1243 	1248 	1506
f 1248 	1510 	1506
f 1248 	1254 	1510
f 1254 	1516 	1510
f 1254 	1262 	1516
f 1262 	1524 	1516
f 1262 	1266 	1524
f 1266 	1528 	1524
f 1266 	1270 	1528
f 1270 	1532 	1528
f 1270 	1274 	1532
f 1274 	1536 	1532
f 1274 	1277 	1536
f 1277 	1539 	1536
f 1277 	1281 	1539
f 1281 	1543 	1539
f 1281 	1285 	1543
f 1285 	1547 	1543
f 1285 	1289 	1547
f 1289 	1551 	1547
f 1289 	1293 	1551
f 1293 	1555 	1551
f 1293 	1297 	1555
f 1297 	1559 	1555
f 1297 	1300 	1559
f 1300 	1562 	1559
f 1300 	1304 	1562
f 1304 	1566 	1562
f 1304 	1307 	1566
f 1307 	1569 	1566
f 1307 	1311 	1569
f 1311 	1573 	1569
f 1311 	1315 	1573
f 1315 	1577 	1573
f 1315 	1319 	1577
f 1319 	1581 	1577
f 1319 	1323 	1581
f 1323 	1585 	1581
f 1323 	1327 	1585
f 1327 	1589 	1585
f 1327 	1331 	1589
f 1331 	1593 	1589
f 1331 	1334 	1593
f 1334 	1596 	1593
f 1334 	1337 	1596
f 1337 	1599 	1596
f 1337 	1339 	1599
f 1339 	1601 	1599
f 1245 	1251 	1507
f 1251 	1513 	1507
f 1251 	1255 	1513
f 1255 	1517 	1513
f 1255 	1259 	1517
f 1259 	1521 	1517
f 1259 	1263 	1521
f 1263 	1525 	1521
f 1263 	1267 	1525
f 1267 	1529 	1525
f 1267 	1271 	1529
f 1271 	1533 	1529
f 1271 	1275 	1533
f 1275 	1537 	1533
f 1275 	1278 	1537
f 1278 	1540 	1537
f 1278 	1282 	1540
f 1282 	1544 	1540
f 1282 	1286 	1544
f 1286 	1548 	1544
f 1286 	1290 	1548
f 1290 	1552 	1548
f 1290 	1294 	1552
f 1294 	1556 	1552
f 1294 	1298 	1556
f 1298 	1560 	1556
f 1298 	1301 	1560
f 1301 	1563 	1560
f 1301 	1308 	1563
f 1308 	1570 	1563
f 1308 	1312 	1570
f 1312 	1574 	1570
f 1312 	1316 	1574
f 1316 	1578 	1574
f 1316 	1320 	1578
f 1320 	1582 	1578
f 1320 	1324 	1582
f 1324 	1586 	1582
f 1324 	1328 	1586
f 1328 	1590 	1586
f 1328 	1332 	1590
f 1332 	1594 	1590
f 1332 	1335 	1594
f 1335 	1597 	1594
f 1335 	1338 	1597
f 1338 	1600 	1597
f 1338 	1340 	1600
f 1340 	1602 	1600
f 1340 	1360 	1602
f 1360 	1622 	1602
f 1360 	1358 	1622
f 1358 	1620 	1622
f 1358 	1356 	1620
f 1356 	1618 	1620
f 1356 	1354 	1618
f 1354 	1616 	1618
f 1354 	1352 	1616
f 1352 	1614 	1616
f 1352 	1350 	1614
f 1350 	1612 	1614
f 1350 	1348 	1612
f 1348 	1610 	1612
f 1348 	1346 	1610
f 1346 	1608 	1610
f 1346 	1344 	1608
f 1344 	1606 	1608
f 1344 	1342 	1606
f 1342 	1604 	1606
f 1342 	1341 	1604
f 1341 	1603 	1604
f 1341 	1336 	1603
f 1336 	1598 	1603
f 1336 	1333 	1598
f 1333 	1595 	1598
f 1333 	1329 	1595
f 1329 	1591 	1595
f 1329 	1325 	1591
f 1325 	1587 	1591
f 1325 	1321 	1587
f 1321 	1583 	1587
f 1321 	1317 	1583
f 1317 	1579 	1583
f 1317 	1313 	1579
f 1313 	1575 	1579
f 1313 	1309 	1575
f 1309 	1571 	1575
f 1309 	1305 	1571
f 1305 	1567 	1571
f 1305 	1302 	1567
f 1302 	1564 	1567
f 1302 	1299 	1564
f 1299 	1561 	1564
f 1299 	1295 	1561
f 1295 	1557 	1561
f 1295 	1291 	1557
f 1291 	1553 	1557
f 1291 	1287 	1553
f 1287 	1549 	1553
f 1287 	1283 	1549
f 1283 	1545 	1549
f 1283 	1279 	1545
f 1279 	1541 	1545
f 1279 	1272 	1541
f 1272 	1534 	1541
f 1272 	1268 	1534
f 1268 	1530 	1534
f 1268 	1264 	1530
f 1264 	1526 	1530
f 1264 	1260 	1526
f 1260 	1522 	1526
f 1260 	1256 	1522
f 1256 	1518 	1522
f 1256 	1252 	1518
f 1252 	1514 	1518
f 1252 	1249 	1514
f 1249 	1511 	1514
f 1249 	1246 	1511
f 1246 	1508 	1511
f 1246 	1128 	1508
f 1128 	1390 	1508
f 1128 	1126 	1390
f 1126 	1389 	1390
f 1126 	1245 	1389
f 1245 	1507 	1389
# 2968 faces

 #end of obj_18

o obj_19
v 12 		13.5299 		20.6084
v 12 		13.5 		21
v 12 		17 		21
v 12 		13.6193 		20.2235
v 12 		13.7664 		19.8519
v 12 		13.9689 		19.5
v 12 		14.2233 		19.1737
v 12 		14.5251 		18.8787
v 12 		14.8693 		18.6199
v 12 		15.25 		18.4019
v 12 		15.6606 		18.2284
v 12 		16.0941 		18.1022
v 12 		16.5432 		18.0257
v 12 		17 		18
v 12 		17.4568 		18.0257
v 12 		17.9059 		18.1022
v 12 		18.3394 		18.2284
v 12 		18.75 		18.4019
v 12 		19.1307 		18.6199
v 12 		19.4749 		18.8787
v 12 		19.7767 		19.1737
v 12 		20.0311 		19.5
v 12 		20.2336 		19.8519
v 12 		20.3807 		20.2235
v 12 		20.4701 		20.6084
v 12 		20.5 		21
v 12 		20.4701 		21.3916
v 12 		20.3807 		21.7765
v 12 		20.2336 		22.1481
v 12 		20.0311 		22.5
v 12 		19.7767 		22.8263
v 12 		19.4749 		23.1213
v 12 		19.1307 		23.3801
v 12 		18.75 		23.5981
v 12 		18.3394 		23.7716
v 12 		17.9059 		23.8978
v 12 		17.4568 		23.9743
v 12 		17 		24
v 12 		16.5432 		23.9743
v 12 		16.0941 		23.8978
v 12 		15.6606 		23.7716
v 12 		15.25 		23.5981
v 12 		14.8693 		23.3801
v 12 		14.5251 		23.1213
v 12 		14.2233 		22.8263
v 12 		13.9689 		22.5
v 12 		13.7664 		22.1481
v 12 		13.6193 		21.7765
v 12 		13.5299 		21.3916
v 13 		13.5 		21
v 13 		13.5299 		20.6084
v 13 		17 		21
v 13 		13.6193 		20.2235
v 13 		13.7664 		19.8519
v 13 		13.9689 		19.5
v 13 		14.2233 		19.1737
v 13 		14.5251 		18.8787
v 13 		14.8693 		18.6199
v 13 		15.25 		18.4019
v 13 		15.6606 		18.2284
v 13 		16.0941 		18.1022
v 13 		16.5432 		18.0257
v 13 		17 		18
v 13 		17.4568 		18.0257
v 13 		17.9059 		18.1022
v 13 		18.3394 		18.2284
v 13 		18.75 		18.4019
v 13 		19.1307 		18.6199
v 13 		19.4749 		18.8787
v 13 		19.7767 		19.1737
v 13 		20.0311 		19.5
v 13 		20.2336 		19.8519
v 13 		20.3807 		20.2235
v 13 		20.4701 		20.6084
v 13 		20.5 		21
v 13 		20.4701 		21.3916
v 13 		20.3807 		21.7765
v 13 		20.2336 		22.1481
v 13 		20.0311 		22.5
v 13 		19.7767 		22.8263
v 13 		19.4749 		23.1213
v 13 		19.1307 		23.3801
v 13 		18.75 		23.5981
v 13 		18.3394 		23.7716
v 13 		17.9059 		23.8978
v 13 		17.4568 		23.9743
v 13 		17 		24
v 13 		16.5432 		23.9743
v 13 		16.0941 		23.8978
v 13 		15.6606 		23.7716
v 13 		15.25 		23.5981
v 13 		14.8693 		23.3801
v 13 		14.5251 		23.1213
v 13 		14.2233 		22.8263
v 13 		13.9689 		22.5
v 13 		13.7664 		22.1481
v 13 		13.6193 		21.7765
v 13 		13.5299 		21.3916
# 98 vertices

g group_19_16089887

usemtl color_16089887
s 0

f 1637 	1638 	1639
f 1640 	1637 	1639
f 1641 	1640 	1639
f 1642 	1641 	1639
f 1643 	1642 	1639
f 1644 	1643 	1639
f 1645 	1644 	1639
f 1646 	1645 	1639
f 1647 	1646 	1639
f 1648 	1647 	1639
f 1649 	1648 	1639
f 1650 	1649 	1639
f 1651 	1650 	1639
f 1652 	1651 	1639
f 1653 	1652 	1639
f 1654 	1653 	1639
f 1655 	1654 	1639
f 1656 	1655 	1639
f 1657 	1656 	1639
f 1658 	1657 	1639
f 1659 	1658 	1639
f 1660 	1659 	1639
f 1661 	1660 	1639
f 1662 	1661 	1639
f 1663 	1662 	1639
f 1664 	1663 	1639
f 1665 	1664 	1639
f 1666 	1665 	1639
f 1667 	1666 	1639
f 1668 	1667 	1639
f 1669 	1668 	1639
f 1670 	1669 	1639
f 1671 	1670 	1639
f 1672 	1671 	1639
f 1673 	1672 	1639
f 1674 	1673 	1639
f 1675 	1674 	1639
f 1676 	1675 	1639
f 1677 	1676 	1639
f 1678 	1677 	1639
f 1679 	1678 	1639
f 1680 	1679 	1639
f 1681 	1680 	1639
f 1682 	1681 	1639
f 1683 	1682 	1639
f 1684 	1683 	1639
f 1685 	1684 	1639
f 1638 	1685 	1639
f 1686 	1687 	1688
f 1687 	1689 	1688
f 1689 	1690 	1688
f 1690 	1691 	1688
f 1691 	1692 	1688
f 1692 	1693 	1688
f 1693 	1694 	1688
f 1694 	1695 	1688
f 1695 	1696 	1688
f 1696 	1697 	1688
f 1697 	1698 	1688
f 1698 	1699 	1688
f 1699 	1700 	1688
f 1700 	1701 	1688
f 1701 	1702 	1688
f 1702 	1703 	1688
f 1703 	1704 	1688
f 1704 	1705 	1688
f 1705 	1706 	1688
f 1706 	1707 	1688
f 1707 	1708 	1688
f 1708 	1709 	1688
f 1709 	1710 	1688
f 1710 	1711 	1688
f 1711 	1712 	1688
f 1712 	1713 	1688
f 1713 	1714 	1688
f 1714 	1715 	1688
f 1715 	1716 	1688
f 1716 	1717 	1688
f 1717 	1718 	1688
f 1718 	1719 	1688
f 1719 	1720 	1688
f 1720 	1721 	1688
f 1721 	1722 	1688
f 1722 	1723 	1688
f 1723 	1724 	1688
f 1724 	1725 	1688
f 1725 	1726 	1688
f 1726 	1727 	1688
f 1727 	1728 	1688
f 1728 	1729 	1688
f 1729 	1730 	1688
f 1730 	1731 	1688
f 1731 	1732 	1688
f 1732 	1733 	1688
f 1733 	1734 	1688
f 1734 	1686 	1688
f 1638 	1637 	1637
f 1637 	1640 	1640
f 1640 	1641 	1641
f 1641 	1642 	1642
f 1642 	1643 	1643
f 1643 	1644 	1644
f 1644 	1645 	1645
f 1645 	1646 	1646
f 1646 	1647 	1647
f 1647 	1648 	1648
f 1648 	1649 	1649
f 1649 	1650 	1650
f 1650 	1651 	1651
f 1651 	1652 	1652
f 1652 	1653 	1653
f 1653 	1654 	1654
f 1654 	1655 	1655
f 1655 	1656 	1656
f 1656 	1657 	1657
f 1657 	1658 	1658
f 1658 	1659 	1659
f 1659 	1660 	1660
f 1660 	1661 	1661
f 1661 	1662 	1662
f 1662 	1663 	1663
f 1663 	1664 	1664
f 1664 	1665 	1665
f 1665 	1666 	1666
f 1666 	1667 	1667
f 1667 	1668 	1668
f 1668 	1669 	1669
f 1669 	1670 	1670
f 1670 	1671 	1671
f 1671 	1672 	1672
f 1672 	1673 	1673
f 1673 	1674 	1674
f 1674 	1675 	1675
f 1675 	1676 	1676
f 1676 	1677 	1677
f 1677 	1678 	1678
f 1678 	1679 	1679
f 1679 	1680 	1680
f 1680 	1681 	1681
f 1681 	1682 	1682
f 1682 	1683 	1683
f 1683 	1684 	1684
f 1684 	1685 	1685
f 1685 	1638 	1638
f 1638 	1637 	1687
f 1638 	1687 	1686
f 1637 	1640 	1689
f 1637 	1689 	1687
f 1640 	1641 	1690
f 1640 	1690 	1689
f 1641 	1642 	1691
f 1641 	1691 	1690
f 1642 	1643 	1692
f 1642 	1692 	1691
f 1643 	1644 	1693
f 1643 	1693 	1692
f 1644 	1645 	1694
f 1644 	1694 	1693
f 1645 	1646 	1695
f 1645 	1695 	1694
f 1646 	1647 	1696
f 1646 	1696 	1695
f 1647 	1648 	1697
f 1647 	1697 	1696
f 1648 	1649 	1698
f 1648 	1698 	1697
f 1649 	1650 	1699
f 1649 	1699 	1698
f 1650 	1651 	1700
f 1650 	1700 	1699
f 1651 	1652 	1701
f 1651 	1701 	1700
f 1652 	1653 	1702
f 1652 	1702 	1701
f 1653 	1654 	1703
f 1653 	1703 	1702
f 1654 	1655 	1704
f 1654 	1704 	1703
f 1655 	1656 	1705
f 1655 	1705 	1704
f 1656 	1657 	1706
f 1656 	1706 	1705
f 1657 	1658 	1707
f 1657 	1707 	1706
f 1658 	1659 	1708
f 1658 	1708 	1707
f 1659 	1660 	1709
f 1659 	1709 	1708
f 1660 	1661 	1710
f 1660 	1710 	1709
f 1661 	1662 	1711
f 1661 	1711 	1710
f 1662 	1663 	1712
f 1662 	1712 	1711
f 1663 	1664 	1713
f 1663 	1713 	1712
f 1664 	1665 	1714
f 1664 	1714 	1713
f 1665 	1666 	1715
f 1665 	1715 	1714
f 1666 	1667 	1716
f 1666 	1716 	1715
f 1667 	1668 	1717
f 1667 	1717 	1716
f 1668 	1669 	1718
f 1668 	1718 	1717
f 1669 	1670 	1719
f 1669 	1719 	1718
f 1670 	1671 	1720
f 1670 	1720 	1719
f 1671 	1672 	1721
f 1671 	1721 	1720
f 1672 	1673 	1722
f 1672 	1722 	1721
f 1673 	1674 	1723
f 1673 	1723 	1722
f 1674 	1675 	1724
f 1674 	1724 	1723
f 1675 	1676 	1725
f 1675 	1725 	1724
f 1676 	1677 	1726
f 1676 	1726 	1725
f 1677 	1678 	1727
f 1677 	1727 	1726
f 1678 	1679 	1728
f 1678 	1728 	1727
f 1679 	1680 	1729
f 1679 	1729 	1728
f 1680 	1681 	1730
f 1680 	1730 	1729
f 1681 	1682 	1731
f 1681 	1731 	1730
f 1682 	1683 	1732
f 1682 	1732 	1731
f 1683 	1684 	1733
f 1683 	1733 	1732
f 1684 	1685 	1734
f 1684 	1734 	1733
f 1685 	1638 	1686
f 1685 	1686 	1734
f 1686 	1687 	1687
f 1687 	1689 	1689
f 1689 	1690 	1690
f 1690 	1691 	1691
f 1691 	1692 	1692
f 1692 	1693 	1693
f 1693 	1694 	1694
f 1694 	1695 	1695
f 1695 	1696 	1696
f 1696 	1697 	1697
f 1697 	1698 	1698
f 1698 	1699 	1699
f 1699 	1700 	1700
f 1700 	1701 	1701
f 1701 	1702 	1702
f 1702 	1703 	1703
f 1703 	1704 	1704
f 1704 	1705 	1705
f 1705 	1706 	1706
f 1706 	1707 	1707
f 1707 	1708 	1708
f 1708 	1709 	1709
f 1709 	1710 	1710
f 1710 	1711 	1711
f 1711 	1712 	1712
f 1712 	1713 	1713
f 1713 	1714 	1714
f 1714 	1715 	1715
f 1715 	1716 	1716
f 1716 	1717 	1717
f 1717 	1718 	1718
f 1718 	1719 	1719
f 1719 	1720 	1720
f 1720 	1721 	1721
f 1721 	1722 	1722
f 1722 	1723 	1723
f 1723 	1724 	1724
f 1724 	1725 	1725
f 1725 	1726 	1726
f 1726 	1727 	1727
f 1727 	1728 	1728
f 1728 	1729 	1729
f 1729 	1730 	1730
f 1730 	1731 	1731
f 1731 	1732 	1732
f 1732 	1733 	1733
f 1733 	1734 	1734
f 1734 	1686 	1686
# 288 faces

 #end of obj_19

o obj_20
v 12 		14.0257 		20.6737
v 12 		14 		21
v 12 		17 		21
v 12 		14.1022 		20.353
v 12 		14.2284 		20.0433
v 12 		14.4019 		19.75
v 12 		14.6199 		19.4781
v 12 		14.8787 		19.2322
v 12 		15.1737 		19.0166
v 12 		15.5 		18.8349
v 12 		15.8519 		18.6903
v 12 		16.2235 		18.5852
v 12 		16.6084 		18.5214
v 12 		17 		18.5
v 12 		17.3916 		18.5214
v 12 		17.7765 		18.5852
v 12 		18.1481 		18.6903
v 12 		18.5 		18.8349
v 12 		18.8263 		19.0166
v 12 		19.1213 		19.2322
v 12 		19.3801 		19.4781
v 12 		19.5981 		19.75
v 12 		19.7716 		20.0433
v 12 		19.8978 		20.353
v 12 		19.9743 		20.6737
v 12 		20 		21
v 12 		19.9743 		21.3263
v 12 		19.8978 		21.647
v 12 		19.7716 		21.9567
v 12 		19.5981 		22.25
v 12 		19.3801 		22.5219
v 12 		19.1213 		22.7678
v 12 		18.8263 		22.9834
v 12 		18.5 		23.1651
v 12 		18.1481 		23.3097
v 12 		17.7765 		23.4148
v 12 		17.3916 		23.4786
v 12 		17 		23.5
v 12 		16.6084 		23.4786
v 12 		16.2235 		23.4148
v 12 		15.8519 		23.3097
v 12 		15.5 		23.1651
v 12 		15.1737 		22.9834
v 12 		14.8787 		22.7678
v 12 		14.6199 		22.5219
v 12 		14.4019 		22.25
v 12 		14.2284 		21.9567
v 12 		14.1022 		21.647
v 12 		14.0257 		21.3263
v 13.1 		14 		21
v 13.1 		14.0257 		20.6737
v 13.1 		17 		21
v 13.1 		14.1022 		20.353
v 13.1 		14.2284 		20.0433
v 13.1 		14.4019 		19.75
v 13.1 		14.6199 		19.4781
v 13.1 		14.8787 		19.2322
v 13.1 		15.1737 		19.0166
v 13.1 		15.5 		18.8349
v 13.1 		15.8519 		18.6903
v 13.1 		16.2235 		18.5852
v 13.1 		16.6084 		18.5214
v 13.1 		17 		18.5
v 13.1 		17.3916 		18.5214
v 13.1 		17.7765 		18.5852
v 13.1 		18.1481 		18.6903
v 13.1 		18.5 		18.8349
v 13.1 		18.8263 		19.0166
v 13.1 		19.1213 		19.2322
v 13.1 		19.3801 		19.4781
v 13.1 		19.5981 		19.75
v 13.1 		19.7716 		20.0433
v 13.1 		19.8978 		20.353
v 13.1 		19.9743 		20.6737
v 13.1 		20 		21
v 13.1 		19.9743 		21.3263
v 13.1 		19.8978 		21.647
v 13.1 		19.7716 		21.9567
v 13.1 		19.5981 		22.25
v 13.1 		19.3801 		22.5219
v 13.1 		19.1213 		22.7678
v 13.1 		18.8263 		22.9834
v 13.1 		18.5 		23.1651
v 13.1 		18.1481 		23.3097
v 13.1 		17.7765 		23.4148
v 13.1 		17.3916 		23.4786
v 13.1 		17 		23.5
v 13.1 		16.6084 		23.4786
v 13.1 		16.2235 		23.4148
v 13.1 		15.8519 		23.3097
v 13.1 		15.5 		23.1651
v 13.1 		15.1737 		22.9834
v 13.1 		14.8787 		22.7678
v 13.1 		14.6199 		22.5219
v 13.1 		14.4019 		22.25
v 13.1 		14.2284 		21.9567
v 13.1 		14.1022 		21.647
v 13.1 		14.0257 		21.3263
# 98 vertices

g group_20_15277357

usemtl color_15277357
s 0

f 1735 	1736 	1737
f 1738 	1735 	1737
f 1739 	1738 	1737
f 1740 	1739 	1737
f 1741 	1740 	1737
f 1742 	1741 	1737
f 1743 	1742 	1737
f 1744 	1743 	1737
f 1745 	1744 	1737
f 1746 	1745 	1737
f 1747 	1746 	1737
f 1748 	1747 	1737
f 1749 	1748 	1737
f 1750 	1749 	1737
f 1751 	1750 	1737
f 1752 	1751 	1737
f 1753 	1752 	1737
f 1754 	1753 	1737
f 1755 	1754 	1737
f 1756 	1755 	1737
f 1757 	1756 	1737
f 1758 	1757 	1737
f 1759 	1758 	1737
f 1760 	1759 	1737
f 1761 	1760 	1737
f 1762 	1761 	1737
f 1763 	1762 	1737
f 1764 	1763 	1737
f 1765 	1764 	1737
f 1766 	1765 	1737
f 1767 	1766 	1737
f 1768 	1767 	1737
f 1769 	1768 	1737
f 1770 	1769 	1737
f 1771 	1770 	1737
f 1772 	1771 	1737
f 1773 	1772 	1737
f 1774 	1773 	1737
f 1775 	1774 	1737
f 1776 	1775 	1737
f 1777 	1776 	1737
f 1778 	1777 	1737
f 1779 	1778 	1737
f 1780 	1779 	1737
f 1781 	1780 	1737
f 1782 	1781 	1737
f 1783 	1782 	1737
f 1736 	1783 	1737
f 1784 	1785 	1786
f 1785 	1787 	1786
f 1787 	1788 	1786
f 1788 	1789 	1786
f 1789 	1790 	1786
f 1790 	1791 	1786
f 1791 	1792 	1786
f 1792 	1793 	1786
f 1793 	1794 	1786
f 1794 	1795 	1786
f 1795 	1796 	1786
f 1796 	1797 	1786
f 1797 	1798 	1786
f 1798 	1799 	1786
f 1799 	1800 	1786
f 1800 	1801 	1786
f 1801 	1802 	1786
f 1802 	1803 	1786
f 1803 	1804 	1786
f 1804 	1805 	1786
f 1805 	1806 	1786
f 1806 	1807 	1786
f 1807 	1808 	1786
f 1808 	1809 	1786
f 1809 	1810 	1786
f 1810 	1811 	1786
f 1811 	1812 	1786
f 1812 	1813 	1786
f 1813 	1814 	1786
f 1814 	1815 	1786
f 1815 	1816 	1786
f 1816 	1817 	1786
f 1817 	1818 	1786
f 1818 	1819 	1786
f 1819 	1820 	1786
f 1820 	1821 	1786
f 1821 	1822 	1786
f 1822 	1823 	1786
f 1823 	1824 	1786
f 1824 	1825 	1786
f 1825 	1826 	1786
f 1826 	1827 	1786
f 1827 	1828 	1786
f 1828 	1829 	1786
f 1829 	1830 	1786
f 1830 	1831 	1786
f 1831 	1832 	1786
f 1832 	1784 	1786
f 1736 	1735 	1735
f 1735 	1738 	1738
f 1738 	1739 	1739
f 1739 	1740 	1740
f 1740 	1741 	1741
f 1741 	1742 	1742
f 1742 	1743 	1743
f 1743 	1744 	1744
f 1744 	1745 	1745
f 1745 	1746 	1746
f 1746 	1747 	1747
f 1747 	1748 	1748
f 1748 	1749 	1749
f 1749 	1750 	1750
f 1750 	1751 	1751
f 1751 	1752 	1752
f 1752 	1753 	1753
f 1753 	1754 	1754
f 1754 	1755 	1755
f 1755 	1756 	1756
f 1756 	1757 	1757
f 1757 	1758 	1758
f 1758 	1759 	1759
f 1759 	1760 	1760
f 1760 	1761 	1761
f 1761 	1762 	1762
f 1762 	1763 	1763
f 1763 	1764 	1764
f 1764 	1765 	1765
f 1765 	1766 	1766
f 1766 	1767 	1767
f 1767 	1768 	1768
f 1768 	1769 	1769
f 1769 	1770 	1770
f 1770 	1771 	1771
f 1771 	1772 	1772
f 1772 	1773 	1773
f 1773 	1774 	1774
f 1774 	1775 	1775
f 1775 	1776 	1776
f 1776 	1777 	1777
f 1777 	1778 	1778
f 1778 	1779 	1779
f 1779 	1780 	1780
f 1780 	1781 	1781
f 1781 	1782 	1782
f 1782 	1783 	1783
f 1783 	1736 	1736
f 1736 	1735 	1785
f 1736 	1785 	1784
f 1735 	1738 	1787
f 1735 	1787 	1785
f 1738 	1739 	1788
f 1738 	1788 	1787
f 1739 	1740 	1789
f 1739 	1789 	1788
f 1740 	1741 	1790
f 1740 	1790 	1789
f 1741 	1742 	1791
f 1741 	1791 	1790
f 1742 	1743 	1792
f 1742 	1792 	1791
f 1743 	1744 	1793
f 1743 	1793 	1792
f 1744 	1745 	1794
f 1744 	1794 	1793
f 1745 	1746 	1795
f 1745 	1795 	1794
f 1746 	1747 	1796
f 1746 	1796 	1795
f 1747 	1748 	1797
f 1747 	1797 	1796
f 1748 	1749 	1798
f 1748 	1798 	1797
f 1749 	1750 	1799
f 1749 	1799 	1798
f 1750 	1751 	1800
f 1750 	1800 	1799
f 1751 	1752 	1801
f 1751 	1801 	1800
f 1752 	1753 	1802
f 1752 	1802 	1801
f 1753 	1754 	1803
f 1753 	1803 	1802
f 1754 	1755 	1804
f 1754 	1804 	1803
f 1755 	1756 	1805
f 1755 	1805 	1804
f 1756 	1757 	1806
f 1756 	1806 	1805
f 1757 	1758 	1807
f 1757 	1807 	1806
f 1758 	1759 	1808
f 1758 	1808 	1807
f 1759 	1760 	1809
f 1759 	1809 	1808
f 1760 	1761 	1810
f 1760 	1810 	1809
f 1761 	1762 	1811
f 1761 	1811 	1810
f 1762 	1763 	1812
f 1762 	1812 	1811
f 1763 	1764 	1813
f 1763 	1813 	1812
f 1764 	1765 	1814
f 1764 	1814 	1813
f 1765 	1766 	1815
f 1765 	1815 	1814
f 1766 	1767 	1816
f 1766 	1816 	1815
f 1767 	1768 	1817
f 1767 	1817 	1816
f 1768 	1769 	1818
f 1768 	1818 	1817
f 1769 	1770 	1819
f 1769 	1819 	1818
f 1770 	1771 	1820
f 1770 	1820 	1819
f 1771 	1772 	1821
f 1771 	1821 	1820
f 1772 	1773 	1822
f 1772 	1822 	1821
f 1773 	1774 	1823
f 1773 	1823 	1822
f 1774 	1775 	1824
f 1774 	1824 	1823
f 1775 	1776 	1825
f 1775 	1825 	1824
f 1776 	1777 	1826
f 1776 	1826 	1825
f 1777 	1778 	1827
f 1777 	1827 	1826
f 1778 	1779 	1828
f 1778 	1828 	1827
f 1779 	1780 	1829
f 1779 	1829 	1828
f 1780 	1781 	1830
f 1780 	1830 	1829
f 1781 	1782 	1831
f 1781 	1831 	1830
f 1782 	1783 	1832
f 1782 	1832 	1831
f 1783 	1736 	1784
f 1783 	1784 	1832
f 1784 	1785 	1785
f 1785 	1787 	1787
f 1787 	1788 	1788
f 1788 	1789 	1789
f 1789 	1790 	1790
f 1790 	1791 	1791
f 1791 	1792 	1792
f 1792 	1793 	1793
f 1793 	1794 	1794
f 1794 	1795 	1795
f 1795 	1796 	1796
f 1796 	1797 	1797
f 1797 	1798 	1798
f 1798 	1799 	1799
f 1799 	1800 	1800
f 1800 	1801 	1801
f 1801 	1802 	1802
f 1802 	1803 	1803
f 1803 	1804 	1804
f 1804 	1805 	1805
f 1805 	1806 	1806
f 1806 	1807 	1807
f 1807 	1808 	1808
f 1808 	1809 	1809
f 1809 	1810 	1810
f 1810 	1811 	1811
f 1811 	1812 	1812
f 1812 	1813 	1813
f 1813 	1814 	1814
f 1814 	1815 	1815
f 1815 	1816 	1816
f 1816 	1817 	1817
f 1817 	1818 	1818
f 1818 	1819 	1819
f 1819 	1820 	1820
f 1820 	1821 	1821
f 1821 	1822 	1822
f 1822 	1823 	1823
f 1823 	1824 	1824
f 1824 	1825 	1825
f 1825 	1826 	1826
f 1826 	1827 	1827
f 1827 	1828 	1828
f 1828 	1829 	1829
f 1829 	1830 	1830
f 1830 	1831 	1831
f 1831 	1832 	1832
f 1832 	1784 	1784
# 288 faces

 #end of obj_20

o obj_21
v 13.25 		16.2086 		19
v 13.25 		15.9157 		20.3066
v 13.25 		15.2086 		19.7654
v 13.24 		15.2086 		19.7654
v 13.24 		15.9157 		20.3066
v 13.24 		16.2086 		19
# 6 vertices

g group_21_4634441

usemtl color_4634441
s 0

f 1833 	1834 	1835
f 1836 	1837 	1838
f 1833 	1835 	1838
f 1835 	1836 	1838
f 1835 	1834 	1836
f 1834 	1837 	1836
f 1834 	1833 	1837
f 1833 	1838 	1837
# 8 faces

 #end of obj_21

o obj_22
v 13.25 		17.4967 		23.0655
v 13.25 		18.2673 		21.9705
v 13.25 		18.7134 		22.7411
v 13.24 		18.7134 		22.7411
v 13.24 		18.2673 		21.9705
v 13.24 		17.4967 		23.0655
# 6 vertices

g group_22_4634441

usemtl color_4634441
s 0

f 1839 	1840 	1841
f 1842 	1843 	1844
f 1839 	1841 	1844
f 1841 	1842 	1844
f 1841 	1840 	1842
f 1840 	1843 	1842
f 1840 	1839 	1843
f 1839 	1844 	1843
# 8 faces

 #end of obj_22

o obj_23
v 13.24 		15 		22.095
v 13.24 		15.705 		21
v 13.24 		16.1132 		21.7706
v 13.25 		16.1132 		21.7706
v 13.25 		15.705 		21
v 13.25 		15 		22.095
# 6 vertices

g group_23_16448250

usemtl color_16448250
s 0

f 1846 	1845 	1847
f 1849 	1848 	1850
f 1847 	1845 	1850
f 1848 	1847 	1850
f 1846 	1847 	1848
f 1849 	1846 	1848
f 1845 	1846 	1849
f 1850 	1845 	1849
# 8 faces

 #end of obj_23

o obj_24
v 13.25 		18.0934 		19.1659
v 13.25 		16.9624 		19.8827
v 13.25 		16.8451 		19
v 13.24 		16.8451 		19
v 13.24 		16.9624 		19.8827
v 13.24 		18.0934 		19.1659
# 6 vertices

g group_24_16448250

usemtl color_16448250
s 0

f 1851 	1852 	1853
f 1854 	1855 	1856
f 1851 	1853 	1856
f 1853 	1854 	1856
f 1853 	1852 	1854
f 1852 	1855 	1854
f 1852 	1851 	1855
f 1851 	1856 	1855
# 8 faces

 #end of obj_24

o obj_25
v 13.25 		17.2086 		22
v 13.25 		16.438 		23.095
v 13.25 		15.9918 		22.3244
v 13.24 		15.9918 		22.3244
v 13.24 		16.438 		23.095
v 13.24 		17.2086 		22
# 6 vertices

g group_25_16448250

usemtl color_16448250
s 0

f 1857 	1858 	1859
f 1860 	1861 	1862
f 1857 	1859 	1862
f 1859 	1860 	1862
f 1859 	1858 	1860
f 1858 	1861 	1860
f 1858 	1857 	1861
f 1857 	1862 	1861
# 8 faces

 #end of obj_25

o obj_26
v 13.25 		18.1051 		21.095
v 13.25 		18.8757 		20
v 13.25 		19.3218 		20.7706
v 13.24 		19.3218 		20.7706
v 13.24 		18.8757 		20
v 13.24 		18.1051 		21.095
# 6 vertices

g group_26_4634441

usemtl color_4634441
s 0

f 1863 	1864 	1865
f 1866 	1867 	1868
f 1863 	1865 	1868
f 1865 	1866 	1868
f 1865 	1864 	1866
f 1864 	1867 	1866
f 1864 	1863 	1867
f 1863 	1868 	1867
# 8 faces

 #end of obj_26

o obj_27
v -15.2888 		8.8901 		19.1659
v -15.2888 		10.0211 		19.8827
v -15.2888 		10.1384 		19
v -15.2788 		10.1384 		19
v -15.2788 		10.0211 		19.8827
v -15.2788 		8.8901 		19.1659
# 6 vertices

g group_27_16448250

usemtl color_16448250
s 0

f 1869 	1870 	1871
f 1872 	1873 	1874
f 1869 	1871 	1874
f 1871 	1872 	1874
f 1871 	1870 	1872
f 1870 	1873 	1872
f 1870 	1869 	1873
f 1869 	1874 	1873
# 8 faces

 #end of obj_27

o obj_28
v -15.2888 		10.7749 		19
v -15.2888 		11.0678 		20.3066
v -15.2888 		11.7749 		19.7654
v -15.2788 		11.7749 		19.7654
v -15.2788 		11.0678 		20.3066
v -15.2788 		10.7749 		19
# 6 vertices

g group_28_4634441

usemtl color_4634441
s 0

f 1875 	1876 	1877
f 1878 	1879 	1880
f 1875 	1877 	1880
f 1877 	1878 	1880
f 1877 	1876 	1878
f 1876 	1879 	1878
f 1876 	1875 	1879
f 1875 	1880 	1879
# 8 faces

 #end of obj_28

o obj_29
v -15.2788 		11.9835 		22.095
v -15.2788 		11.2785 		21
v -15.2788 		10.8703 		21.7706
v -15.2888 		10.8703 		21.7706
v -15.2888 		11.2785 		21
v -15.2888 		11.9835 		22.095
# 6 vertices

g group_29_16448250

usemtl color_16448250
s 0

f 1882 	1881 	1883
f 1885 	1884 	1886
f 1883 	1881 	1886
f 1884 	1883 	1886
f 1882 	1883 	1884
f 1885 	1882 	1884
f 1881 	1882 	1885
f 1886 	1881 	1885
# 8 faces

 #end of obj_29

o obj_30
v -15.2888 		9.7749 		22
v -15.2888 		10.5455 		23.095
v -15.2888 		10.9917 		22.3244
v -15.2788 		10.9917 		22.3244
v -15.2788 		10.5455 		23.095
v -15.2788 		9.7749 		22
# 6 vertices

g group_30_16448250

usemtl color_16448250
s 0

f 1887 	1888 	1889
f 1890 	1891 	1892
f 1887 	1889 	1892
f 1889 	1890 	1892
f 1889 	1888 	1890
f 1888 	1891 	1890
f 1888 	1887 	1891
f 1887 	1892 	1891
# 8 faces

 #end of obj_30

o obj_31
v -15.2888 		9.4869 		23.0655
v -15.2888 		8.7163 		21.9705
v -15.2888 		8.2701 		22.7411
v -15.2788 		8.2701 		22.7411
v -15.2788 		8.7163 		21.9705
v -15.2788 		9.4869 		23.0655
# 6 vertices

g group_31_4634441

usemtl color_4634441
s 0

f 1893 	1894 	1895
f 1896 	1897 	1898
f 1893 	1895 	1898
f 1895 	1896 	1898
f 1895 	1894 	1896
f 1894 	1897 	1896
f 1894 	1893 	1897
f 1893 	1898 	1897
# 8 faces

 #end of obj_31

o obj_32
v -15.2888 		8.8785 		21.095
v -15.2888 		8.1079 		20
v -15.2888 		7.6617 		20.7706
v -15.2788 		7.6617 		20.7706
v -15.2788 		8.1079 		20
v -15.2788 		8.8785 		21.095
# 6 vertices

g group_32_4634441

usemtl color_4634441
s 0

f 1899 	1900 	1901
f 1902 	1903 	1904
f 1899 	1901 	1904
f 1901 	1902 	1904
f 1901 	1900 	1902
f 1900 	1903 	1902
f 1900 	1899 	1903
f 1899 	1904 	1903
# 8 faces

 #end of obj_32

o obj_33
v -14.0388 		12.9579 		20.6737
v -14.0388 		12.9835 		21
v -14.0388 		9.9835 		21
v -14.0388 		12.8813 		20.353
v -14.0388 		12.7552 		20.0433
v -14.0388 		12.5816 		19.75
v -14.0388 		12.3636 		19.4781
v -14.0388 		12.1048 		19.2322
v -14.0388 		11.8098 		19.0166
v -14.0388 		11.4835 		18.8349
v -14.0388 		11.1316 		18.6903
v -14.0388 		10.76 		18.5852
v -14.0388 		10.3751 		18.5214
v -14.0388 		9.9835 		18.5
v -14.0388 		9.5919 		18.5214
v -14.0388 		9.2071 		18.5852
v -14.0388 		8.8355 		18.6903
v -14.0388 		8.4835 		18.8349
v -14.0388 		8.1572 		19.0166
v -14.0388 		7.8622 		19.2322
v -14.0388 		7.6035 		19.4781
v -14.0388 		7.3854 		19.75
v -14.0388 		7.2119 		20.0433
v -14.0388 		7.0857 		20.353
v -14.0388 		7.0092 		20.6737
v -14.0388 		6.9835 		21
v -14.0388 		7.0092 		21.3263
v -14.0388 		7.0857 		21.647
v -14.0388 		7.2119 		21.9567
v -14.0388 		7.3854 		22.25
v -14.0388 		7.6035 		22.5219
v -14.0388 		7.8622 		22.7678
v -14.0388 		8.1572 		22.9834
v -14.0388 		8.4835 		23.1651
v -14.0388 		8.8355 		23.3097
v -14.0388 		9.2071 		23.4148
v -14.0388 		9.5919 		23.4786
v -14.0388 		9.9835 		23.5
v -14.0388 		10.3751 		23.4786
v -14.0388 		10.76 		23.4148
v -14.0388 		11.1316 		23.3097
v -14.0388 		11.4835 		23.1651
v -14.0388 		11.8098 		22.9834
v -14.0388 		12.1048 		22.7678
v -14.0388 		12.3636 		22.5219
v -14.0388 		12.5816 		22.25
v -14.0388 		12.7552 		21.9567
v -14.0388 		12.8813 		21.647
v -14.0388 		12.9579 		21.3263
v -15.1388 		12.9835 		21
v -15.1388 		12.9579 		20.6737
v -15.1388 		9.9835 		21
v -15.1388 		12.8813 		20.353
v -15.1388 		12.7552 		20.0433
v -15.1388 		12.5816 		19.75
v -15.1388 		12.3636 		19.4781
v -15.1388 		12.1048 		19.2322
v -15.1388 		11.8098 		19.0166
v -15.1388 		11.4835 		18.8349
v -15.1388 		11.1316 		18.6903
v -15.1388 		10.76 		18.5852
v -15.1388 		10.3751 		18.5214
v -15.1388 		9.9835 		18.5
v -15.1388 		9.5919 		18.5214
v -15.1388 		9.2071 		18.5852
v -15.1388 		8.8355 		18.6903
v -15.1388 		8.4835 		18.8349
v -15.1388 		8.1572 		19.0166
v -15.1388 		7.8622 		19.2322
v -15.1388 		7.6035 		19.4781
v -15.1388 		7.3854 		19.75
v -15.1388 		7.2119 		20.0433
v -15.1388 		7.0857 		20.353
v -15.1388 		7.0092 		20.6737
v -15.1388 		6.9835 		21
v -15.1388 		7.0092 		21.3263
v -15.1388 		7.0857 		21.647
v -15.1388 		7.2119 		21.9567
v -15.1388 		7.3854 		22.25
v -15.1388 		7.6035 		22.5219
v -15.1388 		7.8622 		22.7678
v -15.1388 		8.1572 		22.9834
v -15.1388 		8.4835 		23.1651
v -15.1388 		8.8355 		23.3097
v -15.1388 		9.2071 		23.4148
v -15.1388 		9.5919 		23.4786
v -15.1388 		9.9835 		23.5
v -15.1388 		10.3751 		23.4786
v -15.1388 		10.76 		23.4148
v -15.1388 		11.1316 		23.3097
v -15.1388 		11.4835 		23.1651
v -15.1388 		11.8098 		22.9834
v -15.1388 		12.1048 		22.7678
v -15.1388 		12.3636 		22.5219
v -15.1388 		12.5816 		22.25
v -15.1388 		12.7552 		21.9567
v -15.1388 		12.8813 		21.647
v -15.1388 		12.9579 		21.3263
# 98 vertices

g group_33_15277357

usemtl color_15277357
s 0

f 1905 	1906 	1907
f 1908 	1905 	1907
f 1909 	1908 	1907
f 1910 	1909 	1907
f 1911 	1910 	1907
f 1912 	1911 	1907
f 1913 	1912 	1907
f 1914 	1913 	1907
f 1915 	1914 	1907
f 1916 	1915 	1907
f 1917 	1916 	1907
f 1918 	1917 	1907
f 1919 	1918 	1907
f 1920 	1919 	1907
f 1921 	1920 	1907
f 1922 	1921 	1907
f 1923 	1922 	1907
f 1924 	1923 	1907
f 1925 	1924 	1907
f 1926 	1925 	1907
f 1927 	1926 	1907
f 1928 	1927 	1907
f 1929 	1928 	1907
f 1930 	1929 	1907
f 1931 	1930 	1907
f 1932 	1931 	1907
f 1933 	1932 	1907
f 1934 	1933 	1907
f 1935 	1934 	1907
f 1936 	1935 	1907
f 1937 	1936 	1907
f 1938 	1937 	1907
f 1939 	1938 	1907
f 1940 	1939 	1907
f 1941 	1940 	1907
f 1942 	1941 	1907
f 1943 	1942 	1907
f 1944 	1943 	1907
f 1945 	1944 	1907
f 1946 	1945 	1907
f 1947 	1946 	1907
f 1948 	1947 	1907
f 1949 	1948 	1907
f 1950 	1949 	1907
f 1951 	1950 	1907
f 1952 	1951 	1907
f 1953 	1952 	1907
f 1906 	1953 	1907
f 1954 	1955 	1956
f 1955 	1957 	1956
f 1957 	1958 	1956
f 1958 	1959 	1956
f 1959 	1960 	1956
f 1960 	1961 	1956
f 1961 	1962 	1956
f 1962 	1963 	1956
f 1963 	1964 	1956
f 1964 	1965 	1956
f 1965 	1966 	1956
f 1966 	1967 	1956
f 1967 	1968 	1956
f 1968 	1969 	1956
f 1969 	1970 	1956
f 1970 	1971 	1956
f 1971 	1972 	1956
f 1972 	1973 	1956
f 1973 	1974 	1956
f 1974 	1975 	1956
f 1975 	1976 	1956
f 1976 	1977 	1956
f 1977 	1978 	1956
f 1978 	1979 	1956
f 1979 	1980 	1956
f 1980 	1981 	1956
f 1981 	1982 	1956
f 1982 	1983 	1956
f 1983 	1984 	1956
f 1984 	1985 	1956
f 1985 	1986 	1956
f 1986 	1987 	1956
f 1987 	1988 	1956
f 1988 	1989 	1956
f 1989 	1990 	1956
f 1990 	1991 	1956
f 1991 	1992 	1956
f 1992 	1993 	1956
f 1993 	1994 	1956
f 1994 	1995 	1956
f 1995 	1996 	1956
f 1996 	1997 	1956
f 1997 	1998 	1956
f 1998 	1999 	1956
f 1999 	2000 	1956
f 2000 	2001 	1956
f 2001 	2002 	1956
f 2002 	1954 	1956
f 1906 	1905 	1905
f 1905 	1908 	1908
f 1908 	1909 	1909
f 1909 	1910 	1910
f 1910 	1911 	1911
f 1911 	1912 	1912
f 1912 	1913 	1913
f 1913 	1914 	1914
f 1914 	1915 	1915
f 1915 	1916 	1916
f 1916 	1917 	1917
f 1917 	1918 	1918
f 1918 	1919 	1919
f 1919 	1920 	1920
f 1920 	1921 	1921
f 1921 	1922 	1922
f 1922 	1923 	1923
f 1923 	1924 	1924
f 1924 	1925 	1925
f 1925 	1926 	1926
f 1926 	1927 	1927
f 1927 	1928 	1928
f 1928 	1929 	1929
f 1929 	1930 	1930
f 1930 	1931 	1931
f 1931 	1932 	1932
f 1932 	1933 	1933
f 1933 	1934 	1934
f 1934 	1935 	1935
f 1935 	1936 	1936
f 1936 	1937 	1937
f 1937 	1938 	1938
f 1938 	1939 	1939
f 1939 	1940 	1940
f 1940 	1941 	1941
f 1941 	1942 	1942
f 1942 	1943 	1943
f 1943 	1944 	1944
f 1944 	1945 	1945
f 1945 	1946 	1946
f 1946 	1947 	1947
f 1947 	1948 	1948
f 1948 	1949 	1949
f 1949 	1950 	1950
f 1950 	1951 	1951
f 1951 	1952 	1952
f 1952 	1953 	1953
f 1953 	1906 	1906
f 1906 	1905 	1955
f 1906 	1955 	1954
f 1905 	1908 	1957
f 1905 	1957 	1955
f 1908 	1909 	1958
f 1908 	1958 	1957
f 1909 	1910 	1959
f 1909 	1959 	1958
f 1910 	1911 	1960
f 1910 	1960 	1959
f 1911 	1912 	1961
f 1911 	1961 	1960
f 1912 	1913 	1962
f 1912 	1962 	1961
f 1913 	1914 	1963
f 1913 	1963 	1962
f 1914 	1915 	1964
f 1914 	1964 	1963
f 1915 	1916 	1965
f 1915 	1965 	1964
f 1916 	1917 	1966
f 1916 	1966 	1965
f 1917 	1918 	1967
f 1917 	1967 	1966
f 1918 	1919 	1968
f 1918 	1968 	1967
f 1919 	1920 	1969
f 1919 	1969 	1968
f 1920 	1921 	1970
f 1920 	1970 	1969
f 1921 	1922 	1971
f 1921 	1971 	1970
f 1922 	1923 	1972
f 1922 	1972 	1971
f 1923 	1924 	1973
f 1923 	1973 	1972
f 1924 	1925 	1974
f 1924 	1974 	1973
f 1925 	1926 	1975
f 1925 	1975 	1974
f 1926 	1927 	1976
f 1926 	1976 	1975
f 1927 	1928 	1977
f 1927 	1977 	1976
f 1928 	1929 	1978
f 1928 	1978 	1977
f 1929 	1930 	1979
f 1929 	1979 	1978
f 1930 	1931 	1980
f 1930 	1980 	1979
f 1931 	1932 	1981
f 1931 	1981 	1980
f 1932 	1933 	1982
f 1932 	1982 	1981
f 1933 	1934 	1983
f 1933 	1983 	1982
f 1934 	1935 	1984
f 1934 	1984 	1983
f 1935 	1936 	1985
f 1935 	1985 	1984
f 1936 	1937 	1986
f 1936 	1986 	1985
f 1937 	1938 	1987
f 1937 	1987 	1986
f 1938 	1939 	1988
f 1938 	1988 	1987
f 1939 	1940 	1989
f 1939 	1989 	1988
f 1940 	1941 	1990
f 1940 	1990 	1989
f 1941 	1942 	1991
f 1941 	1991 	1990
f 1942 	1943 	1992
f 1942 	1992 	1991
f 1943 	1944 	1993
f 1943 	1993 	1992
f 1944 	1945 	1994
f 1944 	1994 	1993
f 1945 	1946 	1995
f 1945 	1995 	1994
f 1946 	1947 	1996
f 1946 	1996 	1995
f 1947 	1948 	1997
f 1947 	1997 	1996
f 1948 	1949 	1998
f 1948 	1998 	1997
f 1949 	1950 	1999
f 1949 	1999 	1998
f 1950 	1951 	2000
f 1950 	2000 	1999
f 1951 	1952 	2001
f 1951 	2001 	2000
f 1952 	1953 	2002
f 1952 	2002 	2001
f 1953 	1906 	1954
f 1953 	1954 	2002
f 1954 	1955 	1955
f 1955 	1957 	1957
f 1957 	1958 	1958
f 1958 	1959 	1959
f 1959 	1960 	1960
f 1960 	1961 	1961
f 1961 	1962 	1962
f 1962 	1963 	1963
f 1963 	1964 	1964
f 1964 	1965 	1965
f 1965 	1966 	1966
f 1966 	1967 	1967
f 1967 	1968 	1968
f 1968 	1969 	1969
f 1969 	1970 	1970
f 1970 	1971 	1971
f 1971 	1972 	1972
f 1972 	1973 	1973
f 1973 	1974 	1974
f 1974 	1975 	1975
f 1975 	1976 	1976
f 1976 	1977 	1977
f 1977 	1978 	1978
f 1978 	1979 	1979
f 1979 	1980 	1980
f 1980 	1981 	1981
f 1981 	1982 	1982
f 1982 	1983 	1983
f 1983 	1984 	1984
f 1984 	1985 	1985
f 1985 	1986 	1986
f 1986 	1987 	1987
f 1987 	1988 	1988
f 1988 	1989 	1989
f 1989 	1990 	1990
f 1990 	1991 	1991
f 1991 	1992 	1992
f 1992 	1993 	1993
f 1993 	1994 	1994
f 1994 	1995 	1995
f 1995 	1996 	1996
f 1996 	1997 	1997
f 1997 	1998 	1998
f 1998 	1999 	1999
f 1999 	2000 	2000
f 2000 	2001 	2001
f 2001 	2002 	2002
f 2002 	1954 	1954
# 288 faces

 #end of obj_33

o obj_34
v -14.0388 		13.4536 		20.6084
v -14.0388 		13.4835 		21
v -14.0388 		9.9835 		21
v -14.0388 		13.3643 		20.2235
v -14.0388 		13.2171 		19.8519
v -14.0388 		13.0146 		19.5
v -14.0388 		12.7603 		19.1737
v -14.0388 		12.4584 		18.8787
v -14.0388 		12.1142 		18.6199
v -14.0388 		11.7335 		18.4019
v -14.0388 		11.3229 		18.2284
v -14.0388 		10.8894 		18.1022
v -14.0388 		10.4404 		18.0257
v -14.0388 		9.9835 		18
v -14.0388 		9.5267 		18.0257
v -14.0388 		9.0777 		18.1022
v -14.0388 		8.6441 		18.2284
v -14.0388 		8.2335 		18.4019
v -14.0388 		7.8529 		18.6199
v -14.0388 		7.5086 		18.8787
v -14.0388 		7.2068 		19.1737
v -14.0388 		6.9524 		19.5
v -14.0388 		6.7499 		19.8519
v -14.0388 		6.6028 		20.2235
v -14.0388 		6.5135 		20.6084
v -14.0388 		6.4835 		21
v -14.0388 		6.5135 		21.3916
v -14.0388 		6.6028 		21.7765
v -14.0388 		6.7499 		22.1481
v -14.0388 		6.9524 		22.5
v -14.0388 		7.2068 		22.8263
v -14.0388 		7.5086 		23.1213
v -14.0388 		7.8529 		23.3801
v -14.0388 		8.2335 		23.5981
v -14.0388 		8.6441 		23.7716
v -14.0388 		9.0777 		23.8978
v -14.0388 		9.5267 		23.9743
v -14.0388 		9.9835 		24
v -14.0388 		10.4404 		23.9743
v -14.0388 		10.8894 		23.8978
v -14.0388 		11.3229 		23.7716
v -14.0388 		11.7335 		23.5981
v -14.0388 		12.1142 		23.3801
v -14.0388 		12.4584 		23.1213
v -14.0388 		12.7603 		22.8263
v -14.0388 		13.0146 		22.5
v -14.0388 		13.2171 		22.1481
v -14.0388 		13.3643 		21.7765
v -14.0388 		13.4536 		21.3916
v -15.0388 		13.4835 		21
v -15.0388 		13.4536 		20.6084
v -15.0388 		9.9835 		21
v -15.0388 		13.3643 		20.2235
v -15.0388 		13.2171 		19.8519
v -15.0388 		13.0146 		19.5
v -15.0388 		12.7603 		19.1737
v -15.0388 		12.4584 		18.8787
v -15.0388 		12.1142 		18.6199
v -15.0388 		11.7335 		18.4019
v -15.0388 		11.3229 		18.2284
v -15.0388 		10.8894 		18.1022
v -15.0388 		10.4404 		18.0257
v -15.0388 		9.9835 		18
v -15.0388 		9.5267 		18.0257
v -15.0388 		9.0777 		18.1022
v -15.0388 		8.6441 		18.2284
v -15.0388 		8.2335 		18.4019
v -15.0388 		7.8529 		18.6199
v -15.0388 		7.5086 		18.8787
v -15.0388 		7.2068 		19.1737
v -15.0388 		6.9524 		19.5
v -15.0388 		6.7499 		19.8519
v -15.0388 		6.6028 		20.2235
v -15.0388 		6.5135 		20.6084
v -15.0388 		6.4835 		21
v -15.0388 		6.5135 		21.3916
v -15.0388 		6.6028 		21.7765
v -15.0388 		6.7499 		22.1481
v -15.0388 		6.9524 		22.5
v -15.0388 		7.2068 		22.8263
v -15.0388 		7.5086 		23.1213
v -15.0388 		7.8529 		23.3801
v -15.0388 		8.2335 		23.5981
v -15.0388 		8.6441 		23.7716
v -15.0388 		9.0777 		23.8978
v -15.0388 		9.5267 		23.9743
v -15.0388 		9.9835 		24
v -15.0388 		10.4404 		23.9743
v -15.0388 		10.8894 		23.8978
v -15.0388 		11.3229 		23.7716
v -15.0388 		11.7335 		23.5981
v -15.0388 		12.1142 		23.3801
v -15.0388 		12.4584 		23.1213
v -15.0388 		12.7603 		22.8263
v -15.0388 		13.0146 		22.5
v -15.0388 		13.2171 		22.1481
v -15.0388 		13.3643 		21.7765
v -15.0388 		13.4536 		21.3916
# 98 vertices

g group_34_16089887

usemtl color_16089887
s 0

f 2003 	2004 	2005
f 2006 	2003 	2005
f 2007 	2006 	2005
f 2008 	2007 	2005
f 2009 	2008 	2005
f 2010 	2009 	2005
f 2011 	2010 	2005
f 2012 	2011 	2005
f 2013 	2012 	2005
f 2014 	2013 	2005
f 2015 	2014 	2005
f 2016 	2015 	2005
f 2017 	2016 	2005
f 2018 	2017 	2005
f 2019 	2018 	2005
f 2020 	2019 	2005
f 2021 	2020 	2005
f 2022 	2021 	2005
f 2023 	2022 	2005
f 2024 	2023 	2005
f 2025 	2024 	2005
f 2026 	2025 	2005
f 2027 	2026 	2005
f 2028 	2027 	2005
f 2029 	2028 	2005
f 2030 	2029 	2005
f 2031 	2030 	2005
f 2032 	2031 	2005
f 2033 	2032 	2005
f 2034 	2033 	2005
f 2035 	2034 	2005
f 2036 	2035 	2005
f 2037 	2036 	2005
f 2038 	2037 	2005
f 2039 	2038 	2005
f 2040 	2039 	2005
f 2041 	2040 	2005
f 2042 	2041 	2005
f 2043 	2042 	2005
f 2044 	2043 	2005
f 2045 	2044 	2005
f 2046 	2045 	2005
f 2047 	2046 	2005
f 2048 	2047 	2005
f 2049 	2048 	2005
f 2050 	2049 	2005
f 2051 	2050 	2005
f 2004 	2051 	2005
f 2052 	2053 	2054
f 2053 	2055 	2054
f 2055 	2056 	2054
f 2056 	2057 	2054
f 2057 	2058 	2054
f 2058 	2059 	2054
f 2059 	2060 	2054
f 2060 	2061 	2054
f 2061 	2062 	2054
f 2062 	2063 	2054
f 2063 	2064 	2054
f 2064 	2065 	2054
f 2065 	2066 	2054
f 2066 	2067 	2054
f 2067 	2068 	2054
f 2068 	2069 	2054
f 2069 	2070 	2054
f 2070 	2071 	2054
f 2071 	2072 	2054
f 2072 	2073 	2054
f 2073 	2074 	2054
f 2074 	2075 	2054
f 2075 	2076 	2054
f 2076 	2077 	2054
f 2077 	2078 	2054
f 2078 	2079 	2054
f 2079 	2080 	2054
f 2080 	2081 	2054
f 2081 	2082 	2054
f 2082 	2083 	2054
f 2083 	2084 	2054
f 2084 	2085 	2054
f 2085 	2086 	2054
f 2086 	2087 	2054
f 2087 	2088 	2054
f 2088 	2089 	2054
f 2089 	2090 	2054
f 2090 	2091 	2054
f 2091 	2092 	2054
f 2092 	2093 	2054
f 2093 	2094 	2054
f 2094 	2095 	2054
f 2095 	2096 	2054
f 2096 	2097 	2054
f 2097 	2098 	2054
f 2098 	2099 	2054
f 2099 	2100 	2054
f 2100 	2052 	2054
f 2004 	2003 	2003
f 2003 	2006 	2006
f 2006 	2007 	2007
f 2007 	2008 	2008
f 2008 	2009 	2009
f 2009 	2010 	2010
f 2010 	2011 	2011
f 2011 	2012 	2012
f 2012 	2013 	2013
f 2013 	2014 	2014
f 2014 	2015 	2015
f 2015 	2016 	2016
f 2016 	2017 	2017
f 2017 	2018 	2018
f 2018 	2019 	2019
f 2019 	2020 	2020
f 2020 	2021 	2021
f 2021 	2022 	2022
f 2022 	2023 	2023
f 2023 	2024 	2024
f 2024 	2025 	2025
f 2025 	2026 	2026
f 2026 	2027 	2027
f 2027 	2028 	2028
f 2028 	2029 	2029
f 2029 	2030 	2030
f 2030 	2031 	2031
f 2031 	2032 	2032
f 2032 	2033 	2033
f 2033 	2034 	2034
f 2034 	2035 	2035
f 2035 	2036 	2036
f 2036 	2037 	2037
f 2037 	2038 	2038
f 2038 	2039 	2039
f 2039 	2040 	2040
f 2040 	2041 	2041
f 2041 	2042 	2042
f 2042 	2043 	2043
f 2043 	2044 	2044
f 2044 	2045 	2045
f 2045 	2046 	2046
f 2046 	2047 	2047
f 2047 	2048 	2048
f 2048 	2049 	2049
f 2049 	2050 	2050
f 2050 	2051 	2051
f 2051 	2004 	2004
f 2004 	2003 	2053
f 2004 	2053 	2052
f 2003 	2006 	2055
f 2003 	2055 	2053
f 2006 	2007 	2056
f 2006 	2056 	2055
f 2007 	2008 	2057
f 2007 	2057 	2056
f 2008 	2009 	2058
f 2008 	2058 	2057
f 2009 	2010 	2059
f 2009 	2059 	2058
f 2010 	2011 	2060
f 2010 	2060 	2059
f 2011 	2012 	2061
f 2011 	2061 	2060
f 2012 	2013 	2062
f 2012 	2062 	2061
f 2013 	2014 	2063
f 2013 	2063 	2062
f 2014 	2015 	2064
f 2014 	2064 	2063
f 2015 	2016 	2065
f 2015 	2065 	2064
f 2016 	2017 	2066
f 2016 	2066 	2065
f 2017 	2018 	2067
f 2017 	2067 	2066
f 2018 	2019 	2068
f 2018 	2068 	2067
f 2019 	2020 	2069
f 2019 	2069 	2068
f 2020 	2021 	2070
f 2020 	2070 	2069
f 2021 	2022 	2071
f 2021 	2071 	2070
f 2022 	2023 	2072
f 2022 	2072 	2071
f 2023 	2024 	2073
f 2023 	2073 	2072
f 2024 	2025 	2074
f 2024 	2074 	2073
f 2025 	2026 	2075
f 2025 	2075 	2074
f 2026 	2027 	2076
f 2026 	2076 	2075
f 2027 	2028 	2077
f 2027 	2077 	2076
f 2028 	2029 	2078
f 2028 	2078 	2077
f 2029 	2030 	2079
f 2029 	2079 	2078
f 2030 	2031 	2080
f 2030 	2080 	2079
f 2031 	2032 	2081
f 2031 	2081 	2080
f 2032 	2033 	2082
f 2032 	2082 	2081
f 2033 	2034 	2083
f 2033 	2083 	2082
f 2034 	2035 	2084
f 2034 	2084 	2083
f 2035 	2036 	2085
f 2035 	2085 	2084
f 2036 	2037 	2086
f 2036 	2086 	2085
f 2037 	2038 	2087
f 2037 	2087 	2086
f 2038 	2039 	2088
f 2038 	2088 	2087
f 2039 	2040 	2089
f 2039 	2089 	2088
f 2040 	2041 	2090
f 2040 	2090 	2089
f 2041 	2042 	2091
f 2041 	2091 	2090
f 2042 	2043 	2092
f 2042 	2092 	2091
f 2043 	2044 	2093
f 2043 	2093 	2092
f 2044 	2045 	2094
f 2044 	2094 	2093
f 2045 	2046 	2095
f 2045 	2095 	2094
f 2046 	2047 	2096
f 2046 	2096 	2095
f 2047 	2048 	2097
f 2047 	2097 	2096
f 2048 	2049 	2098
f 2048 	2098 	2097
f 2049 	2050 	2099
f 2049 	2099 	2098
f 2050 	2051 	2100
f 2050 	2100 	2099
f 2051 	2004 	2052
f 2051 	2052 	2100
f 2052 	2053 	2053
f 2053 	2055 	2055
f 2055 	2056 	2056
f 2056 	2057 	2057
f 2057 	2058 	2058
f 2058 	2059 	2059
f 2059 	2060 	2060
f 2060 	2061 	2061
f 2061 	2062 	2062
f 2062 	2063 	2063
f 2063 	2064 	2064
f 2064 	2065 	2065
f 2065 	2066 	2066
f 2066 	2067 	2067
f 2067 	2068 	2068
f 2068 	2069 	2069
f 2069 	2070 	2070
f 2070 	2071 	2071
f 2071 	2072 	2072
f 2072 	2073 	2073
f 2073 	2074 	2074
f 2074 	2075 	2075
f 2075 	2076 	2076
f 2076 	2077 	2077
f 2077 	2078 	2078
f 2078 	2079 	2079
f 2079 	2080 	2080
f 2080 	2081 	2081
f 2081 	2082 	2082
f 2082 	2083 	2083
f 2083 	2084 	2084
f 2084 	2085 	2085
f 2085 	2086 	2086
f 2086 	2087 	2087
f 2087 	2088 	2088
f 2088 	2089 	2089
f 2089 	2090 	2090
f 2090 	2091 	2091
f 2091 	2092 	2092
f 2092 	2093 	2093
f 2093 	2094 	2094
f 2094 	2095 	2095
f 2095 	2096 	2096
f 2096 	2097 	2097
f 2097 	2098 	2098
f 2098 	2099 	2099
f 2099 	2100 	2100
f 2100 	2052 	2052
# 288 faces

 #end of obj_34

o obj_35
v -14.5388 		0.6612 		16
v -14.5388 		0.6612 		33
v -12.75 		0.6612 		16
v -12.75 		0.6612 		33
v -14.5388 		25.9835 		33
v -14.5388 		25.9835 		16
v -12.75 		25.9835 		33
v -12.75 		25.9835 		16
# 8 vertices

g group_35_15277357

usemtl color_15277357
s 0

f 2101 	2103 	2102
f 2103 	2104 	2102
f 2105 	2107 	2106
f 2107 	2108 	2106
f 2105 	2106 	2102
f 2106 	2101 	2102
f 2108 	2107 	2103
f 2107 	2104 	2103
f 2106 	2108 	2101
f 2108 	2103 	2101
f 2102 	2104 	2105
f 2104 	2107 	2105
# 12 faces

 #end of obj_35

o obj_36
v -15.0388 		18.9245 		30.2528
v -15.0388 		18.9144 		30.1012
v -15.0388 		18.9111 		29.9437
v -15.0388 		18.965 		30.5387
v -15.0388 		18.9414 		30.3987
v -15.0388 		19.0323 		30.8013
v -15.0388 		18.9953 		30.6729
v -15.0388 		19.1233 		31.0407
v -15.0388 		19.0744 		30.9239
v -15.0388 		19.2412 		31.2569
v -15.0388 		19.1789 		31.1517
v -15.0388 		19.386 		31.4498
v -15.0388 		19.3102 		31.3562
v -15.0388 		19.5578 		31.6125
v -15.0388 		19.4686 		31.5346
v -15.0388 		19.7566 		31.7473
v -15.0388 		19.6538 		31.6834
v -15.0388 		19.9822 		31.8542
v -15.0388 		19.866 		31.8042
v -15.0388 		20.236 		31.9356
v -15.0388 		20.1055 		31.899
v -15.0388 		20.5189 		31.9844
v -15.0388 		20.3738 		31.964
v -15.0388 		20.8311 		32.0006
v -15.0388 		20.6714 		31.9966
v -15.0388 		22.9835 		31.4847
v -15.0388 		22.9835 		32.0006
v -15.0388 		21.2201 		28.2981
v -15.0388 		22.3267 		26.2342
v -15.0388 		22.3267 		30.899
v -15.0388 		21.0534 		28.2981
v -15.0388 		22.9835 		25.0906
v -15.0388 		22.9835 		25.6066
v -15.0388 		22.6905 		25.6066
v -15.0388 		20.4218 		25.6066
v -15.0388 		20.4218 		25.0906
v -15.0388 		20.7974 		27.7384
v -15.0388 		20.9827 		27.7333
v -15.0388 		21.2201 		27.7333
v -15.0388 		20.4572 		27.7786
v -15.0388 		20.6222 		27.7535
v -15.0388 		20.1574 		27.8592
v -15.0388 		20.3022 		27.8139
v -15.0388 		19.8954 		27.9785
v -15.0388 		20.0227 		27.9146
v -15.0388 		19.6652 		28.1273
v -15.0388 		19.7762 		28.0494
v -15.0388 		19.4676 		28.3039
v -15.0388 		19.5623 		28.2121
v -15.0388 		19.3022 		28.5075
v -15.0388 		19.381 		28.4027
v -15.0388 		19.1675 		28.7322
v -15.0388 		19.2311 		28.6173
v -15.0388 		19.0631 		28.977
v -15.0388 		19.1115 		28.8521
v -15.0388 		18.9883 		29.2425
v -15.0388 		19.0222 		29.107
v -15.0388 		18.9389 		29.5183
v -15.0388 		18.9605 		29.3797
v -15.0388 		18.9142 		29.8004
v -15.0388 		18.9234 		29.6586
v -15.0388 		22.3275 		30.9598
v -15.0388 		20.9681 		28.3004
v -15.0388 		22.6639 		25.6072
v -15.0388 		20.8513 		25.6066
v -15.0388 		22.6905 		31.4847
v -15.0388 		22.33 		31.0167
v -15.0388 		20.8872 		28.3074
v -15.0388 		22.6383 		25.609
v -15.0388 		20.8749 		25.607
v -15.0388 		22.3343 		31.0698
v -15.0388 		20.8109 		28.319
v -15.0388 		22.6134 		25.6119
v -15.0388 		20.8985 		25.6082
v -15.0388 		22.6655 		31.4841
v -15.0388 		22.3401 		31.119
v -15.0388 		22.3275 		26.1668
v -15.0388 		22.5894 		25.6159
v -15.0388 		20.922 		25.6101
v -15.0388 		22.6411 		31.4823
v -15.0388 		22.3477 		31.1643
v -15.0388 		22.5663 		25.6212
v -15.0388 		20.9456 		25.6128
v -15.0388 		22.6172 		31.4794
v -15.0388 		22.357 		31.2058
v -15.0388 		22.5439 		25.6275
v -15.0388 		20.9692 		25.6163
v -15.0388 		22.5939 		31.4754
v -15.0388 		22.3661 		31.2435
v -15.0388 		22.5226 		25.6357
v -15.0388 		20.9928 		25.6206
v -15.0388 		22.5712 		31.4701
v -15.0388 		22.3766 		31.2778
v -15.0388 		22.5024 		25.6461
v -15.0388 		21.0142 		25.6285
v -15.0388 		22.549 		31.4637
v -15.0388 		22.3886 		31.3086
v -15.0388 		22.4833 		25.6589
v -15.0388 		21.0349 		25.6384
v -15.0388 		22.5275 		31.4556
v -15.0388 		21.2201 		31.4289
v -15.0388 		22.4653 		25.674
v -15.0388 		21.0547 		25.6502
v -15.0388 		22.5069 		31.4452
v -15.0388 		22.4019 		31.3359
v -15.0388 		22.4485 		25.6915
v -15.0388 		21.0736 		25.664
v -15.0388 		22.4871 		31.4324
v -15.0388 		22.4166 		31.3597
v -15.0388 		22.4681 		31.4173
v -15.0388 		22.4328 		31.3801
v -15.0388 		22.4328 		25.7112
v -15.0388 		22.45 		31.3998
v -15.0388 		22.4166 		25.7358
v -15.0388 		22.4019 		25.7631
v -15.0388 		20.9473 		31.4289
v -15.0388 		22.3886 		25.7932
v -15.0388 		20.8702 		31.4262
v -15.0388 		22.3766 		25.8259
v -15.0388 		20.7974 		31.418
v -15.0388 		22.3661 		25.8613
v -15.0388 		20.7288 		31.4045
v -15.0388 		22.357 		25.8995
v -15.0388 		20.6643 		31.3855
v -15.0388 		22.3477 		25.9436
v -15.0388 		20.6041 		31.3611
v -15.0388 		22.3401 		25.9925
v -15.0388 		20.5481 		31.3313
v -15.0388 		22.3343 		26.0459
v -15.0388 		20.4959 		31.2983
v -15.0388 		22.33 		26.104
v -15.0388 		20.4471 		31.26
v -15.0388 		20.4016 		31.2162
v -15.0388 		21.0917 		25.6797
v -15.0388 		20.3595 		31.167
v -15.0388 		21.109 		25.6973
v -15.0388 		20.3208 		31.1124
v -15.0388 		21.1253 		25.7195
v -15.0388 		20.2854 		31.0524
v -15.0388 		21.1404 		25.7445
v -15.0388 		20.2533 		30.989
v -15.0388 		21.1545 		25.7722
v -15.0388 		21.1674 		25.8026
v -15.0388 		20.2242 		30.9199
v -15.0388 		21.1792 		25.8358
v -15.0388 		20.1982 		30.8449
v -15.0388 		21.1898 		25.8716
v -15.0388 		20.1754 		30.7641
v -15.0388 		21.1991 		25.913
v -15.0388 		20.1556 		30.6776
v -15.0388 		21.2067 		25.9584
v -15.0388 		20.1389 		30.5852
v -15.0388 		21.2126 		26.0076
v -15.0388 		20.1234 		30.487
v -15.0388 		21.2168 		26.0606
v -15.0388 		20.1108 		30.383
v -15.0388 		21.2193 		26.1176
v -15.0388 		20.101 		30.2731
v -15.0388 		21.2201 		26.1784
v -15.0388 		20.094 		30.1575
v -15.0388 		20.0897 		30.0361
v -15.0388 		20.0883 		29.9088
v -15.0388 		20.739 		28.3353
v -15.0388 		20.0899 		29.7682
v -15.0388 		20.6716 		28.3562
v -15.0388 		20.0945 		29.6346
v -15.0388 		20.6088 		28.3818
v -15.0388 		20.1022 		29.5079
v -15.0388 		20.55 		28.4149
v -15.0388 		20.113 		29.3882
v -15.0388 		20.4948 		28.4538
v -15.0388 		20.1269 		29.2755
v -15.0388 		20.4433 		28.4986
v -15.0388 		20.1439 		29.1697
v -15.0388 		20.164 		29.0705
v -15.0388 		20.3954 		28.5491
v -15.0388 		20.1872 		28.9776
v -15.0388 		20.3512 		28.6055
v -15.0388 		20.2134 		28.8908
v -15.0388 		20.3107 		28.6677
v -15.0388 		20.2427 		28.8102
v -15.0388 		20.2752 		28.7358
v -15.0488 		18.9111 		29.9437
v -15.0488 		18.9144 		30.1012
v -15.0488 		18.9245 		30.2528
v -15.0488 		18.9414 		30.3987
v -15.0488 		18.965 		30.5387
v -15.0488 		18.9953 		30.6729
v -15.0488 		19.0323 		30.8013
v -15.0488 		19.0744 		30.9239
v -15.0488 		19.1233 		31.0407
v -15.0488 		19.1789 		31.1517
v -15.0488 		19.2412 		31.2569
v -15.0488 		19.3102 		31.3562
v -15.0488 		19.386 		31.4498
v -15.0488 		19.4686 		31.5346
v -15.0488 		19.5578 		31.6125
v -15.0488 		19.6538 		31.6834
v -15.0488 		19.7566 		31.7473
v -15.0488 		19.866 		31.8042
v -15.0488 		19.9822 		31.8542
v -15.0488 		20.1055 		31.899
v -15.0488 		20.236 		31.9356
v -15.0488 		20.3738 		31.964
v -15.0488 		20.5189 		31.9844
v -15.0488 		20.6714 		31.9966
v -15.0488 		20.8311 		32.0006
v -15.0488 		22.9835 		32.0006
v -15.0488 		22.9835 		31.4847
v -15.0488 		22.3267 		30.899
v -15.0488 		22.3267 		26.2342
v -15.0488 		21.2201 		28.2981
v -15.0488 		21.0534 		28.2981
v -15.0488 		22.6905 		25.6066
v -15.0488 		22.9835 		25.6066
v -15.0488 		22.9835 		25.0906
v -15.0488 		20.4218 		25.0906
v -15.0488 		20.4218 		25.6066
v -15.0488 		21.2201 		27.7333
v -15.0488 		20.9827 		27.7333
v -15.0488 		20.7974 		27.7384
v -15.0488 		20.6222 		27.7535
v -15.0488 		20.4572 		27.7786
v -15.0488 		20.3022 		27.8139
v -15.0488 		20.1574 		27.8592
v -15.0488 		20.0227 		27.9146
v -15.0488 		19.8954 		27.9785
v -15.0488 		19.7762 		28.0494
v -15.0488 		19.6652 		28.1273
v -15.0488 		19.5623 		28.2121
v -15.0488 		19.4676 		28.3039
v -15.0488 		19.381 		28.4027
v -15.0488 		19.3022 		28.5075
v -15.0488 		19.2311 		28.6173
v -15.0488 		19.1675 		28.7322
v -15.0488 		19.1115 		28.8521
v -15.0488 		19.0631 		28.977
v -15.0488 		19.0222 		29.107
v -15.0488 		18.9883 		29.2425
v -15.0488 		18.9605 		29.3797
v -15.0488 		18.9389 		29.5183
v -15.0488 		18.9234 		29.6586
v -15.0488 		18.9142 		29.8004
v -15.0488 		22.3275 		30.9598
v -15.0488 		20.9681 		28.3004
v -15.0488 		22.6639 		25.6072
v -15.0488 		20.8513 		25.6066
v -15.0488 		22.6905 		31.4847
v -15.0488 		22.33 		31.0167
v -15.0488 		20.8872 		28.3074
v -15.0488 		22.6383 		25.609
v -15.0488 		20.8749 		25.607
v -15.0488 		22.3343 		31.0698
v -15.0488 		20.8109 		28.319
v -15.0488 		22.6134 		25.6119
v -15.0488 		20.8985 		25.6082
v -15.0488 		22.6655 		31.4841
v -15.0488 		22.3401 		31.119
v -15.0488 		22.3275 		26.1668
v -15.0488 		22.5894 		25.6159
v -15.0488 		20.922 		25.6101
v -15.0488 		22.6411 		31.4823
v -15.0488 		22.3477 		31.1643
v -15.0488 		22.5663 		25.6212
v -15.0488 		20.9456 		25.6128
v -15.0488 		22.6172 		31.4794
v -15.0488 		22.357 		31.2058
v -15.0488 		22.5439 		25.6275
v -15.0488 		20.9692 		25.6163
v -15.0488 		22.5939 		31.4754
v -15.0488 		22.3661 		31.2435
v -15.0488 		22.5226 		25.6357
v -15.0488 		20.9928 		25.6206
v -15.0488 		22.5712 		31.4701
v -15.0488 		22.3766 		31.2778
v -15.0488 		22.5024 		25.6461
v -15.0488 		21.0142 		25.6285
v -15.0488 		22.549 		31.4637
v -15.0488 		22.3886 		31.3086
v -15.0488 		22.4833 		25.6589
v -15.0488 		21.0349 		25.6384
v -15.0488 		22.5275 		31.4556
v -15.0488 		21.2201 		31.4289
v -15.0488 		22.4653 		25.674
v -15.0488 		21.0547 		25.6502
v -15.0488 		22.5069 		31.4452
v -15.0488 		22.4019 		31.3359
v -15.0488 		22.4485 		25.6915
v -15.0488 		21.0736 		25.664
v -15.0488 		22.4871 		31.4324
v -15.0488 		22.4166 		31.3597
v -15.0488 		22.4681 		31.4173
v -15.0488 		22.4328 		31.3801
v -15.0488 		22.4328 		25.7112
v -15.0488 		22.45 		31.3998
v -15.0488 		22.4166 		25.7358
v -15.0488 		22.4019 		25.7631
v -15.0488 		20.9473 		31.4289
v -15.0488 		22.3886 		25.7932
v -15.0488 		20.8702 		31.4262
v -15.0488 		22.3766 		25.8259
v -15.0488 		20.7974 		31.418
v -15.0488 		22.3661 		25.8613
v -15.0488 		20.7288 		31.4045
v -15.0488 		22.357 		25.8995
v -15.0488 		20.6643 		31.3855
v -15.0488 		22.3477 		25.9436
v -15.0488 		20.6041 		31.3611
v -15.0488 		22.3401 		25.9925
v -15.0488 		20.5481 		31.3313
v -15.0488 		22.3343 		26.0459
v -15.0488 		20.4959 		31.2983
v -15.0488 		22.33 		26.104
v -15.0488 		20.4471 		31.26
v -15.0488 		20.4016 		31.2162
v -15.0488 		21.0917 		25.6797
v -15.0488 		20.3595 		31.167
v -15.0488 		21.109 		25.6973
v -15.0488 		20.3208 		31.1124
v -15.0488 		21.1253 		25.7195
v -15.0488 		20.2854 		31.0524
v -15.0488 		21.1404 		25.7445
v -15.0488 		20.2533 		30.989
v -15.0488 		21.1545 		25.7722
v -15.0488 		21.1674 		25.8026
v -15.0488 		20.2242 		30.9199
v -15.0488 		21.1792 		25.8358
v -15.0488 		20.1982 		30.8449
v -15.0488 		21.1898 		25.8716
v -15.0488 		20.1754 		30.7641
v -15.0488 		21.1991 		25.913
v -15.0488 		20.1556 		30.6776
v -15.0488 		21.2067 		25.9584
v -15.0488 		20.1389 		30.5852
v -15.0488 		21.2126 		26.0076
v -15.0488 		20.1234 		30.487
v -15.0488 		21.2168 		26.0606
v -15.0488 		20.1108 		30.383
v -15.0488 		21.2193 		26.1176
v -15.0488 		20.101 		30.2731
v -15.0488 		21.2201 		26.1784
v -15.0488 		20.094 		30.1575
v -15.0488 		20.0897 		30.0361
v -15.0488 		20.0883 		29.9088
v -15.0488 		20.739 		28.3353
v -15.0488 		20.0899 		29.7682
v -15.0488 		20.6716 		28.3562
v -15.0488 		20.0945 		29.6346
v -15.0488 		20.6088 		28.3818
v -15.0488 		20.1022 		29.5079
v -15.0488 		20.55 		28.4149
v -15.0488 		20.113 		29.3882
v -15.0488 		20.4948 		28.4538
v -15.0488 		20.1269 		29.2755
v -15.0488 		20.4433 		28.4986
v -15.0488 		20.1439 		29.1697
v -15.0488 		20.164 		29.0705
v -15.0488 		20.3954 		28.5491
v -15.0488 		20.1872 		28.9776
v -15.0488 		20.3512 		28.6055
v -15.0488 		20.2134 		28.8908
v -15.0488 		20.3107 		28.6677
v -15.0488 		20.2427 		28.8102
v -15.0488 		20.2752 		28.7358
v -15.0388 		18.0913 		31.7882
v -15.0388 		18.0925 		31.8472
v -15.0388 		18.0913 		31.9063
v -15.0388 		18.0812 		31.6782
v -15.0388 		18.0875 		31.7318
v -15.0388 		18.061 		31.579
v -15.0388 		18.0723 		31.6272
v -15.0388 		18.0309 		31.4907
v -15.0388 		18.0471 		31.5335
v -15.0388 		17.9928 		31.4132
v -15.0388 		18.0128 		31.4506
v -15.0388 		17.9467 		31.3466
v -15.0388 		17.9707 		31.3785
v -15.0388 		17.8931 		31.2906
v -15.0388 		17.9208 		31.3173
v -15.0388 		17.8336 		31.2441
v -15.0388 		17.8641 		31.2662
v -15.0388 		17.7685 		31.2069
v -15.0388 		17.8017 		31.2243
v -15.0388 		17.6979 		31.179
v -15.0388 		17.7338 		31.1918
v -15.0388 		17.6226 		31.1604
v -15.0388 		17.6608 		31.1686
v -15.0388 		17.5429 		31.1511
v -15.0388 		17.5833 		31.1546
v -15.0388 		17.4612 		31.1511
v -15.0388 		17.5014 		31.15
v -15.0388 		17.3826 		31.1604
v -15.0388 		17.4217 		31.1546
v -15.0388 		17.3063 		31.179
v -15.0388 		17.3442 		31.1686
v -15.0388 		17.2342 		31.2069
v -15.0388 		17.269 		31.1918
v -15.0388 		17.1679 		31.2441
v -15.0388 		17.2005 		31.2243
v -15.0388 		17.1062 		31.2906
v -15.0388 		17.1365 		31.2662
v -15.0388 		17.0509 		31.3466
v -15.0388 		17.077 		31.3173
v -15.0388 		17.0037 		31.4132
v -15.0388 		17.0264 		31.3785
v -15.0388 		16.9633 		31.4907
v -15.0388 		16.9826 		31.4506
v -15.0388 		16.9302 		31.579
v -15.0388 		16.9456 		31.5335
v -15.0388 		16.9077 		31.6782
v -15.0388 		16.9175 		31.6272
v -15.0388 		16.8965 		31.7882
v -15.0388 		16.9007 		31.7318
v -15.0388 		16.8965 		31.9063
v -15.0388 		16.8951 		31.8472
v -15.0388 		16.9077 		32.0163
v -15.0388 		16.9007 		31.9627
v -15.0388 		16.9302 		32.1155
v -15.0388 		16.9175 		32.0673
v -15.0388 		16.9633 		32.2038
v -15.0388 		16.9456 		32.161
v -15.0388 		17.0037 		32.2813
v -15.0388 		16.9826 		32.2439
v -15.0388 		17.0509 		32.3479
v -15.0388 		17.0264 		32.316
v -15.0388 		17.1062 		32.4039
v -15.0388 		17.077 		32.3772
v -15.0388 		17.1679 		32.4504
v -15.0388 		17.1365 		32.4283
v -15.0388 		17.2342 		32.4876
v -15.0388 		17.2005 		32.4701
v -15.0388 		17.3063 		32.5155
v -15.0388 		17.269 		32.5027
v -15.0388 		17.3826 		32.5341
v -15.0388 		17.3442 		32.5259
v -15.0388 		17.4612 		32.5434
v -15.0388 		17.4217 		32.5399
v -15.0388 		17.5429 		32.5434
v -15.0388 		17.5014 		32.5445
v -15.0388 		17.6226 		32.5341
v -15.0388 		17.5833 		32.5399
v -15.0388 		17.6979 		32.5155
v -15.0388 		17.6608 		32.5259
v -15.0388 		17.7685 		32.4876
v -15.0388 		17.7338 		32.5027
v -15.0388 		17.8336 		32.4504
v -15.0388 		17.8017 		32.4701
v -15.0388 		17.8931 		32.4039
v -15.0388 		17.8641 		32.4283
v -15.0388 		17.9467 		32.3479
v -15.0388 		17.9208 		32.3772
v -15.0388 		17.9928 		32.2813
v -15.0388 		17.9707 		32.316
v -15.0388 		18.0309 		32.2038
v -15.0388 		18.0128 		32.2439
v -15.0388 		18.061 		32.1155
v -15.0388 		18.0471 		32.161
v -15.0388 		18.0812 		32.0163
v -15.0388 		18.0723 		32.0673
v -15.0388 		18.0875 		31.9627
v -15.0488 		18.0913 		31.9063
v -15.0488 		18.0925 		31.8472
v -15.0488 		18.0913 		31.7882
v -15.0488 		18.0875 		31.7318
v -15.0488 		18.0812 		31.6782
v -15.0488 		18.0723 		31.6272
v -15.0488 		18.061 		31.579
v -15.0488 		18.0471 		31.5335
v -15.0488 		18.0309 		31.4907
v -15.0488 		18.0128 		31.4506
v -15.0488 		17.9928 		31.4132
v -15.0488 		17.9707 		31.3785
v -15.0488 		17.9467 		31.3466
v -15.0488 		17.9208 		31.3173
v -15.0488 		17.8931 		31.2906
v -15.0488 		17.8641 		31.2662
v -15.0488 		17.8336 		31.2441
v -15.0488 		17.8017 		31.2243
v -15.0488 		17.7685 		31.2069
v -15.0488 		17.7338 		31.1918
v -15.0488 		17.6979 		31.179
v -15.0488 		17.6608 		31.1686
v -15.0488 		17.6226 		31.1604
v -15.0488 		17.5833 		31.1546
v -15.0488 		17.5429 		31.1511
v -15.0488 		17.5014 		31.15
v -15.0488 		17.4612 		31.1511
v -15.0488 		17.4217 		31.1546
v -15.0488 		17.3826 		31.1604
v -15.0488 		17.3442 		31.1686
v -15.0488 		17.3063 		31.179
v -15.0488 		17.269 		31.1918
v -15.0488 		17.2342 		31.2069
v -15.0488 		17.2005 		31.2243
v -15.0488 		17.1679 		31.2441
v -15.0488 		17.1365 		31.2662
v -15.0488 		17.1062 		31.2906
v -15.0488 		17.077 		31.3173
v -15.0488 		17.0509 		31.3466
v -15.0488 		17.0264 		31.3785
v -15.0488 		17.0037 		31.4132
v -15.0488 		16.9826 		31.4506
v -15.0488 		16.9633 		31.4907
v -15.0488 		16.9456 		31.5335
v -15.0488 		16.9302 		31.579
v -15.0488 		16.9175 		31.6272
v -15.0488 		16.9077 		31.6782
v -15.0488 		16.9007 		31.7318
v -15.0488 		16.8965 		31.7882
v -15.0488 		16.8951 		31.8472
v -15.0488 		16.8965 		31.9063
v -15.0488 		16.9007 		31.9627
v -15.0488 		16.9077 		32.0163
v -15.0488 		16.9175 		32.0673
v -15.0488 		16.9302 		32.1155
v -15.0488 		16.9456 		32.161
v -15.0488 		16.9633 		32.2038
v -15.0488 		16.9826 		32.2439
v -15.0488 		17.0037 		32.2813
v -15.0488 		17.0264 		32.316
v -15.0488 		17.0509 		32.3479
v -15.0488 		17.077 		32.3772
v -15.0488 		17.1062 		32.4039
v -15.0488 		17.1365 		32.4283
v -15.0488 		17.1679 		32.4504
v -15.0488 		17.2005 		32.4701
v -15.0488 		17.2342 		32.4876
v -15.0488 		17.269 		32.5027
v -15.0488 		17.3063 		32.5155
v -15.0488 		17.3442 		32.5259
v -15.0488 		17.3826 		32.5341
v -15.0488 		17.4217 		32.5399
v -15.0488 		17.4612 		32.5434
v -15.0488 		17.5014 		32.5445
v -15.0488 		17.5429 		32.5434
v -15.0488 		17.5833 		32.5399
v -15.0488 		17.6226 		32.5341
v -15.0488 		17.6608 		32.5259
v -15.0488 		17.6979 		32.5155
v -15.0488 		17.7338 		32.5027
v -15.0488 		17.7685 		32.4876
v -15.0488 		17.8017 		32.4701
v -15.0488 		17.8336 		32.4504
v -15.0488 		17.8641 		32.4283
v -15.0488 		17.8931 		32.4039
v -15.0488 		17.9208 		32.3772
v -15.0488 		17.9467 		32.3479
v -15.0488 		17.9707 		32.316
v -15.0488 		17.9928 		32.2813
v -15.0488 		18.0128 		32.2439
v -15.0488 		18.0309 		32.2038
v -15.0488 		18.0471 		32.161
v -15.0488 		18.061 		32.1155
v -15.0488 		18.0723 		32.0673
v -15.0488 		18.0812 		32.0163
v -15.0488 		18.0875 		31.9627
v -15.0388 		18.5776 		25.0906
v -15.0388 		18.5776 		25.6066
v -15.0388 		18.4968 		25.6066
v -15.0388 		16.3443 		25.6066
v -15.0388 		16.3443 		25.0906
v -15.0388 		18.5776 		29.7624
v -15.0388 		18.5776 		30.2784
v -15.0388 		16.9304 		30.2784
v -15.0388 		18.4711 		25.6072
v -15.0388 		16.4302 		25.6066
v -15.0388 		18.4968 		29.7624
v -15.0388 		18.4445 		25.609
v -15.0388 		16.4559 		25.6072
v -15.0388 		18.4712 		29.7618
v -15.0388 		18.4172 		25.6119
v -15.0388 		16.4824 		25.609
v -15.0388 		18.4451 		29.7601
v -15.0388 		18.389 		25.6159
v -15.0388 		16.5098 		25.6119
v -15.0388 		18.4184 		29.7572
v -15.0388 		18.3599 		25.6212
v -15.0388 		16.538 		25.6159
v -15.0388 		18.3912 		29.7531
v -15.0388 		18.33 		25.6275
v -15.0388 		16.5671 		25.6212
v -15.0388 		18.3634 		29.7479
v -15.0388 		18.3018 		25.6357
v -15.0388 		16.597 		25.6275
v -15.0388 		18.3351 		29.7415
v -15.0388 		18.2744 		25.6461
v -15.0388 		16.6253 		25.6357
v -15.0388 		18.3067 		29.7333
v -15.0388 		18.2479 		25.6589
v -15.0388 		16.6531 		25.6461
v -15.0388 		18.2789 		29.7229
v -15.0388 		18.2222 		25.674
v -15.0388 		16.6803 		25.6589
v -15.0388 		18.2517 		29.7101
v -15.0388 		18.1974 		25.6915
v -15.0388 		16.707 		25.674
v -15.0388 		18.225 		29.695
v -15.0388 		18.1734 		25.7112
v -15.0388 		16.7331 		25.6915
v -15.0388 		18.1989 		29.6776
v -15.0388 		18.1488 		25.7358
v -15.0388 		16.7586 		25.7112
v -15.0388 		18.1734 		29.6578
v -15.0388 		18.1257 		25.7631
v -15.0388 		16.7832 		25.7358
v -15.0388 		18.1488 		29.6353
v -15.0388 		18.1039 		25.7932
v -15.0388 		16.8064 		25.7631
v -15.0388 		18.1257 		29.6098
v -15.0388 		18.1039 		29.5811
v -15.0388 		18.0836 		25.8259
v -15.0388 		18.0836 		29.5493
v -15.0388 		18.0646 		25.8613
v -15.0388 		18.0646 		29.5145
v -15.0388 		18.0471 		25.8995
v -15.0388 		18.0471 		29.4765
v -15.0388 		18.0316 		25.9436
v -15.0388 		18.0316 		29.437
v -15.0388 		18.019 		25.9925
v -15.0388 		16.9304 		26.2342
v -15.0388 		18.0092 		26.0459
v -15.0388 		16.9292 		26.1668
v -15.0388 		18.0022 		26.104
v -15.0388 		16.9254 		26.104
v -15.0388 		17.9979 		26.1668
v -15.0388 		16.9191 		26.0459
v -15.0388 		17.9965 		26.2342
v -15.0388 		16.9102 		25.9925
v -15.0388 		16.8281 		25.7932
v -15.0388 		16.8989 		25.9436
v -15.0388 		16.8485 		25.8259
v -15.0388 		16.885 		25.8995
v -15.0388 		16.8674 		25.8613
v -15.0388 		18.019 		29.3928
v -15.0388 		18.0092 		29.344
v -15.0388 		17.9965 		29.1697
v -15.0388 		18.0022 		29.2906
v -15.0388 		17.9979 		29.2325
v -15.0488 		18.4968 		25.6066
v -15.0488 		18.5776 		25.6066
v -15.0488 		18.5776 		25.0906
v -15.0488 		16.3443 		25.0906
v -15.0488 		16.3443 		25.6066
v -15.0488 		16.9304 		30.2784
v -15.0488 		18.5776 		30.2784
v -15.0488 		18.5776 		29.7624
v -15.0488 		18.4711 		25.6072
v -15.0488 		16.4302 		25.6066
v -15.0488 		18.4968 		29.7624
v -15.0488 		18.4445 		25.609
v -15.0488 		16.4559 		25.6072
v -15.0488 		18.4712 		29.7618
v -15.0488 		18.4172 		25.6119
v -15.0488 		16.4824 		25.609
v -15.0488 		18.4451 		29.7601
v -15.0488 		18.389 		25.6159
v -15.0488 		16.5098 		25.6119
v -15.0488 		18.4184 		29.7572
v -15.0488 		18.3599 		25.6212
v -15.0488 		16.538 		25.6159
v -15.0488 		18.3912 		29.7531
v -15.0488 		18.33 		25.6275
v -15.0488 		16.5671 		25.6212
v -15.0488 		18.3634 		29.7479
v -15.0488 		18.3018 		25.6357
v -15.0488 		16.597 		25.6275
v -15.0488 		18.3351 		29.7415
v -15.0488 		18.2744 		25.6461
v -15.0488 		16.6253 		25.6357
v -15.0488 		18.3067 		29.7333
v -15.0488 		18.2479 		25.6589
v -15.0488 		16.6531 		25.6461
v -15.0488 		18.2789 		29.7229
v -15.0488 		18.2222 		25.674
v -15.0488 		16.6803 		25.6589
v -15.0488 		18.2517 		29.7101
v -15.0488 		18.1974 		25.6915
v -15.0488 		16.707 		25.674
v -15.0488 		18.225 		29.695
v -15.0488 		18.1734 		25.7112
v -15.0488 		16.7331 		25.6915
v -15.0488 		18.1989 		29.6776
v -15.0488 		18.1488 		25.7358
v -15.0488 		16.7586 		25.7112
v -15.0488 		18.1734 		29.6578
v -15.0488 		18.1257 		25.7631
v -15.0488 		16.7832 		25.7358
v -15.0488 		18.1488 		29.6353
v -15.0488 		18.1039 		25.7932
v -15.0488 		16.8064 		25.7631
v -15.0488 		18.1257 		29.6098
v -15.0488 		18.1039 		29.5811
v -15.0488 		18.0836 		25.8259
v -15.0488 		18.0836 		29.5493
v -15.0488 		18.0646 		25.8613
v -15.0488 		18.0646 		29.5145
v -15.0488 		18.0471 		25.8995
v -15.0488 		18.0471 		29.4765
v -15.0488 		18.0316 		25.9436
v -15.0488 		18.0316 		29.437
v -15.0488 		18.019 		25.9925
v -15.0488 		16.9304 		26.2342
v -15.0488 		18.0092 		26.0459
v -15.0488 		16.9292 		26.1668
v -15.0488 		18.0022 		26.104
v -15.0488 		16.9254 		26.104
v -15.0488 		17.9979 		26.1668
v -15.0488 		16.9191 		26.0459
v -15.0488 		17.9965 		26.2342
v -15.0488 		16.9102 		25.9925
v -15.0488 		16.8281 		25.7932
v -15.0488 		16.8989 		25.9436
v -15.0488 		16.8485 		25.8259
v -15.0488 		16.885 		25.8995
v -15.0488 		16.8674 		25.8613
v -15.0488 		18.019 		29.3928
v -15.0488 		18.0092 		29.344
v -15.0488 		17.9965 		29.1697
v -15.0488 		18.0022 		29.2906
v -15.0488 		17.9979 		29.2325
v -15.0388 		12.8024 		30.2784
v -15.0388 		12.8024 		29.86
v -15.0388 		14.8791 		25.7461
v -15.0388 		15.4955 		28.7025
v -15.0388 		15.9199 		28.7025
v -15.0388 		15.834 		30.2784
v -15.0388 		16.0967 		25.0906
v -15.0388 		16.0967 		25.4811
v -15.0388 		14.0302 		29.616
v -15.0388 		13.1359 		26.8408
v -15.0388 		12.7367 		26.8408
v -15.0388 		12.7367 		25.0906
v -15.0388 		15.4551 		28.9396
v -15.0388 		13.1763 		26.527
v -15.0388 		15.4417 		29.0029
v -15.0388 		13.1867 		26.4589
v -15.0388 		15.4287 		29.0628
v -15.0388 		13.1976 		26.3938
v -15.0388 		15.4159 		29.1192
v -15.0388 		13.2091 		26.3318
v -15.0388 		15.4034 		29.172
v -15.0388 		13.2212 		26.2729
v -15.0388 		15.3912 		29.2214
v -15.0388 		13.2339 		26.2171
v -15.0388 		15.3793 		29.2673
v -15.0388 		13.247 		26.1645
v -15.0388 		15.3671 		29.308
v -15.0388 		13.2593 		26.117
v -15.0388 		15.354 		29.3464
v -15.0388 		13.2723 		26.0723
v -15.0388 		15.3401 		29.3824
v -15.0388 		13.2862 		26.0302
v -15.0388 		15.3254 		29.4161
v -15.0388 		13.3009 		25.9909
v -15.0388 		15.3098 		29.4475
v -15.0388 		13.3165 		25.9543
v -15.0388 		15.2934 		29.4765
v -15.0388 		13.3329 		25.9204
v -15.0388 		15.2779 		29.5007
v -15.0388 		13.3519 		25.8915
v -15.0388 		15.2619 		29.5222
v -15.0388 		13.3717 		25.8654
v -15.0388 		15.2454 		29.541
v -15.0388 		13.3923 		25.842
v -15.0388 		15.2282 		29.5571
v -15.0388 		13.4138 		25.8212
v -15.0388 		15.2106 		29.5704
v -15.0388 		13.4361 		25.8032
v -15.0388 		15.1923 		29.5811
v -15.0388 		13.4593 		25.7879
v -15.0388 		15.1717 		29.5918
v -15.0388 		13.4854 		25.7751
v -15.0388 		15.1502 		29.6005
v -15.0388 		13.5132 		25.7647
v -15.0388 		15.1279 		29.6072
v -15.0388 		13.5426 		25.7565
v -15.0388 		15.1047 		29.6121
v -15.0388 		13.5738 		25.7507
v -15.0388 		15.0807 		29.615
v -15.0388 		13.6066 		25.7472
v -15.0388 		15.0559 		29.616
v -15.0388 		13.6412 		25.7461
v -15.0488 		14.8791 		25.7461
v -15.0488 		12.8024 		29.86
v -15.0488 		12.8024 		30.2784
v -15.0488 		15.834 		30.2784
v -15.0488 		15.9199 		28.7025
v -15.0488 		15.4955 		28.7025
v -15.0488 		14.0302 		29.616
v -15.0488 		16.0967 		25.4811
v -15.0488 		16.0967 		25.0906
v -15.0488 		12.7367 		25.0906
v -15.0488 		12.7367 		26.8408
v -15.0488 		13.1359 		26.8408
v -15.0488 		15.4551 		28.9396
v -15.0488 		13.1763 		26.527
v -15.0488 		15.4417 		29.0029
v -15.0488 		13.1867 		26.4589
v -15.0488 		15.4287 		29.0628
v -15.0488 		13.1976 		26.3938
v -15.0488 		15.4159 		29.1192
v -15.0488 		13.2091 		26.3318
v -15.0488 		15.4034 		29.172
v -15.0488 		13.2212 		26.2729
v -15.0488 		15.3912 		29.2214
v -15.0488 		13.2339 		26.2171
v -15.0488 		15.3793 		29.2673
v -15.0488 		13.247 		26.1645
v -15.0488 		15.3671 		29.308
v -15.0488 		13.2593 		26.117
v -15.0488 		15.354 		29.3464
v -15.0488 		13.2723 		26.0723
v -15.0488 		15.3401 		29.3824
v -15.0488 		13.2862 		26.0302
v -15.0488 		15.3254 		29.4161
v -15.0488 		13.3009 		25.9909
v -15.0488 		15.3098 		29.4475
v -15.0488 		13.3165 		25.9543
v -15.0488 		15.2934 		29.4765
v -15.0488 		13.3329 		25.9204
v -15.0488 		15.2779 		29.5007
v -15.0488 		13.3519 		25.8915
v -15.0488 		15.2619 		29.5222
v -15.0488 		13.3717 		25.8654
v -15.0488 		15.2454 		29.541
v -15.0488 		13.3923 		25.842
v -15.0488 		15.2282 		29.5571
v -15.0488 		13.4138 		25.8212
v -15.0488 		15.2106 		29.5704
v -15.0488 		13.4361 		25.8032
v -15.0488 		15.1923 		29.5811
v -15.0488 		13.4593 		25.7879
v -15.0488 		15.1717 		29.5918
v -15.0488 		13.4854 		25.7751
v -15.0488 		15.1502 		29.6005
v -15.0488 		13.5132 		25.7647
v -15.0488 		15.1279 		29.6072
v -15.0488 		13.5426 		25.7565
v -15.0488 		15.1047 		29.6121
v -15.0488 		13.5738 		25.7507
v -15.0488 		15.0807 		29.615
v -15.0488 		13.6066 		25.7472
v -15.0488 		15.0559 		29.616
v -15.0488 		13.6412 		25.7461
v -15.0388 		9.0887 		30.2784
v -15.0388 		9.0887 		29.86
v -15.0388 		11.1653 		25.7461
v -15.0388 		11.7818 		28.7025
v -15.0388 		12.2062 		28.7025
v -15.0388 		12.1203 		30.2784
v -15.0388 		12.383 		25.0906
v -15.0388 		12.383 		25.4811
v -15.0388 		10.3165 		29.616
v -15.0388 		9.4222 		26.8408
v -15.0388 		9.023 		26.8408
v -15.0388 		9.023 		25.0906
v -15.0388 		11.7414 		28.9396
v -15.0388 		9.4626 		26.527
v -15.0388 		11.728 		29.0029
v -15.0388 		9.473 		26.4589
v -15.0388 		11.715 		29.0628
v -15.0388 		9.4839 		26.3938
v -15.0388 		11.7022 		29.1192
v -15.0388 		9.4954 		26.3318
v -15.0388 		11.6897 		29.172
v -15.0388 		9.5075 		26.2729
v -15.0388 		11.6775 		29.2214
v -15.0388 		9.5201 		26.2171
v -15.0388 		11.6656 		29.2673
v -15.0388 		9.5333 		26.1645
v -15.0388 		11.6534 		29.308
v -15.0388 		9.5455 		26.117
v -15.0388 		11.6403 		29.3464
v -15.0388 		9.5586 		26.0723
v -15.0388 		11.6264 		29.3824
v -15.0388 		9.5725 		26.0302
v -15.0388 		11.6117 		29.4161
v -15.0388 		9.5872 		25.9909
v -15.0388 		11.5961 		29.4475
v -15.0388 		9.6028 		25.9543
v -15.0388 		11.5797 		29.4765
v -15.0388 		9.6192 		25.9204
v -15.0388 		11.5642 		29.5007
v -15.0388 		9.6382 		25.8915
v -15.0388 		11.5482 		29.5222
v -15.0388 		9.658 		25.8654
v -15.0388 		11.5317 		29.541
v -15.0388 		9.6786 		25.842
v -15.0388 		11.5145 		29.5571
v -15.0388 		9.7001 		25.8212
v -15.0388 		11.4969 		29.5704
v -15.0388 		9.7224 		25.8032
v -15.0388 		11.4786 		29.5811
v -15.0388 		9.7456 		25.7879
v -15.0388 		11.458 		29.5918
v -15.0388 		9.7717 		25.7751
v -15.0388 		11.4365 		29.6005
v -15.0388 		9.7994 		25.7647
v -15.0388 		11.4142 		29.6072
v -15.0388 		9.8289 		25.7565
v -15.0388 		11.391 		29.6121
v -15.0388 		9.8601 		25.7507
v -15.0388 		11.367 		29.615
v -15.0388 		9.8929 		25.7472
v -15.0388 		11.3422 		29.616
v -15.0388 		9.9274 		25.7461
v -15.0488 		11.1653 		25.7461
v -15.0488 		9.0887 		29.86
v -15.0488 		9.0887 		30.2784
v -15.0488 		12.1203 		30.2784
v -15.0488 		12.2062 		28.7025
v -15.0488 		11.7818 		28.7025
v -15.0488 		10.3165 		29.616
v -15.0488 		12.383 		25.4811
v -15.0488 		12.383 		25.0906
v -15.0488 		9.023 		25.0906
v -15.0488 		9.023 		26.8408
v -15.0488 		9.4222 		26.8408
v -15.0488 		11.7414 		28.9396
v -15.0488 		9.4626 		26.527
v -15.0488 		11.728 		29.0029
v -15.0488 		9.473 		26.4589
v -15.0488 		11.715 		29.0628
v -15.0488 		9.4839 		26.3938
v -15.0488 		11.7022 		29.1192
v -15.0488 		9.4954 		26.3318
v -15.0488 		11.6897 		29.172
v -15.0488 		9.5075 		26.2729
v -15.0488 		11.6775 		29.2214
v -15.0488 		9.5201 		26.2171
v -15.0488 		11.6656 		29.2673
v -15.0488 		9.5333 		26.1645
v -15.0488 		11.6534 		29.308
v -15.0488 		9.5455 		26.117
v -15.0488 		11.6403 		29.3464
v -15.0488 		9.5586 		26.0723
v -15.0488 		11.6264 		29.3824
v -15.0488 		9.5725 		26.0302
v -15.0488 		11.6117 		29.4161
v -15.0488 		9.5872 		25.9909
v -15.0488 		11.5961 		29.4475
v -15.0488 		9.6028 		25.9543
v -15.0488 		11.5797 		29.4765
v -15.0488 		9.6192 		25.9204
v -15.0488 		11.5642 		29.5007
v -15.0488 		9.6382 		25.8915
v -15.0488 		11.5482 		29.5222
v -15.0488 		9.658 		25.8654
v -15.0488 		11.5317 		29.541
v -15.0488 		9.6786 		25.842
v -15.0488 		11.5145 		29.5571
v -15.0488 		9.7001 		25.8212
v -15.0488 		11.4969 		29.5704
v -15.0488 		9.7224 		25.8032
v -15.0488 		11.4786 		29.5811
v -15.0488 		9.7456 		25.7879
v -15.0488 		11.458 		29.5918
v -15.0488 		9.7717 		25.7751
v -15.0488 		11.4365 		29.6005
v -15.0488 		9.7994 		25.7647
v -15.0488 		11.4142 		29.6072
v -15.0488 		9.8289 		25.7565
v -15.0488 		11.391 		29.6121
v -15.0488 		9.8601 		25.7507
v -15.0488 		11.367 		29.615
v -15.0488 		9.8929 		25.7472
v -15.0488 		11.3422 		29.616
v -15.0488 		9.9274 		25.7461
v -15.0388 		7.1628 		28.1341
v -15.0388 		6.911 		28.1447
v -15.0388 		6.335 		28.1447
v -15.0388 		7.6007 		28.0488
v -15.0388 		7.3927 		28.1021
v -15.0388 		7.951 		27.8784
v -15.0388 		7.7868 		27.9743
v -15.0388 		8.2122 		27.6219
v -15.0388 		8.0933 		27.7612
v -15.0388 		8.3851 		27.2749
v -15.0388 		8.3095 		27.4598
v -15.0388 		8.4716 		26.8364
v -15.0388 		8.4392 		27.067
v -15.0388 		7.391 		26.534
v -15.0388 		8.4824 		26.5828
v -15.0388 		7.3885 		26.4004
v -15.0388 		8.4734 		26.3248
v -15.0388 		8.4801 		26.4509
v -15.0388 		8.4465 		26.0901
v -15.0388 		8.4622 		26.2045
v -15.0388 		8.4015 		25.8786
v -15.0388 		8.4262 		25.9814
v -15.0388 		8.337 		25.6903
v -15.0388 		8.3711 		25.7815
v -15.0388 		8.2578 		25.5253
v -15.0388 		8.2992 		25.6049
v -15.0388 		8.1641 		25.3835
v -15.0388 		8.2128 		25.4515
v -15.0388 		8.0602 		25.2611
v -15.0388 		8.1137 		25.3192
v -15.0388 		7.944 		25.1635
v -15.0388 		8.0036 		25.2092
v -15.0388 		7.8154 		25.0906
v -15.0388 		7.8813 		25.124
v -15.0388 		7.6773 		25.0403
v -15.0388 		7.7472 		25.0629
v -15.0388 		7.5325 		25.0101
v -15.0388 		7.6057 		25.0227
v -15.0388 		7.3809 		25
v -15.0388 		7.4575 		25.0025
v -15.0388 		7.2552 		25.0046
v -15.0388 		7.3166 		25.0012
v -15.0388 		7.1406 		25.0186
v -15.0388 		7.1965 		25.0105
v -15.0388 		7.0373 		25.0418
v -15.0388 		7.0876 		25.0291
v -15.0388 		6.943 		25.0782
v -15.0388 		6.9893 		25.0591
v -15.0388 		6.8554 		25.1224
v -15.0388 		6.8984 		25.0994
v -15.0388 		6.7746 		25.1743
v -15.0388 		6.8142 		25.1474
v -15.0388 		6.6988 		25.2448
v -15.0388 		6.7363 		25.2082
v -15.0388 		6.6264 		25.3262
v -15.0388 		6.6622 		25.2841
v -15.0388 		6.5573 		25.4184
v -15.0388 		6.5914 		25.3709
v -15.0388 		6.4877 		25.5175
v -15.0388 		6.5231 		25.4664
v -15.0388 		6.4136 		25.6291
v -15.0388 		6.4512 		25.5718
v -15.0388 		6.335 		25.7531
v -15.0388 		6.3749 		25.6895
v -15.0388 		4.8243 		25.0906
v -15.0388 		6.1278 		25.0906
v -15.0388 		6.2744 		25.7531
v -15.0388 		4.8495 		25.6066
v -15.0388 		4.8243 		25.6066
v -15.0388 		5.2716 		28.9055
v -15.0388 		5.2689 		28.7583
v -15.0388 		5.2689 		26.29
v -15.0388 		5.2929 		29.1767
v -15.0388 		5.2796 		29.045
v -15.0388 		5.3356 		29.4169
v -15.0388 		5.3116 		29.3006
v -15.0388 		5.3977 		29.6266
v -15.0388 		5.3649 		29.5253
v -15.0388 		5.4786 		29.8095
v -15.0388 		5.4356 		29.7213
v -15.0388 		5.5796 		29.966
v -15.0388 		5.5266 		29.891
v -15.0388 		5.7024 		30.0944
v -15.0388 		5.6377 		30.0343
v -15.0388 		5.8462 		30.1982
v -15.0388 		5.7719 		30.149
v -15.0388 		6.009 		30.2803
v -15.0388 		5.9252 		30.242
v -15.0388 		6.1927 		30.3409
v -15.0388 		6.0975 		30.3132
v -15.0388 		6.3982 		30.3812
v -15.0388 		6.2929 		30.3636
v -15.0388 		6.6238 		30.4014
v -15.0388 		6.5085 		30.3938
v -15.0388 		6.8427 		30.4023
v -15.0388 		6.7443 		30.4039
v -15.0388 		7.0335 		30.3899
v -15.0388 		6.9391 		30.3977
v -15.0388 		7.2166 		30.3651
v -15.0388 		7.126 		30.3791
v -15.0388 		7.3909 		30.3278
v -15.0388 		7.3051 		30.3481
v -15.0388 		7.5514 		30.2766
v -15.0388 		7.473 		30.3039
v -15.0388 		7.6974 		30.2116
v -15.0388 		7.6262 		30.2458
v -15.0388 		7.8282 		30.1323
v -15.0388 		7.7649 		30.1738
v -15.0388 		7.9405 		30.0378
v -15.0388 		7.8867 		30.087
v -15.0388 		8.0337 		29.9278
v -15.0388 		7.9895 		29.9847
v -15.0388 		8.1086 		29.8021
v -15.0388 		8.0731 		29.867
v -15.0388 		8.1603 		29.6595
v -15.0388 		8.1377 		29.733
v -15.0388 		8.1861 		29.4999
v -15.0388 		8.1764 		29.5819
v -15.0388 		8.1827 		29.301
v -15.0388 		8.1893 		29.4138
v -15.0388 		8.13 		29.1104
v -15.0388 		8.1629 		29.1999
v -15.0388 		8.0244 		28.9663
v -15.0388 		8.0838 		29.0326
v -15.0388 		7.8661 		28.867
v -15.0388 		7.9519 		28.9117
v -15.0388 		7.655 		28.8019
v -15.0388 		7.7672 		28.8304
v -15.0388 		7.3912 		28.7694
v -15.0388 		7.5297 		28.7816
v -15.0388 		7.2389 		28.8389
v -15.0388 		7.2394 		28.7653
v -15.0388 		7.39 		26.6227
v -15.0388 		7.3809 		26.2783
v -15.0388 		4.8873 		25.6074
v -15.0388 		7.2372 		28.9109
v -15.0388 		7.3683 		26.1679
v -15.0388 		4.9231 		25.6097
v -15.0388 		7.3871 		26.7076
v -15.0388 		7.3506 		26.0692
v -15.0388 		5.2683 		26.2245
v -15.0388 		7.2344 		28.9814
v -15.0388 		7.3822 		26.7885
v -15.0388 		7.3279 		25.982
v -15.0388 		4.9569 		25.6136
v -15.0388 		5.2666 		26.1629
v -15.0388 		7.3753 		26.8656
v -15.0388 		7.3001 		25.9065
v -15.0388 		4.9888 		25.619
v -15.0388 		7.2304 		29.0504
v -15.0388 		7.3664 		26.9388
v -15.0388 		7.265 		25.8425
v -15.0388 		5.0186 		25.626
v -15.0388 		7.2254 		29.1178
v -15.0388 		7.3556 		27.0082
v -15.0388 		7.2237 		25.7902
v -15.0388 		5.0466 		25.6345
v -15.0388 		7.2192 		29.1837
v -15.0388 		7.3424 		27.0717
v -15.0388 		7.1763 		25.7496
v -15.0388 		5.0741 		25.6473
v -15.0388 		7.21 		29.2451
v -15.0388 		7.3264 		27.1321
v -15.0388 		5.0993 		25.6624
v -15.0388 		7.199 		29.3037
v -15.0388 		7.3076 		27.1894
v -15.0388 		7.1227 		25.7205
v -15.0388 		5.1224 		25.6798
v -15.0388 		7.1864 		29.3597
v -15.0388 		7.286 		27.2437
v -15.0388 		7.0629 		25.7031
v -15.0388 		5.1431 		25.6996
v -15.0388 		7.1721 		29.413
v -15.0388 		7.2616 		27.2948
v -15.0388 		6.9969 		25.6973
v -15.0388 		5.1617 		25.7217
v -15.0388 		7.1561 		29.4635
v -15.0388 		7.2344 		27.3428
v -15.0388 		6.9472 		25.6996
v -15.0388 		5.1779 		25.7461
v -15.0388 		7.1384 		29.5114
v -15.0388 		7.2041 		27.3876
v -15.0388 		6.8992 		25.7066
v -15.0388 		5.1939 		25.7732
v -15.0388 		7.1204 		29.5561
v -15.0388 		7.1704 		27.4288
v -15.0388 		6.8529 		25.7182
v -15.0388 		7.1002 		29.5974
v -15.0388 		7.1333 		27.4666
v -15.0388 		6.8083 		25.7345
v -15.0388 		5.2083 		25.8034
v -15.0388 		7.0777 		29.6351
v -15.0388 		6.7653 		25.7554
v -15.0388 		5.2209 		25.8367
v -15.0388 		7.053 		29.6694
v -15.0388 		7.0929 		27.5009
v -15.0388 		6.7241 		25.7809
v -15.0388 		5.2318 		25.8731
v -15.0388 		7.0261 		29.7002
v -15.0388 		7.0491 		27.5317
v -15.0388 		6.6846 		25.8131
v -15.0388 		5.2411 		25.9127
v -15.0388 		6.9969 		29.7275
v -15.0388 		7.002 		27.559
v -15.0388 		6.6471 		25.8491
v -15.0388 		5.2487 		25.9553
v -15.0388 		6.9653 		29.7531
v -15.0388 		6.953 		27.5846
v -15.0388 		6.6116 		25.889
v -15.0388 		5.2549 		26.0014
v -15.0388 		6.9312 		29.774
v -15.0388 		6.9003 		27.6055
v -15.0388 		6.5781 		25.9328
v -15.0388 		5.2599 		26.0513
v -15.0388 		6.8946 		29.7903
v -15.0388 		6.8441 		27.6218
v -15.0388 		6.5465 		25.9804
v -15.0388 		5.2638 		26.1052
v -15.0388 		6.8554 		29.8019
v -15.0388 		6.7841 		27.6334
v -15.0388 		6.5169 		26.032
v -15.0388 		6.8137 		29.8089
v -15.0388 		6.7206 		27.6403
v -15.0388 		6.4894 		26.0852
v -15.0388 		6.7695 		29.8112
v -15.0388 		6.6533 		27.6427
v -15.0388 		6.7239 		29.8089
v -15.0388 		6.335 		27.6427
v -15.0388 		6.4641 		26.1428
v -15.0388 		6.4411 		26.2045
v -15.0388 		6.6814 		29.8019
v -15.0388 		6.4203 		26.2706
v -15.0388 		6.642 		29.7903
v -15.0388 		6.4018 		26.3409
v -15.0388 		6.6056 		29.774
v -15.0388 		6.3855 		26.4155
v -15.0388 		6.5723 		29.7531
v -15.0388 		6.3701 		26.4914
v -15.0388 		6.5422 		29.7275
v -15.0388 		6.3575 		26.5704
v -15.0388 		6.5133 		29.6979
v -15.0388 		6.3476 		26.6525
v -15.0388 		6.4871 		29.6648
v -15.0388 		6.3406 		26.7378
v -15.0388 		6.4638 		29.6282
v -15.0388 		6.3364 		26.8261
v -15.0388 		6.4434 		29.5881
v -15.0388 		6.335 		26.9175
v -15.0388 		6.4257 		29.5445
v -15.0388 		6.4108 		29.4974
v -15.0388 		6.3965 		29.4447
v -15.0388 		6.3838 		29.389
v -15.0388 		6.335 		28.6886
v -15.0388 		6.3729 		29.3301
v -15.0388 		6.3354 		28.7688
v -15.0388 		6.3636 		29.2681
v -15.0388 		6.3367 		28.8466
v -15.0388 		6.3561 		29.203
v -15.0388 		6.3388 		28.9222
v -15.0388 		6.3502 		29.1348
v -15.0388 		6.3417 		28.9954
v -15.0388 		6.3455 		29.0663
v -15.0488 		6.335 		28.1447
v -15.0488 		6.911 		28.1447
v -15.0488 		7.1628 		28.1341
v -15.0488 		7.3927 		28.1021
v -15.0488 		7.6007 		28.0488
v -15.0488 		7.7868 		27.9743
v -15.0488 		7.951 		27.8784
v -15.0488 		8.0933 		27.7612
v -15.0488 		8.2122 		27.6219
v -15.0488 		8.3095 		27.4598
v -15.0488 		8.3851 		27.2749
v -15.0488 		8.4392 		27.067
v -15.0488 		8.4716 		26.8364
v -15.0488 		8.4824 		26.5828
v -15.0488 		7.391 		26.534
v -15.0488 		7.3885 		26.4004
v -15.0488 		8.4801 		26.4509
v -15.0488 		8.4734 		26.3248
v -15.0488 		8.4622 		26.2045
v -15.0488 		8.4465 		26.0901
v -15.0488 		8.4262 		25.9814
v -15.0488 		8.4015 		25.8786
v -15.0488 		8.3711 		25.7815
v -15.0488 		8.337 		25.6903
v -15.0488 		8.2992 		25.6049
v -15.0488 		8.2578 		25.5253
v -15.0488 		8.2128 		25.4515
v -15.0488 		8.1641 		25.3835
v -15.0488 		8.1137 		25.3192
v -15.0488 		8.0602 		25.2611
v -15.0488 		8.0036 		25.2092
v -15.0488 		7.944 		25.1635
v -15.0488 		7.8813 		25.124
v -15.0488 		7.8154 		25.0906
v -15.0488 		7.7472 		25.0629
v -15.0488 		7.6773 		25.0403
v -15.0488 		7.6057 		25.0227
v -15.0488 		7.5325 		25.0101
v -15.0488 		7.4575 		25.0025
v -15.0488 		7.3809 		25
v -15.0488 		7.3166 		25.0012
v -15.0488 		7.2552 		25.0046
v -15.0488 		7.1965 		25.0105
v -15.0488 		7.1406 		25.0186
v -15.0488 		7.0876 		25.0291
v -15.0488 		7.0373 		25.0418
v -15.0488 		6.9893 		25.0591
v -15.0488 		6.943 		25.0782
v -15.0488 		6.8984 		25.0994
v -15.0488 		6.8554 		25.1224
v -15.0488 		6.8142 		25.1474
v -15.0488 		6.7746 		25.1743
v -15.0488 		6.7363 		25.2082
v -15.0488 		6.6988 		25.2448
v -15.0488 		6.6622 		25.2841
v -15.0488 		6.6264 		25.3262
v -15.0488 		6.5914 		25.3709
v -15.0488 		6.5573 		25.4184
v -15.0488 		6.5231 		25.4664
v -15.0488 		6.4877 		25.5175
v -15.0488 		6.4512 		25.5718
v -15.0488 		6.4136 		25.6291
v -15.0488 		6.3749 		25.6895
v -15.0488 		6.335 		25.7531
v -15.0488 		6.2744 		25.7531
v -15.0488 		6.1278 		25.0906
v -15.0488 		4.8243 		25.0906
v -15.0488 		4.8243 		25.6066
v -15.0488 		4.8495 		25.6066
v -15.0488 		5.2689 		26.29
v -15.0488 		5.2689 		28.7583
v -15.0488 		5.2716 		28.9055
v -15.0488 		5.2796 		29.045
v -15.0488 		5.2929 		29.1767
v -15.0488 		5.3116 		29.3006
v -15.0488 		5.3356 		29.4169
v -15.0488 		5.3649 		29.5253
v -15.0488 		5.3977 		29.6266
v -15.0488 		5.4356 		29.7213
v -15.0488 		5.4786 		29.8095
v -15.0488 		5.5266 		29.891
v -15.0488 		5.5796 		29.966
v -15.0488 		5.6377 		30.0343
v -15.0488 		5.7024 		30.0944
v -15.0488 		5.7719 		30.149
v -15.0488 		5.8462 		30.1982
v -15.0488 		5.9252 		30.242
v -15.0488 		6.009 		30.2803
v -15.0488 		6.0975 		30.3132
v -15.0488 		6.1927 		30.3409
v -15.0488 		6.2929 		30.3636
v -15.0488 		6.3982 		30.3812
v -15.0488 		6.5085 		30.3938
v -15.0488 		6.6238 		30.4014
v -15.0488 		6.7443 		30.4039
v -15.0488 		6.8427 		30.4023
v -15.0488 		6.9391 		30.3977
v -15.0488 		7.0335 		30.3899
v -15.0488 		7.126 		30.3791
v -15.0488 		7.2166 		30.3651
v -15.0488 		7.3051 		30.3481
v -15.0488 		7.3909 		30.3278
v -15.0488 		7.473 		30.3039
v -15.0488 		7.5514 		30.2766
v -15.0488 		7.6262 		30.2458
v -15.0488 		7.6974 		30.2116
v -15.0488 		7.7649 		30.1738
v -15.0488 		7.8282 		30.1323
v -15.0488 		7.8867 		30.087
v -15.0488 		7.9405 		30.0378
v -15.0488 		7.9895 		29.9847
v -15.0488 		8.0337 		29.9278
v -15.0488 		8.0731 		29.867
v -15.0488 		8.1086 		29.8021
v -15.0488 		8.1377 		29.733
v -15.0488 		8.1603 		29.6595
v -15.0488 		8.1764 		29.5819
v -15.0488 		8.1861 		29.4999
v -15.0488 		8.1893 		29.4138
v -15.0488 		8.1827 		29.301
v -15.0488 		8.1629 		29.1999
v -15.0488 		8.13 		29.1104
v -15.0488 		8.0838 		29.0326
v -15.0488 		8.0244 		28.9663
v -15.0488 		7.9519 		28.9117
v -15.0488 		7.8661 		28.867
v -15.0488 		7.7672 		28.8304
v -15.0488 		7.655 		28.8019
v -15.0488 		7.5297 		28.7816
v -15.0488 		7.3912 		28.7694
v -15.0488 		7.2394 		28.7653
v -15.0488 		7.2389 		28.8389
v -15.0488 		7.39 		26.6227
v -15.0488 		7.3809 		26.2783
v -15.0488 		4.8873 		25.6074
v -15.0488 		7.2372 		28.9109
v -15.0488 		7.3683 		26.1679
v -15.0488 		4.9231 		25.6097
v -15.0488 		7.3871 		26.7076
v -15.0488 		7.3506 		26.0692
v -15.0488 		5.2683 		26.2245
v -15.0488 		7.2344 		28.9814
v -15.0488 		7.3822 		26.7885
v -15.0488 		7.3279 		25.982
v -15.0488 		4.9569 		25.6136
v -15.0488 		5.2666 		26.1629
v -15.0488 		7.3753 		26.8656
v -15.0488 		7.3001 		25.9065
v -15.0488 		4.9888 		25.619
v -15.0488 		7.2304 		29.0504
v -15.0488 		7.3664 		26.9388
v -15.0488 		7.265 		25.8425
v -15.0488 		5.0186 		25.626
v -15.0488 		7.2254 		29.1178
v -15.0488 		7.3556 		27.0082
v -15.0488 		7.2237 		25.7902
v -15.0488 		5.0466 		25.6345
v -15.0488 		7.2192 		29.1837
v -15.0488 		7.3424 		27.0717
v -15.0488 		7.1763 		25.7496
v -15.0488 		5.0741 		25.6473
v -15.0488 		7.21 		29.2451
v -15.0488 		7.3264 		27.1321
v -15.0488 		5.0993 		25.6624
v -15.0488 		7.199 		29.3037
v -15.0488 		7.3076 		27.1894
v -15.0488 		7.1227 		25.7205
v -15.0488 		5.1224 		25.6798
v -15.0488 		7.1864 		29.3597
v -15.0488 		7.286 		27.2437
v -15.0488 		7.0629 		25.7031
v -15.0488 		5.1431 		25.6996
v -15.0488 		7.1721 		29.413
v -15.0488 		7.2616 		27.2948
v -15.0488 		6.9969 		25.6973
v -15.0488 		5.1617 		25.7217
v -15.0488 		7.1561 		29.4635
v -15.0488 		7.2344 		27.3428
v -15.0488 		6.9472 		25.6996
v -15.0488 		5.1779 		25.7461
v -15.0488 		7.1384 		29.5114
v -15.0488 		7.2041 		27.3876
v -15.0488 		6.8992 		25.7066
v -15.0488 		5.1939 		25.7732
v -15.0488 		7.1204 		29.5561
v -15.0488 		7.1704 		27.4288
v -15.0488 		6.8529 		25.7182
v -15.0488 		7.1002 		29.5974
v -15.0488 		7.1333 		27.4666
v -15.0488 		6.8083 		25.7345
v -15.0488 		5.2083 		25.8034
v -15.0488 		7.0777 		29.6351
v -15.0488 		6.7653 		25.7554
v -15.0488 		5.2209 		25.8367
v -15.0488 		7.053 		29.6694
v -15.0488 		7.0929 		27.5009
v -15.0488 		6.7241 		25.7809
v -15.0488 		5.2318 		25.8731
v -15.0488 		7.0261 		29.7002
v -15.0488 		7.0491 		27.5317
v -15.0488 		6.6846 		25.8131
v -15.0488 		5.2411 		25.9127
v -15.0488 		6.9969 		29.7275
v -15.0488 		7.002 		27.559
v -15.0488 		6.6471 		25.8491
v -15.0488 		5.2487 		25.9553
v -15.0488 		6.9653 		29.7531
v -15.0488 		6.953 		27.5846
v -15.0488 		6.6116 		25.889
v -15.0488 		5.2549 		26.0014
v -15.0488 		6.9312 		29.774
v -15.0488 		6.9003 		27.6055
v -15.0488 		6.5781 		25.9328
v -15.0488 		5.2599 		26.0513
v -15.0488 		6.8946 		29.7903
v -15.0488 		6.8441 		27.6218
v -15.0488 		6.5465 		25.9804
v -15.0488 		5.2638 		26.1052
v -15.0488 		6.8554 		29.8019
v -15.0488 		6.7841 		27.6334
v -15.0488 		6.5169 		26.032
v -15.0488 		6.8137 		29.8089
v -15.0488 		6.7206 		27.6403
v -15.0488 		6.4894 		26.0852
v -15.0488 		6.7695 		29.8112
v -15.0488 		6.6533 		27.6427
v -15.0488 		6.7239 		29.8089
v -15.0488 		6.335 		27.6427
v -15.0488 		6.4641 		26.1428
v -15.0488 		6.4411 		26.2045
v -15.0488 		6.6814 		29.8019
v -15.0488 		6.4203 		26.2706
v -15.0488 		6.642 		29.7903
v -15.0488 		6.4018 		26.3409
v -15.0488 		6.6056 		29.774
v -15.0488 		6.3855 		26.4155
v -15.0488 		6.5723 		29.7531
v -15.0488 		6.3701 		26.4914
v -15.0488 		6.5422 		29.7275
v -15.0488 		6.3575 		26.5704
v -15.0488 		6.5133 		29.6979
v -15.0488 		6.3476 		26.6525
v -15.0488 		6.4871 		29.6648
v -15.0488 		6.3406 		26.7378
v -15.0488 		6.4638 		29.6282
v -15.0488 		6.3364 		26.8261
v -15.0488 		6.4434 		29.5881
v -15.0488 		6.335 		26.9175
v -15.0488 		6.4257 		29.5445
v -15.0488 		6.4108 		29.4974
v -15.0488 		6.3965 		29.4447
v -15.0488 		6.3838 		29.389
v -15.0488 		6.335 		28.6886
v -15.0488 		6.3729 		29.3301
v -15.0488 		6.3354 		28.7688
v -15.0488 		6.3636 		29.2681
v -15.0488 		6.3367 		28.8466
v -15.0488 		6.3561 		29.203
v -15.0488 		6.3388 		28.9222
v -15.0488 		6.3502 		29.1348
v -15.0488 		6.3417 		28.9954
v -15.0488 		6.3455 		29.0663
# 1492 vertices

g group_36_4634441

usemtl color_4634441
s 0

f 2109 	2110 	2111
f 2112 	2113 	2109
f 2114 	2115 	2112
f 2116 	2117 	2114
f 2118 	2119 	2116
f 2120 	2121 	2118
f 2122 	2123 	2120
f 2124 	2125 	2122
f 2126 	2127 	2124
f 2128 	2129 	2126
f 2130 	2131 	2128
f 2132 	2133 	2130
f 2134 	2135 	2132
f 2136 	2137 	2138
f 2137 	2136 	2139
f 2140 	2141 	2142
f 2143 	2144 	2140
f 2145 	2146 	2147
f 2148 	2149 	2145
f 2150 	2151 	2148
f 2152 	2153 	2150
f 2154 	2155 	2152
f 2156 	2157 	2154
f 2158 	2159 	2156
f 2160 	2161 	2158
f 2162 	2163 	2160
f 2164 	2165 	2162
f 2166 	2167 	2164
f 2168 	2169 	2166
f 2109 	2111 	2168
f 2114 	2112 	2109
f 2118 	2116 	2114
f 2122 	2120 	2118
f 2126 	2124 	2122
f 2130 	2128 	2126
f 2134 	2132 	2130
f 2136 	2138 	2170
f 2137 	2139 	2171
f 2140 	2142 	2172
f 2173 	2143 	2140
f 2148 	2145 	2147
f 2152 	2150 	2148
f 2156 	2154 	2152
f 2160 	2158 	2156
f 2164 	2162 	2160
f 2168 	2166 	2164
f 2114 	2109 	2168
f 2122 	2118 	2114
f 2130 	2126 	2122
f 2174 	2134 	2130
f 2136 	2170 	2175
f 2137 	2171 	2176
f 2140 	2172 	2177
f 2178 	2173 	2140
f 2152 	2148 	2147
f 2160 	2156 	2152
f 2168 	2164 	2160
f 2122 	2114 	2168
f 2174 	2130 	2122
f 2136 	2175 	2179
f 2137 	2176 	2180
f 2140 	2177 	2181
f 2182 	2178 	2140
f 2160 	2152 	2147
f 2122 	2168 	2160
f 2183 	2174 	2122
f 2136 	2179 	2184
f 2185 	2137 	2180
f 2140 	2181 	2186
f 2187 	2182 	2140
f 2188 	2183 	2122
f 2136 	2184 	2189
f 2140 	2186 	2190
f 2191 	2187 	2140
f 2192 	2188 	2122
f 2136 	2189 	2193
f 2140 	2190 	2194
f 2195 	2191 	2140
f 2196 	2192 	2122
f 2136 	2193 	2197
f 2140 	2194 	2198
f 2199 	2195 	2140
f 2200 	2196 	2122
f 2136 	2197 	2201
f 2140 	2198 	2202
f 2203 	2199 	2140
f 2204 	2200 	2122
f 2136 	2201 	2205
f 2140 	2202 	2206
f 2207 	2203 	2140
f 2208 	2204 	2122
f 2209 	2136 	2205
f 2140 	2206 	2210
f 2211 	2207 	2140
f 2212 	2208 	2122
f 2209 	2205 	2213
f 2140 	2210 	2214
f 2215 	2211 	2140
f 2216 	2212 	2122
f 2209 	2213 	2217
f 2215 	2140 	2214
f 2218 	2216 	2122
f 2209 	2217 	2219
f 2215 	2214 	2220
f 2221 	2218 	2122
f 2209 	2219 	2221
f 2215 	2220 	2222
f 2209 	2221 	2122
f 2215 	2222 	2223
f 2224 	2209 	2122
f 2215 	2223 	2225
f 2226 	2224 	2122
f 2215 	2225 	2227
f 2228 	2226 	2122
f 2215 	2227 	2229
f 2230 	2228 	2122
f 2215 	2229 	2231
f 2232 	2230 	2122
f 2215 	2231 	2233
f 2234 	2232 	2122
f 2215 	2233 	2235
f 2236 	2234 	2122
f 2215 	2235 	2237
f 2238 	2236 	2122
f 2215 	2237 	2239
f 2240 	2238 	2122
f 2215 	2239 	2185
f 2241 	2240 	2122
f 2242 	2215 	2185
f 2243 	2241 	2122
f 2244 	2242 	2185
f 2245 	2243 	2122
f 2246 	2244 	2185
f 2247 	2245 	2122
f 2248 	2246 	2185
f 2249 	2247 	2122
f 2250 	2248 	2185
f 2249 	2122 	2160
f 2251 	2250 	2185
f 2252 	2249 	2160
f 2253 	2251 	2185
f 2254 	2252 	2160
f 2255 	2253 	2185
f 2256 	2254 	2160
f 2257 	2255 	2185
f 2258 	2256 	2160
f 2259 	2257 	2185
f 2260 	2258 	2160
f 2261 	2259 	2185
f 2262 	2260 	2160
f 2263 	2261 	2185
f 2264 	2262 	2160
f 2265 	2263 	2185
f 2266 	2264 	2160
f 2267 	2265 	2185
f 2268 	2266 	2160
f 2147 	2267 	2185
f 2269 	2268 	2160
f 2147 	2185 	2180
f 2270 	2269 	2160
f 2147 	2180 	2271
f 2272 	2270 	2160
f 2147 	2271 	2273
f 2274 	2272 	2160
f 2147 	2273 	2275
f 2276 	2274 	2160
f 2147 	2275 	2277
f 2278 	2276 	2160
f 2147 	2277 	2279
f 2280 	2278 	2160
f 2147 	2279 	2281
f 2282 	2280 	2160
f 2160 	2147 	2281
f 2283 	2282 	2160
f 2160 	2281 	2284
f 2285 	2283 	2160
f 2160 	2284 	2286
f 2287 	2285 	2160
f 2160 	2286 	2288
f 2289 	2287 	2160
f 2160 	2288 	2290
f 2290 	2289 	2160
f 2291 	2292 	2293
f 2293 	2294 	2295
f 2295 	2296 	2297
f 2297 	2298 	2299
f 2299 	2300 	2301
f 2301 	2302 	2303
f 2303 	2304 	2305
f 2305 	2306 	2307
f 2307 	2308 	2309
f 2309 	2310 	2311
f 2311 	2312 	2313
f 2313 	2314 	2315
f 2315 	2316 	2317
f 2318 	2319 	2320
f 2321 	2320 	2319
f 2322 	2323 	2324
f 2324 	2325 	2326
f 2327 	2328 	2329
f 2329 	2330 	2331
f 2331 	2332 	2333
f 2333 	2334 	2335
f 2335 	2336 	2337
f 2337 	2338 	2339
f 2339 	2340 	2341
f 2341 	2342 	2343
f 2343 	2344 	2345
f 2345 	2346 	2347
f 2347 	2348 	2349
f 2349 	2350 	2351
f 2351 	2291 	2293
f 2293 	2295 	2297
f 2297 	2299 	2301
f 2301 	2303 	2305
f 2305 	2307 	2309
f 2309 	2311 	2313
f 2313 	2315 	2317
f 2352 	2318 	2320
f 2353 	2321 	2319
f 2354 	2322 	2324
f 2324 	2326 	2355
f 2327 	2329 	2331
f 2331 	2333 	2335
f 2335 	2337 	2339
f 2339 	2341 	2343
f 2343 	2345 	2347
f 2347 	2349 	2351
f 2351 	2293 	2297
f 2297 	2301 	2305
f 2305 	2309 	2313
f 2313 	2317 	2356
f 2357 	2352 	2320
f 2358 	2353 	2319
f 2359 	2354 	2324
f 2324 	2355 	2360
f 2327 	2331 	2335
f 2335 	2339 	2343
f 2343 	2347 	2351
f 2351 	2297 	2305
f 2305 	2313 	2356
f 2361 	2357 	2320
f 2362 	2358 	2319
f 2363 	2359 	2324
f 2324 	2360 	2364
f 2327 	2335 	2343
f 2343 	2351 	2305
f 2305 	2356 	2365
f 2366 	2361 	2320
f 2362 	2319 	2367
f 2368 	2363 	2324
f 2324 	2364 	2369
f 2305 	2365 	2370
f 2371 	2366 	2320
f 2372 	2368 	2324
f 2324 	2369 	2373
f 2305 	2370 	2374
f 2375 	2371 	2320
f 2376 	2372 	2324
f 2324 	2373 	2377
f 2305 	2374 	2378
f 2379 	2375 	2320
f 2380 	2376 	2324
f 2324 	2377 	2381
f 2305 	2378 	2382
f 2383 	2379 	2320
f 2384 	2380 	2324
f 2324 	2381 	2385
f 2305 	2382 	2386
f 2387 	2383 	2320
f 2388 	2384 	2324
f 2324 	2385 	2389
f 2305 	2386 	2390
f 2387 	2320 	2391
f 2392 	2388 	2324
f 2324 	2389 	2393
f 2305 	2390 	2394
f 2395 	2387 	2391
f 2396 	2392 	2324
f 2324 	2393 	2397
f 2305 	2394 	2398
f 2399 	2395 	2391
f 2396 	2324 	2397
f 2305 	2398 	2400
f 2401 	2399 	2391
f 2402 	2396 	2397
f 2305 	2400 	2403
f 2403 	2401 	2391
f 2404 	2402 	2397
f 2305 	2403 	2391
f 2405 	2404 	2397
f 2305 	2391 	2406
f 2407 	2405 	2397
f 2305 	2406 	2408
f 2409 	2407 	2397
f 2305 	2408 	2410
f 2411 	2409 	2397
f 2305 	2410 	2412
f 2413 	2411 	2397
f 2305 	2412 	2414
f 2415 	2413 	2397
f 2305 	2414 	2416
f 2417 	2415 	2397
f 2305 	2416 	2418
f 2419 	2417 	2397
f 2305 	2418 	2420
f 2421 	2419 	2397
f 2305 	2420 	2422
f 2367 	2421 	2397
f 2305 	2422 	2423
f 2367 	2397 	2424
f 2305 	2423 	2425
f 2367 	2424 	2426
f 2305 	2425 	2427
f 2367 	2426 	2428
f 2305 	2427 	2429
f 2367 	2428 	2430
f 2305 	2429 	2431
f 2367 	2430 	2432
f 2343 	2305 	2431
f 2367 	2432 	2433
f 2343 	2431 	2434
f 2367 	2433 	2435
f 2343 	2434 	2436
f 2367 	2435 	2437
f 2343 	2436 	2438
f 2367 	2437 	2439
f 2343 	2438 	2440
f 2367 	2439 	2441
f 2343 	2440 	2442
f 2367 	2441 	2443
f 2343 	2442 	2444
f 2367 	2443 	2445
f 2343 	2444 	2446
f 2367 	2445 	2447
f 2343 	2446 	2448
f 2367 	2447 	2449
f 2343 	2448 	2450
f 2367 	2449 	2327
f 2343 	2450 	2451
f 2362 	2367 	2327
f 2343 	2451 	2452
f 2453 	2362 	2327
f 2343 	2452 	2454
f 2455 	2453 	2327
f 2343 	2454 	2456
f 2457 	2455 	2327
f 2343 	2456 	2458
f 2459 	2457 	2327
f 2343 	2458 	2460
f 2461 	2459 	2327
f 2343 	2460 	2462
f 2463 	2461 	2327
f 2343 	2462 	2464
f 2463 	2327 	2343
f 2343 	2464 	2465
f 2466 	2463 	2343
f 2343 	2465 	2467
f 2468 	2466 	2343
f 2343 	2467 	2469
f 2470 	2468 	2343
f 2343 	2469 	2471
f 2472 	2470 	2343
f 2343 	2471 	2472
f 2110 	2109 	2292
f 2109 	2293 	2292
f 2109 	2113 	2293
f 2113 	2294 	2293
f 2113 	2112 	2294
f 2112 	2295 	2294
f 2112 	2115 	2295
f 2115 	2296 	2295
f 2115 	2114 	2296
f 2114 	2297 	2296
f 2114 	2117 	2297
f 2117 	2298 	2297
f 2117 	2116 	2298
f 2116 	2299 	2298
f 2116 	2119 	2299
f 2119 	2300 	2299
f 2119 	2118 	2300
f 2118 	2301 	2300
f 2118 	2121 	2301
f 2121 	2302 	2301
f 2121 	2120 	2302
f 2120 	2303 	2302
f 2120 	2123 	2303
f 2123 	2304 	2303
f 2123 	2122 	2304
f 2122 	2305 	2304
f 2122 	2125 	2305
f 2125 	2306 	2305
f 2125 	2124 	2306
f 2124 	2307 	2306
f 2124 	2127 	2307
f 2127 	2308 	2307
f 2127 	2126 	2308
f 2126 	2309 	2308
f 2126 	2129 	2309
f 2129 	2310 	2309
f 2129 	2128 	2310
f 2128 	2311 	2310
f 2128 	2131 	2311
f 2131 	2312 	2311
f 2131 	2130 	2312
f 2130 	2313 	2312
f 2130 	2133 	2313
f 2133 	2314 	2313
f 2133 	2132 	2314
f 2132 	2315 	2314
f 2132 	2135 	2315
f 2135 	2316 	2315
f 2135 	2134 	2316
f 2134 	2317 	2316
f 2134 	2174 	2317
f 2174 	2356 	2317
f 2174 	2183 	2356
f 2183 	2365 	2356
f 2183 	2188 	2365
f 2188 	2370 	2365
f 2188 	2192 	2370
f 2192 	2374 	2370
f 2192 	2196 	2374
f 2196 	2378 	2374
f 2196 	2200 	2378
f 2200 	2382 	2378
f 2200 	2204 	2382
f 2204 	2386 	2382
f 2204 	2208 	2386
f 2208 	2390 	2386
f 2208 	2212 	2390
f 2212 	2394 	2390
f 2212 	2216 	2394
f 2216 	2398 	2394
f 2216 	2218 	2398
f 2218 	2400 	2398
f 2218 	2221 	2400
f 2221 	2403 	2400
f 2221 	2219 	2403
f 2219 	2401 	2403
f 2219 	2217 	2401
f 2217 	2399 	2401
f 2217 	2213 	2399
f 2213 	2395 	2399
f 2213 	2205 	2395
f 2205 	2387 	2395
f 2205 	2201 	2387
f 2201 	2383 	2387
f 2201 	2197 	2383
f 2197 	2379 	2383
f 2197 	2193 	2379
f 2193 	2375 	2379
f 2193 	2189 	2375
f 2189 	2371 	2375
f 2189 	2184 	2371
f 2184 	2366 	2371
f 2184 	2179 	2366
f 2179 	2361 	2366
f 2179 	2175 	2361
f 2175 	2357 	2361
f 2175 	2170 	2357
f 2170 	2352 	2357
f 2170 	2138 	2352
f 2138 	2318 	2352
f 2138 	2137 	2318
f 2137 	2319 	2318
f 2137 	2185 	2319
f 2185 	2367 	2319
f 2185 	2239 	2367
f 2239 	2421 	2367
f 2239 	2237 	2421
f 2237 	2419 	2421
f 2237 	2235 	2419
f 2235 	2417 	2419
f 2235 	2233 	2417
f 2233 	2415 	2417
f 2233 	2231 	2415
f 2231 	2413 	2415
f 2231 	2229 	2413
f 2229 	2411 	2413
f 2229 	2227 	2411
f 2227 	2409 	2411
f 2227 	2225 	2409
f 2225 	2407 	2409
f 2225 	2223 	2407
f 2223 	2405 	2407
f 2223 	2222 	2405
f 2222 	2404 	2405
f 2222 	2220 	2404
f 2220 	2402 	2404
f 2220 	2214 	2402
f 2214 	2396 	2402
f 2214 	2210 	2396
f 2210 	2392 	2396
f 2210 	2206 	2392
f 2206 	2388 	2392
f 2206 	2202 	2388
f 2202 	2384 	2388
f 2202 	2198 	2384
f 2198 	2380 	2384
f 2198 	2194 	2380
f 2194 	2376 	2380
f 2194 	2190 	2376
f 2190 	2372 	2376
f 2190 	2186 	2372
f 2186 	2368 	2372
f 2186 	2181 	2368
f 2181 	2363 	2368
f 2181 	2177 	2363
f 2177 	2359 	2363
f 2177 	2172 	2359
f 2172 	2354 	2359
f 2172 	2142 	2354
f 2142 	2322 	2354
f 2142 	2141 	2322
f 2141 	2323 	2322
f 2141 	2140 	2323
f 2140 	2324 	2323
f 2140 	2144 	2324
f 2144 	2325 	2324
f 2144 	2143 	2325
f 2143 	2326 	2325
f 2143 	2173 	2326
f 2173 	2355 	2326
f 2173 	2178 	2355
f 2178 	2360 	2355
f 2178 	2182 	2360
f 2182 	2364 	2360
f 2182 	2187 	2364
f 2187 	2369 	2364
f 2187 	2191 	2369
f 2191 	2373 	2369
f 2191 	2195 	2373
f 2195 	2377 	2373
f 2195 	2199 	2377
f 2199 	2381 	2377
f 2199 	2203 	2381
f 2203 	2385 	2381
f 2203 	2207 	2385
f 2207 	2389 	2385
f 2207 	2211 	2389
f 2211 	2393 	2389
f 2211 	2215 	2393
f 2215 	2397 	2393
f 2215 	2242 	2397
f 2242 	2424 	2397
f 2242 	2244 	2424
f 2244 	2426 	2424
f 2244 	2246 	2426
f 2246 	2428 	2426
f 2246 	2248 	2428
f 2248 	2430 	2428
f 2248 	2250 	2430
f 2250 	2432 	2430
f 2250 	2251 	2432
f 2251 	2433 	2432
f 2251 	2253 	2433
f 2253 	2435 	2433
f 2253 	2255 	2435
f 2255 	2437 	2435
f 2255 	2257 	2437
f 2257 	2439 	2437
f 2257 	2259 	2439
f 2259 	2441 	2439
f 2259 	2261 	2441
f 2261 	2443 	2441
f 2261 	2263 	2443
f 2263 	2445 	2443
f 2263 	2265 	2445
f 2265 	2447 	2445
f 2265 	2267 	2447
f 2267 	2449 	2447
f 2267 	2147 	2449
f 2147 	2327 	2449
f 2147 	2146 	2327
f 2146 	2328 	2327
f 2146 	2145 	2328
f 2145 	2329 	2328
f 2145 	2149 	2329
f 2149 	2330 	2329
f 2149 	2148 	2330
f 2148 	2331 	2330
f 2148 	2151 	2331
f 2151 	2332 	2331
f 2151 	2150 	2332
f 2150 	2333 	2332
f 2150 	2153 	2333
f 2153 	2334 	2333
f 2153 	2152 	2334
f 2152 	2335 	2334
f 2152 	2155 	2335
f 2155 	2336 	2335
f 2155 	2154 	2336
f 2154 	2337 	2336
f 2154 	2157 	2337
f 2157 	2338 	2337
f 2157 	2156 	2338
f 2156 	2339 	2338
f 2156 	2159 	2339
f 2159 	2340 	2339
f 2159 	2158 	2340
f 2158 	2341 	2340
f 2158 	2161 	2341
f 2161 	2342 	2341
f 2161 	2160 	2342
f 2160 	2343 	2342
f 2160 	2163 	2343
f 2163 	2344 	2343
f 2163 	2162 	2344
f 2162 	2345 	2344
f 2162 	2165 	2345
f 2165 	2346 	2345
f 2165 	2164 	2346
f 2164 	2347 	2346
f 2164 	2167 	2347
f 2167 	2348 	2347
f 2167 	2166 	2348
f 2166 	2349 	2348
f 2166 	2169 	2349
f 2169 	2350 	2349
f 2169 	2168 	2350
f 2168 	2351 	2350
f 2168 	2111 	2351
f 2111 	2291 	2351
f 2111 	2110 	2291
f 2110 	2292 	2291
f 2209 	2224 	2391
f 2224 	2406 	2391
f 2224 	2226 	2406
f 2226 	2408 	2406
f 2226 	2228 	2408
f 2228 	2410 	2408
f 2228 	2230 	2410
f 2230 	2412 	2410
f 2230 	2232 	2412
f 2232 	2414 	2412
f 2232 	2234 	2414
f 2234 	2416 	2414
f 2234 	2236 	2416
f 2236 	2418 	2416
f 2236 	2238 	2418
f 2238 	2420 	2418
f 2238 	2240 	2420
f 2240 	2422 	2420
f 2240 	2241 	2422
f 2241 	2423 	2422
f 2241 	2243 	2423
f 2243 	2425 	2423
f 2243 	2245 	2425
f 2245 	2427 	2425
f 2245 	2247 	2427
f 2247 	2429 	2427
f 2247 	2249 	2429
f 2249 	2431 	2429
f 2249 	2252 	2431
f 2252 	2434 	2431
f 2252 	2254 	2434
f 2254 	2436 	2434
f 2254 	2256 	2436
f 2256 	2438 	2436
f 2256 	2258 	2438
f 2258 	2440 	2438
f 2258 	2260 	2440
f 2260 	2442 	2440
f 2260 	2262 	2442
f 2262 	2444 	2442
f 2262 	2264 	2444
f 2264 	2446 	2444
f 2264 	2266 	2446
f 2266 	2448 	2446
f 2266 	2268 	2448
f 2268 	2450 	2448
f 2268 	2269 	2450
f 2269 	2451 	2450
f 2269 	2270 	2451
f 2270 	2452 	2451
f 2270 	2272 	2452
f 2272 	2454 	2452
f 2272 	2274 	2454
f 2274 	2456 	2454
f 2274 	2276 	2456
f 2276 	2458 	2456
f 2276 	2278 	2458
f 2278 	2460 	2458
f 2278 	2280 	2460
f 2280 	2462 	2460
f 2280 	2282 	2462
f 2282 	2464 	2462
f 2282 	2283 	2464
f 2283 	2465 	2464
f 2283 	2285 	2465
f 2285 	2467 	2465
f 2285 	2287 	2467
f 2287 	2469 	2467
f 2287 	2289 	2469
f 2289 	2471 	2469
f 2289 	2290 	2471
f 2290 	2472 	2471
f 2290 	2288 	2472
f 2288 	2470 	2472
f 2288 	2286 	2470
f 2286 	2468 	2470
f 2286 	2284 	2468
f 2284 	2466 	2468
f 2284 	2281 	2466
f 2281 	2463 	2466
f 2281 	2279 	2463
f 2279 	2461 	2463
f 2279 	2277 	2461
f 2277 	2459 	2461
f 2277 	2275 	2459
f 2275 	2457 	2459
f 2275 	2273 	2457
f 2273 	2455 	2457
f 2273 	2271 	2455
f 2271 	2453 	2455
f 2271 	2180 	2453
f 2180 	2362 	2453
f 2180 	2176 	2362
f 2176 	2358 	2362
f 2176 	2171 	2358
f 2171 	2353 	2358
f 2171 	2139 	2353
f 2139 	2321 	2353
f 2139 	2136 	2321
f 2136 	2320 	2321
f 2136 	2209 	2320
f 2209 	2391 	2320
f 2473 	2474 	2475
f 2476 	2477 	2473
f 2478 	2479 	2476
f 2480 	2481 	2478
f 2482 	2483 	2480
f 2484 	2485 	2482
f 2486 	2487 	2484
f 2488 	2489 	2486
f 2490 	2491 	2488
f 2492 	2493 	2490
f 2494 	2495 	2492
f 2496 	2497 	2494
f 2498 	2499 	2496
f 2500 	2501 	2498
f 2502 	2503 	2500
f 2504 	2505 	2502
f 2506 	2507 	2504
f 2508 	2509 	2506
f 2510 	2511 	2508
f 2512 	2513 	2510
f 2514 	2515 	2512
f 2516 	2517 	2514
f 2518 	2519 	2516
f 2520 	2521 	2518
f 2522 	2523 	2520
f 2524 	2525 	2522
f 2526 	2527 	2524
f 2528 	2529 	2526
f 2530 	2531 	2528
f 2532 	2533 	2530
f 2534 	2535 	2532
f 2536 	2537 	2534
f 2538 	2539 	2536
f 2540 	2541 	2538
f 2542 	2543 	2540
f 2544 	2545 	2542
f 2546 	2547 	2544
f 2548 	2549 	2546
f 2550 	2551 	2548
f 2552 	2553 	2550
f 2554 	2555 	2552
f 2556 	2557 	2554
f 2558 	2559 	2556
f 2560 	2561 	2558
f 2562 	2563 	2560
f 2564 	2565 	2562
f 2566 	2567 	2564
f 2475 	2568 	2566
f 2476 	2473 	2475
f 2480 	2478 	2476
f 2484 	2482 	2480
f 2488 	2486 	2484
f 2492 	2490 	2488
f 2496 	2494 	2492
f 2500 	2498 	2496
f 2504 	2502 	2500
f 2508 	2506 	2504
f 2512 	2510 	2508
f 2516 	2514 	2512
f 2520 	2518 	2516
f 2524 	2522 	2520
f 2528 	2526 	2524
f 2532 	2530 	2528
f 2536 	2534 	2532
f 2540 	2538 	2536
f 2544 	2542 	2540
f 2548 	2546 	2544
f 2552 	2550 	2548
f 2556 	2554 	2552
f 2560 	2558 	2556
f 2564 	2562 	2560
f 2475 	2566 	2564
f 2480 	2476 	2475
f 2488 	2484 	2480
f 2496 	2492 	2488
f 2504 	2500 	2496
f 2512 	2508 	2504
f 2520 	2516 	2512
f 2528 	2524 	2520
f 2536 	2532 	2528
f 2544 	2540 	2536
f 2552 	2548 	2544
f 2560 	2556 	2552
f 2475 	2564 	2560
f 2488 	2480 	2475
f 2504 	2496 	2488
f 2520 	2512 	2504
f 2536 	2528 	2520
f 2552 	2544 	2536
f 2475 	2560 	2552
f 2504 	2488 	2475
f 2536 	2520 	2504
f 2475 	2552 	2536
f 2536 	2504 	2475
f 2569 	2570 	2571
f 2571 	2572 	2573
f 2573 	2574 	2575
f 2575 	2576 	2577
f 2577 	2578 	2579
f 2579 	2580 	2581
f 2581 	2582 	2583
f 2583 	2584 	2585
f 2585 	2586 	2587
f 2587 	2588 	2589
f 2589 	2590 	2591
f 2591 	2592 	2593
f 2593 	2594 	2595
f 2595 	2596 	2597
f 2597 	2598 	2599
f 2599 	2600 	2601
f 2601 	2602 	2603
f 2603 	2604 	2605
f 2605 	2606 	2607
f 2607 	2608 	2609
f 2609 	2610 	2611
f 2611 	2612 	2613
f 2613 	2614 	2615
f 2615 	2616 	2617
f 2617 	2618 	2619
f 2619 	2620 	2621
f 2621 	2622 	2623
f 2623 	2624 	2625
f 2625 	2626 	2627
f 2627 	2628 	2629
f 2629 	2630 	2631
f 2631 	2632 	2633
f 2633 	2634 	2635
f 2635 	2636 	2637
f 2637 	2638 	2639
f 2639 	2640 	2641
f 2641 	2642 	2643
f 2643 	2644 	2645
f 2645 	2646 	2647
f 2647 	2648 	2649
f 2649 	2650 	2651
f 2651 	2652 	2653
f 2653 	2654 	2655
f 2655 	2656 	2657
f 2657 	2658 	2659
f 2659 	2660 	2661
f 2661 	2662 	2663
f 2663 	2664 	2569
f 2569 	2571 	2573
f 2573 	2575 	2577
f 2577 	2579 	2581
f 2581 	2583 	2585
f 2585 	2587 	2589
f 2589 	2591 	2593
f 2593 	2595 	2597
f 2597 	2599 	2601
f 2601 	2603 	2605
f 2605 	2607 	2609
f 2609 	2611 	2613
f 2613 	2615 	2617
f 2617 	2619 	2621
f 2621 	2623 	2625
f 2625 	2627 	2629
f 2629 	2631 	2633
f 2633 	2635 	2637
f 2637 	2639 	2641
f 2641 	2643 	2645
f 2645 	2647 	2649
f 2649 	2651 	2653
f 2653 	2655 	2657
f 2657 	2659 	2661
f 2661 	2663 	2569
f 2569 	2573 	2577
f 2577 	2581 	2585
f 2585 	2589 	2593
f 2593 	2597 	2601
f 2601 	2605 	2609
f 2609 	2613 	2617
f 2617 	2621 	2625
f 2625 	2629 	2633
f 2633 	2637 	2641
f 2641 	2645 	2649
f 2649 	2653 	2657
f 2657 	2661 	2569
f 2569 	2577 	2585
f 2585 	2593 	2601
f 2601 	2609 	2617
f 2617 	2625 	2633
f 2633 	2641 	2649
f 2649 	2657 	2569
f 2569 	2585 	2601
f 2601 	2617 	2633
f 2633 	2649 	2569
f 2569 	2601 	2633
f 2473 	2477 	2571
f 2477 	2572 	2571
f 2477 	2476 	2572
f 2476 	2573 	2572
f 2476 	2479 	2573
f 2479 	2574 	2573
f 2479 	2478 	2574
f 2478 	2575 	2574
f 2478 	2481 	2575
f 2481 	2576 	2575
f 2481 	2480 	2576
f 2480 	2577 	2576
f 2480 	2483 	2577
f 2483 	2578 	2577
f 2483 	2482 	2578
f 2482 	2579 	2578
f 2482 	2485 	2579
f 2485 	2580 	2579
f 2485 	2484 	2580
f 2484 	2581 	2580
f 2484 	2487 	2581
f 2487 	2582 	2581
f 2487 	2486 	2582
f 2486 	2583 	2582
f 2486 	2489 	2583
f 2489 	2584 	2583
f 2489 	2488 	2584
f 2488 	2585 	2584
f 2488 	2491 	2585
f 2491 	2586 	2585
f 2491 	2490 	2586
f 2490 	2587 	2586
f 2490 	2493 	2587
f 2493 	2588 	2587
f 2493 	2492 	2588
f 2492 	2589 	2588
f 2492 	2495 	2589
f 2495 	2590 	2589
f 2495 	2494 	2590
f 2494 	2591 	2590
f 2494 	2497 	2591
f 2497 	2592 	2591
f 2497 	2496 	2592
f 2496 	2593 	2592
f 2496 	2499 	2593
f 2499 	2594 	2593
f 2499 	2498 	2594
f 2498 	2595 	2594
f 2498 	2501 	2595
f 2501 	2596 	2595
f 2501 	2500 	2596
f 2500 	2597 	2596
f 2500 	2503 	2597
f 2503 	2598 	2597
f 2503 	2502 	2598
f 2502 	2599 	2598
f 2502 	2505 	2599
f 2505 	2600 	2599
f 2505 	2504 	2600
f 2504 	2601 	2600
f 2504 	2507 	2601
f 2507 	2602 	2601
f 2507 	2506 	2602
f 2506 	2603 	2602
f 2506 	2509 	2603
f 2509 	2604 	2603
f 2509 	2508 	2604
f 2508 	2605 	2604
f 2508 	2511 	2605
f 2511 	2606 	2605
f 2511 	2510 	2606
f 2510 	2607 	2606
f 2510 	2513 	2607
f 2513 	2608 	2607
f 2513 	2512 	2608
f 2512 	2609 	2608
f 2512 	2515 	2609
f 2515 	2610 	2609
f 2515 	2514 	2610
f 2514 	2611 	2610
f 2514 	2517 	2611
f 2517 	2612 	2611
f 2517 	2516 	2612
f 2516 	2613 	2612
f 2516 	2519 	2613
f 2519 	2614 	2613
f 2519 	2518 	2614
f 2518 	2615 	2614
f 2518 	2521 	2615
f 2521 	2616 	2615
f 2521 	2520 	2616
f 2520 	2617 	2616
f 2520 	2523 	2617
f 2523 	2618 	2617
f 2523 	2522 	2618
f 2522 	2619 	2618
f 2522 	2525 	2619
f 2525 	2620 	2619
f 2525 	2524 	2620
f 2524 	2621 	2620
f 2524 	2527 	2621
f 2527 	2622 	2621
f 2527 	2526 	2622
f 2526 	2623 	2622
f 2526 	2529 	2623
f 2529 	2624 	2623
f 2529 	2528 	2624
f 2528 	2625 	2624
f 2528 	2531 	2625
f 2531 	2626 	2625
f 2531 	2530 	2626
f 2530 	2627 	2626
f 2530 	2533 	2627
f 2533 	2628 	2627
f 2533 	2532 	2628
f 2532 	2629 	2628
f 2532 	2535 	2629
f 2535 	2630 	2629
f 2535 	2534 	2630
f 2534 	2631 	2630
f 2534 	2537 	2631
f 2537 	2632 	2631
f 2537 	2536 	2632
f 2536 	2633 	2632
f 2536 	2539 	2633
f 2539 	2634 	2633
f 2539 	2538 	2634
f 2538 	2635 	2634
f 2538 	2541 	2635
f 2541 	2636 	2635
f 2541 	2540 	2636
f 2540 	2637 	2636
f 2540 	2543 	2637
f 2543 	2638 	2637
f 2543 	2542 	2638
f 2542 	2639 	2638
f 2542 	2545 	2639
f 2545 	2640 	2639
f 2545 	2544 	2640
f 2544 	2641 	2640
f 2544 	2547 	2641
f 2547 	2642 	2641
f 2547 	2546 	2642
f 2546 	2643 	2642
f 2546 	2549 	2643
f 2549 	2644 	2643
f 2549 	2548 	2644
f 2548 	2645 	2644
f 2548 	2551 	2645
f 2551 	2646 	2645
f 2551 	2550 	2646
f 2550 	2647 	2646
f 2550 	2553 	2647
f 2553 	2648 	2647
f 2553 	2552 	2648
f 2552 	2649 	2648
f 2552 	2555 	2649
f 2555 	2650 	2649
f 2555 	2554 	2650
f 2554 	2651 	2650
f 2554 	2557 	2651
f 2557 	2652 	2651
f 2557 	2556 	2652
f 2556 	2653 	2652
f 2556 	2559 	2653
f 2559 	2654 	2653
f 2559 	2558 	2654
f 2558 	2655 	2654
f 2558 	2561 	2655
f 2561 	2656 	2655
f 2561 	2560 	2656
f 2560 	2657 	2656
f 2560 	2563 	2657
f 2563 	2658 	2657
f 2563 	2562 	2658
f 2562 	2659 	2658
f 2562 	2565 	2659
f 2565 	2660 	2659
f 2565 	2564 	2660
f 2564 	2661 	2660
f 2564 	2567 	2661
f 2567 	2662 	2661
f 2567 	2566 	2662
f 2566 	2663 	2662
f 2566 	2568 	2663
f 2568 	2664 	2663
f 2568 	2475 	2664
f 2475 	2569 	2664
f 2475 	2474 	2569
f 2474 	2570 	2569
f 2474 	2473 	2570
f 2473 	2571 	2570
f 2665 	2666 	2667
f 2668 	2669 	2665
f 2670 	2671 	2672
f 2665 	2667 	2673
f 2674 	2668 	2665
f 2675 	2670 	2672
f 2665 	2673 	2676
f 2677 	2674 	2665
f 2678 	2675 	2672
f 2665 	2676 	2679
f 2680 	2677 	2665
f 2681 	2678 	2672
f 2665 	2679 	2682
f 2683 	2680 	2665
f 2684 	2681 	2672
f 2665 	2682 	2685
f 2686 	2683 	2665
f 2687 	2684 	2672
f 2665 	2685 	2688
f 2689 	2686 	2665
f 2690 	2687 	2672
f 2665 	2688 	2691
f 2692 	2689 	2665
f 2693 	2690 	2672
f 2665 	2691 	2694
f 2695 	2692 	2665
f 2696 	2693 	2672
f 2665 	2694 	2697
f 2698 	2695 	2665
f 2699 	2696 	2672
f 2665 	2697 	2700
f 2701 	2698 	2665
f 2702 	2699 	2672
f 2665 	2700 	2703
f 2704 	2701 	2665
f 2705 	2702 	2672
f 2665 	2703 	2706
f 2707 	2704 	2665
f 2708 	2705 	2672
f 2665 	2706 	2709
f 2710 	2707 	2665
f 2711 	2708 	2672
f 2665 	2709 	2712
f 2713 	2710 	2665
f 2714 	2711 	2672
f 2665 	2712 	2715
f 2716 	2713 	2665
f 2717 	2714 	2672
f 2716 	2665 	2715
f 2718 	2717 	2672
f 2716 	2715 	2719
f 2720 	2718 	2672
f 2716 	2719 	2721
f 2722 	2720 	2672
f 2716 	2721 	2723
f 2724 	2722 	2672
f 2716 	2723 	2725
f 2726 	2724 	2672
f 2716 	2725 	2727
f 2726 	2672 	2728
f 2716 	2727 	2729
f 2726 	2728 	2730
f 2716 	2729 	2731
f 2726 	2730 	2732
f 2716 	2731 	2733
f 2726 	2732 	2734
f 2716 	2733 	2735
f 2726 	2734 	2736
f 2737 	2716 	2735
f 2726 	2736 	2738
f 2739 	2737 	2735
f 2726 	2738 	2740
f 2741 	2739 	2735
f 2742 	2726 	2740
f 2740 	2741 	2735
f 2743 	2742 	2740
f 2740 	2735 	2744
f 2745 	2743 	2740
f 2740 	2744 	2746
f 2746 	2745 	2740
f 2747 	2748 	2749
f 2749 	2750 	2751
f 2752 	2753 	2754
f 2755 	2747 	2749
f 2749 	2751 	2756
f 2752 	2754 	2757
f 2758 	2755 	2749
f 2749 	2756 	2759
f 2752 	2757 	2760
f 2761 	2758 	2749
f 2749 	2759 	2762
f 2752 	2760 	2763
f 2764 	2761 	2749
f 2749 	2762 	2765
f 2752 	2763 	2766
f 2767 	2764 	2749
f 2749 	2765 	2768
f 2752 	2766 	2769
f 2770 	2767 	2749
f 2749 	2768 	2771
f 2752 	2769 	2772
f 2773 	2770 	2749
f 2749 	2771 	2774
f 2752 	2772 	2775
f 2776 	2773 	2749
f 2749 	2774 	2777
f 2752 	2775 	2778
f 2779 	2776 	2749
f 2749 	2777 	2780
f 2752 	2778 	2781
f 2782 	2779 	2749
f 2749 	2780 	2783
f 2752 	2781 	2784
f 2785 	2782 	2749
f 2749 	2783 	2786
f 2752 	2784 	2787
f 2788 	2785 	2749
f 2749 	2786 	2789
f 2752 	2787 	2790
f 2791 	2788 	2749
f 2749 	2789 	2792
f 2752 	2790 	2793
f 2794 	2791 	2749
f 2749 	2792 	2795
f 2752 	2793 	2796
f 2797 	2794 	2749
f 2749 	2795 	2798
f 2752 	2796 	2799
f 2797 	2749 	2798
f 2752 	2799 	2800
f 2801 	2797 	2798
f 2752 	2800 	2802
f 2803 	2801 	2798
f 2752 	2802 	2804
f 2805 	2803 	2798
f 2752 	2804 	2806
f 2807 	2805 	2798
f 2752 	2806 	2808
f 2809 	2807 	2798
f 2810 	2752 	2808
f 2811 	2809 	2798
f 2812 	2810 	2808
f 2813 	2811 	2798
f 2814 	2812 	2808
f 2815 	2813 	2798
f 2816 	2814 	2808
f 2817 	2815 	2798
f 2818 	2816 	2808
f 2817 	2798 	2819
f 2820 	2818 	2808
f 2817 	2819 	2821
f 2822 	2820 	2808
f 2817 	2821 	2823
f 2822 	2808 	2824
f 2817 	2823 	2822
f 2822 	2824 	2825
f 2826 	2817 	2822
f 2822 	2825 	2827
f 2828 	2826 	2822
f 2822 	2827 	2828
f 2666 	2665 	2748
f 2665 	2749 	2748
f 2665 	2669 	2749
f 2669 	2750 	2749
f 2669 	2668 	2750
f 2668 	2751 	2750
f 2668 	2674 	2751
f 2674 	2756 	2751
f 2674 	2677 	2756
f 2677 	2759 	2756
f 2677 	2680 	2759
f 2680 	2762 	2759
f 2680 	2683 	2762
f 2683 	2765 	2762
f 2683 	2686 	2765
f 2686 	2768 	2765
f 2686 	2689 	2768
f 2689 	2771 	2768
f 2689 	2692 	2771
f 2692 	2774 	2771
f 2692 	2695 	2774
f 2695 	2777 	2774
f 2695 	2698 	2777
f 2698 	2780 	2777
f 2698 	2701 	2780
f 2701 	2783 	2780
f 2701 	2704 	2783
f 2704 	2786 	2783
f 2704 	2707 	2786
f 2707 	2789 	2786
f 2707 	2710 	2789
f 2710 	2792 	2789
f 2710 	2713 	2792
f 2713 	2795 	2792
f 2713 	2716 	2795
f 2716 	2798 	2795
f 2716 	2737 	2798
f 2737 	2819 	2798
f 2737 	2739 	2819
f 2739 	2821 	2819
f 2739 	2741 	2821
f 2741 	2823 	2821
f 2741 	2740 	2823
f 2740 	2822 	2823
f 2740 	2738 	2822
f 2738 	2820 	2822
f 2738 	2736 	2820
f 2736 	2818 	2820
f 2736 	2734 	2818
f 2734 	2816 	2818
f 2734 	2732 	2816
f 2732 	2814 	2816
f 2732 	2730 	2814
f 2730 	2812 	2814
f 2730 	2728 	2812
f 2728 	2810 	2812
f 2728 	2672 	2810
f 2672 	2752 	2810
f 2672 	2671 	2752
f 2671 	2753 	2752
f 2671 	2670 	2753
f 2670 	2754 	2753
f 2670 	2675 	2754
f 2675 	2757 	2754
f 2675 	2678 	2757
f 2678 	2760 	2757
f 2678 	2681 	2760
f 2681 	2763 	2760
f 2681 	2684 	2763
f 2684 	2766 	2763
f 2684 	2687 	2766
f 2687 	2769 	2766
f 2687 	2690 	2769
f 2690 	2772 	2769
f 2690 	2693 	2772
f 2693 	2775 	2772
f 2693 	2696 	2775
f 2696 	2778 	2775
f 2696 	2699 	2778
f 2699 	2781 	2778
f 2699 	2702 	2781
f 2702 	2784 	2781
f 2702 	2705 	2784
f 2705 	2787 	2784
f 2705 	2708 	2787
f 2708 	2790 	2787
f 2708 	2711 	2790
f 2711 	2793 	2790
f 2711 	2714 	2793
f 2714 	2796 	2793
f 2714 	2717 	2796
f 2717 	2799 	2796
f 2717 	2718 	2799
f 2718 	2800 	2799
f 2718 	2720 	2800
f 2720 	2802 	2800
f 2720 	2722 	2802
f 2722 	2804 	2802
f 2722 	2724 	2804
f 2724 	2806 	2804
f 2724 	2726 	2806
f 2726 	2808 	2806
f 2726 	2742 	2808
f 2742 	2824 	2808
f 2742 	2743 	2824
f 2743 	2825 	2824
f 2743 	2745 	2825
f 2745 	2827 	2825
f 2745 	2746 	2827
f 2746 	2828 	2827
f 2746 	2744 	2828
f 2744 	2826 	2828
f 2744 	2735 	2826
f 2735 	2817 	2826
f 2735 	2733 	2817
f 2733 	2815 	2817
f 2733 	2731 	2815
f 2731 	2813 	2815
f 2731 	2729 	2813
f 2729 	2811 	2813
f 2729 	2727 	2811
f 2727 	2809 	2811
f 2727 	2725 	2809
f 2725 	2807 	2809
f 2725 	2723 	2807
f 2723 	2805 	2807
f 2723 	2721 	2805
f 2721 	2803 	2805
f 2721 	2719 	2803
f 2719 	2801 	2803
f 2719 	2715 	2801
f 2715 	2797 	2801
f 2715 	2712 	2797
f 2712 	2794 	2797
f 2712 	2709 	2794
f 2709 	2791 	2794
f 2709 	2706 	2791
f 2706 	2788 	2791
f 2706 	2703 	2788
f 2703 	2785 	2788
f 2703 	2700 	2785
f 2700 	2782 	2785
f 2700 	2697 	2782
f 2697 	2779 	2782
f 2697 	2694 	2779
f 2694 	2776 	2779
f 2694 	2691 	2776
f 2691 	2773 	2776
f 2691 	2688 	2773
f 2688 	2770 	2773
f 2688 	2685 	2770
f 2685 	2767 	2770
f 2685 	2682 	2767
f 2682 	2764 	2767
f 2682 	2679 	2764
f 2679 	2761 	2764
f 2679 	2676 	2761
f 2676 	2758 	2761
f 2676 	2673 	2758
f 2673 	2755 	2758
f 2673 	2667 	2755
f 2667 	2747 	2755
f 2667 	2666 	2747
f 2666 	2748 	2747
f 2829 	2830 	2831
f 2832 	2833 	2834
f 2835 	2836 	2837
f 2838 	2839 	2840
f 2841 	2832 	2834
f 2842 	2838 	2840
f 2843 	2841 	2834
f 2844 	2842 	2840
f 2845 	2843 	2834
f 2846 	2844 	2840
f 2847 	2845 	2834
f 2848 	2846 	2840
f 2849 	2847 	2834
f 2850 	2848 	2840
f 2851 	2849 	2834
f 2852 	2850 	2840
f 2853 	2851 	2834
f 2854 	2852 	2840
f 2855 	2853 	2834
f 2856 	2854 	2840
f 2857 	2855 	2834
f 2858 	2856 	2840
f 2859 	2857 	2834
f 2860 	2858 	2840
f 2861 	2859 	2834
f 2862 	2860 	2840
f 2863 	2861 	2834
f 2864 	2862 	2840
f 2865 	2863 	2834
f 2866 	2864 	2840
f 2867 	2865 	2834
f 2868 	2866 	2840
f 2869 	2867 	2834
f 2870 	2868 	2840
f 2871 	2869 	2834
f 2872 	2870 	2840
f 2873 	2871 	2834
f 2874 	2872 	2840
f 2875 	2873 	2834
f 2876 	2874 	2840
f 2877 	2875 	2834
f 2878 	2876 	2840
f 2879 	2877 	2834
f 2880 	2878 	2840
f 2881 	2879 	2834
f 2882 	2880 	2840
f 2883 	2881 	2834
f 2884 	2882 	2840
f 2883 	2834 	2829
f 2884 	2840 	2835
f 2885 	2883 	2829
f 2886 	2884 	2835
f 2887 	2885 	2829
f 2888 	2886 	2835
f 2889 	2887 	2829
f 2890 	2888 	2835
f 2837 	2889 	2829
f 2831 	2890 	2835
f 2837 	2829 	2831
f 2831 	2835 	2837
f 2891 	2892 	2893
f 2894 	2895 	2896
f 2897 	2898 	2899
f 2900 	2901 	2902
f 2894 	2896 	2903
f 2900 	2902 	2904
f 2894 	2903 	2905
f 2900 	2904 	2906
f 2894 	2905 	2907
f 2900 	2906 	2908
f 2894 	2907 	2909
f 2900 	2908 	2910
f 2894 	2909 	2911
f 2900 	2910 	2912
f 2894 	2911 	2913
f 2900 	2912 	2914
f 2894 	2913 	2915
f 2900 	2914 	2916
f 2894 	2915 	2917
f 2900 	2916 	2918
f 2894 	2917 	2919
f 2900 	2918 	2920
f 2894 	2919 	2921
f 2900 	2920 	2922
f 2894 	2921 	2923
f 2900 	2922 	2924
f 2894 	2923 	2925
f 2900 	2924 	2926
f 2894 	2925 	2927
f 2900 	2926 	2928
f 2894 	2927 	2929
f 2900 	2928 	2930
f 2894 	2929 	2931
f 2900 	2930 	2932
f 2894 	2931 	2933
f 2900 	2932 	2934
f 2894 	2933 	2935
f 2900 	2934 	2936
f 2894 	2935 	2937
f 2900 	2936 	2938
f 2894 	2937 	2939
f 2900 	2938 	2940
f 2894 	2939 	2941
f 2900 	2940 	2942
f 2894 	2941 	2943
f 2900 	2942 	2944
f 2894 	2943 	2945
f 2900 	2944 	2946
f 2893 	2894 	2945
f 2899 	2900 	2946
f 2893 	2945 	2947
f 2899 	2946 	2948
f 2893 	2947 	2949
f 2899 	2948 	2950
f 2893 	2949 	2951
f 2899 	2950 	2952
f 2893 	2951 	2897
f 2899 	2952 	2891
f 2891 	2893 	2897
f 2897 	2899 	2891
f 2831 	2830 	2891
f 2830 	2892 	2891
f 2830 	2829 	2892
f 2829 	2893 	2892
f 2829 	2834 	2893
f 2834 	2894 	2893
f 2834 	2833 	2894
f 2833 	2895 	2894
f 2833 	2832 	2895
f 2832 	2896 	2895
f 2832 	2841 	2896
f 2841 	2903 	2896
f 2841 	2843 	2903
f 2843 	2905 	2903
f 2843 	2845 	2905
f 2845 	2907 	2905
f 2845 	2847 	2907
f 2847 	2909 	2907
f 2847 	2849 	2909
f 2849 	2911 	2909
f 2849 	2851 	2911
f 2851 	2913 	2911
f 2851 	2853 	2913
f 2853 	2915 	2913
f 2853 	2855 	2915
f 2855 	2917 	2915
f 2855 	2857 	2917
f 2857 	2919 	2917
f 2857 	2859 	2919
f 2859 	2921 	2919
f 2859 	2861 	2921
f 2861 	2923 	2921
f 2861 	2863 	2923
f 2863 	2925 	2923
f 2863 	2865 	2925
f 2865 	2927 	2925
f 2865 	2867 	2927
f 2867 	2929 	2927
f 2867 	2869 	2929
f 2869 	2931 	2929
f 2869 	2871 	2931
f 2871 	2933 	2931
f 2871 	2873 	2933
f 2873 	2935 	2933
f 2873 	2875 	2935
f 2875 	2937 	2935
f 2875 	2877 	2937
f 2877 	2939 	2937
f 2877 	2879 	2939
f 2879 	2941 	2939
f 2879 	2881 	2941
f 2881 	2943 	2941
f 2881 	2883 	2943
f 2883 	2945 	2943
f 2883 	2885 	2945
f 2885 	2947 	2945
f 2885 	2887 	2947
f 2887 	2949 	2947
f 2887 	2889 	2949
f 2889 	2951 	2949
f 2889 	2837 	2951
f 2837 	2897 	2951
f 2837 	2836 	2897
f 2836 	2898 	2897
f 2836 	2835 	2898
f 2835 	2899 	2898
f 2835 	2840 	2899
f 2840 	2900 	2899
f 2840 	2839 	2900
f 2839 	2901 	2900
f 2839 	2838 	2901
f 2838 	2902 	2901
f 2838 	2842 	2902
f 2842 	2904 	2902
f 2842 	2844 	2904
f 2844 	2906 	2904
f 2844 	2846 	2906
f 2846 	2908 	2906
f 2846 	2848 	2908
f 2848 	2910 	2908
f 2848 	2850 	2910
f 2850 	2912 	2910
f 2850 	2852 	2912
f 2852 	2914 	2912
f 2852 	2854 	2914
f 2854 	2916 	2914
f 2854 	2856 	2916
f 2856 	2918 	2916
f 2856 	2858 	2918
f 2858 	2920 	2918
f 2858 	2860 	2920
f 2860 	2922 	2920
f 2860 	2862 	2922
f 2862 	2924 	2922
f 2862 	2864 	2924
f 2864 	2926 	2924
f 2864 	2866 	2926
f 2866 	2928 	2926
f 2866 	2868 	2928
f 2868 	2930 	2928
f 2868 	2870 	2930
f 2870 	2932 	2930
f 2870 	2872 	2932
f 2872 	2934 	2932
f 2872 	2874 	2934
f 2874 	2936 	2934
f 2874 	2876 	2936
f 2876 	2938 	2936
f 2876 	2878 	2938
f 2878 	2940 	2938
f 2878 	2880 	2940
f 2880 	2942 	2940
f 2880 	2882 	2942
f 2882 	2944 	2942
f 2882 	2884 	2944
f 2884 	2946 	2944
f 2884 	2886 	2946
f 2886 	2948 	2946
f 2886 	2888 	2948
f 2888 	2950 	2948
f 2888 	2890 	2950
f 2890 	2952 	2950
f 2890 	2831 	2952
f 2831 	2891 	2952
f 2953 	2954 	2955
f 2956 	2957 	2958
f 2959 	2960 	2961
f 2962 	2963 	2964
f 2965 	2956 	2958
f 2966 	2962 	2964
f 2967 	2965 	2958
f 2968 	2966 	2964
f 2969 	2967 	2958
f 2970 	2968 	2964
f 2971 	2969 	2958
f 2972 	2970 	2964
f 2973 	2971 	2958
f 2974 	2972 	2964
f 2975 	2973 	2958
f 2976 	2974 	2964
f 2977 	2975 	2958
f 2978 	2976 	2964
f 2979 	2977 	2958
f 2980 	2978 	2964
f 2981 	2979 	2958
f 2982 	2980 	2964
f 2983 	2981 	2958
f 2984 	2982 	2964
f 2985 	2983 	2958
f 2986 	2984 	2964
f 2987 	2985 	2958
f 2988 	2986 	2964
f 2989 	2987 	2958
f 2990 	2988 	2964
f 2991 	2989 	2958
f 2992 	2990 	2964
f 2993 	2991 	2958
f 2994 	2992 	2964
f 2995 	2993 	2958
f 2996 	2994 	2964
f 2997 	2995 	2958
f 2998 	2996 	2964
f 2999 	2997 	2958
f 3000 	2998 	2964
f 3001 	2999 	2958
f 3002 	3000 	2964
f 3003 	3001 	2958
f 3004 	3002 	2964
f 3005 	3003 	2958
f 3006 	3004 	2964
f 3007 	3005 	2958
f 3008 	3006 	2964
f 3007 	2958 	2953
f 3008 	2964 	2959
f 3009 	3007 	2953
f 3010 	3008 	2959
f 3011 	3009 	2953
f 3012 	3010 	2959
f 3013 	3011 	2953
f 3014 	3012 	2959
f 2961 	3013 	2953
f 2955 	3014 	2959
f 2961 	2953 	2955
f 2955 	2959 	2961
f 3015 	3016 	3017
f 3018 	3019 	3020
f 3021 	3022 	3023
f 3024 	3025 	3026
f 3018 	3020 	3027
f 3024 	3026 	3028
f 3018 	3027 	3029
f 3024 	3028 	3030
f 3018 	3029 	3031
f 3024 	3030 	3032
f 3018 	3031 	3033
f 3024 	3032 	3034
f 3018 	3033 	3035
f 3024 	3034 	3036
f 3018 	3035 	3037
f 3024 	3036 	3038
f 3018 	3037 	3039
f 3024 	3038 	3040
f 3018 	3039 	3041
f 3024 	3040 	3042
f 3018 	3041 	3043
f 3024 	3042 	3044
f 3018 	3043 	3045
f 3024 	3044 	3046
f 3018 	3045 	3047
f 3024 	3046 	3048
f 3018 	3047 	3049
f 3024 	3048 	3050
f 3018 	3049 	3051
f 3024 	3050 	3052
f 3018 	3051 	3053
f 3024 	3052 	3054
f 3018 	3053 	3055
f 3024 	3054 	3056
f 3018 	3055 	3057
f 3024 	3056 	3058
f 3018 	3057 	3059
f 3024 	3058 	3060
f 3018 	3059 	3061
f 3024 	3060 	3062
f 3018 	3061 	3063
f 3024 	3062 	3064
f 3018 	3063 	3065
f 3024 	3064 	3066
f 3018 	3065 	3067
f 3024 	3066 	3068
f 3018 	3067 	3069
f 3024 	3068 	3070
f 3017 	3018 	3069
f 3023 	3024 	3070
f 3017 	3069 	3071
f 3023 	3070 	3072
f 3017 	3071 	3073
f 3023 	3072 	3074
f 3017 	3073 	3075
f 3023 	3074 	3076
f 3017 	3075 	3021
f 3023 	3076 	3015
f 3015 	3017 	3021
f 3021 	3023 	3015
f 2955 	2954 	3015
f 2954 	3016 	3015
f 2954 	2953 	3016
f 2953 	3017 	3016
f 2953 	2958 	3017
f 2958 	3018 	3017
f 2958 	2957 	3018
f 2957 	3019 	3018
f 2957 	2956 	3019
f 2956 	3020 	3019
f 2956 	2965 	3020
f 2965 	3027 	3020
f 2965 	2967 	3027
f 2967 	3029 	3027
f 2967 	2969 	3029
f 2969 	3031 	3029
f 2969 	2971 	3031
f 2971 	3033 	3031
f 2971 	2973 	3033
f 2973 	3035 	3033
f 2973 	2975 	3035
f 2975 	3037 	3035
f 2975 	2977 	3037
f 2977 	3039 	3037
f 2977 	2979 	3039
f 2979 	3041 	3039
f 2979 	2981 	3041
f 2981 	3043 	3041
f 2981 	2983 	3043
f 2983 	3045 	3043
f 2983 	2985 	3045
f 2985 	3047 	3045
f 2985 	2987 	3047
f 2987 	3049 	3047
f 2987 	2989 	3049
f 2989 	3051 	3049
f 2989 	2991 	3051
f 2991 	3053 	3051
f 2991 	2993 	3053
f 2993 	3055 	3053
f 2993 	2995 	3055
f 2995 	3057 	3055
f 2995 	2997 	3057
f 2997 	3059 	3057
f 2997 	2999 	3059
f 2999 	3061 	3059
f 2999 	3001 	3061
f 3001 	3063 	3061
f 3001 	3003 	3063
f 3003 	3065 	3063
f 3003 	3005 	3065
f 3005 	3067 	3065
f 3005 	3007 	3067
f 3007 	3069 	3067
f 3007 	3009 	3069
f 3009 	3071 	3069
f 3009 	3011 	3071
f 3011 	3073 	3071
f 3011 	3013 	3073
f 3013 	3075 	3073
f 3013 	2961 	3075
f 2961 	3021 	3075
f 2961 	2960 	3021
f 2960 	3022 	3021
f 2960 	2959 	3022
f 2959 	3023 	3022
f 2959 	2964 	3023
f 2964 	3024 	3023
f 2964 	2963 	3024
f 2963 	3025 	3024
f 2963 	2962 	3025
f 2962 	3026 	3025
f 2962 	2966 	3026
f 2966 	3028 	3026
f 2966 	2968 	3028
f 2968 	3030 	3028
f 2968 	2970 	3030
f 2970 	3032 	3030
f 2970 	2972 	3032
f 2972 	3034 	3032
f 2972 	2974 	3034
f 2974 	3036 	3034
f 2974 	2976 	3036
f 2976 	3038 	3036
f 2976 	2978 	3038
f 2978 	3040 	3038
f 2978 	2980 	3040
f 2980 	3042 	3040
f 2980 	2982 	3042
f 2982 	3044 	3042
f 2982 	2984 	3044
f 2984 	3046 	3044
f 2984 	2986 	3046
f 2986 	3048 	3046
f 2986 	2988 	3048
f 2988 	3050 	3048
f 2988 	2990 	3050
f 2990 	3052 	3050
f 2990 	2992 	3052
f 2992 	3054 	3052
f 2992 	2994 	3054
f 2994 	3056 	3054
f 2994 	2996 	3056
f 2996 	3058 	3056
f 2996 	2998 	3058
f 2998 	3060 	3058
f 2998 	3000 	3060
f 3000 	3062 	3060
f 3000 	3002 	3062
f 3002 	3064 	3062
f 3002 	3004 	3064
f 3004 	3066 	3064
f 3004 	3006 	3066
f 3006 	3068 	3066
f 3006 	3008 	3068
f 3008 	3070 	3068
f 3008 	3010 	3070
f 3010 	3072 	3070
f 3010 	3012 	3072
f 3012 	3074 	3072
f 3012 	3014 	3074
f 3014 	3076 	3074
f 3014 	2955 	3076
f 2955 	3015 	3076
f 3077 	3078 	3079
f 3080 	3081 	3077
f 3082 	3083 	3080
f 3084 	3085 	3082
f 3086 	3087 	3084
f 3088 	3089 	3086
f 3090 	3091 	3088
f 3091 	3090 	3092
f 3093 	3094 	3091
f 3095 	3096 	3093
f 3097 	3098 	3095
f 3099 	3100 	3097
f 3101 	3102 	3099
f 3103 	3104 	3101
f 3105 	3106 	3103
f 3107 	3108 	3105
f 3109 	3110 	3107
f 3111 	3112 	3109
f 3113 	3114 	3111
f 3115 	3116 	3113
f 3117 	3118 	3115
f 3119 	3120 	3117
f 3121 	3122 	3119
f 3123 	3124 	3121
f 3125 	3126 	3123
f 3127 	3128 	3125
f 3129 	3130 	3127
f 3131 	3132 	3129
f 3133 	3134 	3131
f 3135 	3136 	3133
f 3137 	3138 	3135
f 3139 	3140 	3137
f 3141 	3142 	3143
f 3144 	3145 	3141
f 3146 	3147 	3148
f 3149 	3150 	3146
f 3151 	3152 	3149
f 3153 	3154 	3151
f 3155 	3156 	3153
f 3157 	3158 	3155
f 3159 	3160 	3157
f 3161 	3162 	3159
f 3163 	3164 	3161
f 3165 	3166 	3163
f 3167 	3168 	3165
f 3169 	3170 	3167
f 3171 	3172 	3169
f 3173 	3174 	3171
f 3175 	3176 	3173
f 3177 	3178 	3175
f 3179 	3180 	3177
f 3181 	3182 	3179
f 3183 	3184 	3181
f 3185 	3186 	3183
f 3187 	3188 	3185
f 3189 	3190 	3187
f 3191 	3192 	3189
f 3193 	3194 	3191
f 3195 	3196 	3193
f 3197 	3198 	3195
f 3199 	3200 	3197
f 3201 	3202 	3199
f 3203 	3204 	3201
f 3205 	3206 	3203
f 3207 	3208 	3205
f 3080 	3077 	3079
f 3084 	3082 	3080
f 3088 	3086 	3084
f 3209 	3090 	3088
f 3091 	3092 	3210
f 3095 	3093 	3091
f 3099 	3097 	3095
f 3103 	3101 	3099
f 3107 	3105 	3103
f 3111 	3109 	3107
f 3115 	3113 	3111
f 3119 	3117 	3115
f 3123 	3121 	3119
f 3127 	3125 	3123
f 3131 	3129 	3127
f 3135 	3133 	3131
f 3139 	3137 	3135
f 3211 	3144 	3141
f 3149 	3146 	3148
f 3153 	3151 	3149
f 3157 	3155 	3153
f 3161 	3159 	3157
f 3165 	3163 	3161
f 3169 	3167 	3165
f 3173 	3171 	3169
f 3177 	3175 	3173
f 3181 	3179 	3177
f 3185 	3183 	3181
f 3189 	3187 	3185
f 3193 	3191 	3189
f 3197 	3195 	3193
f 3201 	3199 	3197
f 3205 	3203 	3201
f 3212 	3207 	3205
f 3084 	3080 	3079
f 3209 	3088 	3084
f 3091 	3210 	3213
f 3099 	3095 	3091
f 3107 	3103 	3099
f 3115 	3111 	3107
f 3123 	3119 	3115
f 3131 	3127 	3123
f 3139 	3135 	3131
f 3214 	3211 	3141
f 3153 	3149 	3148
f 3161 	3157 	3153
f 3169 	3165 	3161
f 3177 	3173 	3169
f 3185 	3181 	3177
f 3193 	3189 	3185
f 3201 	3197 	3193
f 3212 	3205 	3201
f 3215 	3209 	3084
f 3091 	3213 	3216
f 3107 	3099 	3091
f 3123 	3115 	3107
f 3139 	3131 	3123
f 3214 	3141 	3143
f 3153 	3148 	3217
f 3169 	3161 	3153
f 3185 	3177 	3169
f 3201 	3193 	3185
f 3218 	3212 	3201
f 3219 	3215 	3084
f 3091 	3216 	3220
f 3123 	3107 	3091
f 3221 	3214 	3143
f 3153 	3217 	3222
f 3185 	3169 	3153
f 3218 	3201 	3185
f 3223 	3219 	3084
f 3091 	3220 	3224
f 3225 	3221 	3143
f 3226 	3218 	3185
f 3227 	3223 	3084
f 3091 	3224 	3228
f 3229 	3225 	3143
f 3230 	3226 	3185
f 3231 	3227 	3084
f 3091 	3228 	3232
f 3233 	3229 	3143
f 3234 	3230 	3185
f 3235 	3231 	3084
f 3091 	3232 	3236
f 3237 	3233 	3143
f 3238 	3234 	3185
f 3239 	3235 	3084
f 3123 	3091 	3236
f 3240 	3237 	3143
f 3241 	3238 	3185
f 3242 	3239 	3084
f 3123 	3236 	3243
f 3244 	3240 	3143
f 3245 	3241 	3185
f 3246 	3242 	3084
f 3123 	3243 	3247
f 3248 	3244 	3143
f 3249 	3245 	3185
f 3250 	3246 	3084
f 3123 	3247 	3251
f 3252 	3248 	3143
f 3253 	3249 	3185
f 3254 	3250 	3084
f 3123 	3251 	3255
f 3256 	3252 	3143
f 3257 	3253 	3185
f 3258 	3254 	3084
f 3123 	3255 	3259
f 3260 	3256 	3143
f 3261 	3257 	3185
f 3262 	3258 	3084
f 3123 	3259 	3263
f 3260 	3143 	3139
f 3264 	3261 	3185
f 3265 	3262 	3084
f 3123 	3263 	3266
f 3267 	3260 	3139
f 3268 	3264 	3185
f 3265 	3084 	3079
f 3123 	3266 	3269
f 3270 	3267 	3139
f 3271 	3268 	3185
f 3272 	3265 	3079
f 3123 	3269 	3273
f 3274 	3270 	3139
f 3275 	3271 	3185
f 3276 	3272 	3079
f 3123 	3273 	3277
f 3278 	3274 	3139
f 3279 	3275 	3185
f 3280 	3276 	3079
f 3123 	3277 	3281
f 3282 	3278 	3139
f 3283 	3279 	3185
f 3284 	3280 	3079
f 3123 	3281 	3285
f 3286 	3282 	3139
f 3287 	3283 	3185
f 3288 	3284 	3079
f 3123 	3285 	3289
f 3290 	3286 	3139
f 3291 	3287 	3185
f 3292 	3288 	3079
f 3123 	3289 	3293
f 3294 	3290 	3139
f 3295 	3291 	3185
f 3296 	3292 	3079
f 3123 	3293 	3297
f 3222 	3294 	3139
f 3298 	3295 	3185
f 3299 	3296 	3079
f 3123 	3297 	3300
f 3153 	3222 	3139
f 3301 	3298 	3185
f 3302 	3299 	3079
f 3139 	3123 	3300
f 3303 	3301 	3185
f 3304 	3302 	3079
f 3139 	3300 	3305
f 3303 	3185 	3153
f 3139 	3305 	3306
f 3307 	3303 	3153
f 3139 	3306 	3308
f 3309 	3307 	3153
f 3139 	3308 	3310
f 3311 	3309 	3153
f 3139 	3310 	3312
f 3313 	3311 	3153
f 3139 	3312 	3314
f 3315 	3313 	3153
f 3139 	3314 	3316
f 3317 	3315 	3153
f 3139 	3316 	3318
f 3319 	3317 	3153
f 3139 	3318 	3320
f 3321 	3319 	3153
f 3139 	3320 	3322
f 3323 	3321 	3153
f 3139 	3322 	3324
f 3325 	3323 	3153
f 3153 	3139 	3324
f 3326 	3325 	3153
f 3153 	3324 	3304
f 3327 	3326 	3153
f 3153 	3304 	3079
f 3328 	3327 	3153
f 3153 	3079 	3329
f 3330 	3328 	3153
f 3153 	3329 	3331
f 3332 	3330 	3153
f 3153 	3331 	3333
f 3334 	3332 	3153
f 3153 	3333 	3335
f 3336 	3334 	3153
f 3153 	3335 	3337
f 3338 	3336 	3153
f 3153 	3337 	3338
f 3339 	3340 	3341
f 3341 	3342 	3343
f 3343 	3344 	3345
f 3345 	3346 	3347
f 3347 	3348 	3349
f 3349 	3350 	3351
f 3351 	3352 	3353
f 3354 	3353 	3352
f 3352 	3355 	3356
f 3356 	3357 	3358
f 3358 	3359 	3360
f 3360 	3361 	3362
f 3362 	3363 	3364
f 3364 	3365 	3366
f 3366 	3367 	3368
f 3368 	3369 	3370
f 3370 	3371 	3372
f 3372 	3373 	3374
f 3374 	3375 	3376
f 3376 	3377 	3378
f 3378 	3379 	3380
f 3380 	3381 	3382
f 3382 	3383 	3384
f 3384 	3385 	3386
f 3386 	3387 	3388
f 3388 	3389 	3390
f 3390 	3391 	3392
f 3392 	3393 	3394
f 3394 	3395 	3396
f 3396 	3397 	3398
f 3398 	3399 	3400
f 3400 	3401 	3402
f 3403 	3404 	3405
f 3405 	3406 	3407
f 3408 	3409 	3410
f 3410 	3411 	3412
f 3412 	3413 	3414
f 3414 	3415 	3416
f 3416 	3417 	3418
f 3418 	3419 	3420
f 3420 	3421 	3422
f 3422 	3423 	3424
f 3424 	3425 	3426
f 3426 	3427 	3428
f 3428 	3429 	3430
f 3430 	3431 	3432
f 3432 	3433 	3434
f 3434 	3435 	3436
f 3436 	3437 	3438
f 3438 	3439 	3440
f 3440 	3441 	3442
f 3442 	3443 	3444
f 3444 	3445 	3446
f 3446 	3447 	3448
f 3448 	3449 	3450
f 3450 	3451 	3452
f 3452 	3453 	3454
f 3454 	3455 	3456
f 3456 	3457 	3458
f 3458 	3459 	3460
f 3460 	3461 	3462
f 3462 	3463 	3464
f 3464 	3465 	3466
f 3466 	3467 	3468
f 3468 	3469 	3470
f 3339 	3341 	3343
f 3343 	3345 	3347
f 3347 	3349 	3351
f 3351 	3353 	3471
f 3472 	3354 	3352
f 3352 	3356 	3358
f 3358 	3360 	3362
f 3362 	3364 	3366
f 3366 	3368 	3370
f 3370 	3372 	3374
f 3374 	3376 	3378
f 3378 	3380 	3382
f 3382 	3384 	3386
f 3386 	3388 	3390
f 3390 	3392 	3394
f 3394 	3396 	3398
f 3398 	3400 	3402
f 3405 	3407 	3473
f 3408 	3410 	3412
f 3412 	3414 	3416
f 3416 	3418 	3420
f 3420 	3422 	3424
f 3424 	3426 	3428
f 3428 	3430 	3432
f 3432 	3434 	3436
f 3436 	3438 	3440
f 3440 	3442 	3444
f 3444 	3446 	3448
f 3448 	3450 	3452
f 3452 	3454 	3456
f 3456 	3458 	3460
f 3460 	3462 	3464
f 3464 	3466 	3468
f 3468 	3470 	3474
f 3339 	3343 	3347
f 3347 	3351 	3471
f 3475 	3472 	3352
f 3352 	3358 	3362
f 3362 	3366 	3370
f 3370 	3374 	3378
f 3378 	3382 	3386
f 3386 	3390 	3394
f 3394 	3398 	3402
f 3405 	3473 	3476
f 3408 	3412 	3416
f 3416 	3420 	3424
f 3424 	3428 	3432
f 3432 	3436 	3440
f 3440 	3444 	3448
f 3448 	3452 	3456
f 3456 	3460 	3464
f 3464 	3468 	3474
f 3347 	3471 	3477
f 3478 	3475 	3352
f 3352 	3362 	3370
f 3370 	3378 	3386
f 3386 	3394 	3402
f 3403 	3405 	3476
f 3479 	3408 	3416
f 3416 	3424 	3432
f 3432 	3440 	3448
f 3448 	3456 	3464
f 3464 	3474 	3480
f 3347 	3477 	3481
f 3482 	3478 	3352
f 3352 	3370 	3386
f 3403 	3476 	3483
f 3484 	3479 	3416
f 3416 	3432 	3448
f 3448 	3464 	3480
f 3347 	3481 	3485
f 3486 	3482 	3352
f 3403 	3483 	3487
f 3448 	3480 	3488
f 3347 	3485 	3489
f 3490 	3486 	3352
f 3403 	3487 	3491
f 3448 	3488 	3492
f 3347 	3489 	3493
f 3494 	3490 	3352
f 3403 	3491 	3495
f 3448 	3492 	3496
f 3347 	3493 	3497
f 3498 	3494 	3352
f 3403 	3495 	3499
f 3448 	3496 	3500
f 3347 	3497 	3501
f 3498 	3352 	3386
f 3403 	3499 	3502
f 3448 	3500 	3503
f 3347 	3501 	3504
f 3505 	3498 	3386
f 3403 	3502 	3506
f 3448 	3503 	3507
f 3347 	3504 	3508
f 3509 	3505 	3386
f 3403 	3506 	3510
f 3448 	3507 	3511
f 3347 	3508 	3512
f 3513 	3509 	3386
f 3403 	3510 	3514
f 3448 	3511 	3515
f 3347 	3512 	3516
f 3517 	3513 	3386
f 3403 	3514 	3518
f 3448 	3515 	3519
f 3347 	3516 	3520
f 3521 	3517 	3386
f 3403 	3518 	3522
f 3448 	3519 	3523
f 3347 	3520 	3524
f 3525 	3521 	3386
f 3402 	3403 	3522
f 3448 	3523 	3526
f 3347 	3524 	3527
f 3528 	3525 	3386
f 3402 	3522 	3529
f 3448 	3526 	3530
f 3339 	3347 	3527
f 3531 	3528 	3386
f 3402 	3529 	3532
f 3448 	3530 	3533
f 3339 	3527 	3534
f 3535 	3531 	3386
f 3402 	3532 	3536
f 3448 	3533 	3537
f 3339 	3534 	3538
f 3539 	3535 	3386
f 3402 	3536 	3540
f 3448 	3537 	3541
f 3339 	3538 	3542
f 3543 	3539 	3386
f 3402 	3540 	3544
f 3448 	3541 	3545
f 3339 	3542 	3546
f 3547 	3543 	3386
f 3402 	3544 	3548
f 3448 	3545 	3549
f 3339 	3546 	3550
f 3551 	3547 	3386
f 3402 	3548 	3552
f 3448 	3549 	3553
f 3339 	3550 	3554
f 3555 	3551 	3386
f 3402 	3552 	3556
f 3448 	3553 	3557
f 3339 	3554 	3558
f 3559 	3555 	3386
f 3402 	3556 	3484
f 3448 	3557 	3560
f 3339 	3558 	3561
f 3562 	3559 	3386
f 3402 	3484 	3416
f 3448 	3560 	3563
f 3339 	3561 	3564
f 3562 	3386 	3402
f 3448 	3563 	3565
f 3339 	3564 	3566
f 3567 	3562 	3402
f 3416 	3448 	3565
f 3568 	3567 	3402
f 3416 	3565 	3569
f 3570 	3568 	3402
f 3416 	3569 	3571
f 3572 	3570 	3402
f 3416 	3571 	3573
f 3574 	3572 	3402
f 3416 	3573 	3575
f 3576 	3574 	3402
f 3416 	3575 	3577
f 3578 	3576 	3402
f 3416 	3577 	3579
f 3580 	3578 	3402
f 3416 	3579 	3581
f 3582 	3580 	3402
f 3416 	3581 	3583
f 3584 	3582 	3402
f 3416 	3583 	3585
f 3586 	3584 	3402
f 3416 	3585 	3587
f 3586 	3402 	3416
f 3416 	3587 	3588
f 3566 	3586 	3416
f 3416 	3588 	3589
f 3339 	3566 	3416
f 3416 	3589 	3590
f 3591 	3339 	3416
f 3416 	3590 	3592
f 3593 	3591 	3416
f 3416 	3592 	3594
f 3595 	3593 	3416
f 3416 	3594 	3596
f 3597 	3595 	3416
f 3416 	3596 	3598
f 3599 	3597 	3416
f 3416 	3598 	3600
f 3600 	3599 	3416
f 3303 	3307 	3565
f 3307 	3569 	3565
f 3307 	3309 	3569
f 3309 	3571 	3569
f 3309 	3311 	3571
f 3311 	3573 	3571
f 3311 	3313 	3573
f 3313 	3575 	3573
f 3313 	3315 	3575
f 3315 	3577 	3575
f 3315 	3317 	3577
f 3317 	3579 	3577
f 3317 	3319 	3579
f 3319 	3581 	3579
f 3319 	3321 	3581
f 3321 	3583 	3581
f 3321 	3323 	3583
f 3323 	3585 	3583
f 3323 	3325 	3585
f 3325 	3587 	3585
f 3325 	3326 	3587
f 3326 	3588 	3587
f 3326 	3327 	3588
f 3327 	3589 	3588
f 3327 	3328 	3589
f 3328 	3590 	3589
f 3328 	3330 	3590
f 3330 	3592 	3590
f 3330 	3332 	3592
f 3332 	3594 	3592
f 3332 	3334 	3594
f 3334 	3596 	3594
f 3334 	3336 	3596
f 3336 	3598 	3596
f 3336 	3338 	3598
f 3338 	3600 	3598
f 3338 	3337 	3600
f 3337 	3599 	3600
f 3337 	3335 	3599
f 3335 	3597 	3599
f 3335 	3333 	3597
f 3333 	3595 	3597
f 3333 	3331 	3595
f 3331 	3593 	3595
f 3331 	3329 	3593
f 3329 	3591 	3593
f 3329 	3079 	3591
f 3079 	3339 	3591
f 3079 	3078 	3339
f 3078 	3340 	3339
f 3078 	3077 	3340
f 3077 	3341 	3340
f 3077 	3081 	3341
f 3081 	3342 	3341
f 3081 	3080 	3342
f 3080 	3343 	3342
f 3080 	3083 	3343
f 3083 	3344 	3343
f 3083 	3082 	3344
f 3082 	3345 	3344
f 3082 	3085 	3345
f 3085 	3346 	3345
f 3085 	3084 	3346
f 3084 	3347 	3346
f 3084 	3087 	3347
f 3087 	3348 	3347
f 3087 	3086 	3348
f 3086 	3349 	3348
f 3086 	3089 	3349
f 3089 	3350 	3349
f 3089 	3088 	3350
f 3088 	3351 	3350
f 3088 	3091 	3351
f 3091 	3352 	3351
f 3091 	3094 	3352
f 3094 	3355 	3352
f 3094 	3093 	3355
f 3093 	3356 	3355
f 3093 	3096 	3356
f 3096 	3357 	3356
f 3096 	3095 	3357
f 3095 	3358 	3357
f 3095 	3098 	3358
f 3098 	3359 	3358
f 3098 	3097 	3359
f 3097 	3360 	3359
f 3097 	3100 	3360
f 3100 	3361 	3360
f 3100 	3099 	3361
f 3099 	3362 	3361
f 3099 	3102 	3362
f 3102 	3363 	3362
f 3102 	3101 	3363
f 3101 	3364 	3363
f 3101 	3104 	3364
f 3104 	3365 	3364
f 3104 	3103 	3365
f 3103 	3366 	3365
f 3103 	3106 	3366
f 3106 	3367 	3366
f 3106 	3105 	3367
f 3105 	3368 	3367
f 3105 	3108 	3368
f 3108 	3369 	3368
f 3108 	3107 	3369
f 3107 	3370 	3369
f 3107 	3110 	3370
f 3110 	3371 	3370
f 3110 	3109 	3371
f 3109 	3372 	3371
f 3109 	3112 	3372
f 3112 	3373 	3372
f 3112 	3111 	3373
f 3111 	3374 	3373
f 3111 	3114 	3374
f 3114 	3375 	3374
f 3114 	3113 	3375
f 3113 	3376 	3375
f 3113 	3116 	3376
f 3116 	3377 	3376
f 3116 	3115 	3377
f 3115 	3378 	3377
f 3115 	3118 	3378
f 3118 	3379 	3378
f 3118 	3117 	3379
f 3117 	3380 	3379
f 3117 	3120 	3380
f 3120 	3381 	3380
f 3120 	3119 	3381
f 3119 	3382 	3381
f 3119 	3122 	3382
f 3122 	3383 	3382
f 3122 	3121 	3383
f 3121 	3384 	3383
f 3121 	3124 	3384
f 3124 	3385 	3384
f 3124 	3123 	3385
f 3123 	3386 	3385
f 3123 	3126 	3386
f 3126 	3387 	3386
f 3126 	3125 	3387
f 3125 	3388 	3387
f 3125 	3128 	3388
f 3128 	3389 	3388
f 3128 	3127 	3389
f 3127 	3390 	3389
f 3127 	3130 	3390
f 3130 	3391 	3390
f 3130 	3129 	3391
f 3129 	3392 	3391
f 3129 	3132 	3392
f 3132 	3393 	3392
f 3132 	3131 	3393
f 3131 	3394 	3393
f 3131 	3134 	3394
f 3134 	3395 	3394
f 3134 	3133 	3395
f 3133 	3396 	3395
f 3133 	3136 	3396
f 3136 	3397 	3396
f 3136 	3135 	3397
f 3135 	3398 	3397
f 3135 	3138 	3398
f 3138 	3399 	3398
f 3138 	3137 	3399
f 3137 	3400 	3399
f 3137 	3140 	3400
f 3140 	3401 	3400
f 3140 	3139 	3401
f 3139 	3402 	3401
f 3139 	3143 	3402
f 3143 	3403 	3402
f 3143 	3142 	3403
f 3142 	3404 	3403
f 3142 	3141 	3404
f 3141 	3405 	3404
f 3141 	3145 	3405
f 3145 	3406 	3405
f 3145 	3144 	3406
f 3144 	3407 	3406
f 3144 	3211 	3407
f 3211 	3473 	3407
f 3211 	3214 	3473
f 3214 	3476 	3473
f 3214 	3221 	3476
f 3221 	3483 	3476
f 3221 	3225 	3483
f 3225 	3487 	3483
f 3225 	3229 	3487
f 3229 	3491 	3487
f 3229 	3233 	3491
f 3233 	3495 	3491
f 3233 	3237 	3495
f 3237 	3499 	3495
f 3237 	3240 	3499
f 3240 	3502 	3499
f 3240 	3244 	3502
f 3244 	3506 	3502
f 3244 	3248 	3506
f 3248 	3510 	3506
f 3248 	3252 	3510
f 3252 	3514 	3510
f 3252 	3256 	3514
f 3256 	3518 	3514
f 3256 	3260 	3518
f 3260 	3522 	3518
f 3260 	3267 	3522
f 3267 	3529 	3522
f 3267 	3270 	3529
f 3270 	3532 	3529
f 3270 	3274 	3532
f 3274 	3536 	3532
f 3274 	3278 	3536
f 3278 	3540 	3536
f 3278 	3282 	3540
f 3282 	3544 	3540
f 3282 	3286 	3544
f 3286 	3548 	3544
f 3286 	3290 	3548
f 3290 	3552 	3548
f 3290 	3294 	3552
f 3294 	3556 	3552
f 3294 	3222 	3556
f 3222 	3484 	3556
f 3222 	3217 	3484
f 3217 	3479 	3484
f 3217 	3148 	3479
f 3148 	3408 	3479
f 3148 	3147 	3408
f 3147 	3409 	3408
f 3147 	3146 	3409
f 3146 	3410 	3409
f 3146 	3150 	3410
f 3150 	3411 	3410
f 3150 	3149 	3411
f 3149 	3412 	3411
f 3149 	3152 	3412
f 3152 	3413 	3412
f 3152 	3151 	3413
f 3151 	3414 	3413
f 3151 	3154 	3414
f 3154 	3415 	3414
f 3154 	3153 	3415
f 3153 	3416 	3415
f 3153 	3156 	3416
f 3156 	3417 	3416
f 3156 	3155 	3417
f 3155 	3418 	3417
f 3155 	3158 	3418
f 3158 	3419 	3418
f 3158 	3157 	3419
f 3157 	3420 	3419
f 3157 	3160 	3420
f 3160 	3421 	3420
f 3160 	3159 	3421
f 3159 	3422 	3421
f 3159 	3162 	3422
f 3162 	3423 	3422
f 3162 	3161 	3423
f 3161 	3424 	3423
f 3161 	3164 	3424
f 3164 	3425 	3424
f 3164 	3163 	3425
f 3163 	3426 	3425
f 3163 	3166 	3426
f 3166 	3427 	3426
f 3166 	3165 	3427
f 3165 	3428 	3427
f 3165 	3168 	3428
f 3168 	3429 	3428
f 3168 	3167 	3429
f 3167 	3430 	3429
f 3167 	3170 	3430
f 3170 	3431 	3430
f 3170 	3169 	3431
f 3169 	3432 	3431
f 3169 	3172 	3432
f 3172 	3433 	3432
f 3172 	3171 	3433
f 3171 	3434 	3433
f 3171 	3174 	3434
f 3174 	3435 	3434
f 3174 	3173 	3435
f 3173 	3436 	3435
f 3173 	3176 	3436
f 3176 	3437 	3436
f 3176 	3175 	3437
f 3175 	3438 	3437
f 3175 	3178 	3438
f 3178 	3439 	3438
f 3178 	3177 	3439
f 3177 	3440 	3439
f 3177 	3180 	3440
f 3180 	3441 	3440
f 3180 	3179 	3441
f 3179 	3442 	3441
f 3179 	3182 	3442
f 3182 	3443 	3442
f 3182 	3181 	3443
f 3181 	3444 	3443
f 3181 	3184 	3444
f 3184 	3445 	3444
f 3184 	3183 	3445
f 3183 	3446 	3445
f 3183 	3186 	3446
f 3186 	3447 	3446
f 3186 	3185 	3447
f 3185 	3448 	3447
f 3185 	3188 	3448
f 3188 	3449 	3448
f 3188 	3187 	3449
f 3187 	3450 	3449
f 3187 	3190 	3450
f 3190 	3451 	3450
f 3190 	3189 	3451
f 3189 	3452 	3451
f 3189 	3192 	3452
f 3192 	3453 	3452
f 3192 	3191 	3453
f 3191 	3454 	3453
f 3191 	3194 	3454
f 3194 	3455 	3454
f 3194 	3193 	3455
f 3193 	3456 	3455
f 3193 	3196 	3456
f 3196 	3457 	3456
f 3196 	3195 	3457
f 3195 	3458 	3457
f 3195 	3198 	3458
f 3198 	3459 	3458
f 3198 	3197 	3459
f 3197 	3460 	3459
f 3197 	3200 	3460
f 3200 	3461 	3460
f 3200 	3199 	3461
f 3199 	3462 	3461
f 3199 	3202 	3462
f 3202 	3463 	3462
f 3202 	3201 	3463
f 3201 	3464 	3463
f 3201 	3204 	3464
f 3204 	3465 	3464
f 3204 	3203 	3465
f 3203 	3466 	3465
f 3203 	3206 	3466
f 3206 	3467 	3466
f 3206 	3205 	3467
f 3205 	3468 	3467
f 3205 	3208 	3468
f 3208 	3469 	3468
f 3208 	3207 	3469
f 3207 	3470 	3469
f 3207 	3212 	3470
f 3212 	3474 	3470
f 3212 	3218 	3474
f 3218 	3480 	3474
f 3218 	3226 	3480
f 3226 	3488 	3480
f 3226 	3230 	3488
f 3230 	3492 	3488
f 3230 	3234 	3492
f 3234 	3496 	3492
f 3234 	3238 	3496
f 3238 	3500 	3496
f 3238 	3241 	3500
f 3241 	3503 	3500
f 3241 	3245 	3503
f 3245 	3507 	3503
f 3245 	3249 	3507
f 3249 	3511 	3507
f 3249 	3253 	3511
f 3253 	3515 	3511
f 3253 	3257 	3515
f 3257 	3519 	3515
f 3257 	3261 	3519
f 3261 	3523 	3519
f 3261 	3264 	3523
f 3264 	3526 	3523
f 3264 	3268 	3526
f 3268 	3530 	3526
f 3268 	3271 	3530
f 3271 	3533 	3530
f 3271 	3275 	3533
f 3275 	3537 	3533
f 3275 	3279 	3537
f 3279 	3541 	3537
f 3279 	3283 	3541
f 3283 	3545 	3541
f 3283 	3287 	3545
f 3287 	3549 	3545
f 3287 	3291 	3549
f 3291 	3553 	3549
f 3291 	3295 	3553
f 3295 	3557 	3553
f 3295 	3298 	3557
f 3298 	3560 	3557
f 3298 	3301 	3560
f 3301 	3563 	3560
f 3301 	3303 	3563
f 3303 	3565 	3563
f 3209 	3215 	3471
f 3215 	3477 	3471
f 3215 	3219 	3477
f 3219 	3481 	3477
f 3219 	3223 	3481
f 3223 	3485 	3481
f 3223 	3227 	3485
f 3227 	3489 	3485
f 3227 	3231 	3489
f 3231 	3493 	3489
f 3231 	3235 	3493
f 3235 	3497 	3493
f 3235 	3239 	3497
f 3239 	3501 	3497
f 3239 	3242 	3501
f 3242 	3504 	3501
f 3242 	3246 	3504
f 3246 	3508 	3504
f 3246 	3250 	3508
f 3250 	3512 	3508
f 3250 	3254 	3512
f 3254 	3516 	3512
f 3254 	3258 	3516
f 3258 	3520 	3516
f 3258 	3262 	3520
f 3262 	3524 	3520
f 3262 	3265 	3524
f 3265 	3527 	3524
f 3265 	3272 	3527
f 3272 	3534 	3527
f 3272 	3276 	3534
f 3276 	3538 	3534
f 3276 	3280 	3538
f 3280 	3542 	3538
f 3280 	3284 	3542
f 3284 	3546 	3542
f 3284 	3288 	3546
f 3288 	3550 	3546
f 3288 	3292 	3550
f 3292 	3554 	3550
f 3292 	3296 	3554
f 3296 	3558 	3554
f 3296 	3299 	3558
f 3299 	3561 	3558
f 3299 	3302 	3561
f 3302 	3564 	3561
f 3302 	3304 	3564
f 3304 	3566 	3564
f 3304 	3324 	3566
f 3324 	3586 	3566
f 3324 	3322 	3586
f 3322 	3584 	3586
f 3322 	3320 	3584
f 3320 	3582 	3584
f 3320 	3318 	3582
f 3318 	3580 	3582
f 3318 	3316 	3580
f 3316 	3578 	3580
f 3316 	3314 	3578
f 3314 	3576 	3578
f 3314 	3312 	3576
f 3312 	3574 	3576
f 3312 	3310 	3574
f 3310 	3572 	3574
f 3310 	3308 	3572
f 3308 	3570 	3572
f 3308 	3306 	3570
f 3306 	3568 	3570
f 3306 	3305 	3568
f 3305 	3567 	3568
f 3305 	3300 	3567
f 3300 	3562 	3567
f 3300 	3297 	3562
f 3297 	3559 	3562
f 3297 	3293 	3559
f 3293 	3555 	3559
f 3293 	3289 	3555
f 3289 	3551 	3555
f 3289 	3285 	3551
f 3285 	3547 	3551
f 3285 	3281 	3547
f 3281 	3543 	3547
f 3281 	3277 	3543
f 3277 	3539 	3543
f 3277 	3273 	3539
f 3273 	3535 	3539
f 3273 	3269 	3535
f 3269 	3531 	3535
f 3269 	3266 	3531
f 3266 	3528 	3531
f 3266 	3263 	3528
f 3263 	3525 	3528
f 3263 	3259 	3525
f 3259 	3521 	3525
f 3259 	3255 	3521
f 3255 	3517 	3521
f 3255 	3251 	3517
f 3251 	3513 	3517
f 3251 	3247 	3513
f 3247 	3509 	3513
f 3247 	3243 	3509
f 3243 	3505 	3509
f 3243 	3236 	3505
f 3236 	3498 	3505
f 3236 	3232 	3498
f 3232 	3494 	3498
f 3232 	3228 	3494
f 3228 	3490 	3494
f 3228 	3224 	3490
f 3224 	3486 	3490
f 3224 	3220 	3486
f 3220 	3482 	3486
f 3220 	3216 	3482
f 3216 	3478 	3482
f 3216 	3213 	3478
f 3213 	3475 	3478
f 3213 	3210 	3475
f 3210 	3472 	3475
f 3210 	3092 	3472
f 3092 	3354 	3472
f 3092 	3090 	3354
f 3090 	3353 	3354
f 3090 	3209 	3353
f 3209 	3471 	3353
# 2968 faces

 #end of obj_36

