# Object Export From Tinkercad Server 2015

mtllib obj.mtl

o obj_0
v 11 		-7 		16
v 11 		4 		16
v 11 		-7 		0
v 11 		4 		0
v -9 		4 		16
v -9 		-7 		16
v -9 		4 		0
v -9 		-7 		0
# 8 vertices

g group_0_7629110

usemtl color_7629110
s 0

f 1 	3 	2
f 3 	4 	2
f 5 	7 	6
f 7 	8 	6
f 5 	6 	2
f 6 	1 	2
f 8 	7 	3
f 7 	4 	3
f 6 	8 	1
f 8 	3 	1
f 2 	4 	5
f 4 	7 	5
# 12 faces

 #end of obj_0

o obj_1
v 11.25 		-7.5 		1
v 11.25 		4.25 		1
v 11.25 		-7.5 		0
v 11.25 		4.25 		0
v -9.25 		4.25 		1
v -9.25 		-7.5 		1
v -9.25 		4.25 		0
v -9.25 		-7.5 		0
# 8 vertices

g group_1_16448250

usemtl color_16448250
s 0

f 9 	11 	10
f 11 	12 	10
f 13 	15 	14
f 15 	16 	14
f 13 	14 	10
f 14 	9 	10
f 16 	15 	11
f 15 	12 	11
f 14 	16 	9
f 16 	11 	9
f 10 	12 	13
f 12 	15 	13
# 12 faces

 #end of obj_1

o obj_2
v 2.6926 		4.0043 		2.3893
v 2.6464 		4 		2.3431
v 2.6464 		4.5 		2.3431
v 2.738 		4.017 		2.4347
v 2.7817 		4.0381 		2.4784
v 2.8232 		4.067 		2.5199
v 2.8617 		4.1033 		2.5584
v 2.8964 		4.1464 		2.5931
v 2.9269 		4.1956 		2.6236
v 2.9526 		4.25 		2.6493
v 2.9731 		4.3087 		2.6698
v 2.988 		4.3706 		2.6847
v 2.997 		4.4347 		2.6937
v 3 		4.5 		2.6967
v 2.997 		4.5653 		2.6937
v 2.988 		4.6294 		2.6847
v 2.9731 		4.6913 		2.6698
v 2.9526 		4.75 		2.6493
v 2.9269 		4.8044 		2.6236
v 2.8964 		4.8536 		2.5931
v 2.8617 		4.8967 		2.5584
v 2.8232 		4.933 		2.5199
v 2.7817 		4.9619 		2.4784
v 2.738 		4.983 		2.4347
v 2.6926 		4.9957 		2.3893
v 2.6464 		5 		2.3431
v 2.6003 		4.9957 		2.297
v 2.5549 		4.983 		2.2516
v 2.5111 		4.9619 		2.2078
v 2.4697 		4.933 		2.1664
v 2.4312 		4.8967 		2.1279
v 2.3964 		4.8536 		2.0931
v 2.366 		4.8044 		2.0627
v 2.3403 		4.75 		2.037
v 2.3198 		4.6913 		2.0165
v 2.3049 		4.6294 		2.0016
v 2.2959 		4.5653 		1.9926
v 2.2929 		4.5 		1.9896
v 2.2959 		4.4347 		1.9926
v 2.3049 		4.3706 		2.0016
v 2.3198 		4.3087 		2.0165
v 2.3403 		4.25 		2.037
v 2.366 		4.1956 		2.0627
v 2.3964 		4.1464 		2.0931
v 2.4312 		4.1033 		2.1279
v 2.4697 		4.067 		2.1664
v 2.5111 		4.0381 		2.2078
v 2.5549 		4.017 		2.2516
v 2.6003 		4.0043 		2.297
v -3.1555 		4 		8.145
v -3.1093 		4.0043 		8.1912
v -3.1555 		4.5 		8.145
v -3.0639 		4.017 		8.2366
v -3.0202 		4.0381 		8.2803
v -2.9787 		4.067 		8.3218
v -2.9402 		4.1033 		8.3603
v -2.9055 		4.1464 		8.395
v -2.875 		4.1956 		8.4255
v -2.8493 		4.25 		8.4512
v -2.8288 		4.3087 		8.4717
v -2.8139 		4.3706 		8.4866
v -2.8049 		4.4347 		8.4956
v -2.8019 		4.5 		8.4986
v -2.8049 		4.5653 		8.4956
v -2.8139 		4.6294 		8.4866
v -2.8288 		4.6913 		8.4717
v -2.8493 		4.75 		8.4512
v -2.875 		4.8044 		8.4255
v -2.9055 		4.8536 		8.395
v -2.9402 		4.8967 		8.3603
v -2.9787 		4.933 		8.3218
v -3.0202 		4.9619 		8.2803
v -3.0639 		4.983 		8.2366
v -3.1093 		4.9957 		8.1912
v -3.1555 		5 		8.145
v -3.2016 		4.9957 		8.0989
v -3.247 		4.983 		8.0535
v -3.2908 		4.9619 		8.0097
v -3.3322 		4.933 		7.9683
v -3.3707 		4.8967 		7.9298
v -3.4055 		4.8536 		7.895
v -3.4359 		4.8044 		7.8646
v -3.4616 		4.75 		7.8389
v -3.4821 		4.6913 		7.8184
v -3.497 		4.6294 		7.8035
v -3.506 		4.5653 		7.7945
v -3.509 		4.5 		7.7915
v -3.506 		4.4347 		7.7945
v -3.497 		4.3706 		7.8035
v -3.4821 		4.3087 		7.8184
v -3.4616 		4.25 		7.8389
v -3.4359 		4.1956 		7.8646
v -3.4055 		4.1464 		7.895
v -3.3707 		4.1033 		7.9298
v -3.3322 		4.067 		7.9683
v -3.2908 		4.0381 		8.0097
v -3.247 		4.017 		8.0535
v -3.2016 		4.0043 		8.0989
# 98 vertices

g group_2_16768282

usemtl color_16768282
s 0

f 17 	18 	19
f 20 	17 	19
f 21 	20 	19
f 22 	21 	19
f 23 	22 	19
f 24 	23 	19
f 25 	24 	19
f 26 	25 	19
f 27 	26 	19
f 28 	27 	19
f 29 	28 	19
f 30 	29 	19
f 31 	30 	19
f 32 	31 	19
f 33 	32 	19
f 34 	33 	19
f 35 	34 	19
f 36 	35 	19
f 37 	36 	19
f 38 	37 	19
f 39 	38 	19
f 40 	39 	19
f 41 	40 	19
f 42 	41 	19
f 43 	42 	19
f 44 	43 	19
f 45 	44 	19
f 46 	45 	19
f 47 	46 	19
f 48 	47 	19
f 49 	48 	19
f 50 	49 	19
f 51 	50 	19
f 52 	51 	19
f 53 	52 	19
f 54 	53 	19
f 55 	54 	19
f 56 	55 	19
f 57 	56 	19
f 58 	57 	19
f 59 	58 	19
f 60 	59 	19
f 61 	60 	19
f 62 	61 	19
f 63 	62 	19
f 64 	63 	19
f 65 	64 	19
f 18 	65 	19
f 66 	67 	68
f 67 	69 	68
f 69 	70 	68
f 70 	71 	68
f 71 	72 	68
f 72 	73 	68
f 73 	74 	68
f 74 	75 	68
f 75 	76 	68
f 76 	77 	68
f 77 	78 	68
f 78 	79 	68
f 79 	80 	68
f 80 	81 	68
f 81 	82 	68
f 82 	83 	68
f 83 	84 	68
f 84 	85 	68
f 85 	86 	68
f 86 	87 	68
f 87 	88 	68
f 88 	89 	68
f 89 	90 	68
f 90 	91 	68
f 91 	92 	68
f 92 	93 	68
f 93 	94 	68
f 94 	95 	68
f 95 	96 	68
f 96 	97 	68
f 97 	98 	68
f 98 	99 	68
f 99 	100 	68
f 100 	101 	68
f 101 	102 	68
f 102 	103 	68
f 103 	104 	68
f 104 	105 	68
f 105 	106 	68
f 106 	107 	68
f 107 	108 	68
f 108 	109 	68
f 109 	110 	68
f 110 	111 	68
f 111 	112 	68
f 112 	113 	68
f 113 	114 	68
f 114 	66 	68
f 18 	17 	17
f 17 	20 	20
f 20 	21 	21
f 21 	22 	22
f 22 	23 	23
f 23 	24 	24
f 24 	25 	25
f 25 	26 	26
f 26 	27 	27
f 27 	28 	28
f 28 	29 	29
f 29 	30 	30
f 30 	31 	31
f 31 	32 	32
f 32 	33 	33
f 33 	34 	34
f 34 	35 	35
f 35 	36 	36
f 36 	37 	37
f 37 	38 	38
f 38 	39 	39
f 39 	40 	40
f 40 	41 	41
f 41 	42 	42
f 42 	43 	43
f 43 	44 	44
f 44 	45 	45
f 45 	46 	46
f 46 	47 	47
f 47 	48 	48
f 48 	49 	49
f 49 	50 	50
f 50 	51 	51
f 51 	52 	52
f 52 	53 	53
f 53 	54 	54
f 54 	55 	55
f 55 	56 	56
f 56 	57 	57
f 57 	58 	58
f 58 	59 	59
f 59 	60 	60
f 60 	61 	61
f 61 	62 	62
f 62 	63 	63
f 63 	64 	64
f 64 	65 	65
f 65 	18 	18
f 18 	17 	67
f 18 	67 	66
f 17 	20 	69
f 17 	69 	67
f 20 	21 	70
f 20 	70 	69
f 21 	22 	71
f 21 	71 	70
f 22 	23 	72
f 22 	72 	71
f 23 	24 	73
f 23 	73 	72
f 24 	25 	74
f 24 	74 	73
f 25 	26 	75
f 25 	75 	74
f 26 	27 	76
f 26 	76 	75
f 27 	28 	77
f 27 	77 	76
f 28 	29 	78
f 28 	78 	77
f 29 	30 	79
f 29 	79 	78
f 30 	31 	80
f 30 	80 	79
f 31 	32 	81
f 31 	81 	80
f 32 	33 	82
f 32 	82 	81
f 33 	34 	83
f 33 	83 	82
f 34 	35 	84
f 34 	84 	83
f 35 	36 	85
f 35 	85 	84
f 36 	37 	86
f 36 	86 	85
f 37 	38 	87
f 37 	87 	86
f 38 	39 	88
f 38 	88 	87
f 39 	40 	89
f 39 	89 	88
f 40 	41 	90
f 40 	90 	89
f 41 	42 	91
f 41 	91 	90
f 42 	43 	92
f 42 	92 	91
f 43 	44 	93
f 43 	93 	92
f 44 	45 	94
f 44 	94 	93
f 45 	46 	95
f 45 	95 	94
f 46 	47 	96
f 46 	96 	95
f 47 	48 	97
f 47 	97 	96
f 48 	49 	98
f 48 	98 	97
f 49 	50 	99
f 49 	99 	98
f 50 	51 	100
f 50 	100 	99
f 51 	52 	101
f 51 	101 	100
f 52 	53 	102
f 52 	102 	101
f 53 	54 	103
f 53 	103 	102
f 54 	55 	104
f 54 	104 	103
f 55 	56 	105
f 55 	105 	104
f 56 	57 	106
f 56 	106 	105
f 57 	58 	107
f 57 	107 	106
f 58 	59 	108
f 58 	108 	107
f 59 	60 	109
f 59 	109 	108
f 60 	61 	110
f 60 	110 	109
f 61 	62 	111
f 61 	111 	110
f 62 	63 	112
f 62 	112 	111
f 63 	64 	113
f 63 	113 	112
f 64 	65 	114
f 64 	114 	113
f 65 	18 	66
f 65 	66 	114
f 66 	67 	67
f 67 	69 	69
f 69 	70 	70
f 70 	71 	71
f 71 	72 	72
f 72 	73 	73
f 73 	74 	74
f 74 	75 	75
f 75 	76 	76
f 76 	77 	77
f 77 	78 	78
f 78 	79 	79
f 79 	80 	80
f 80 	81 	81
f 81 	82 	82
f 82 	83 	83
f 83 	84 	84
f 84 	85 	85
f 85 	86 	86
f 86 	87 	87
f 87 	88 	88
f 88 	89 	89
f 89 	90 	90
f 90 	91 	91
f 91 	92 	92
f 92 	93 	93
f 93 	94 	94
f 94 	95 	95
f 95 	96 	96
f 96 	97 	97
f 97 	98 	98
f 98 	99 	99
f 99 	100 	100
f 100 	101 	101
f 101 	102 	102
f 102 	103 	103
f 103 	104 	104
f 104 	105 	105
f 105 	106 	106
f 106 	107 	107
f 107 	108 	108
f 108 	109 	109
f 109 	110 	110
f 110 	111 	111
f 111 	112 	112
f 112 	113 	113
f 113 	114 	114
f 114 	66 	66
# 288 faces

 #end of obj_2

o obj_3
v -8.6673 		4.5 		13.6569
v -3.1555 		4 		8.145
v -3.1093 		4.0043 		8.1912
v -3.0639 		4.017 		8.2366
v -3.0202 		4.0381 		8.2803
v -2.9787 		4.067 		8.3218
v -2.9402 		4.1033 		8.3603
v -2.9055 		4.1464 		8.395
v -2.875 		4.1956 		8.4255
v -2.8493 		4.25 		8.4512
v -2.8288 		4.3087 		8.4717
v -2.8139 		4.3706 		8.4866
v -2.8049 		4.4347 		8.4956
v -2.8019 		4.5 		8.4986
v -2.8049 		4.5653 		8.4956
v -2.8139 		4.6294 		8.4866
v -2.8288 		4.6913 		8.4717
v -2.8493 		4.75 		8.4512
v -2.875 		4.8044 		8.4255
v -2.9055 		4.8536 		8.395
v -2.9402 		4.8967 		8.3603
v -2.9787 		4.933 		8.3218
v -3.0202 		4.9619 		8.2803
v -3.0639 		4.983 		8.2366
v -3.1093 		4.9957 		8.1912
v -3.1555 		5 		8.145
v -3.2016 		4.9957 		8.0989
v -3.247 		4.983 		8.0535
v -3.2908 		4.9619 		8.0097
v -3.3322 		4.933 		7.9683
v -3.3707 		4.8967 		7.9298
v -3.4055 		4.8536 		7.895
v -3.4359 		4.8044 		7.8646
v -3.4616 		4.75 		7.8389
v -3.4821 		4.6913 		7.8184
v -3.497 		4.6294 		7.8035
v -3.506 		4.5653 		7.7945
v -3.509 		4.5 		7.7915
v -3.506 		4.4347 		7.7945
v -3.497 		4.3706 		7.8035
v -3.4821 		4.3087 		7.8184
v -3.4616 		4.25 		7.8389
v -3.4359 		4.1956 		7.8646
v -3.4055 		4.1464 		7.895
v -3.3707 		4.1033 		7.9298
v -3.3322 		4.067 		7.9683
v -3.2908 		4.0381 		8.0097
v -3.247 		4.017 		8.0535
v -3.2016 		4.0043 		8.0989
v -3.1555 		4.5 		8.145
# 50 vertices

g group_3_16768282

usemtl color_16768282
s 0

f 116 	117 	115
f 117 	118 	115
f 118 	119 	115
f 119 	120 	115
f 120 	121 	115
f 121 	122 	115
f 122 	123 	115
f 123 	124 	115
f 124 	125 	115
f 125 	126 	115
f 126 	127 	115
f 127 	128 	115
f 128 	129 	115
f 129 	130 	115
f 130 	131 	115
f 131 	132 	115
f 132 	133 	115
f 133 	134 	115
f 134 	135 	115
f 135 	136 	115
f 136 	137 	115
f 137 	138 	115
f 138 	139 	115
f 139 	140 	115
f 140 	141 	115
f 141 	142 	115
f 142 	143 	115
f 143 	144 	115
f 144 	145 	115
f 145 	146 	115
f 146 	147 	115
f 147 	148 	115
f 148 	149 	115
f 149 	150 	115
f 150 	151 	115
f 151 	152 	115
f 152 	153 	115
f 153 	154 	115
f 154 	155 	115
f 155 	156 	115
f 156 	157 	115
f 157 	158 	115
f 158 	159 	115
f 159 	160 	115
f 160 	161 	115
f 161 	162 	115
f 162 	163 	115
f 163 	116 	115
f 117 	116 	164
f 118 	117 	164
f 119 	118 	164
f 120 	119 	164
f 121 	120 	164
f 122 	121 	164
f 123 	122 	164
f 124 	123 	164
f 125 	124 	164
f 126 	125 	164
f 127 	126 	164
f 128 	127 	164
f 129 	128 	164
f 130 	129 	164
f 131 	130 	164
f 132 	131 	164
f 133 	132 	164
f 134 	133 	164
f 135 	134 	164
f 136 	135 	164
f 137 	136 	164
f 138 	137 	164
f 139 	138 	164
f 140 	139 	164
f 141 	140 	164
f 142 	141 	164
f 143 	142 	164
f 144 	143 	164
f 145 	144 	164
f 146 	145 	164
f 147 	146 	164
f 148 	147 	164
f 149 	148 	164
f 150 	149 	164
f 151 	150 	164
f 152 	151 	164
f 153 	152 	164
f 154 	153 	164
f 155 	154 	164
f 156 	155 	164
f 157 	156 	164
f 158 	157 	164
f 159 	158 	164
f 160 	159 	164
f 161 	160 	164
f 162 	161 	164
f 163 	162 	164
f 116 	163 	164
# 96 faces

 #end of obj_3

o obj_4
v -0.3074 		4.0043 		2.3893
v -0.3536 		4 		2.3431
v -0.3536 		4.5 		2.3431
v -0.262 		4.017 		2.4347
v -0.2183 		4.0381 		2.4784
v -0.1768 		4.067 		2.5199
v -0.1383 		4.1033 		2.5584
v -0.1036 		4.1464 		2.5931
v -0.0731 		4.1956 		2.6236
v -0.0474 		4.25 		2.6493
v -0.0269 		4.3087 		2.6698
v -0.012 		4.3706 		2.6847
v -0.003 		4.4347 		2.6937
v 0 		4.5 		2.6967
v -0.003 		4.5653 		2.6937
v -0.012 		4.6294 		2.6847
v -0.0269 		4.6913 		2.6698
v -0.0474 		4.75 		2.6493
v -0.0731 		4.8044 		2.6236
v -0.1036 		4.8536 		2.5931
v -0.1383 		4.8967 		2.5584
v -0.1768 		4.933 		2.5199
v -0.2183 		4.9619 		2.4784
v -0.262 		4.983 		2.4347
v -0.3074 		4.9957 		2.3893
v -0.3536 		5 		2.3431
v -0.3997 		4.9957 		2.297
v -0.4451 		4.983 		2.2516
v -0.4889 		4.9619 		2.2078
v -0.5303 		4.933 		2.1664
v -0.5688 		4.8967 		2.1279
v -0.6036 		4.8536 		2.0931
v -0.634 		4.8044 		2.0627
v -0.6597 		4.75 		2.037
v -0.6802 		4.6913 		2.0165
v -0.6951 		4.6294 		2.0016
v -0.7041 		4.5653 		1.9926
v -0.7071 		4.5 		1.9896
v -0.7041 		4.4347 		1.9926
v -0.6951 		4.3706 		2.0016
v -0.6802 		4.3087 		2.0165
v -0.6597 		4.25 		2.037
v -0.634 		4.1956 		2.0627
v -0.6036 		4.1464 		2.0931
v -0.5688 		4.1033 		2.1279
v -0.5303 		4.067 		2.1664
v -0.4889 		4.0381 		2.2078
v -0.4451 		4.017 		2.2516
v -0.3997 		4.0043 		2.297
v -6.1555 		4 		8.145
v -6.1093 		4.0043 		8.1912
v -6.1555 		4.5 		8.145
v -6.0639 		4.017 		8.2366
v -6.0202 		4.0381 		8.2803
v -5.9787 		4.067 		8.3218
v -5.9402 		4.1033 		8.3603
v -5.9055 		4.1464 		8.395
v -5.875 		4.1956 		8.4255
v -5.8493 		4.25 		8.4512
v -5.8288 		4.3087 		8.4717
v -5.8139 		4.3706 		8.4866
v -5.8049 		4.4347 		8.4956
v -5.8019 		4.5 		8.4986
v -5.8049 		4.5653 		8.4956
v -5.8139 		4.6294 		8.4866
v -5.8288 		4.6913 		8.4717
v -5.8493 		4.75 		8.4512
v -5.875 		4.8044 		8.4255
v -5.9055 		4.8536 		8.395
v -5.9402 		4.8967 		8.3603
v -5.9787 		4.933 		8.3218
v -6.0202 		4.9619 		8.2803
v -6.0639 		4.983 		8.2366
v -6.1093 		4.9957 		8.1912
v -6.1555 		5 		8.145
v -6.2016 		4.9957 		8.0989
v -6.247 		4.983 		8.0535
v -6.2908 		4.9619 		8.0097
v -6.3322 		4.933 		7.9683
v -6.3707 		4.8967 		7.9298
v -6.4055 		4.8536 		7.895
v -6.4359 		4.8044 		7.8646
v -6.4616 		4.75 		7.8389
v -6.4821 		4.6913 		7.8184
v -6.497 		4.6294 		7.8035
v -6.506 		4.5653 		7.7945
v -6.509 		4.5 		7.7915
v -6.506 		4.4347 		7.7945
v -6.497 		4.3706 		7.8035
v -6.4821 		4.3087 		7.8184
v -6.4616 		4.25 		7.8389
v -6.4359 		4.1956 		7.8646
v -6.4055 		4.1464 		7.895
v -6.3707 		4.1033 		7.9298
v -6.3322 		4.067 		7.9683
v -6.2908 		4.0381 		8.0097
v -6.247 		4.017 		8.0535
v -6.2016 		4.0043 		8.0989
# 98 vertices

g group_4_16768282

usemtl color_16768282
s 0

f 165 	166 	167
f 168 	165 	167
f 169 	168 	167
f 170 	169 	167
f 171 	170 	167
f 172 	171 	167
f 173 	172 	167
f 174 	173 	167
f 175 	174 	167
f 176 	175 	167
f 177 	176 	167
f 178 	177 	167
f 179 	178 	167
f 180 	179 	167
f 181 	180 	167
f 182 	181 	167
f 183 	182 	167
f 184 	183 	167
f 185 	184 	167
f 186 	185 	167
f 187 	186 	167
f 188 	187 	167
f 189 	188 	167
f 190 	189 	167
f 191 	190 	167
f 192 	191 	167
f 193 	192 	167
f 194 	193 	167
f 195 	194 	167
f 196 	195 	167
f 197 	196 	167
f 198 	197 	167
f 199 	198 	167
f 200 	199 	167
f 201 	200 	167
f 202 	201 	167
f 203 	202 	167
f 204 	203 	167
f 205 	204 	167
f 206 	205 	167
f 207 	206 	167
f 208 	207 	167
f 209 	208 	167
f 210 	209 	167
f 211 	210 	167
f 212 	211 	167
f 213 	212 	167
f 166 	213 	167
f 214 	215 	216
f 215 	217 	216
f 217 	218 	216
f 218 	219 	216
f 219 	220 	216
f 220 	221 	216
f 221 	222 	216
f 222 	223 	216
f 223 	224 	216
f 224 	225 	216
f 225 	226 	216
f 226 	227 	216
f 227 	228 	216
f 228 	229 	216
f 229 	230 	216
f 230 	231 	216
f 231 	232 	216
f 232 	233 	216
f 233 	234 	216
f 234 	235 	216
f 235 	236 	216
f 236 	237 	216
f 237 	238 	216
f 238 	239 	216
f 239 	240 	216
f 240 	241 	216
f 241 	242 	216
f 242 	243 	216
f 243 	244 	216
f 244 	245 	216
f 245 	246 	216
f 246 	247 	216
f 247 	248 	216
f 248 	249 	216
f 249 	250 	216
f 250 	251 	216
f 251 	252 	216
f 252 	253 	216
f 253 	254 	216
f 254 	255 	216
f 255 	256 	216
f 256 	257 	216
f 257 	258 	216
f 258 	259 	216
f 259 	260 	216
f 260 	261 	216
f 261 	262 	216
f 262 	214 	216
f 166 	165 	165
f 165 	168 	168
f 168 	169 	169
f 169 	170 	170
f 170 	171 	171
f 171 	172 	172
f 172 	173 	173
f 173 	174 	174
f 174 	175 	175
f 175 	176 	176
f 176 	177 	177
f 177 	178 	178
f 178 	179 	179
f 179 	180 	180
f 180 	181 	181
f 181 	182 	182
f 182 	183 	183
f 183 	184 	184
f 184 	185 	185
f 185 	186 	186
f 186 	187 	187
f 187 	188 	188
f 188 	189 	189
f 189 	190 	190
f 190 	191 	191
f 191 	192 	192
f 192 	193 	193
f 193 	194 	194
f 194 	195 	195
f 195 	196 	196
f 196 	197 	197
f 197 	198 	198
f 198 	199 	199
f 199 	200 	200
f 200 	201 	201
f 201 	202 	202
f 202 	203 	203
f 203 	204 	204
f 204 	205 	205
f 205 	206 	206
f 206 	207 	207
f 207 	208 	208
f 208 	209 	209
f 209 	210 	210
f 210 	211 	211
f 211 	212 	212
f 212 	213 	213
f 213 	166 	166
f 166 	165 	215
f 166 	215 	214
f 165 	168 	217
f 165 	217 	215
f 168 	169 	218
f 168 	218 	217
f 169 	170 	219
f 169 	219 	218
f 170 	171 	220
f 170 	220 	219
f 171 	172 	221
f 171 	221 	220
f 172 	173 	222
f 172 	222 	221
f 173 	174 	223
f 173 	223 	222
f 174 	175 	224
f 174 	224 	223
f 175 	176 	225
f 175 	225 	224
f 176 	177 	226
f 176 	226 	225
f 177 	178 	227
f 177 	227 	226
f 178 	179 	228
f 178 	228 	227
f 179 	180 	229
f 179 	229 	228
f 180 	181 	230
f 180 	230 	229
f 181 	182 	231
f 181 	231 	230
f 182 	183 	232
f 182 	232 	231
f 183 	184 	233
f 183 	233 	232
f 184 	185 	234
f 184 	234 	233
f 185 	186 	235
f 185 	235 	234
f 186 	187 	236
f 186 	236 	235
f 187 	188 	237
f 187 	237 	236
f 188 	189 	238
f 188 	238 	237
f 189 	190 	239
f 189 	239 	238
f 190 	191 	240
f 190 	240 	239
f 191 	192 	241
f 191 	241 	240
f 192 	193 	242
f 192 	242 	241
f 193 	194 	243
f 193 	243 	242
f 194 	195 	244
f 194 	244 	243
f 195 	196 	245
f 195 	245 	244
f 196 	197 	246
f 196 	246 	245
f 197 	198 	247
f 197 	247 	246
f 198 	199 	248
f 198 	248 	247
f 199 	200 	249
f 199 	249 	248
f 200 	201 	250
f 200 	250 	249
f 201 	202 	251
f 201 	251 	250
f 202 	203 	252
f 202 	252 	251
f 203 	204 	253
f 203 	253 	252
f 204 	205 	254
f 204 	254 	253
f 205 	206 	255
f 205 	255 	254
f 206 	207 	256
f 206 	256 	255
f 207 	208 	257
f 207 	257 	256
f 208 	209 	258
f 208 	258 	257
f 209 	210 	259
f 209 	259 	258
f 210 	211 	260
f 210 	260 	259
f 211 	212 	261
f 211 	261 	260
f 212 	213 	262
f 212 	262 	261
f 213 	166 	214
f 213 	214 	262
f 214 	215 	215
f 215 	217 	217
f 217 	218 	218
f 218 	219 	219
f 219 	220 	220
f 220 	221 	221
f 221 	222 	222
f 222 	223 	223
f 223 	224 	224
f 224 	225 	225
f 225 	226 	226
f 226 	227 	227
f 227 	228 	228
f 228 	229 	229
f 229 	230 	230
f 230 	231 	231
f 231 	232 	232
f 232 	233 	233
f 233 	234 	234
f 234 	235 	235
f 235 	236 	236
f 236 	237 	237
f 237 	238 	238
f 238 	239 	239
f 239 	240 	240
f 240 	241 	241
f 241 	242 	242
f 242 	243 	243
f 243 	244 	244
f 244 	245 	245
f 245 	246 	246
f 246 	247 	247
f 247 	248 	248
f 248 	249 	249
f 249 	250 	250
f 250 	251 	251
f 251 	252 	252
f 252 	253 	253
f 253 	254 	254
f 254 	255 	255
f 255 	256 	256
f 256 	257 	257
f 257 	258 	258
f 258 	259 	259
f 259 	260 	260
f 260 	261 	261
f 261 	262 	262
f 262 	214 	214
# 288 faces

 #end of obj_4

o obj_5
v -11.6673 		4.5 		13.6569
v -6.1555 		4 		8.145
v -6.1093 		4.0043 		8.1912
v -6.0639 		4.017 		8.2366
v -6.0202 		4.0381 		8.2803
v -5.9787 		4.067 		8.3218
v -5.9402 		4.1033 		8.3603
v -5.9055 		4.1464 		8.395
v -5.875 		4.1956 		8.4255
v -5.8493 		4.25 		8.4512
v -5.8288 		4.3087 		8.4717
v -5.8139 		4.3706 		8.4866
v -5.8049 		4.4347 		8.4956
v -5.8019 		4.5 		8.4986
v -5.8049 		4.5653 		8.4956
v -5.8139 		4.6294 		8.4866
v -5.8288 		4.6913 		8.4717
v -5.8493 		4.75 		8.4512
v -5.875 		4.8044 		8.4255
v -5.9055 		4.8536 		8.395
v -5.9402 		4.8967 		8.3603
v -5.9787 		4.933 		8.3218
v -6.0202 		4.9619 		8.2803
v -6.0639 		4.983 		8.2366
v -6.1093 		4.9957 		8.1912
v -6.1555 		5 		8.145
v -6.2016 		4.9957 		8.0989
v -6.247 		4.983 		8.0535
v -6.2908 		4.9619 		8.0097
v -6.3322 		4.933 		7.9683
v -6.3707 		4.8967 		7.9298
v -6.4055 		4.8536 		7.895
v -6.4359 		4.8044 		7.8646
v -6.4616 		4.75 		7.8389
v -6.4821 		4.6913 		7.8184
v -6.497 		4.6294 		7.8035
v -6.506 		4.5653 		7.7945
v -6.509 		4.5 		7.7915
v -6.506 		4.4347 		7.7945
v -6.497 		4.3706 		7.8035
v -6.4821 		4.3087 		7.8184
v -6.4616 		4.25 		7.8389
v -6.4359 		4.1956 		7.8646
v -6.4055 		4.1464 		7.895
v -6.3707 		4.1033 		7.9298
v -6.3322 		4.067 		7.9683
v -6.2908 		4.0381 		8.0097
v -6.247 		4.017 		8.0535
v -6.2016 		4.0043 		8.0989
v -6.1555 		4.5 		8.145
# 50 vertices

g group_5_16768282

usemtl color_16768282
s 0

f 264 	265 	263
f 265 	266 	263
f 266 	267 	263
f 267 	268 	263
f 268 	269 	263
f 269 	270 	263
f 270 	271 	263
f 271 	272 	263
f 272 	273 	263
f 273 	274 	263
f 274 	275 	263
f 275 	276 	263
f 276 	277 	263
f 277 	278 	263
f 278 	279 	263
f 279 	280 	263
f 280 	281 	263
f 281 	282 	263
f 282 	283 	263
f 283 	284 	263
f 284 	285 	263
f 285 	286 	263
f 286 	287 	263
f 287 	288 	263
f 288 	289 	263
f 289 	290 	263
f 290 	291 	263
f 291 	292 	263
f 292 	293 	263
f 293 	294 	263
f 294 	295 	263
f 295 	296 	263
f 296 	297 	263
f 297 	298 	263
f 298 	299 	263
f 299 	300 	263
f 300 	301 	263
f 301 	302 	263
f 302 	303 	263
f 303 	304 	263
f 304 	305 	263
f 305 	306 	263
f 306 	307 	263
f 307 	308 	263
f 308 	309 	263
f 309 	310 	263
f 310 	311 	263
f 311 	264 	263
f 265 	264 	312
f 266 	265 	312
f 267 	266 	312
f 268 	267 	312
f 269 	268 	312
f 270 	269 	312
f 271 	270 	312
f 272 	271 	312
f 273 	272 	312
f 274 	273 	312
f 275 	274 	312
f 276 	275 	312
f 277 	276 	312
f 278 	277 	312
f 279 	278 	312
f 280 	279 	312
f 281 	280 	312
f 282 	281 	312
f 283 	282 	312
f 284 	283 	312
f 285 	284 	312
f 286 	285 	312
f 287 	286 	312
f 288 	287 	312
f 289 	288 	312
f 290 	289 	312
f 291 	290 	312
f 292 	291 	312
f 293 	292 	312
f 294 	293 	312
f 295 	294 	312
f 296 	295 	312
f 297 	296 	312
f 298 	297 	312
f 299 	298 	312
f 300 	299 	312
f 301 	300 	312
f 302 	301 	312
f 303 	302 	312
f 304 	303 	312
f 305 	304 	312
f 306 	305 	312
f 307 	306 	312
f 308 	307 	312
f 309 	308 	312
f 310 	309 	312
f 311 	310 	312
f 264 	311 	312
# 96 faces

 #end of obj_5

o obj_6
v 9.1865 		-0.0613 		15.361
v 9.1831 		-0.0344 		15.3567
v 9.1831 		-0.0344 		15.8567
v 9.1899 		-0.0877 		15.3737
v 9.1931 		-0.1133 		15.3947
v 9.1962 		-0.1374 		15.4237
v 9.199 		-0.1598 		15.46
v 9.2016 		-0.1801 		15.5031
v 9.2039 		-0.1979 		15.5523
v 9.2058 		-0.2129 		15.6067
v 9.2073 		-0.2248 		15.6653
v 9.2084 		-0.2334 		15.7273
v 9.209 		-0.2387 		15.7914
v 9.2093 		-0.2405 		15.8567
v 9.209 		-0.2387 		15.9219
v 9.2084 		-0.2334 		15.9861
v 9.2073 		-0.2248 		16.048
v 9.2058 		-0.2129 		16.1067
v 9.2039 		-0.1979 		16.1611
v 9.2016 		-0.1801 		16.2102
v 9.199 		-0.1598 		16.2534
v 9.1962 		-0.1374 		16.2897
v 9.1931 		-0.1133 		16.3186
v 9.1899 		-0.0877 		16.3396
v 9.1865 		-0.0613 		16.3524
v 9.1831 		-0.0344 		16.3567
v 9.1797 		-0.0075 		16.3524
v 9.1763 		0.0189 		16.3396
v 9.1731 		0.0444 		16.3186
v 9.17 		0.0686 		16.2897
v 9.1672 		0.091 		16.2534
v 9.1646 		0.1113 		16.2102
v 9.1623 		0.1291 		16.1611
v 9.1604 		0.144 		16.1067
v 9.1589 		0.1559 		16.048
v 9.1578 		0.1646 		15.9861
v 9.1571 		0.1699 		15.9219
v 9.1569 		0.1716 		15.8567
v 9.1571 		0.1699 		15.7914
v 9.1578 		0.1646 		15.7273
v 9.1589 		0.1559 		15.6653
v 9.1604 		0.144 		15.6067
v 9.1623 		0.1291 		15.5523
v 9.1646 		0.1113 		15.5031
v 9.1672 		0.091 		15.46
v 9.17 		0.0686 		15.4237
v 9.1731 		0.0444 		15.3947
v 9.1763 		0.0189 		15.3737
v 9.1797 		-0.0075 		15.361
v 0.9892 		-0.2116 		15.3567
v 0.9926 		-0.2385 		15.361
v 0.9892 		-0.2116 		15.8567
v 0.996 		-0.2649 		15.3737
v 0.9992 		-0.2905 		15.3947
v 1.0023 		-0.3146 		15.4237
v 1.0051 		-0.3371 		15.46
v 1.0077 		-0.3573 		15.5031
v 1.01 		-0.3751 		15.5523
v 1.0119 		-0.3901 		15.6067
v 1.0134 		-0.402 		15.6653
v 1.0145 		-0.4106 		15.7273
v 1.0152 		-0.4159 		15.7914
v 1.0154 		-0.4177 		15.8567
v 1.0152 		-0.4159 		15.9219
v 1.0145 		-0.4106 		15.9861
v 1.0134 		-0.402 		16.048
v 1.0119 		-0.3901 		16.1067
v 1.01 		-0.3751 		16.1611
v 1.0077 		-0.3573 		16.2102
v 1.0051 		-0.3371 		16.2534
v 1.0023 		-0.3146 		16.2897
v 0.9992 		-0.2905 		16.3186
v 0.996 		-0.2649 		16.3396
v 0.9926 		-0.2385 		16.3524
v 0.9892 		-0.2116 		16.3567
v 0.9858 		-0.1847 		16.3524
v 0.9824 		-0.1583 		16.3396
v 0.9792 		-0.1328 		16.3186
v 0.9761 		-0.1086 		16.2897
v 0.9733 		-0.0862 		16.2534
v 0.9707 		-0.0659 		16.2102
v 0.9684 		-0.0482 		16.1611
v 0.9665 		-0.0332 		16.1067
v 0.965 		-0.0213 		16.048
v 0.9639 		-0.0126 		15.9861
v 0.9633 		-0.0073 		15.9219
v 0.963 		-0.0056 		15.8567
v 0.9633 		-0.0073 		15.7914
v 0.9639 		-0.0126 		15.7273
v 0.965 		-0.0213 		15.6653
v 0.9665 		-0.0332 		15.6067
v 0.9684 		-0.0482 		15.5523
v 0.9707 		-0.0659 		15.5031
v 0.9733 		-0.0862 		15.46
v 0.9761 		-0.1086 		15.4237
v 0.9792 		-0.1328 		15.3947
v 0.9824 		-0.1583 		15.3737
v 0.9858 		-0.1847 		15.361
# 98 vertices

g group_6_16768282

usemtl color_16768282
s 0

f 313 	314 	315
f 316 	313 	315
f 317 	316 	315
f 318 	317 	315
f 319 	318 	315
f 320 	319 	315
f 321 	320 	315
f 322 	321 	315
f 323 	322 	315
f 324 	323 	315
f 325 	324 	315
f 326 	325 	315
f 327 	326 	315
f 328 	327 	315
f 329 	328 	315
f 330 	329 	315
f 331 	330 	315
f 332 	331 	315
f 333 	332 	315
f 334 	333 	315
f 335 	334 	315
f 336 	335 	315
f 337 	336 	315
f 338 	337 	315
f 339 	338 	315
f 340 	339 	315
f 341 	340 	315
f 342 	341 	315
f 343 	342 	315
f 344 	343 	315
f 345 	344 	315
f 346 	345 	315
f 347 	346 	315
f 348 	347 	315
f 349 	348 	315
f 350 	349 	315
f 351 	350 	315
f 352 	351 	315
f 353 	352 	315
f 354 	353 	315
f 355 	354 	315
f 356 	355 	315
f 357 	356 	315
f 358 	357 	315
f 359 	358 	315
f 360 	359 	315
f 361 	360 	315
f 314 	361 	315
f 362 	363 	364
f 363 	365 	364
f 365 	366 	364
f 366 	367 	364
f 367 	368 	364
f 368 	369 	364
f 369 	370 	364
f 370 	371 	364
f 371 	372 	364
f 372 	373 	364
f 373 	374 	364
f 374 	375 	364
f 375 	376 	364
f 376 	377 	364
f 377 	378 	364
f 378 	379 	364
f 379 	380 	364
f 380 	381 	364
f 381 	382 	364
f 382 	383 	364
f 383 	384 	364
f 384 	385 	364
f 385 	386 	364
f 386 	387 	364
f 387 	388 	364
f 388 	389 	364
f 389 	390 	364
f 390 	391 	364
f 391 	392 	364
f 392 	393 	364
f 393 	394 	364
f 394 	395 	364
f 395 	396 	364
f 396 	397 	364
f 397 	398 	364
f 398 	399 	364
f 399 	400 	364
f 400 	401 	364
f 401 	402 	364
f 402 	403 	364
f 403 	404 	364
f 404 	405 	364
f 405 	406 	364
f 406 	407 	364
f 407 	408 	364
f 408 	409 	364
f 409 	410 	364
f 410 	362 	364
f 314 	313 	313
f 313 	316 	316
f 316 	317 	317
f 317 	318 	318
f 318 	319 	319
f 319 	320 	320
f 320 	321 	321
f 321 	322 	322
f 322 	323 	323
f 323 	324 	324
f 324 	325 	325
f 325 	326 	326
f 326 	327 	327
f 327 	328 	328
f 328 	329 	329
f 329 	330 	330
f 330 	331 	331
f 331 	332 	332
f 332 	333 	333
f 333 	334 	334
f 334 	335 	335
f 335 	336 	336
f 336 	337 	337
f 337 	338 	338
f 338 	339 	339
f 339 	340 	340
f 340 	341 	341
f 341 	342 	342
f 342 	343 	343
f 343 	344 	344
f 344 	345 	345
f 345 	346 	346
f 346 	347 	347
f 347 	348 	348
f 348 	349 	349
f 349 	350 	350
f 350 	351 	351
f 351 	352 	352
f 352 	353 	353
f 353 	354 	354
f 354 	355 	355
f 355 	356 	356
f 356 	357 	357
f 357 	358 	358
f 358 	359 	359
f 359 	360 	360
f 360 	361 	361
f 361 	314 	314
f 314 	313 	363
f 314 	363 	362
f 313 	316 	365
f 313 	365 	363
f 316 	317 	366
f 316 	366 	365
f 317 	318 	367
f 317 	367 	366
f 318 	319 	368
f 318 	368 	367
f 319 	320 	369
f 319 	369 	368
f 320 	321 	370
f 320 	370 	369
f 321 	322 	371
f 321 	371 	370
f 322 	323 	372
f 322 	372 	371
f 323 	324 	373
f 323 	373 	372
f 324 	325 	374
f 324 	374 	373
f 325 	326 	375
f 325 	375 	374
f 326 	327 	376
f 326 	376 	375
f 327 	328 	377
f 327 	377 	376
f 328 	329 	378
f 328 	378 	377
f 329 	330 	379
f 329 	379 	378
f 330 	331 	380
f 330 	380 	379
f 331 	332 	381
f 331 	381 	380
f 332 	333 	382
f 332 	382 	381
f 333 	334 	383
f 333 	383 	382
f 334 	335 	384
f 334 	384 	383
f 335 	336 	385
f 335 	385 	384
f 336 	337 	386
f 336 	386 	385
f 337 	338 	387
f 337 	387 	386
f 338 	339 	388
f 338 	388 	387
f 339 	340 	389
f 339 	389 	388
f 340 	341 	390
f 340 	390 	389
f 341 	342 	391
f 341 	391 	390
f 342 	343 	392
f 342 	392 	391
f 343 	344 	393
f 343 	393 	392
f 344 	345 	394
f 344 	394 	393
f 345 	346 	395
f 345 	395 	394
f 346 	347 	396
f 346 	396 	395
f 347 	348 	397
f 347 	397 	396
f 348 	349 	398
f 348 	398 	397
f 349 	350 	399
f 349 	399 	398
f 350 	351 	400
f 350 	400 	399
f 351 	352 	401
f 351 	401 	400
f 352 	353 	402
f 352 	402 	401
f 353 	354 	403
f 353 	403 	402
f 354 	355 	404
f 354 	404 	403
f 355 	356 	405
f 355 	405 	404
f 356 	357 	406
f 356 	406 	405
f 357 	358 	407
f 357 	407 	406
f 358 	359 	408
f 358 	408 	407
f 359 	360 	409
f 359 	409 	408
f 360 	361 	410
f 360 	410 	409
f 361 	314 	362
f 361 	362 	410
f 362 	363 	363
f 363 	365 	365
f 365 	366 	366
f 366 	367 	367
f 367 	368 	368
f 368 	369 	369
f 369 	370 	370
f 370 	371 	371
f 371 	372 	372
f 372 	373 	373
f 373 	374 	374
f 374 	375 	375
f 375 	376 	376
f 376 	377 	377
f 377 	378 	378
f 378 	379 	379
f 379 	380 	380
f 380 	381 	381
f 381 	382 	382
f 382 	383 	383
f 383 	384 	384
f 384 	385 	385
f 385 	386 	386
f 386 	387 	387
f 387 	388 	388
f 388 	389 	389
f 389 	390 	390
f 390 	391 	391
f 391 	392 	392
f 392 	393 	393
f 393 	394 	394
f 394 	395 	395
f 395 	396 	396
f 396 	397 	397
f 397 	398 	398
f 398 	399 	399
f 399 	400 	400
f 400 	401 	401
f 401 	402 	402
f 402 	403 	403
f 403 	404 	404
f 404 	405 	405
f 405 	406 	406
f 406 	407 	407
f 407 	408 	408
f 408 	409 	409
f 409 	410 	410
f 410 	362 	362
# 288 faces

 #end of obj_6

o obj_7
v -6.795 		-0.38 		15.8567
v 0.9892 		-0.2116 		15.3567
v 0.9926 		-0.2385 		15.361
v 0.996 		-0.2649 		15.3737
v 0.9992 		-0.2905 		15.3947
v 1.0023 		-0.3146 		15.4237
v 1.0051 		-0.3371 		15.46
v 1.0077 		-0.3573 		15.5031
v 1.01 		-0.3751 		15.5523
v 1.0119 		-0.3901 		15.6067
v 1.0134 		-0.402 		15.6653
v 1.0145 		-0.4106 		15.7273
v 1.0152 		-0.4159 		15.7914
v 1.0154 		-0.4177 		15.8567
v 1.0152 		-0.4159 		15.9219
v 1.0145 		-0.4106 		15.9861
v 1.0134 		-0.402 		16.048
v 1.0119 		-0.3901 		16.1067
v 1.01 		-0.3751 		16.1611
v 1.0077 		-0.3573 		16.2102
v 1.0051 		-0.3371 		16.2534
v 1.0023 		-0.3146 		16.2897
v 0.9992 		-0.2905 		16.3186
v 0.996 		-0.2649 		16.3396
v 0.9926 		-0.2385 		16.3524
v 0.9892 		-0.2116 		16.3567
v 0.9858 		-0.1847 		16.3524
v 0.9824 		-0.1583 		16.3396
v 0.9792 		-0.1328 		16.3186
v 0.9761 		-0.1086 		16.2897
v 0.9733 		-0.0862 		16.2534
v 0.9707 		-0.0659 		16.2102
v 0.9684 		-0.0482 		16.1611
v 0.9665 		-0.0332 		16.1067
v 0.965 		-0.0213 		16.048
v 0.9639 		-0.0126 		15.9861
v 0.9633 		-0.0073 		15.9219
v 0.963 		-0.0056 		15.8567
v 0.9633 		-0.0073 		15.7914
v 0.9639 		-0.0126 		15.7273
v 0.965 		-0.0213 		15.6653
v 0.9665 		-0.0332 		15.6067
v 0.9684 		-0.0482 		15.5523
v 0.9707 		-0.0659 		15.5031
v 0.9733 		-0.0862 		15.46
v 0.9761 		-0.1086 		15.4237
v 0.9792 		-0.1328 		15.3947
v 0.9824 		-0.1583 		15.3737
v 0.9858 		-0.1847 		15.361
v 0.9892 		-0.2116 		15.8567
# 50 vertices

g group_7_16768282

usemtl color_16768282
s 0

f 412 	413 	411
f 413 	414 	411
f 414 	415 	411
f 415 	416 	411
f 416 	417 	411
f 417 	418 	411
f 418 	419 	411
f 419 	420 	411
f 420 	421 	411
f 421 	422 	411
f 422 	423 	411
f 423 	424 	411
f 424 	425 	411
f 425 	426 	411
f 426 	427 	411
f 427 	428 	411
f 428 	429 	411
f 429 	430 	411
f 430 	431 	411
f 431 	432 	411
f 432 	433 	411
f 433 	434 	411
f 434 	435 	411
f 435 	436 	411
f 436 	437 	411
f 437 	438 	411
f 438 	439 	411
f 439 	440 	411
f 440 	441 	411
f 441 	442 	411
f 442 	443 	411
f 443 	444 	411
f 444 	445 	411
f 445 	446 	411
f 446 	447 	411
f 447 	448 	411
f 448 	449 	411
f 449 	450 	411
f 450 	451 	411
f 451 	452 	411
f 452 	453 	411
f 453 	454 	411
f 454 	455 	411
f 455 	456 	411
f 456 	457 	411
f 457 	458 	411
f 458 	459 	411
f 459 	412 	411
f 413 	412 	460
f 414 	413 	460
f 415 	414 	460
f 416 	415 	460
f 417 	416 	460
f 418 	417 	460
f 419 	418 	460
f 420 	419 	460
f 421 	420 	460
f 422 	421 	460
f 423 	422 	460
f 424 	423 	460
f 425 	424 	460
f 426 	425 	460
f 427 	426 	460
f 428 	427 	460
f 429 	428 	460
f 430 	429 	460
f 431 	430 	460
f 432 	431 	460
f 433 	432 	460
f 434 	433 	460
f 435 	434 	460
f 436 	435 	460
f 437 	436 	460
f 438 	437 	460
f 439 	438 	460
f 440 	439 	460
f 441 	440 	460
f 442 	441 	460
f 443 	442 	460
f 444 	443 	460
f 445 	444 	460
f 446 	445 	460
f 447 	446 	460
f 448 	447 	460
f 449 	448 	460
f 450 	449 	460
f 451 	450 	460
f 452 	451 	460
f 453 	452 	460
f 454 	453 	460
f 455 	454 	460
f 456 	455 	460
f 457 	456 	460
f 458 	457 	460
f 459 	458 	460
f 412 	459 	460
# 96 faces

 #end of obj_7

o obj_8
v 6.9571 		0.7671 		15.361
v 6.9537 		0.794 		15.3567
v 6.9537 		0.794 		15.8567
v 6.9604 		0.7406 		15.3737
v 6.9637 		0.7151 		15.3947
v 6.9667 		0.6909 		15.4237
v 6.9696 		0.6685 		15.46
v 6.9722 		0.6483 		15.5031
v 6.9744 		0.6305 		15.5523
v 6.9763 		0.6155 		15.6067
v 6.9778 		0.6036 		15.6653
v 6.9789 		0.5949 		15.7273
v 6.9796 		0.5897 		15.7914
v 6.9798 		0.5879 		15.8567
v 6.9796 		0.5897 		15.9219
v 6.9789 		0.5949 		15.9861
v 6.9778 		0.6036 		16.048
v 6.9763 		0.6155 		16.1067
v 6.9744 		0.6305 		16.1611
v 6.9722 		0.6483 		16.2102
v 6.9696 		0.6685 		16.2534
v 6.9667 		0.6909 		16.2897
v 6.9637 		0.7151 		16.3186
v 6.9604 		0.7406 		16.3396
v 6.9571 		0.7671 		16.3524
v 6.9537 		0.794 		16.3567
v 6.9502 		0.8208 		16.3524
v 6.9469 		0.8473 		16.3396
v 6.9436 		0.8728 		16.3186
v 6.9406 		0.897 		16.2897
v 6.9377 		0.9194 		16.2534
v 6.9352 		0.9397 		16.2102
v 6.9329 		0.9574 		16.1611
v 6.931 		0.9724 		16.1067
v 6.9295 		0.9843 		16.048
v 6.9284 		0.993 		15.9861
v 6.9277 		0.9982 		15.9219
v 6.9275 		1 		15.8567
v 6.9277 		0.9982 		15.7914
v 6.9284 		0.993 		15.7273
v 6.9295 		0.9843 		15.6653
v 6.931 		0.9724 		15.6067
v 6.9329 		0.9574 		15.5523
v 6.9352 		0.9397 		15.5031
v 6.9377 		0.9194 		15.46
v 6.9406 		0.897 		15.4237
v 6.9436 		0.8728 		15.3947
v 6.9469 		0.8473 		15.3737
v 6.9502 		0.8208 		15.361
v -1.2402 		0.6167 		15.3567
v -1.2368 		0.5899 		15.361
v -1.2402 		0.6167 		15.8567
v -1.2335 		0.5634 		15.3737
v -1.2302 		0.5379 		15.3947
v -1.2271 		0.5137 		15.4237
v -1.2243 		0.4913 		15.46
v -1.2217 		0.4711 		15.5031
v -1.2195 		0.4533 		15.5523
v -1.2176 		0.4383 		15.6067
v -1.2161 		0.4264 		15.6653
v -1.215 		0.4177 		15.7273
v -1.2143 		0.4125 		15.7914
v -1.2141 		0.4107 		15.8567
v -1.2143 		0.4125 		15.9219
v -1.215 		0.4177 		15.9861
v -1.2161 		0.4264 		16.048
v -1.2176 		0.4383 		16.1067
v -1.2195 		0.4533 		16.1611
v -1.2217 		0.4711 		16.2102
v -1.2243 		0.4913 		16.2534
v -1.2271 		0.5137 		16.2897
v -1.2302 		0.5379 		16.3186
v -1.2335 		0.5634 		16.3396
v -1.2368 		0.5899 		16.3524
v -1.2402 		0.6167 		16.3567
v -1.2436 		0.6436 		16.3524
v -1.247 		0.6701 		16.3396
v -1.2502 		0.6956 		16.3186
v -1.2533 		0.7198 		16.2897
v -1.2562 		0.7422 		16.2534
v -1.2587 		0.7624 		16.2102
v -1.261 		0.7802 		16.1611
v -1.2629 		0.7952 		16.1067
v -1.2644 		0.8071 		16.048
v -1.2655 		0.8158 		15.9861
v -1.2662 		0.821 		15.9219
v -1.2664 		0.8228 		15.8567
v -1.2662 		0.821 		15.7914
v -1.2655 		0.8158 		15.7273
v -1.2644 		0.8071 		15.6653
v -1.2629 		0.7952 		15.6067
v -1.261 		0.7802 		15.5523
v -1.2587 		0.7624 		15.5031
v -1.2562 		0.7422 		15.46
v -1.2533 		0.7198 		15.4237
v -1.2502 		0.6956 		15.3947
v -1.247 		0.6701 		15.3737
v -1.2436 		0.6436 		15.361
# 98 vertices

g group_8_16768282

usemtl color_16768282
s 0

f 461 	462 	463
f 464 	461 	463
f 465 	464 	463
f 466 	465 	463
f 467 	466 	463
f 468 	467 	463
f 469 	468 	463
f 470 	469 	463
f 471 	470 	463
f 472 	471 	463
f 473 	472 	463
f 474 	473 	463
f 475 	474 	463
f 476 	475 	463
f 477 	476 	463
f 478 	477 	463
f 479 	478 	463
f 480 	479 	463
f 481 	480 	463
f 482 	481 	463
f 483 	482 	463
f 484 	483 	463
f 485 	484 	463
f 486 	485 	463
f 487 	486 	463
f 488 	487 	463
f 489 	488 	463
f 490 	489 	463
f 491 	490 	463
f 492 	491 	463
f 493 	492 	463
f 494 	493 	463
f 495 	494 	463
f 496 	495 	463
f 497 	496 	463
f 498 	497 	463
f 499 	498 	463
f 500 	499 	463
f 501 	500 	463
f 502 	501 	463
f 503 	502 	463
f 504 	503 	463
f 505 	504 	463
f 506 	505 	463
f 507 	506 	463
f 508 	507 	463
f 509 	508 	463
f 462 	509 	463
f 510 	511 	512
f 511 	513 	512
f 513 	514 	512
f 514 	515 	512
f 515 	516 	512
f 516 	517 	512
f 517 	518 	512
f 518 	519 	512
f 519 	520 	512
f 520 	521 	512
f 521 	522 	512
f 522 	523 	512
f 523 	524 	512
f 524 	525 	512
f 525 	526 	512
f 526 	527 	512
f 527 	528 	512
f 528 	529 	512
f 529 	530 	512
f 530 	531 	512
f 531 	532 	512
f 532 	533 	512
f 533 	534 	512
f 534 	535 	512
f 535 	536 	512
f 536 	537 	512
f 537 	538 	512
f 538 	539 	512
f 539 	540 	512
f 540 	541 	512
f 541 	542 	512
f 542 	543 	512
f 543 	544 	512
f 544 	545 	512
f 545 	546 	512
f 546 	547 	512
f 547 	548 	512
f 548 	549 	512
f 549 	550 	512
f 550 	551 	512
f 551 	552 	512
f 552 	553 	512
f 553 	554 	512
f 554 	555 	512
f 555 	556 	512
f 556 	557 	512
f 557 	558 	512
f 558 	510 	512
f 462 	461 	461
f 461 	464 	464
f 464 	465 	465
f 465 	466 	466
f 466 	467 	467
f 467 	468 	468
f 468 	469 	469
f 469 	470 	470
f 470 	471 	471
f 471 	472 	472
f 472 	473 	473
f 473 	474 	474
f 474 	475 	475
f 475 	476 	476
f 476 	477 	477
f 477 	478 	478
f 478 	479 	479
f 479 	480 	480
f 480 	481 	481
f 481 	482 	482
f 482 	483 	483
f 483 	484 	484
f 484 	485 	485
f 485 	486 	486
f 486 	487 	487
f 487 	488 	488
f 488 	489 	489
f 489 	490 	490
f 490 	491 	491
f 491 	492 	492
f 492 	493 	493
f 493 	494 	494
f 494 	495 	495
f 495 	496 	496
f 496 	497 	497
f 497 	498 	498
f 498 	499 	499
f 499 	500 	500
f 500 	501 	501
f 501 	502 	502
f 502 	503 	503
f 503 	504 	504
f 504 	505 	505
f 505 	506 	506
f 506 	507 	507
f 507 	508 	508
f 508 	509 	509
f 509 	462 	462
f 462 	461 	511
f 462 	511 	510
f 461 	464 	513
f 461 	513 	511
f 464 	465 	514
f 464 	514 	513
f 465 	466 	515
f 465 	515 	514
f 466 	467 	516
f 466 	516 	515
f 467 	468 	517
f 467 	517 	516
f 468 	469 	518
f 468 	518 	517
f 469 	470 	519
f 469 	519 	518
f 470 	471 	520
f 470 	520 	519
f 471 	472 	521
f 471 	521 	520
f 472 	473 	522
f 472 	522 	521
f 473 	474 	523
f 473 	523 	522
f 474 	475 	524
f 474 	524 	523
f 475 	476 	525
f 475 	525 	524
f 476 	477 	526
f 476 	526 	525
f 477 	478 	527
f 477 	527 	526
f 478 	479 	528
f 478 	528 	527
f 479 	480 	529
f 479 	529 	528
f 480 	481 	530
f 480 	530 	529
f 481 	482 	531
f 481 	531 	530
f 482 	483 	532
f 482 	532 	531
f 483 	484 	533
f 483 	533 	532
f 484 	485 	534
f 484 	534 	533
f 485 	486 	535
f 485 	535 	534
f 486 	487 	536
f 486 	536 	535
f 487 	488 	537
f 487 	537 	536
f 488 	489 	538
f 488 	538 	537
f 489 	490 	539
f 489 	539 	538
f 490 	491 	540
f 490 	540 	539
f 491 	492 	541
f 491 	541 	540
f 492 	493 	542
f 492 	542 	541
f 493 	494 	543
f 493 	543 	542
f 494 	495 	544
f 494 	544 	543
f 495 	496 	545
f 495 	545 	544
f 496 	497 	546
f 496 	546 	545
f 497 	498 	547
f 497 	547 	546
f 498 	499 	548
f 498 	548 	547
f 499 	500 	549
f 499 	549 	548
f 500 	501 	550
f 500 	550 	549
f 501 	502 	551
f 501 	551 	550
f 502 	503 	552
f 502 	552 	551
f 503 	504 	553
f 503 	553 	552
f 504 	505 	554
f 504 	554 	553
f 505 	506 	555
f 505 	555 	554
f 506 	507 	556
f 506 	556 	555
f 507 	508 	557
f 507 	557 	556
f 508 	509 	558
f 508 	558 	557
f 509 	462 	510
f 509 	510 	558
f 510 	511 	511
f 511 	513 	513
f 513 	514 	514
f 514 	515 	515
f 515 	516 	516
f 516 	517 	517
f 517 	518 	518
f 518 	519 	519
f 519 	520 	520
f 520 	521 	521
f 521 	522 	522
f 522 	523 	523
f 523 	524 	524
f 524 	525 	525
f 525 	526 	526
f 526 	527 	527
f 527 	528 	528
f 528 	529 	529
f 529 	530 	530
f 530 	531 	531
f 531 	532 	532
f 532 	533 	533
f 533 	534 	534
f 534 	535 	535
f 535 	536 	536
f 536 	537 	537
f 537 	538 	538
f 538 	539 	539
f 539 	540 	540
f 540 	541 	541
f 541 	542 	542
f 542 	543 	543
f 543 	544 	544
f 544 	545 	545
f 545 	546 	546
f 546 	547 	547
f 547 	548 	548
f 548 	549 	549
f 549 	550 	550
f 550 	551 	551
f 551 	552 	552
f 552 	553 	553
f 553 	554 	554
f 554 	555 	555
f 555 	556 	556
f 556 	557 	557
f 557 	558 	558
f 558 	510 	510
# 288 faces

 #end of obj_8

o obj_9
v -9.0244 		0.4484 		15.8567
v -1.2402 		0.6167 		15.3567
v -1.2368 		0.5899 		15.361
v -1.2335 		0.5634 		15.3737
v -1.2302 		0.5379 		15.3947
v -1.2271 		0.5137 		15.4237
v -1.2243 		0.4913 		15.46
v -1.2217 		0.4711 		15.5031
v -1.2195 		0.4533 		15.5523
v -1.2176 		0.4383 		15.6067
v -1.2161 		0.4264 		15.6653
v -1.215 		0.4177 		15.7273
v -1.2143 		0.4125 		15.7914
v -1.2141 		0.4107 		15.8567
v -1.2143 		0.4125 		15.9219
v -1.215 		0.4177 		15.9861
v -1.2161 		0.4264 		16.048
v -1.2176 		0.4383 		16.1067
v -1.2195 		0.4533 		16.1611
v -1.2217 		0.4711 		16.2102
v -1.2243 		0.4913 		16.2534
v -1.2271 		0.5137 		16.2897
v -1.2302 		0.5379 		16.3186
v -1.2335 		0.5634 		16.3396
v -1.2368 		0.5899 		16.3524
v -1.2402 		0.6167 		16.3567
v -1.2436 		0.6436 		16.3524
v -1.247 		0.6701 		16.3396
v -1.2502 		0.6956 		16.3186
v -1.2533 		0.7198 		16.2897
v -1.2562 		0.7422 		16.2534
v -1.2587 		0.7624 		16.2102
v -1.261 		0.7802 		16.1611
v -1.2629 		0.7952 		16.1067
v -1.2644 		0.8071 		16.048
v -1.2655 		0.8158 		15.9861
v -1.2662 		0.821 		15.9219
v -1.2664 		0.8228 		15.8567
v -1.2662 		0.821 		15.7914
v -1.2655 		0.8158 		15.7273
v -1.2644 		0.8071 		15.6653
v -1.2629 		0.7952 		15.6067
v -1.261 		0.7802 		15.5523
v -1.2587 		0.7624 		15.5031
v -1.2562 		0.7422 		15.46
v -1.2533 		0.7198 		15.4237
v -1.2502 		0.6956 		15.3947
v -1.247 		0.6701 		15.3737
v -1.2436 		0.6436 		15.361
v -1.2402 		0.6167 		15.8567
# 50 vertices

g group_9_16768282

usemtl color_16768282
s 0

f 560 	561 	559
f 561 	562 	559
f 562 	563 	559
f 563 	564 	559
f 564 	565 	559
f 565 	566 	559
f 566 	567 	559
f 567 	568 	559
f 568 	569 	559
f 569 	570 	559
f 570 	571 	559
f 571 	572 	559
f 572 	573 	559
f 573 	574 	559
f 574 	575 	559
f 575 	576 	559
f 576 	577 	559
f 577 	578 	559
f 578 	579 	559
f 579 	580 	559
f 580 	581 	559
f 581 	582 	559
f 582 	583 	559
f 583 	584 	559
f 584 	585 	559
f 585 	586 	559
f 586 	587 	559
f 587 	588 	559
f 588 	589 	559
f 589 	590 	559
f 590 	591 	559
f 591 	592 	559
f 592 	593 	559
f 593 	594 	559
f 594 	595 	559
f 595 	596 	559
f 596 	597 	559
f 597 	598 	559
f 598 	599 	559
f 599 	600 	559
f 600 	601 	559
f 601 	602 	559
f 602 	603 	559
f 603 	604 	559
f 604 	605 	559
f 605 	606 	559
f 606 	607 	559
f 607 	560 	559
f 561 	560 	608
f 562 	561 	608
f 563 	562 	608
f 564 	563 	608
f 565 	564 	608
f 566 	565 	608
f 567 	566 	608
f 568 	567 	608
f 569 	568 	608
f 570 	569 	608
f 571 	570 	608
f 572 	571 	608
f 573 	572 	608
f 574 	573 	608
f 575 	574 	608
f 576 	575 	608
f 577 	576 	608
f 578 	577 	608
f 579 	578 	608
f 580 	579 	608
f 581 	580 	608
f 582 	581 	608
f 583 	582 	608
f 584 	583 	608
f 585 	584 	608
f 586 	585 	608
f 587 	586 	608
f 588 	587 	608
f 589 	588 	608
f 590 	589 	608
f 591 	590 	608
f 592 	591 	608
f 593 	592 	608
f 594 	593 	608
f 595 	594 	608
f 596 	595 	608
f 597 	596 	608
f 598 	597 	608
f 599 	598 	608
f 600 	599 	608
f 601 	600 	608
f 602 	601 	608
f 603 	602 	608
f 604 	603 	608
f 605 	604 	608
f 606 	605 	608
f 607 	606 	608
f 560 	607 	608
# 96 faces

 #end of obj_9

o obj_10
v 9.3665 		-1.4786 		15.361
v 9.3631 		-1.4517 		15.3567
v 9.3631 		-1.4517 		15.8567
v 9.3699 		-1.5051 		15.3737
v 9.3731 		-1.5306 		15.3947
v 9.3762 		-1.5548 		15.4237
v 9.379 		-1.5772 		15.46
v 9.3816 		-1.5974 		15.5031
v 9.3839 		-1.6152 		15.5523
v 9.3858 		-1.6302 		15.6067
v 9.3873 		-1.6421 		15.6653
v 9.3884 		-1.6508 		15.7273
v 9.389 		-1.656 		15.7914
v 9.3893 		-1.6578 		15.8567
v 9.389 		-1.656 		15.9219
v 9.3884 		-1.6508 		15.9861
v 9.3873 		-1.6421 		16.048
v 9.3858 		-1.6302 		16.1067
v 9.3839 		-1.6152 		16.1611
v 9.3816 		-1.5974 		16.2102
v 9.379 		-1.5772 		16.2534
v 9.3762 		-1.5548 		16.2897
v 9.3731 		-1.5306 		16.3186
v 9.3699 		-1.5051 		16.3396
v 9.3665 		-1.4786 		16.3524
v 9.3631 		-1.4517 		16.3567
v 9.3597 		-1.4248 		16.3524
v 9.3563 		-1.3984 		16.3396
v 9.3531 		-1.3729 		16.3186
v 9.35 		-1.3487 		16.2897
v 9.3472 		-1.3263 		16.2534
v 9.3446 		-1.306 		16.2102
v 9.3423 		-1.2883 		16.1611
v 9.3404 		-1.2733 		16.1067
v 9.3389 		-1.2614 		16.048
v 9.3378 		-1.2527 		15.9861
v 9.3371 		-1.2475 		15.9219
v 9.3369 		-1.2457 		15.8567
v 9.3371 		-1.2475 		15.7914
v 9.3378 		-1.2527 		15.7273
v 9.3389 		-1.2614 		15.6653
v 9.3404 		-1.2733 		15.6067
v 9.3423 		-1.2883 		15.5523
v 9.3446 		-1.306 		15.5031
v 9.3472 		-1.3263 		15.46
v 9.35 		-1.3487 		15.4237
v 9.3531 		-1.3729 		15.3947
v 9.3563 		-1.3984 		15.3737
v 9.3597 		-1.4248 		15.361
v 1.1692 		-1.6289 		15.3567
v 1.1726 		-1.6558 		15.361
v 1.1692 		-1.6289 		15.8567
v 1.176 		-1.6823 		15.3737
v 1.1792 		-1.7078 		15.3947
v 1.1823 		-1.732 		15.4237
v 1.1851 		-1.7544 		15.46
v 1.1877 		-1.7746 		15.5031
v 1.19 		-1.7924 		15.5523
v 1.1919 		-1.8074 		15.6067
v 1.1934 		-1.8193 		15.6653
v 1.1945 		-1.828 		15.7273
v 1.1952 		-1.8332 		15.7914
v 1.1954 		-1.835 		15.8567
v 1.1952 		-1.8332 		15.9219
v 1.1945 		-1.828 		15.9861
v 1.1934 		-1.8193 		16.048
v 1.1919 		-1.8074 		16.1067
v 1.19 		-1.7924 		16.1611
v 1.1877 		-1.7746 		16.2102
v 1.1851 		-1.7544 		16.2534
v 1.1823 		-1.732 		16.2897
v 1.1792 		-1.7078 		16.3186
v 1.176 		-1.6823 		16.3396
v 1.1726 		-1.6558 		16.3524
v 1.1692 		-1.6289 		16.3567
v 1.1658 		-1.6021 		16.3524
v 1.1624 		-1.5756 		16.3396
v 1.1592 		-1.5501 		16.3186
v 1.1561 		-1.5259 		16.2897
v 1.1533 		-1.5035 		16.2534
v 1.1507 		-1.4832 		16.2102
v 1.1484 		-1.4655 		16.1611
v 1.1465 		-1.4505 		16.1067
v 1.145 		-1.4386 		16.048
v 1.1439 		-1.4299 		15.9861
v 1.1433 		-1.4247 		15.9219
v 1.143 		-1.4229 		15.8567
v 1.1433 		-1.4247 		15.7914
v 1.1439 		-1.4299 		15.7273
v 1.145 		-1.4386 		15.6653
v 1.1465 		-1.4505 		15.6067
v 1.1484 		-1.4655 		15.5523
v 1.1507 		-1.4832 		15.5031
v 1.1533 		-1.5035 		15.46
v 1.1561 		-1.5259 		15.4237
v 1.1592 		-1.5501 		15.3947
v 1.1624 		-1.5756 		15.3737
v 1.1658 		-1.6021 		15.361
# 98 vertices

g group_10_16768282

usemtl color_16768282
s 0

f 609 	610 	611
f 612 	609 	611
f 613 	612 	611
f 614 	613 	611
f 615 	614 	611
f 616 	615 	611
f 617 	616 	611
f 618 	617 	611
f 619 	618 	611
f 620 	619 	611
f 621 	620 	611
f 622 	621 	611
f 623 	622 	611
f 624 	623 	611
f 625 	624 	611
f 626 	625 	611
f 627 	626 	611
f 628 	627 	611
f 629 	628 	611
f 630 	629 	611
f 631 	630 	611
f 632 	631 	611
f 633 	632 	611
f 634 	633 	611
f 635 	634 	611
f 636 	635 	611
f 637 	636 	611
f 638 	637 	611
f 639 	638 	611
f 640 	639 	611
f 641 	640 	611
f 642 	641 	611
f 643 	642 	611
f 644 	643 	611
f 645 	644 	611
f 646 	645 	611
f 647 	646 	611
f 648 	647 	611
f 649 	648 	611
f 650 	649 	611
f 651 	650 	611
f 652 	651 	611
f 653 	652 	611
f 654 	653 	611
f 655 	654 	611
f 656 	655 	611
f 657 	656 	611
f 610 	657 	611
f 658 	659 	660
f 659 	661 	660
f 661 	662 	660
f 662 	663 	660
f 663 	664 	660
f 664 	665 	660
f 665 	666 	660
f 666 	667 	660
f 667 	668 	660
f 668 	669 	660
f 669 	670 	660
f 670 	671 	660
f 671 	672 	660
f 672 	673 	660
f 673 	674 	660
f 674 	675 	660
f 675 	676 	660
f 676 	677 	660
f 677 	678 	660
f 678 	679 	660
f 679 	680 	660
f 680 	681 	660
f 681 	682 	660
f 682 	683 	660
f 683 	684 	660
f 684 	685 	660
f 685 	686 	660
f 686 	687 	660
f 687 	688 	660
f 688 	689 	660
f 689 	690 	660
f 690 	691 	660
f 691 	692 	660
f 692 	693 	660
f 693 	694 	660
f 694 	695 	660
f 695 	696 	660
f 696 	697 	660
f 697 	698 	660
f 698 	699 	660
f 699 	700 	660
f 700 	701 	660
f 701 	702 	660
f 702 	703 	660
f 703 	704 	660
f 704 	705 	660
f 705 	706 	660
f 706 	658 	660
f 610 	609 	609
f 609 	612 	612
f 612 	613 	613
f 613 	614 	614
f 614 	615 	615
f 615 	616 	616
f 616 	617 	617
f 617 	618 	618
f 618 	619 	619
f 619 	620 	620
f 620 	621 	621
f 621 	622 	622
f 622 	623 	623
f 623 	624 	624
f 624 	625 	625
f 625 	626 	626
f 626 	627 	627
f 627 	628 	628
f 628 	629 	629
f 629 	630 	630
f 630 	631 	631
f 631 	632 	632
f 632 	633 	633
f 633 	634 	634
f 634 	635 	635
f 635 	636 	636
f 636 	637 	637
f 637 	638 	638
f 638 	639 	639
f 639 	640 	640
f 640 	641 	641
f 641 	642 	642
f 642 	643 	643
f 643 	644 	644
f 644 	645 	645
f 645 	646 	646
f 646 	647 	647
f 647 	648 	648
f 648 	649 	649
f 649 	650 	650
f 650 	651 	651
f 651 	652 	652
f 652 	653 	653
f 653 	654 	654
f 654 	655 	655
f 655 	656 	656
f 656 	657 	657
f 657 	610 	610
f 610 	609 	659
f 610 	659 	658
f 609 	612 	661
f 609 	661 	659
f 612 	613 	662
f 612 	662 	661
f 613 	614 	663
f 613 	663 	662
f 614 	615 	664
f 614 	664 	663
f 615 	616 	665
f 615 	665 	664
f 616 	617 	666
f 616 	666 	665
f 617 	618 	667
f 617 	667 	666
f 618 	619 	668
f 618 	668 	667
f 619 	620 	669
f 619 	669 	668
f 620 	621 	670
f 620 	670 	669
f 621 	622 	671
f 621 	671 	670
f 622 	623 	672
f 622 	672 	671
f 623 	624 	673
f 623 	673 	672
f 624 	625 	674
f 624 	674 	673
f 625 	626 	675
f 625 	675 	674
f 626 	627 	676
f 626 	676 	675
f 627 	628 	677
f 627 	677 	676
f 628 	629 	678
f 628 	678 	677
f 629 	630 	679
f 629 	679 	678
f 630 	631 	680
f 630 	680 	679
f 631 	632 	681
f 631 	681 	680
f 632 	633 	682
f 632 	682 	681
f 633 	634 	683
f 633 	683 	682
f 634 	635 	684
f 634 	684 	683
f 635 	636 	685
f 635 	685 	684
f 636 	637 	686
f 636 	686 	685
f 637 	638 	687
f 637 	687 	686
f 638 	639 	688
f 638 	688 	687
f 639 	640 	689
f 639 	689 	688
f 640 	641 	690
f 640 	690 	689
f 641 	642 	691
f 641 	691 	690
f 642 	643 	692
f 642 	692 	691
f 643 	644 	693
f 643 	693 	692
f 644 	645 	694
f 644 	694 	693
f 645 	646 	695
f 645 	695 	694
f 646 	647 	696
f 646 	696 	695
f 647 	648 	697
f 647 	697 	696
f 648 	649 	698
f 648 	698 	697
f 649 	650 	699
f 649 	699 	698
f 650 	651 	700
f 650 	700 	699
f 651 	652 	701
f 651 	701 	700
f 652 	653 	702
f 652 	702 	701
f 653 	654 	703
f 653 	703 	702
f 654 	655 	704
f 654 	704 	703
f 655 	656 	705
f 655 	705 	704
f 656 	657 	706
f 656 	706 	705
f 657 	610 	658
f 657 	658 	706
f 658 	659 	659
f 659 	661 	661
f 661 	662 	662
f 662 	663 	663
f 663 	664 	664
f 664 	665 	665
f 665 	666 	666
f 666 	667 	667
f 667 	668 	668
f 668 	669 	669
f 669 	670 	670
f 670 	671 	671
f 671 	672 	672
f 672 	673 	673
f 673 	674 	674
f 674 	675 	675
f 675 	676 	676
f 676 	677 	677
f 677 	678 	678
f 678 	679 	679
f 679 	680 	680
f 680 	681 	681
f 681 	682 	682
f 682 	683 	683
f 683 	684 	684
f 684 	685 	685
f 685 	686 	686
f 686 	687 	687
f 687 	688 	688
f 688 	689 	689
f 689 	690 	690
f 690 	691 	691
f 691 	692 	692
f 692 	693 	693
f 693 	694 	694
f 694 	695 	695
f 695 	696 	696
f 696 	697 	697
f 697 	698 	698
f 698 	699 	699
f 699 	700 	700
f 700 	701 	701
f 701 	702 	702
f 702 	703 	703
f 703 	704 	704
f 704 	705 	705
f 705 	706 	706
f 706 	658 	658
# 288 faces

 #end of obj_10

o obj_11
v -6.615 		-1.7973 		15.8567
v 1.1692 		-1.6289 		15.3567
v 1.1726 		-1.6558 		15.361
v 1.176 		-1.6823 		15.3737
v 1.1792 		-1.7078 		15.3947
v 1.1823 		-1.732 		15.4237
v 1.1851 		-1.7544 		15.46
v 1.1877 		-1.7746 		15.5031
v 1.19 		-1.7924 		15.5523
v 1.1919 		-1.8074 		15.6067
v 1.1934 		-1.8193 		15.6653
v 1.1945 		-1.828 		15.7273
v 1.1952 		-1.8332 		15.7914
v 1.1954 		-1.835 		15.8567
v 1.1952 		-1.8332 		15.9219
v 1.1945 		-1.828 		15.9861
v 1.1934 		-1.8193 		16.048
v 1.1919 		-1.8074 		16.1067
v 1.19 		-1.7924 		16.1611
v 1.1877 		-1.7746 		16.2102
v 1.1851 		-1.7544 		16.2534
v 1.1823 		-1.732 		16.2897
v 1.1792 		-1.7078 		16.3186
v 1.176 		-1.6823 		16.3396
v 1.1726 		-1.6558 		16.3524
v 1.1692 		-1.6289 		16.3567
v 1.1658 		-1.6021 		16.3524
v 1.1624 		-1.5756 		16.3396
v 1.1592 		-1.5501 		16.3186
v 1.1561 		-1.5259 		16.2897
v 1.1533 		-1.5035 		16.2534
v 1.1507 		-1.4832 		16.2102
v 1.1484 		-1.4655 		16.1611
v 1.1465 		-1.4505 		16.1067
v 1.145 		-1.4386 		16.048
v 1.1439 		-1.4299 		15.9861
v 1.1433 		-1.4247 		15.9219
v 1.143 		-1.4229 		15.8567
v 1.1433 		-1.4247 		15.7914
v 1.1439 		-1.4299 		15.7273
v 1.145 		-1.4386 		15.6653
v 1.1465 		-1.4505 		15.6067
v 1.1484 		-1.4655 		15.5523
v 1.1507 		-1.4832 		15.5031
v 1.1533 		-1.5035 		15.46
v 1.1561 		-1.5259 		15.4237
v 1.1592 		-1.5501 		15.3947
v 1.1624 		-1.5756 		15.3737
v 1.1658 		-1.6021 		15.361
v 1.1692 		-1.6289 		15.8567
# 50 vertices

g group_11_16768282

usemtl color_16768282
s 0

f 708 	709 	707
f 709 	710 	707
f 710 	711 	707
f 711 	712 	707
f 712 	713 	707
f 713 	714 	707
f 714 	715 	707
f 715 	716 	707
f 716 	717 	707
f 717 	718 	707
f 718 	719 	707
f 719 	720 	707
f 720 	721 	707
f 721 	722 	707
f 722 	723 	707
f 723 	724 	707
f 724 	725 	707
f 725 	726 	707
f 726 	727 	707
f 727 	728 	707
f 728 	729 	707
f 729 	730 	707
f 730 	731 	707
f 731 	732 	707
f 732 	733 	707
f 733 	734 	707
f 734 	735 	707
f 735 	736 	707
f 736 	737 	707
f 737 	738 	707
f 738 	739 	707
f 739 	740 	707
f 740 	741 	707
f 741 	742 	707
f 742 	743 	707
f 743 	744 	707
f 744 	745 	707
f 745 	746 	707
f 746 	747 	707
f 747 	748 	707
f 748 	749 	707
f 749 	750 	707
f 750 	751 	707
f 751 	752 	707
f 752 	753 	707
f 753 	754 	707
f 754 	755 	707
f 755 	708 	707
f 709 	708 	756
f 710 	709 	756
f 711 	710 	756
f 712 	711 	756
f 713 	712 	756
f 714 	713 	756
f 715 	714 	756
f 716 	715 	756
f 717 	716 	756
f 718 	717 	756
f 719 	718 	756
f 720 	719 	756
f 721 	720 	756
f 722 	721 	756
f 723 	722 	756
f 724 	723 	756
f 725 	724 	756
f 726 	725 	756
f 727 	726 	756
f 728 	727 	756
f 729 	728 	756
f 730 	729 	756
f 731 	730 	756
f 732 	731 	756
f 733 	732 	756
f 734 	733 	756
f 735 	734 	756
f 736 	735 	756
f 737 	736 	756
f 738 	737 	756
f 739 	738 	756
f 740 	739 	756
f 741 	740 	756
f 742 	741 	756
f 743 	742 	756
f 744 	743 	756
f 745 	744 	756
f 746 	745 	756
f 747 	746 	756
f 748 	747 	756
f 749 	748 	756
f 750 	749 	756
f 751 	750 	756
f 752 	751 	756
f 753 	752 	756
f 754 	753 	756
f 755 	754 	756
f 708 	755 	756
# 96 faces

 #end of obj_11

o obj_12
v 7.1371 		-0.6503 		15.361
v 7.1337 		-0.6234 		15.3567
v 7.1337 		-0.6234 		15.8567
v 7.1404 		-0.6767 		15.3737
v 7.1437 		-0.7022 		15.3947
v 7.1467 		-0.7264 		15.4237
v 7.1496 		-0.7488 		15.46
v 7.1522 		-0.7691 		15.5031
v 7.1544 		-0.7868 		15.5523
v 7.1563 		-0.8018 		15.6067
v 7.1578 		-0.8137 		15.6653
v 7.1589 		-0.8224 		15.7273
v 7.1596 		-0.8277 		15.7914
v 7.1598 		-0.8294 		15.8567
v 7.1596 		-0.8277 		15.9219
v 7.1589 		-0.8224 		15.9861
v 7.1578 		-0.8137 		16.048
v 7.1563 		-0.8018 		16.1067
v 7.1544 		-0.7868 		16.1611
v 7.1522 		-0.7691 		16.2102
v 7.1496 		-0.7488 		16.2534
v 7.1467 		-0.7264 		16.2897
v 7.1437 		-0.7022 		16.3186
v 7.1404 		-0.6767 		16.3396
v 7.1371 		-0.6503 		16.3524
v 7.1337 		-0.6234 		16.3567
v 7.1302 		-0.5965 		16.3524
v 7.1269 		-0.57 		16.3396
v 7.1236 		-0.5445 		16.3186
v 7.1206 		-0.5204 		16.2897
v 7.1177 		-0.4979 		16.2534
v 7.1152 		-0.4777 		16.2102
v 7.1129 		-0.4599 		16.1611
v 7.111 		-0.4449 		16.1067
v 7.1095 		-0.433 		16.048
v 7.1084 		-0.4243 		15.9861
v 7.1077 		-0.4191 		15.9219
v 7.1075 		-0.4173 		15.8567
v 7.1077 		-0.4191 		15.7914
v 7.1084 		-0.4243 		15.7273
v 7.1095 		-0.433 		15.6653
v 7.111 		-0.4449 		15.6067
v 7.1129 		-0.4599 		15.5523
v 7.1152 		-0.4777 		15.5031
v 7.1177 		-0.4979 		15.46
v 7.1206 		-0.5204 		15.4237
v 7.1236 		-0.5445 		15.3947
v 7.1269 		-0.57 		15.3737
v 7.1302 		-0.5965 		15.361
v -1.0602 		-0.8006 		15.3567
v -1.0568 		-0.8275 		15.361
v -1.0602 		-0.8006 		15.8567
v -1.0535 		-0.8539 		15.3737
v -1.0502 		-0.8794 		15.3947
v -1.0471 		-0.9036 		15.4237
v -1.0443 		-0.926 		15.46
v -1.0417 		-0.9463 		15.5031
v -1.0395 		-0.964 		15.5523
v -1.0376 		-0.979 		15.6067
v -1.036 		-0.9909 		15.6653
v -1.0349 		-0.9996 		15.7273
v -1.0343 		-1.0049 		15.7914
v -1.0341 		-1.0066 		15.8567
v -1.0343 		-1.0049 		15.9219
v -1.0349 		-0.9996 		15.9861
v -1.036 		-0.9909 		16.048
v -1.0376 		-0.979 		16.1067
v -1.0395 		-0.964 		16.1611
v -1.0417 		-0.9463 		16.2102
v -1.0443 		-0.926 		16.2534
v -1.0471 		-0.9036 		16.2897
v -1.0502 		-0.8794 		16.3186
v -1.0535 		-0.8539 		16.3396
v -1.0568 		-0.8275 		16.3524
v -1.0602 		-0.8006 		16.3567
v -1.0636 		-0.7737 		16.3524
v -1.067 		-0.7473 		16.3396
v -1.0702 		-0.7217 		16.3186
v -1.0733 		-0.6976 		16.2897
v -1.0762 		-0.6751 		16.2534
v -1.0787 		-0.6549 		16.2102
v -1.081 		-0.6371 		16.1611
v -1.0829 		-0.6221 		16.1067
v -1.0844 		-0.6102 		16.048
v -1.0855 		-0.6016 		15.9861
v -1.0862 		-0.5963 		15.9219
v -1.0864 		-0.5945 		15.8567
v -1.0862 		-0.5963 		15.7914
v -1.0855 		-0.6016 		15.7273
v -1.0844 		-0.6102 		15.6653
v -1.0829 		-0.6221 		15.6067
v -1.081 		-0.6371 		15.5523
v -1.0787 		-0.6549 		15.5031
v -1.0762 		-0.6751 		15.46
v -1.0733 		-0.6976 		15.4237
v -1.0702 		-0.7217 		15.3947
v -1.067 		-0.7473 		15.3737
v -1.0636 		-0.7737 		15.361
# 98 vertices

g group_12_16768282

usemtl color_16768282
s 0

f 757 	758 	759
f 760 	757 	759
f 761 	760 	759
f 762 	761 	759
f 763 	762 	759
f 764 	763 	759
f 765 	764 	759
f 766 	765 	759
f 767 	766 	759
f 768 	767 	759
f 769 	768 	759
f 770 	769 	759
f 771 	770 	759
f 772 	771 	759
f 773 	772 	759
f 774 	773 	759
f 775 	774 	759
f 776 	775 	759
f 777 	776 	759
f 778 	777 	759
f 779 	778 	759
f 780 	779 	759
f 781 	780 	759
f 782 	781 	759
f 783 	782 	759
f 784 	783 	759
f 785 	784 	759
f 786 	785 	759
f 787 	786 	759
f 788 	787 	759
f 789 	788 	759
f 790 	789 	759
f 791 	790 	759
f 792 	791 	759
f 793 	792 	759
f 794 	793 	759
f 795 	794 	759
f 796 	795 	759
f 797 	796 	759
f 798 	797 	759
f 799 	798 	759
f 800 	799 	759
f 801 	800 	759
f 802 	801 	759
f 803 	802 	759
f 804 	803 	759
f 805 	804 	759
f 758 	805 	759
f 806 	807 	808
f 807 	809 	808
f 809 	810 	808
f 810 	811 	808
f 811 	812 	808
f 812 	813 	808
f 813 	814 	808
f 814 	815 	808
f 815 	816 	808
f 816 	817 	808
f 817 	818 	808
f 818 	819 	808
f 819 	820 	808
f 820 	821 	808
f 821 	822 	808
f 822 	823 	808
f 823 	824 	808
f 824 	825 	808
f 825 	826 	808
f 826 	827 	808
f 827 	828 	808
f 828 	829 	808
f 829 	830 	808
f 830 	831 	808
f 831 	832 	808
f 832 	833 	808
f 833 	834 	808
f 834 	835 	808
f 835 	836 	808
f 836 	837 	808
f 837 	838 	808
f 838 	839 	808
f 839 	840 	808
f 840 	841 	808
f 841 	842 	808
f 842 	843 	808
f 843 	844 	808
f 844 	845 	808
f 845 	846 	808
f 846 	847 	808
f 847 	848 	808
f 848 	849 	808
f 849 	850 	808
f 850 	851 	808
f 851 	852 	808
f 852 	853 	808
f 853 	854 	808
f 854 	806 	808
f 758 	757 	757
f 757 	760 	760
f 760 	761 	761
f 761 	762 	762
f 762 	763 	763
f 763 	764 	764
f 764 	765 	765
f 765 	766 	766
f 766 	767 	767
f 767 	768 	768
f 768 	769 	769
f 769 	770 	770
f 770 	771 	771
f 771 	772 	772
f 772 	773 	773
f 773 	774 	774
f 774 	775 	775
f 775 	776 	776
f 776 	777 	777
f 777 	778 	778
f 778 	779 	779
f 779 	780 	780
f 780 	781 	781
f 781 	782 	782
f 782 	783 	783
f 783 	784 	784
f 784 	785 	785
f 785 	786 	786
f 786 	787 	787
f 787 	788 	788
f 788 	789 	789
f 789 	790 	790
f 790 	791 	791
f 791 	792 	792
f 792 	793 	793
f 793 	794 	794
f 794 	795 	795
f 795 	796 	796
f 796 	797 	797
f 797 	798 	798
f 798 	799 	799
f 799 	800 	800
f 800 	801 	801
f 801 	802 	802
f 802 	803 	803
f 803 	804 	804
f 804 	805 	805
f 805 	758 	758
f 758 	757 	807
f 758 	807 	806
f 757 	760 	809
f 757 	809 	807
f 760 	761 	810
f 760 	810 	809
f 761 	762 	811
f 761 	811 	810
f 762 	763 	812
f 762 	812 	811
f 763 	764 	813
f 763 	813 	812
f 764 	765 	814
f 764 	814 	813
f 765 	766 	815
f 765 	815 	814
f 766 	767 	816
f 766 	816 	815
f 767 	768 	817
f 767 	817 	816
f 768 	769 	818
f 768 	818 	817
f 769 	770 	819
f 769 	819 	818
f 770 	771 	820
f 770 	820 	819
f 771 	772 	821
f 771 	821 	820
f 772 	773 	822
f 772 	822 	821
f 773 	774 	823
f 773 	823 	822
f 774 	775 	824
f 774 	824 	823
f 775 	776 	825
f 775 	825 	824
f 776 	777 	826
f 776 	826 	825
f 777 	778 	827
f 777 	827 	826
f 778 	779 	828
f 778 	828 	827
f 779 	780 	829
f 779 	829 	828
f 780 	781 	830
f 780 	830 	829
f 781 	782 	831
f 781 	831 	830
f 782 	783 	832
f 782 	832 	831
f 783 	784 	833
f 783 	833 	832
f 784 	785 	834
f 784 	834 	833
f 785 	786 	835
f 785 	835 	834
f 786 	787 	836
f 786 	836 	835
f 787 	788 	837
f 787 	837 	836
f 788 	789 	838
f 788 	838 	837
f 789 	790 	839
f 789 	839 	838
f 790 	791 	840
f 790 	840 	839
f 791 	792 	841
f 791 	841 	840
f 792 	793 	842
f 792 	842 	841
f 793 	794 	843
f 793 	843 	842
f 794 	795 	844
f 794 	844 	843
f 795 	796 	845
f 795 	845 	844
f 796 	797 	846
f 796 	846 	845
f 797 	798 	847
f 797 	847 	846
f 798 	799 	848
f 798 	848 	847
f 799 	800 	849
f 799 	849 	848
f 800 	801 	850
f 800 	850 	849
f 801 	802 	851
f 801 	851 	850
f 802 	803 	852
f 802 	852 	851
f 803 	804 	853
f 803 	853 	852
f 804 	805 	854
f 804 	854 	853
f 805 	758 	806
f 805 	806 	854
f 806 	807 	807
f 807 	809 	809
f 809 	810 	810
f 810 	811 	811
f 811 	812 	812
f 812 	813 	813
f 813 	814 	814
f 814 	815 	815
f 815 	816 	816
f 816 	817 	817
f 817 	818 	818
f 818 	819 	819
f 819 	820 	820
f 820 	821 	821
f 821 	822 	822
f 822 	823 	823
f 823 	824 	824
f 824 	825 	825
f 825 	826 	826
f 826 	827 	827
f 827 	828 	828
f 828 	829 	829
f 829 	830 	830
f 830 	831 	831
f 831 	832 	832
f 832 	833 	833
f 833 	834 	834
f 834 	835 	835
f 835 	836 	836
f 836 	837 	837
f 837 	838 	838
f 838 	839 	839
f 839 	840 	840
f 840 	841 	841
f 841 	842 	842
f 842 	843 	843
f 843 	844 	844
f 844 	845 	845
f 845 	846 	846
f 846 	847 	847
f 847 	848 	848
f 848 	849 	849
f 849 	850 	850
f 850 	851 	851
f 851 	852 	852
f 852 	853 	853
f 853 	854 	854
f 854 	806 	806
# 288 faces

 #end of obj_12

o obj_13
v -8.8444 		-0.9689 		15.8567
v -1.0602 		-0.8006 		15.3567
v -1.0568 		-0.8275 		15.361
v -1.0535 		-0.8539 		15.3737
v -1.0502 		-0.8794 		15.3947
v -1.0471 		-0.9036 		15.4237
v -1.0443 		-0.926 		15.46
v -1.0417 		-0.9463 		15.5031
v -1.0395 		-0.964 		15.5523
v -1.0376 		-0.979 		15.6067
v -1.036 		-0.9909 		15.6653
v -1.0349 		-0.9996 		15.7273
v -1.0343 		-1.0049 		15.7914
v -1.0341 		-1.0066 		15.8567
v -1.0343 		-1.0049 		15.9219
v -1.0349 		-0.9996 		15.9861
v -1.036 		-0.9909 		16.048
v -1.0376 		-0.979 		16.1067
v -1.0395 		-0.964 		16.1611
v -1.0417 		-0.9463 		16.2102
v -1.0443 		-0.926 		16.2534
v -1.0471 		-0.9036 		16.2897
v -1.0502 		-0.8794 		16.3186
v -1.0535 		-0.8539 		16.3396
v -1.0568 		-0.8275 		16.3524
v -1.0602 		-0.8006 		16.3567
v -1.0636 		-0.7737 		16.3524
v -1.067 		-0.7473 		16.3396
v -1.0702 		-0.7217 		16.3186
v -1.0733 		-0.6976 		16.2897
v -1.0762 		-0.6751 		16.2534
v -1.0787 		-0.6549 		16.2102
v -1.081 		-0.6371 		16.1611
v -1.0829 		-0.6221 		16.1067
v -1.0844 		-0.6102 		16.048
v -1.0855 		-0.6016 		15.9861
v -1.0862 		-0.5963 		15.9219
v -1.0864 		-0.5945 		15.8567
v -1.0862 		-0.5963 		15.7914
v -1.0855 		-0.6016 		15.7273
v -1.0844 		-0.6102 		15.6653
v -1.0829 		-0.6221 		15.6067
v -1.081 		-0.6371 		15.5523
v -1.0787 		-0.6549 		15.5031
v -1.0762 		-0.6751 		15.46
v -1.0733 		-0.6976 		15.4237
v -1.0702 		-0.7217 		15.3947
v -1.067 		-0.7473 		15.3737
v -1.0636 		-0.7737 		15.361
v -1.0602 		-0.8006 		15.8567
# 50 vertices

g group_13_16768282

usemtl color_16768282
s 0

f 856 	857 	855
f 857 	858 	855
f 858 	859 	855
f 859 	860 	855
f 860 	861 	855
f 861 	862 	855
f 862 	863 	855
f 863 	864 	855
f 864 	865 	855
f 865 	866 	855
f 866 	867 	855
f 867 	868 	855
f 868 	869 	855
f 869 	870 	855
f 870 	871 	855
f 871 	872 	855
f 872 	873 	855
f 873 	874 	855
f 874 	875 	855
f 875 	876 	855
f 876 	877 	855
f 877 	878 	855
f 878 	879 	855
f 879 	880 	855
f 880 	881 	855
f 881 	882 	855
f 882 	883 	855
f 883 	884 	855
f 884 	885 	855
f 885 	886 	855
f 886 	887 	855
f 887 	888 	855
f 888 	889 	855
f 889 	890 	855
f 890 	891 	855
f 891 	892 	855
f 892 	893 	855
f 893 	894 	855
f 894 	895 	855
f 895 	896 	855
f 896 	897 	855
f 897 	898 	855
f 898 	899 	855
f 899 	900 	855
f 900 	901 	855
f 901 	902 	855
f 902 	903 	855
f 903 	856 	855
f 857 	856 	904
f 858 	857 	904
f 859 	858 	904
f 860 	859 	904
f 861 	860 	904
f 862 	861 	904
f 863 	862 	904
f 864 	863 	904
f 865 	864 	904
f 866 	865 	904
f 867 	866 	904
f 868 	867 	904
f 869 	868 	904
f 870 	869 	904
f 871 	870 	904
f 872 	871 	904
f 873 	872 	904
f 874 	873 	904
f 875 	874 	904
f 876 	875 	904
f 877 	876 	904
f 878 	877 	904
f 879 	878 	904
f 880 	879 	904
f 881 	880 	904
f 882 	881 	904
f 883 	882 	904
f 884 	883 	904
f 885 	884 	904
f 886 	885 	904
f 887 	886 	904
f 888 	887 	904
f 889 	888 	904
f 890 	889 	904
f 891 	890 	904
f 892 	891 	904
f 893 	892 	904
f 894 	893 	904
f 895 	894 	904
f 896 	895 	904
f 897 	896 	904
f 898 	897 	904
f 899 	898 	904
f 900 	899 	904
f 901 	900 	904
f 902 	901 	904
f 903 	902 	904
f 856 	903 	904
# 96 faces

 #end of obj_13

o obj_14
v 9.5465 		-2.896 		15.361
v 9.5431 		-2.8691 		15.3567
v 9.5431 		-2.8691 		15.8567
v 9.5499 		-2.9224 		15.3737
v 9.5531 		-2.9479 		15.3947
v 9.5562 		-2.9721 		15.4237
v 9.559 		-2.9945 		15.46
v 9.5616 		-3.0148 		15.5031
v 9.5639 		-3.0325 		15.5523
v 9.5658 		-3.0475 		15.6067
v 9.5673 		-3.0594 		15.6653
v 9.5684 		-3.0681 		15.7273
v 9.569 		-3.0734 		15.7914
v 9.5693 		-3.0751 		15.8567
v 9.569 		-3.0734 		15.9219
v 9.5684 		-3.0681 		15.9861
v 9.5673 		-3.0594 		16.048
v 9.5658 		-3.0475 		16.1067
v 9.5639 		-3.0325 		16.1611
v 9.5616 		-3.0148 		16.2102
v 9.559 		-2.9945 		16.2534
v 9.5562 		-2.9721 		16.2897
v 9.5531 		-2.9479 		16.3186
v 9.5499 		-2.9224 		16.3396
v 9.5465 		-2.896 		16.3524
v 9.5431 		-2.8691 		16.3567
v 9.5397 		-2.8422 		16.3524
v 9.5363 		-2.8157 		16.3396
v 9.5331 		-2.7902 		16.3186
v 9.53 		-2.766 		16.2897
v 9.5272 		-2.7436 		16.2534
v 9.5246 		-2.7234 		16.2102
v 9.5223 		-2.7056 		16.1611
v 9.5204 		-2.6906 		16.1067
v 9.5189 		-2.6787 		16.048
v 9.5178 		-2.67 		15.9861
v 9.5171 		-2.6648 		15.9219
v 9.5169 		-2.663 		15.8567
v 9.5171 		-2.6648 		15.7914
v 9.5178 		-2.67 		15.7273
v 9.5189 		-2.6787 		15.6653
v 9.5204 		-2.6906 		15.6067
v 9.5223 		-2.7056 		15.5523
v 9.5246 		-2.7234 		15.5031
v 9.5272 		-2.7436 		15.46
v 9.53 		-2.766 		15.4237
v 9.5331 		-2.7902 		15.3947
v 9.5363 		-2.8157 		15.3737
v 9.5397 		-2.8422 		15.361
v 1.3492 		-3.0463 		15.3567
v 1.3526 		-3.0732 		15.361
v 1.3492 		-3.0463 		15.8567
v 1.356 		-3.0996 		15.3737
v 1.3592 		-3.1251 		15.3947
v 1.3623 		-3.1493 		15.4237
v 1.3651 		-3.1717 		15.46
v 1.3677 		-3.192 		15.5031
v 1.37 		-3.2097 		15.5523
v 1.3719 		-3.2247 		15.6067
v 1.3734 		-3.2366 		15.6653
v 1.3745 		-3.2453 		15.7273
v 1.3752 		-3.2506 		15.7914
v 1.3754 		-3.2523 		15.8567
v 1.3752 		-3.2506 		15.9219
v 1.3745 		-3.2453 		15.9861
v 1.3734 		-3.2366 		16.048
v 1.3719 		-3.2247 		16.1067
v 1.37 		-3.2097 		16.1611
v 1.3677 		-3.192 		16.2102
v 1.3651 		-3.1717 		16.2534
v 1.3623 		-3.1493 		16.2897
v 1.3592 		-3.1251 		16.3186
v 1.356 		-3.0996 		16.3396
v 1.3526 		-3.0732 		16.3524
v 1.3492 		-3.0463 		16.3567
v 1.3458 		-3.0194 		16.3524
v 1.3424 		-2.9929 		16.3396
v 1.3392 		-2.9674 		16.3186
v 1.3361 		-2.9433 		16.2897
v 1.3333 		-2.9208 		16.2534
v 1.3307 		-2.9006 		16.2102
v 1.3284 		-2.8828 		16.1611
v 1.3265 		-2.8678 		16.1067
v 1.325 		-2.8559 		16.048
v 1.3239 		-2.8472 		15.9861
v 1.3233 		-2.842 		15.9219
v 1.323 		-2.8402 		15.8567
v 1.3233 		-2.842 		15.7914
v 1.3239 		-2.8472 		15.7273
v 1.325 		-2.8559 		15.6653
v 1.3265 		-2.8678 		15.6067
v 1.3284 		-2.8828 		15.5523
v 1.3307 		-2.9006 		15.5031
v 1.3333 		-2.9208 		15.46
v 1.3361 		-2.9433 		15.4237
v 1.3392 		-2.9674 		15.3947
v 1.3424 		-2.9929 		15.3737
v 1.3458 		-3.0194 		15.361
# 98 vertices

g group_14_16768282

usemtl color_16768282
s 0

f 905 	906 	907
f 908 	905 	907
f 909 	908 	907
f 910 	909 	907
f 911 	910 	907
f 912 	911 	907
f 913 	912 	907
f 914 	913 	907
f 915 	914 	907
f 916 	915 	907
f 917 	916 	907
f 918 	917 	907
f 919 	918 	907
f 920 	919 	907
f 921 	920 	907
f 922 	921 	907
f 923 	922 	907
f 924 	923 	907
f 925 	924 	907
f 926 	925 	907
f 927 	926 	907
f 928 	927 	907
f 929 	928 	907
f 930 	929 	907
f 931 	930 	907
f 932 	931 	907
f 933 	932 	907
f 934 	933 	907
f 935 	934 	907
f 936 	935 	907
f 937 	936 	907
f 938 	937 	907
f 939 	938 	907
f 940 	939 	907
f 941 	940 	907
f 942 	941 	907
f 943 	942 	907
f 944 	943 	907
f 945 	944 	907
f 946 	945 	907
f 947 	946 	907
f 948 	947 	907
f 949 	948 	907
f 950 	949 	907
f 951 	950 	907
f 952 	951 	907
f 953 	952 	907
f 906 	953 	907
f 954 	955 	956
f 955 	957 	956
f 957 	958 	956
f 958 	959 	956
f 959 	960 	956
f 960 	961 	956
f 961 	962 	956
f 962 	963 	956
f 963 	964 	956
f 964 	965 	956
f 965 	966 	956
f 966 	967 	956
f 967 	968 	956
f 968 	969 	956
f 969 	970 	956
f 970 	971 	956
f 971 	972 	956
f 972 	973 	956
f 973 	974 	956
f 974 	975 	956
f 975 	976 	956
f 976 	977 	956
f 977 	978 	956
f 978 	979 	956
f 979 	980 	956
f 980 	981 	956
f 981 	982 	956
f 982 	983 	956
f 983 	984 	956
f 984 	985 	956
f 985 	986 	956
f 986 	987 	956
f 987 	988 	956
f 988 	989 	956
f 989 	990 	956
f 990 	991 	956
f 991 	992 	956
f 992 	993 	956
f 993 	994 	956
f 994 	995 	956
f 995 	996 	956
f 996 	997 	956
f 997 	998 	956
f 998 	999 	956
f 999 	1000 	956
f 1000 	1001 	956
f 1001 	1002 	956
f 1002 	954 	956
f 906 	905 	905
f 905 	908 	908
f 908 	909 	909
f 909 	910 	910
f 910 	911 	911
f 911 	912 	912
f 912 	913 	913
f 913 	914 	914
f 914 	915 	915
f 915 	916 	916
f 916 	917 	917
f 917 	918 	918
f 918 	919 	919
f 919 	920 	920
f 920 	921 	921
f 921 	922 	922
f 922 	923 	923
f 923 	924 	924
f 924 	925 	925
f 925 	926 	926
f 926 	927 	927
f 927 	928 	928
f 928 	929 	929
f 929 	930 	930
f 930 	931 	931
f 931 	932 	932
f 932 	933 	933
f 933 	934 	934
f 934 	935 	935
f 935 	936 	936
f 936 	937 	937
f 937 	938 	938
f 938 	939 	939
f 939 	940 	940
f 940 	941 	941
f 941 	942 	942
f 942 	943 	943
f 943 	944 	944
f 944 	945 	945
f 945 	946 	946
f 946 	947 	947
f 947 	948 	948
f 948 	949 	949
f 949 	950 	950
f 950 	951 	951
f 951 	952 	952
f 952 	953 	953
f 953 	906 	906
f 906 	905 	955
f 906 	955 	954
f 905 	908 	957
f 905 	957 	955
f 908 	909 	958
f 908 	958 	957
f 909 	910 	959
f 909 	959 	958
f 910 	911 	960
f 910 	960 	959
f 911 	912 	961
f 911 	961 	960
f 912 	913 	962
f 912 	962 	961
f 913 	914 	963
f 913 	963 	962
f 914 	915 	964
f 914 	964 	963
f 915 	916 	965
f 915 	965 	964
f 916 	917 	966
f 916 	966 	965
f 917 	918 	967
f 917 	967 	966
f 918 	919 	968
f 918 	968 	967
f 919 	920 	969
f 919 	969 	968
f 920 	921 	970
f 920 	970 	969
f 921 	922 	971
f 921 	971 	970
f 922 	923 	972
f 922 	972 	971
f 923 	924 	973
f 923 	973 	972
f 924 	925 	974
f 924 	974 	973
f 925 	926 	975
f 925 	975 	974
f 926 	927 	976
f 926 	976 	975
f 927 	928 	977
f 927 	977 	976
f 928 	929 	978
f 928 	978 	977
f 929 	930 	979
f 929 	979 	978
f 930 	931 	980
f 930 	980 	979
f 931 	932 	981
f 931 	981 	980
f 932 	933 	982
f 932 	982 	981
f 933 	934 	983
f 933 	983 	982
f 934 	935 	984
f 934 	984 	983
f 935 	936 	985
f 935 	985 	984
f 936 	937 	986
f 936 	986 	985
f 937 	938 	987
f 937 	987 	986
f 938 	939 	988
f 938 	988 	987
f 939 	940 	989
f 939 	989 	988
f 940 	941 	990
f 940 	990 	989
f 941 	942 	991
f 941 	991 	990
f 942 	943 	992
f 942 	992 	991
f 943 	944 	993
f 943 	993 	992
f 944 	945 	994
f 944 	994 	993
f 945 	946 	995
f 945 	995 	994
f 946 	947 	996
f 946 	996 	995
f 947 	948 	997
f 947 	997 	996
f 948 	949 	998
f 948 	998 	997
f 949 	950 	999
f 949 	999 	998
f 950 	951 	1000
f 950 	1000 	999
f 951 	952 	1001
f 951 	1001 	1000
f 952 	953 	1002
f 952 	1002 	1001
f 953 	906 	954
f 953 	954 	1002
f 954 	955 	955
f 955 	957 	957
f 957 	958 	958
f 958 	959 	959
f 959 	960 	960
f 960 	961 	961
f 961 	962 	962
f 962 	963 	963
f 963 	964 	964
f 964 	965 	965
f 965 	966 	966
f 966 	967 	967
f 967 	968 	968
f 968 	969 	969
f 969 	970 	970
f 970 	971 	971
f 971 	972 	972
f 972 	973 	973
f 973 	974 	974
f 974 	975 	975
f 975 	976 	976
f 976 	977 	977
f 977 	978 	978
f 978 	979 	979
f 979 	980 	980
f 980 	981 	981
f 981 	982 	982
f 982 	983 	983
f 983 	984 	984
f 984 	985 	985
f 985 	986 	986
f 986 	987 	987
f 987 	988 	988
f 988 	989 	989
f 989 	990 	990
f 990 	991 	991
f 991 	992 	992
f 992 	993 	993
f 993 	994 	994
f 994 	995 	995
f 995 	996 	996
f 996 	997 	997
f 997 	998 	998
f 998 	999 	999
f 999 	1000 	1000
f 1000 	1001 	1001
f 1001 	1002 	1002
f 1002 	954 	954
# 288 faces

 #end of obj_14

o obj_15
v -6.435 		-3.2146 		15.8567
v 1.3492 		-3.0463 		15.3567
v 1.3526 		-3.0732 		15.361
v 1.356 		-3.0996 		15.3737
v 1.3592 		-3.1251 		15.3947
v 1.3623 		-3.1493 		15.4237
v 1.3651 		-3.1717 		15.46
v 1.3677 		-3.192 		15.5031
v 1.37 		-3.2097 		15.5523
v 1.3719 		-3.2247 		15.6067
v 1.3734 		-3.2366 		15.6653
v 1.3745 		-3.2453 		15.7273
v 1.3752 		-3.2506 		15.7914
v 1.3754 		-3.2523 		15.8567
v 1.3752 		-3.2506 		15.9219
v 1.3745 		-3.2453 		15.9861
v 1.3734 		-3.2366 		16.048
v 1.3719 		-3.2247 		16.1067
v 1.37 		-3.2097 		16.1611
v 1.3677 		-3.192 		16.2102
v 1.3651 		-3.1717 		16.2534
v 1.3623 		-3.1493 		16.2897
v 1.3592 		-3.1251 		16.3186
v 1.356 		-3.0996 		16.3396
v 1.3526 		-3.0732 		16.3524
v 1.3492 		-3.0463 		16.3567
v 1.3458 		-3.0194 		16.3524
v 1.3424 		-2.9929 		16.3396
v 1.3392 		-2.9674 		16.3186
v 1.3361 		-2.9433 		16.2897
v 1.3333 		-2.9208 		16.2534
v 1.3307 		-2.9006 		16.2102
v 1.3284 		-2.8828 		16.1611
v 1.3265 		-2.8678 		16.1067
v 1.325 		-2.8559 		16.048
v 1.3239 		-2.8472 		15.9861
v 1.3233 		-2.842 		15.9219
v 1.323 		-2.8402 		15.8567
v 1.3233 		-2.842 		15.7914
v 1.3239 		-2.8472 		15.7273
v 1.325 		-2.8559 		15.6653
v 1.3265 		-2.8678 		15.6067
v 1.3284 		-2.8828 		15.5523
v 1.3307 		-2.9006 		15.5031
v 1.3333 		-2.9208 		15.46
v 1.3361 		-2.9433 		15.4237
v 1.3392 		-2.9674 		15.3947
v 1.3424 		-2.9929 		15.3737
v 1.3458 		-3.0194 		15.361
v 1.3492 		-3.0463 		15.8567
# 50 vertices

g group_15_16768282

usemtl color_16768282
s 0

f 1004 	1005 	1003
f 1005 	1006 	1003
f 1006 	1007 	1003
f 1007 	1008 	1003
f 1008 	1009 	1003
f 1009 	1010 	1003
f 1010 	1011 	1003
f 1011 	1012 	1003
f 1012 	1013 	1003
f 1013 	1014 	1003
f 1014 	1015 	1003
f 1015 	1016 	1003
f 1016 	1017 	1003
f 1017 	1018 	1003
f 1018 	1019 	1003
f 1019 	1020 	1003
f 1020 	1021 	1003
f 1021 	1022 	1003
f 1022 	1023 	1003
f 1023 	1024 	1003
f 1024 	1025 	1003
f 1025 	1026 	1003
f 1026 	1027 	1003
f 1027 	1028 	1003
f 1028 	1029 	1003
f 1029 	1030 	1003
f 1030 	1031 	1003
f 1031 	1032 	1003
f 1032 	1033 	1003
f 1033 	1034 	1003
f 1034 	1035 	1003
f 1035 	1036 	1003
f 1036 	1037 	1003
f 1037 	1038 	1003
f 1038 	1039 	1003
f 1039 	1040 	1003
f 1040 	1041 	1003
f 1041 	1042 	1003
f 1042 	1043 	1003
f 1043 	1044 	1003
f 1044 	1045 	1003
f 1045 	1046 	1003
f 1046 	1047 	1003
f 1047 	1048 	1003
f 1048 	1049 	1003
f 1049 	1050 	1003
f 1050 	1051 	1003
f 1051 	1004 	1003
f 1005 	1004 	1052
f 1006 	1005 	1052
f 1007 	1006 	1052
f 1008 	1007 	1052
f 1009 	1008 	1052
f 1010 	1009 	1052
f 1011 	1010 	1052
f 1012 	1011 	1052
f 1013 	1012 	1052
f 1014 	1013 	1052
f 1015 	1014 	1052
f 1016 	1015 	1052
f 1017 	1016 	1052
f 1018 	1017 	1052
f 1019 	1018 	1052
f 1020 	1019 	1052
f 1021 	1020 	1052
f 1022 	1021 	1052
f 1023 	1022 	1052
f 1024 	1023 	1052
f 1025 	1024 	1052
f 1026 	1025 	1052
f 1027 	1026 	1052
f 1028 	1027 	1052
f 1029 	1028 	1052
f 1030 	1029 	1052
f 1031 	1030 	1052
f 1032 	1031 	1052
f 1033 	1032 	1052
f 1034 	1033 	1052
f 1035 	1034 	1052
f 1036 	1035 	1052
f 1037 	1036 	1052
f 1038 	1037 	1052
f 1039 	1038 	1052
f 1040 	1039 	1052
f 1041 	1040 	1052
f 1042 	1041 	1052
f 1043 	1042 	1052
f 1044 	1043 	1052
f 1045 	1044 	1052
f 1046 	1045 	1052
f 1047 	1046 	1052
f 1048 	1047 	1052
f 1049 	1048 	1052
f 1050 	1049 	1052
f 1051 	1050 	1052
f 1004 	1051 	1052
# 96 faces

 #end of obj_15

o obj_16
v 7.3171 		-2.0676 		15.361
v 7.3137 		-2.0407 		15.3567
v 7.3137 		-2.0407 		15.8567
v 7.3204 		-2.094 		15.3737
v 7.3237 		-2.1196 		15.3947
v 7.3267 		-2.1437 		15.4237
v 7.3296 		-2.1661 		15.46
v 7.3322 		-2.1864 		15.5031
v 7.3344 		-2.2042 		15.5523
v 7.3363 		-2.2191 		15.6067
v 7.3378 		-2.2311 		15.6653
v 7.3389 		-2.2397 		15.7273
v 7.3396 		-2.245 		15.7914
v 7.3398 		-2.2467 		15.8567
v 7.3396 		-2.245 		15.9219
v 7.3389 		-2.2397 		15.9861
v 7.3378 		-2.2311 		16.048
v 7.3363 		-2.2191 		16.1067
v 7.3344 		-2.2042 		16.1611
v 7.3322 		-2.1864 		16.2102
v 7.3296 		-2.1661 		16.2534
v 7.3267 		-2.1437 		16.2897
v 7.3237 		-2.1196 		16.3186
v 7.3204 		-2.094 		16.3396
v 7.3171 		-2.0676 		16.3524
v 7.3137 		-2.0407 		16.3567
v 7.3102 		-2.0138 		16.3524
v 7.3069 		-1.9874 		16.3396
v 7.3036 		-1.9619 		16.3186
v 7.3006 		-1.9377 		16.2897
v 7.2977 		-1.9153 		16.2534
v 7.2952 		-1.895 		16.2102
v 7.2929 		-1.8772 		16.1611
v 7.291 		-1.8623 		16.1067
v 7.2895 		-1.8503 		16.048
v 7.2884 		-1.8417 		15.9861
v 7.2877 		-1.8364 		15.9219
v 7.2875 		-1.8347 		15.8567
v 7.2877 		-1.8364 		15.7914
v 7.2884 		-1.8417 		15.7273
v 7.2895 		-1.8503 		15.6653
v 7.291 		-1.8623 		15.6067
v 7.2929 		-1.8772 		15.5523
v 7.2952 		-1.895 		15.5031
v 7.2977 		-1.9153 		15.46
v 7.3006 		-1.9377 		15.4237
v 7.3036 		-1.9619 		15.3947
v 7.3069 		-1.9874 		15.3737
v 7.3102 		-2.0138 		15.361
v -0.8802 		-2.2179 		15.3567
v -0.8768 		-2.2448 		15.361
v -0.8802 		-2.2179 		15.8567
v -0.8735 		-2.2712 		15.3737
v -0.8702 		-2.2968 		15.3947
v -0.8671 		-2.3209 		15.4237
v -0.8643 		-2.3433 		15.46
v -0.8617 		-2.3636 		15.5031
v -0.8595 		-2.3814 		15.5523
v -0.8576 		-2.3963 		15.6067
v -0.856 		-2.4083 		15.6653
v -0.8549 		-2.4169 		15.7273
v -0.8543 		-2.4222 		15.7914
v -0.8541 		-2.424 		15.8567
v -0.8543 		-2.4222 		15.9219
v -0.8549 		-2.4169 		15.9861
v -0.856 		-2.4083 		16.048
v -0.8576 		-2.3963 		16.1067
v -0.8595 		-2.3814 		16.1611
v -0.8617 		-2.3636 		16.2102
v -0.8643 		-2.3433 		16.2534
v -0.8671 		-2.3209 		16.2897
v -0.8702 		-2.2968 		16.3186
v -0.8735 		-2.2712 		16.3396
v -0.8768 		-2.2448 		16.3524
v -0.8802 		-2.2179 		16.3567
v -0.8836 		-2.191 		16.3524
v -0.887 		-2.1646 		16.3396
v -0.8902 		-2.1391 		16.3186
v -0.8933 		-2.1149 		16.2897
v -0.8962 		-2.0925 		16.2534
v -0.8987 		-2.0722 		16.2102
v -0.901 		-2.0544 		16.1611
v -0.9029 		-2.0395 		16.1067
v -0.9044 		-2.0275 		16.048
v -0.9055 		-2.0189 		15.9861
v -0.9062 		-2.0136 		15.9219
v -0.9064 		-2.0119 		15.8567
v -0.9062 		-2.0136 		15.7914
v -0.9055 		-2.0189 		15.7273
v -0.9044 		-2.0275 		15.6653
v -0.9029 		-2.0395 		15.6067
v -0.901 		-2.0544 		15.5523
v -0.8987 		-2.0722 		15.5031
v -0.8962 		-2.0925 		15.46
v -0.8933 		-2.1149 		15.4237
v -0.8902 		-2.1391 		15.3947
v -0.887 		-2.1646 		15.3737
v -0.8836 		-2.191 		15.361
# 98 vertices

g group_16_16768282

usemtl color_16768282
s 0

f 1053 	1054 	1055
f 1056 	1053 	1055
f 1057 	1056 	1055
f 1058 	1057 	1055
f 1059 	1058 	1055
f 1060 	1059 	1055
f 1061 	1060 	1055
f 1062 	1061 	1055
f 1063 	1062 	1055
f 1064 	1063 	1055
f 1065 	1064 	1055
f 1066 	1065 	1055
f 1067 	1066 	1055
f 1068 	1067 	1055
f 1069 	1068 	1055
f 1070 	1069 	1055
f 1071 	1070 	1055
f 1072 	1071 	1055
f 1073 	1072 	1055
f 1074 	1073 	1055
f 1075 	1074 	1055
f 1076 	1075 	1055
f 1077 	1076 	1055
f 1078 	1077 	1055
f 1079 	1078 	1055
f 1080 	1079 	1055
f 1081 	1080 	1055
f 1082 	1081 	1055
f 1083 	1082 	1055
f 1084 	1083 	1055
f 1085 	1084 	1055
f 1086 	1085 	1055
f 1087 	1086 	1055
f 1088 	1087 	1055
f 1089 	1088 	1055
f 1090 	1089 	1055
f 1091 	1090 	1055
f 1092 	1091 	1055
f 1093 	1092 	1055
f 1094 	1093 	1055
f 1095 	1094 	1055
f 1096 	1095 	1055
f 1097 	1096 	1055
f 1098 	1097 	1055
f 1099 	1098 	1055
f 1100 	1099 	1055
f 1101 	1100 	1055
f 1054 	1101 	1055
f 1102 	1103 	1104
f 1103 	1105 	1104
f 1105 	1106 	1104
f 1106 	1107 	1104
f 1107 	1108 	1104
f 1108 	1109 	1104
f 1109 	1110 	1104
f 1110 	1111 	1104
f 1111 	1112 	1104
f 1112 	1113 	1104
f 1113 	1114 	1104
f 1114 	1115 	1104
f 1115 	1116 	1104
f 1116 	1117 	1104
f 1117 	1118 	1104
f 1118 	1119 	1104
f 1119 	1120 	1104
f 1120 	1121 	1104
f 1121 	1122 	1104
f 1122 	1123 	1104
f 1123 	1124 	1104
f 1124 	1125 	1104
f 1125 	1126 	1104
f 1126 	1127 	1104
f 1127 	1128 	1104
f 1128 	1129 	1104
f 1129 	1130 	1104
f 1130 	1131 	1104
f 1131 	1132 	1104
f 1132 	1133 	1104
f 1133 	1134 	1104
f 1134 	1135 	1104
f 1135 	1136 	1104
f 1136 	1137 	1104
f 1137 	1138 	1104
f 1138 	1139 	1104
f 1139 	1140 	1104
f 1140 	1141 	1104
f 1141 	1142 	1104
f 1142 	1143 	1104
f 1143 	1144 	1104
f 1144 	1145 	1104
f 1145 	1146 	1104
f 1146 	1147 	1104
f 1147 	1148 	1104
f 1148 	1149 	1104
f 1149 	1150 	1104
f 1150 	1102 	1104
f 1054 	1053 	1053
f 1053 	1056 	1056
f 1056 	1057 	1057
f 1057 	1058 	1058
f 1058 	1059 	1059
f 1059 	1060 	1060
f 1060 	1061 	1061
f 1061 	1062 	1062
f 1062 	1063 	1063
f 1063 	1064 	1064
f 1064 	1065 	1065
f 1065 	1066 	1066
f 1066 	1067 	1067
f 1067 	1068 	1068
f 1068 	1069 	1069
f 1069 	1070 	1070
f 1070 	1071 	1071
f 1071 	1072 	1072
f 1072 	1073 	1073
f 1073 	1074 	1074
f 1074 	1075 	1075
f 1075 	1076 	1076
f 1076 	1077 	1077
f 1077 	1078 	1078
f 1078 	1079 	1079
f 1079 	1080 	1080
f 1080 	1081 	1081
f 1081 	1082 	1082
f 1082 	1083 	1083
f 1083 	1084 	1084
f 1084 	1085 	1085
f 1085 	1086 	1086
f 1086 	1087 	1087
f 1087 	1088 	1088
f 1088 	1089 	1089
f 1089 	1090 	1090
f 1090 	1091 	1091
f 1091 	1092 	1092
f 1092 	1093 	1093
f 1093 	1094 	1094
f 1094 	1095 	1095
f 1095 	1096 	1096
f 1096 	1097 	1097
f 1097 	1098 	1098
f 1098 	1099 	1099
f 1099 	1100 	1100
f 1100 	1101 	1101
f 1101 	1054 	1054
f 1054 	1053 	1103
f 1054 	1103 	1102
f 1053 	1056 	1105
f 1053 	1105 	1103
f 1056 	1057 	1106
f 1056 	1106 	1105
f 1057 	1058 	1107
f 1057 	1107 	1106
f 1058 	1059 	1108
f 1058 	1108 	1107
f 1059 	1060 	1109
f 1059 	1109 	1108
f 1060 	1061 	1110
f 1060 	1110 	1109
f 1061 	1062 	1111
f 1061 	1111 	1110
f 1062 	1063 	1112
f 1062 	1112 	1111
f 1063 	1064 	1113
f 1063 	1113 	1112
f 1064 	1065 	1114
f 1064 	1114 	1113
f 1065 	1066 	1115
f 1065 	1115 	1114
f 1066 	1067 	1116
f 1066 	1116 	1115
f 1067 	1068 	1117
f 1067 	1117 	1116
f 1068 	1069 	1118
f 1068 	1118 	1117
f 1069 	1070 	1119
f 1069 	1119 	1118
f 1070 	1071 	1120
f 1070 	1120 	1119
f 1071 	1072 	1121
f 1071 	1121 	1120
f 1072 	1073 	1122
f 1072 	1122 	1121
f 1073 	1074 	1123
f 1073 	1123 	1122
f 1074 	1075 	1124
f 1074 	1124 	1123
f 1075 	1076 	1125
f 1075 	1125 	1124
f 1076 	1077 	1126
f 1076 	1126 	1125
f 1077 	1078 	1127
f 1077 	1127 	1126
f 1078 	1079 	1128
f 1078 	1128 	1127
f 1079 	1080 	1129
f 1079 	1129 	1128
f 1080 	1081 	1130
f 1080 	1130 	1129
f 1081 	1082 	1131
f 1081 	1131 	1130
f 1082 	1083 	1132
f 1082 	1132 	1131
f 1083 	1084 	1133
f 1083 	1133 	1132
f 1084 	1085 	1134
f 1084 	1134 	1133
f 1085 	1086 	1135
f 1085 	1135 	1134
f 1086 	1087 	1136
f 1086 	1136 	1135
f 1087 	1088 	1137
f 1087 	1137 	1136
f 1088 	1089 	1138
f 1088 	1138 	1137
f 1089 	1090 	1139
f 1089 	1139 	1138
f 1090 	1091 	1140
f 1090 	1140 	1139
f 1091 	1092 	1141
f 1091 	1141 	1140
f 1092 	1093 	1142
f 1092 	1142 	1141
f 1093 	1094 	1143
f 1093 	1143 	1142
f 1094 	1095 	1144
f 1094 	1144 	1143
f 1095 	1096 	1145
f 1095 	1145 	1144
f 1096 	1097 	1146
f 1096 	1146 	1145
f 1097 	1098 	1147
f 1097 	1147 	1146
f 1098 	1099 	1148
f 1098 	1148 	1147
f 1099 	1100 	1149
f 1099 	1149 	1148
f 1100 	1101 	1150
f 1100 	1150 	1149
f 1101 	1054 	1102
f 1101 	1102 	1150
f 1102 	1103 	1103
f 1103 	1105 	1105
f 1105 	1106 	1106
f 1106 	1107 	1107
f 1107 	1108 	1108
f 1108 	1109 	1109
f 1109 	1110 	1110
f 1110 	1111 	1111
f 1111 	1112 	1112
f 1112 	1113 	1113
f 1113 	1114 	1114
f 1114 	1115 	1115
f 1115 	1116 	1116
f 1116 	1117 	1117
f 1117 	1118 	1118
f 1118 	1119 	1119
f 1119 	1120 	1120
f 1120 	1121 	1121
f 1121 	1122 	1122
f 1122 	1123 	1123
f 1123 	1124 	1124
f 1124 	1125 	1125
f 1125 	1126 	1126
f 1126 	1127 	1127
f 1127 	1128 	1128
f 1128 	1129 	1129
f 1129 	1130 	1130
f 1130 	1131 	1131
f 1131 	1132 	1132
f 1132 	1133 	1133
f 1133 	1134 	1134
f 1134 	1135 	1135
f 1135 	1136 	1136
f 1136 	1137 	1137
f 1137 	1138 	1138
f 1138 	1139 	1139
f 1139 	1140 	1140
f 1140 	1141 	1141
f 1141 	1142 	1142
f 1142 	1143 	1143
f 1143 	1144 	1144
f 1144 	1145 	1145
f 1145 	1146 	1146
f 1146 	1147 	1147
f 1147 	1148 	1148
f 1148 	1149 	1149
f 1149 	1150 	1150
f 1150 	1102 	1102
# 288 faces

 #end of obj_16

o obj_17
v -8.6644 		-2.3863 		15.8567
v -0.8802 		-2.2179 		15.3567
v -0.8768 		-2.2448 		15.361
v -0.8735 		-2.2712 		15.3737
v -0.8702 		-2.2968 		15.3947
v -0.8671 		-2.3209 		15.4237
v -0.8643 		-2.3433 		15.46
v -0.8617 		-2.3636 		15.5031
v -0.8595 		-2.3814 		15.5523
v -0.8576 		-2.3963 		15.6067
v -0.856 		-2.4083 		15.6653
v -0.8549 		-2.4169 		15.7273
v -0.8543 		-2.4222 		15.7914
v -0.8541 		-2.424 		15.8567
v -0.8543 		-2.4222 		15.9219
v -0.8549 		-2.4169 		15.9861
v -0.856 		-2.4083 		16.048
v -0.8576 		-2.3963 		16.1067
v -0.8595 		-2.3814 		16.1611
v -0.8617 		-2.3636 		16.2102
v -0.8643 		-2.3433 		16.2534
v -0.8671 		-2.3209 		16.2897
v -0.8702 		-2.2968 		16.3186
v -0.8735 		-2.2712 		16.3396
v -0.8768 		-2.2448 		16.3524
v -0.8802 		-2.2179 		16.3567
v -0.8836 		-2.191 		16.3524
v -0.887 		-2.1646 		16.3396
v -0.8902 		-2.1391 		16.3186
v -0.8933 		-2.1149 		16.2897
v -0.8962 		-2.0925 		16.2534
v -0.8987 		-2.0722 		16.2102
v -0.901 		-2.0544 		16.1611
v -0.9029 		-2.0395 		16.1067
v -0.9044 		-2.0275 		16.048
v -0.9055 		-2.0189 		15.9861
v -0.9062 		-2.0136 		15.9219
v -0.9064 		-2.0119 		15.8567
v -0.9062 		-2.0136 		15.7914
v -0.9055 		-2.0189 		15.7273
v -0.9044 		-2.0275 		15.6653
v -0.9029 		-2.0395 		15.6067
v -0.901 		-2.0544 		15.5523
v -0.8987 		-2.0722 		15.5031
v -0.8962 		-2.0925 		15.46
v -0.8933 		-2.1149 		15.4237
v -0.8902 		-2.1391 		15.3947
v -0.887 		-2.1646 		15.3737
v -0.8836 		-2.191 		15.361
v -0.8802 		-2.2179 		15.8567
# 50 vertices

g group_17_16768282

usemtl color_16768282
s 0

f 1152 	1153 	1151
f 1153 	1154 	1151
f 1154 	1155 	1151
f 1155 	1156 	1151
f 1156 	1157 	1151
f 1157 	1158 	1151
f 1158 	1159 	1151
f 1159 	1160 	1151
f 1160 	1161 	1151
f 1161 	1162 	1151
f 1162 	1163 	1151
f 1163 	1164 	1151
f 1164 	1165 	1151
f 1165 	1166 	1151
f 1166 	1167 	1151
f 1167 	1168 	1151
f 1168 	1169 	1151
f 1169 	1170 	1151
f 1170 	1171 	1151
f 1171 	1172 	1151
f 1172 	1173 	1151
f 1173 	1174 	1151
f 1174 	1175 	1151
f 1175 	1176 	1151
f 1176 	1177 	1151
f 1177 	1178 	1151
f 1178 	1179 	1151
f 1179 	1180 	1151
f 1180 	1181 	1151
f 1181 	1182 	1151
f 1182 	1183 	1151
f 1183 	1184 	1151
f 1184 	1185 	1151
f 1185 	1186 	1151
f 1186 	1187 	1151
f 1187 	1188 	1151
f 1188 	1189 	1151
f 1189 	1190 	1151
f 1190 	1191 	1151
f 1191 	1192 	1151
f 1192 	1193 	1151
f 1193 	1194 	1151
f 1194 	1195 	1151
f 1195 	1196 	1151
f 1196 	1197 	1151
f 1197 	1198 	1151
f 1198 	1199 	1151
f 1199 	1152 	1151
f 1153 	1152 	1200
f 1154 	1153 	1200
f 1155 	1154 	1200
f 1156 	1155 	1200
f 1157 	1156 	1200
f 1158 	1157 	1200
f 1159 	1158 	1200
f 1160 	1159 	1200
f 1161 	1160 	1200
f 1162 	1161 	1200
f 1163 	1162 	1200
f 1164 	1163 	1200
f 1165 	1164 	1200
f 1166 	1165 	1200
f 1167 	1166 	1200
f 1168 	1167 	1200
f 1169 	1168 	1200
f 1170 	1169 	1200
f 1171 	1170 	1200
f 1172 	1171 	1200
f 1173 	1172 	1200
f 1174 	1173 	1200
f 1175 	1174 	1200
f 1176 	1175 	1200
f 1177 	1176 	1200
f 1178 	1177 	1200
f 1179 	1178 	1200
f 1180 	1179 	1200
f 1181 	1180 	1200
f 1182 	1181 	1200
f 1183 	1182 	1200
f 1184 	1183 	1200
f 1185 	1184 	1200
f 1186 	1185 	1200
f 1187 	1186 	1200
f 1188 	1187 	1200
f 1189 	1188 	1200
f 1190 	1189 	1200
f 1191 	1190 	1200
f 1192 	1191 	1200
f 1193 	1192 	1200
f 1194 	1193 	1200
f 1195 	1194 	1200
f 1196 	1195 	1200
f 1197 	1196 	1200
f 1198 	1197 	1200
f 1199 	1198 	1200
f 1152 	1199 	1200
# 96 faces

 #end of obj_17

o obj_18
v 9.7265 		-4.3133 		15.361
v 9.7231 		-4.2864 		15.3567
v 9.7231 		-4.2864 		15.8567
v 9.7299 		-4.3397 		15.3737
v 9.7331 		-4.3652 		15.3947
v 9.7362 		-4.3894 		15.4237
v 9.739 		-4.4118 		15.46
v 9.7416 		-4.4321 		15.5031
v 9.7439 		-4.4499 		15.5523
v 9.7458 		-4.4648 		15.6067
v 9.7473 		-4.4768 		15.6653
v 9.7484 		-4.4854 		15.7273
v 9.749 		-4.4907 		15.7914
v 9.7493 		-4.4924 		15.8567
v 9.749 		-4.4907 		15.9219
v 9.7484 		-4.4854 		15.9861
v 9.7473 		-4.4768 		16.048
v 9.7458 		-4.4648 		16.1067
v 9.7439 		-4.4499 		16.1611
v 9.7416 		-4.4321 		16.2102
v 9.739 		-4.4118 		16.2534
v 9.7362 		-4.3894 		16.2897
v 9.7331 		-4.3652 		16.3186
v 9.7299 		-4.3397 		16.3396
v 9.7265 		-4.3133 		16.3524
v 9.7231 		-4.2864 		16.3567
v 9.7197 		-4.2595 		16.3524
v 9.7163 		-4.2331 		16.3396
v 9.7131 		-4.2075 		16.3186
v 9.71 		-4.1834 		16.2897
v 9.7072 		-4.161 		16.2534
v 9.7046 		-4.1407 		16.2102
v 9.7023 		-4.1229 		16.1611
v 9.7004 		-4.108 		16.1067
v 9.6989 		-4.096 		16.048
v 9.6978 		-4.0874 		15.9861
v 9.6972 		-4.0821 		15.9219
v 9.6969 		-4.0803 		15.8567
v 9.6972 		-4.0821 		15.7914
v 9.6978 		-4.0874 		15.7273
v 9.6989 		-4.096 		15.6653
v 9.7004 		-4.108 		15.6067
v 9.7023 		-4.1229 		15.5523
v 9.7046 		-4.1407 		15.5031
v 9.7072 		-4.161 		15.46
v 9.71 		-4.1834 		15.4237
v 9.7131 		-4.2075 		15.3947
v 9.7163 		-4.2331 		15.3737
v 9.7197 		-4.2595 		15.361
v 1.5292 		-4.4636 		15.3567
v 1.5326 		-4.4905 		15.361
v 1.5292 		-4.4636 		15.8567
v 1.536 		-4.5169 		15.3737
v 1.5392 		-4.5425 		15.3947
v 1.5423 		-4.5666 		15.4237
v 1.5451 		-4.589 		15.46
v 1.5477 		-4.6093 		15.5031
v 1.55 		-4.6271 		15.5523
v 1.5519 		-4.642 		15.6067
v 1.5534 		-4.654 		15.6653
v 1.5545 		-4.6626 		15.7273
v 1.5552 		-4.6679 		15.7914
v 1.5554 		-4.6696 		15.8567
v 1.5552 		-4.6679 		15.9219
v 1.5545 		-4.6626 		15.9861
v 1.5534 		-4.654 		16.048
v 1.5519 		-4.642 		16.1067
v 1.55 		-4.6271 		16.1611
v 1.5477 		-4.6093 		16.2102
v 1.5451 		-4.589 		16.2534
v 1.5423 		-4.5666 		16.2897
v 1.5392 		-4.5425 		16.3186
v 1.536 		-4.5169 		16.3396
v 1.5326 		-4.4905 		16.3524
v 1.5292 		-4.4636 		16.3567
v 1.5258 		-4.4367 		16.3524
v 1.5224 		-4.4103 		16.3396
v 1.5192 		-4.3848 		16.3186
v 1.5161 		-4.3606 		16.2897
v 1.5133 		-4.3382 		16.2534
v 1.5107 		-4.3179 		16.2102
v 1.5085 		-4.3001 		16.1611
v 1.5065 		-4.2852 		16.1067
v 1.505 		-4.2732 		16.048
v 1.5039 		-4.2646 		15.9861
v 1.5033 		-4.2593 		15.9219
v 1.503 		-4.2576 		15.8567
v 1.5033 		-4.2593 		15.7914
v 1.5039 		-4.2646 		15.7273
v 1.505 		-4.2732 		15.6653
v 1.5065 		-4.2852 		15.6067
v 1.5085 		-4.3001 		15.5523
v 1.5107 		-4.3179 		15.5031
v 1.5133 		-4.3382 		15.46
v 1.5161 		-4.3606 		15.4237
v 1.5192 		-4.3848 		15.3947
v 1.5224 		-4.4103 		15.3737
v 1.5258 		-4.4367 		15.361
# 98 vertices

g group_18_16768282

usemtl color_16768282
s 0

f 1201 	1202 	1203
f 1204 	1201 	1203
f 1205 	1204 	1203
f 1206 	1205 	1203
f 1207 	1206 	1203
f 1208 	1207 	1203
f 1209 	1208 	1203
f 1210 	1209 	1203
f 1211 	1210 	1203
f 1212 	1211 	1203
f 1213 	1212 	1203
f 1214 	1213 	1203
f 1215 	1214 	1203
f 1216 	1215 	1203
f 1217 	1216 	1203
f 1218 	1217 	1203
f 1219 	1218 	1203
f 1220 	1219 	1203
f 1221 	1220 	1203
f 1222 	1221 	1203
f 1223 	1222 	1203
f 1224 	1223 	1203
f 1225 	1224 	1203
f 1226 	1225 	1203
f 1227 	1226 	1203
f 1228 	1227 	1203
f 1229 	1228 	1203
f 1230 	1229 	1203
f 1231 	1230 	1203
f 1232 	1231 	1203
f 1233 	1232 	1203
f 1234 	1233 	1203
f 1235 	1234 	1203
f 1236 	1235 	1203
f 1237 	1236 	1203
f 1238 	1237 	1203
f 1239 	1238 	1203
f 1240 	1239 	1203
f 1241 	1240 	1203
f 1242 	1241 	1203
f 1243 	1242 	1203
f 1244 	1243 	1203
f 1245 	1244 	1203
f 1246 	1245 	1203
f 1247 	1246 	1203
f 1248 	1247 	1203
f 1249 	1248 	1203
f 1202 	1249 	1203
f 1250 	1251 	1252
f 1251 	1253 	1252
f 1253 	1254 	1252
f 1254 	1255 	1252
f 1255 	1256 	1252
f 1256 	1257 	1252
f 1257 	1258 	1252
f 1258 	1259 	1252
f 1259 	1260 	1252
f 1260 	1261 	1252
f 1261 	1262 	1252
f 1262 	1263 	1252
f 1263 	1264 	1252
f 1264 	1265 	1252
f 1265 	1266 	1252
f 1266 	1267 	1252
f 1267 	1268 	1252
f 1268 	1269 	1252
f 1269 	1270 	1252
f 1270 	1271 	1252
f 1271 	1272 	1252
f 1272 	1273 	1252
f 1273 	1274 	1252
f 1274 	1275 	1252
f 1275 	1276 	1252
f 1276 	1277 	1252
f 1277 	1278 	1252
f 1278 	1279 	1252
f 1279 	1280 	1252
f 1280 	1281 	1252
f 1281 	1282 	1252
f 1282 	1283 	1252
f 1283 	1284 	1252
f 1284 	1285 	1252
f 1285 	1286 	1252
f 1286 	1287 	1252
f 1287 	1288 	1252
f 1288 	1289 	1252
f 1289 	1290 	1252
f 1290 	1291 	1252
f 1291 	1292 	1252
f 1292 	1293 	1252
f 1293 	1294 	1252
f 1294 	1295 	1252
f 1295 	1296 	1252
f 1296 	1297 	1252
f 1297 	1298 	1252
f 1298 	1250 	1252
f 1202 	1201 	1201
f 1201 	1204 	1204
f 1204 	1205 	1205
f 1205 	1206 	1206
f 1206 	1207 	1207
f 1207 	1208 	1208
f 1208 	1209 	1209
f 1209 	1210 	1210
f 1210 	1211 	1211
f 1211 	1212 	1212
f 1212 	1213 	1213
f 1213 	1214 	1214
f 1214 	1215 	1215
f 1215 	1216 	1216
f 1216 	1217 	1217
f 1217 	1218 	1218
f 1218 	1219 	1219
f 1219 	1220 	1220
f 1220 	1221 	1221
f 1221 	1222 	1222
f 1222 	1223 	1223
f 1223 	1224 	1224
f 1224 	1225 	1225
f 1225 	1226 	1226
f 1226 	1227 	1227
f 1227 	1228 	1228
f 1228 	1229 	1229
f 1229 	1230 	1230
f 1230 	1231 	1231
f 1231 	1232 	1232
f 1232 	1233 	1233
f 1233 	1234 	1234
f 1234 	1235 	1235
f 1235 	1236 	1236
f 1236 	1237 	1237
f 1237 	1238 	1238
f 1238 	1239 	1239
f 1239 	1240 	1240
f 1240 	1241 	1241
f 1241 	1242 	1242
f 1242 	1243 	1243
f 1243 	1244 	1244
f 1244 	1245 	1245
f 1245 	1246 	1246
f 1246 	1247 	1247
f 1247 	1248 	1248
f 1248 	1249 	1249
f 1249 	1202 	1202
f 1202 	1201 	1251
f 1202 	1251 	1250
f 1201 	1204 	1253
f 1201 	1253 	1251
f 1204 	1205 	1254
f 1204 	1254 	1253
f 1205 	1206 	1255
f 1205 	1255 	1254
f 1206 	1207 	1256
f 1206 	1256 	1255
f 1207 	1208 	1257
f 1207 	1257 	1256
f 1208 	1209 	1258
f 1208 	1258 	1257
f 1209 	1210 	1259
f 1209 	1259 	1258
f 1210 	1211 	1260
f 1210 	1260 	1259
f 1211 	1212 	1261
f 1211 	1261 	1260
f 1212 	1213 	1262
f 1212 	1262 	1261
f 1213 	1214 	1263
f 1213 	1263 	1262
f 1214 	1215 	1264
f 1214 	1264 	1263
f 1215 	1216 	1265
f 1215 	1265 	1264
f 1216 	1217 	1266
f 1216 	1266 	1265
f 1217 	1218 	1267
f 1217 	1267 	1266
f 1218 	1219 	1268
f 1218 	1268 	1267
f 1219 	1220 	1269
f 1219 	1269 	1268
f 1220 	1221 	1270
f 1220 	1270 	1269
f 1221 	1222 	1271
f 1221 	1271 	1270
f 1222 	1223 	1272
f 1222 	1272 	1271
f 1223 	1224 	1273
f 1223 	1273 	1272
f 1224 	1225 	1274
f 1224 	1274 	1273
f 1225 	1226 	1275
f 1225 	1275 	1274
f 1226 	1227 	1276
f 1226 	1276 	1275
f 1227 	1228 	1277
f 1227 	1277 	1276
f 1228 	1229 	1278
f 1228 	1278 	1277
f 1229 	1230 	1279
f 1229 	1279 	1278
f 1230 	1231 	1280
f 1230 	1280 	1279
f 1231 	1232 	1281
f 1231 	1281 	1280
f 1232 	1233 	1282
f 1232 	1282 	1281
f 1233 	1234 	1283
f 1233 	1283 	1282
f 1234 	1235 	1284
f 1234 	1284 	1283
f 1235 	1236 	1285
f 1235 	1285 	1284
f 1236 	1237 	1286
f 1236 	1286 	1285
f 1237 	1238 	1287
f 1237 	1287 	1286
f 1238 	1239 	1288
f 1238 	1288 	1287
f 1239 	1240 	1289
f 1239 	1289 	1288
f 1240 	1241 	1290
f 1240 	1290 	1289
f 1241 	1242 	1291
f 1241 	1291 	1290
f 1242 	1243 	1292
f 1242 	1292 	1291
f 1243 	1244 	1293
f 1243 	1293 	1292
f 1244 	1245 	1294
f 1244 	1294 	1293
f 1245 	1246 	1295
f 1245 	1295 	1294
f 1246 	1247 	1296
f 1246 	1296 	1295
f 1247 	1248 	1297
f 1247 	1297 	1296
f 1248 	1249 	1298
f 1248 	1298 	1297
f 1249 	1202 	1250
f 1249 	1250 	1298
f 1250 	1251 	1251
f 1251 	1253 	1253
f 1253 	1254 	1254
f 1254 	1255 	1255
f 1255 	1256 	1256
f 1256 	1257 	1257
f 1257 	1258 	1258
f 1258 	1259 	1259
f 1259 	1260 	1260
f 1260 	1261 	1261
f 1261 	1262 	1262
f 1262 	1263 	1263
f 1263 	1264 	1264
f 1264 	1265 	1265
f 1265 	1266 	1266
f 1266 	1267 	1267
f 1267 	1268 	1268
f 1268 	1269 	1269
f 1269 	1270 	1270
f 1270 	1271 	1271
f 1271 	1272 	1272
f 1272 	1273 	1273
f 1273 	1274 	1274
f 1274 	1275 	1275
f 1275 	1276 	1276
f 1276 	1277 	1277
f 1277 	1278 	1278
f 1278 	1279 	1279
f 1279 	1280 	1280
f 1280 	1281 	1281
f 1281 	1282 	1282
f 1282 	1283 	1283
f 1283 	1284 	1284
f 1284 	1285 	1285
f 1285 	1286 	1286
f 1286 	1287 	1287
f 1287 	1288 	1288
f 1288 	1289 	1289
f 1289 	1290 	1290
f 1290 	1291 	1291
f 1291 	1292 	1292
f 1292 	1293 	1293
f 1293 	1294 	1294
f 1294 	1295 	1295
f 1295 	1296 	1296
f 1296 	1297 	1297
f 1297 	1298 	1298
f 1298 	1250 	1250
# 288 faces

 #end of obj_18

o obj_19
v -6.255 		-4.6319 		15.8567
v 1.5292 		-4.4636 		15.3567
v 1.5326 		-4.4905 		15.361
v 1.536 		-4.5169 		15.3737
v 1.5392 		-4.5425 		15.3947
v 1.5423 		-4.5666 		15.4237
v 1.5451 		-4.589 		15.46
v 1.5477 		-4.6093 		15.5031
v 1.55 		-4.6271 		15.5523
v 1.5519 		-4.642 		15.6067
v 1.5534 		-4.654 		15.6653
v 1.5545 		-4.6626 		15.7273
v 1.5552 		-4.6679 		15.7914
v 1.5554 		-4.6696 		15.8567
v 1.5552 		-4.6679 		15.9219
v 1.5545 		-4.6626 		15.9861
v 1.5534 		-4.654 		16.048
v 1.5519 		-4.642 		16.1067
v 1.55 		-4.6271 		16.1611
v 1.5477 		-4.6093 		16.2102
v 1.5451 		-4.589 		16.2534
v 1.5423 		-4.5666 		16.2897
v 1.5392 		-4.5425 		16.3186
v 1.536 		-4.5169 		16.3396
v 1.5326 		-4.4905 		16.3524
v 1.5292 		-4.4636 		16.3567
v 1.5258 		-4.4367 		16.3524
v 1.5224 		-4.4103 		16.3396
v 1.5192 		-4.3848 		16.3186
v 1.5161 		-4.3606 		16.2897
v 1.5133 		-4.3382 		16.2534
v 1.5107 		-4.3179 		16.2102
v 1.5085 		-4.3001 		16.1611
v 1.5065 		-4.2852 		16.1067
v 1.505 		-4.2732 		16.048
v 1.5039 		-4.2646 		15.9861
v 1.5033 		-4.2593 		15.9219
v 1.503 		-4.2576 		15.8567
v 1.5033 		-4.2593 		15.7914
v 1.5039 		-4.2646 		15.7273
v 1.505 		-4.2732 		15.6653
v 1.5065 		-4.2852 		15.6067
v 1.5085 		-4.3001 		15.5523
v 1.5107 		-4.3179 		15.5031
v 1.5133 		-4.3382 		15.46
v 1.5161 		-4.3606 		15.4237
v 1.5192 		-4.3848 		15.3947
v 1.5224 		-4.4103 		15.3737
v 1.5258 		-4.4367 		15.361
v 1.5292 		-4.4636 		15.8567
# 50 vertices

g group_19_16768282

usemtl color_16768282
s 0

f 1300 	1301 	1299
f 1301 	1302 	1299
f 1302 	1303 	1299
f 1303 	1304 	1299
f 1304 	1305 	1299
f 1305 	1306 	1299
f 1306 	1307 	1299
f 1307 	1308 	1299
f 1308 	1309 	1299
f 1309 	1310 	1299
f 1310 	1311 	1299
f 1311 	1312 	1299
f 1312 	1313 	1299
f 1313 	1314 	1299
f 1314 	1315 	1299
f 1315 	1316 	1299
f 1316 	1317 	1299
f 1317 	1318 	1299
f 1318 	1319 	1299
f 1319 	1320 	1299
f 1320 	1321 	1299
f 1321 	1322 	1299
f 1322 	1323 	1299
f 1323 	1324 	1299
f 1324 	1325 	1299
f 1325 	1326 	1299
f 1326 	1327 	1299
f 1327 	1328 	1299
f 1328 	1329 	1299
f 1329 	1330 	1299
f 1330 	1331 	1299
f 1331 	1332 	1299
f 1332 	1333 	1299
f 1333 	1334 	1299
f 1334 	1335 	1299
f 1335 	1336 	1299
f 1336 	1337 	1299
f 1337 	1338 	1299
f 1338 	1339 	1299
f 1339 	1340 	1299
f 1340 	1341 	1299
f 1341 	1342 	1299
f 1342 	1343 	1299
f 1343 	1344 	1299
f 1344 	1345 	1299
f 1345 	1346 	1299
f 1346 	1347 	1299
f 1347 	1300 	1299
f 1301 	1300 	1348
f 1302 	1301 	1348
f 1303 	1302 	1348
f 1304 	1303 	1348
f 1305 	1304 	1348
f 1306 	1305 	1348
f 1307 	1306 	1348
f 1308 	1307 	1348
f 1309 	1308 	1348
f 1310 	1309 	1348
f 1311 	1310 	1348
f 1312 	1311 	1348
f 1313 	1312 	1348
f 1314 	1313 	1348
f 1315 	1314 	1348
f 1316 	1315 	1348
f 1317 	1316 	1348
f 1318 	1317 	1348
f 1319 	1318 	1348
f 1320 	1319 	1348
f 1321 	1320 	1348
f 1322 	1321 	1348
f 1323 	1322 	1348
f 1324 	1323 	1348
f 1325 	1324 	1348
f 1326 	1325 	1348
f 1327 	1326 	1348
f 1328 	1327 	1348
f 1329 	1328 	1348
f 1330 	1329 	1348
f 1331 	1330 	1348
f 1332 	1331 	1348
f 1333 	1332 	1348
f 1334 	1333 	1348
f 1335 	1334 	1348
f 1336 	1335 	1348
f 1337 	1336 	1348
f 1338 	1337 	1348
f 1339 	1338 	1348
f 1340 	1339 	1348
f 1341 	1340 	1348
f 1342 	1341 	1348
f 1343 	1342 	1348
f 1344 	1343 	1348
f 1345 	1344 	1348
f 1346 	1345 	1348
f 1347 	1346 	1348
f 1300 	1347 	1348
# 96 faces

 #end of obj_19

o obj_20
v 7.4971 		-3.4849 		15.361
v 7.4937 		-3.458 		15.3567
v 7.4937 		-3.458 		15.8567
v 7.5004 		-3.5114 		15.3737
v 7.5037 		-3.5369 		15.3947
v 7.5067 		-3.5611 		15.4237
v 7.5096 		-3.5835 		15.46
v 7.5122 		-3.6037 		15.5031
v 7.5144 		-3.6215 		15.5523
v 7.5163 		-3.6365 		15.6067
v 7.5178 		-3.6484 		15.6653
v 7.5189 		-3.6571 		15.7273
v 7.5196 		-3.6623 		15.7914
v 7.5198 		-3.6641 		15.8567
v 7.5196 		-3.6623 		15.9219
v 7.5189 		-3.6571 		15.9861
v 7.5178 		-3.6484 		16.048
v 7.5163 		-3.6365 		16.1067
v 7.5144 		-3.6215 		16.1611
v 7.5122 		-3.6037 		16.2102
v 7.5096 		-3.5835 		16.2534
v 7.5067 		-3.5611 		16.2897
v 7.5037 		-3.5369 		16.3186
v 7.5004 		-3.5114 		16.3396
v 7.4971 		-3.4849 		16.3524
v 7.4937 		-3.458 		16.3567
v 7.4902 		-3.4311 		16.3524
v 7.4869 		-3.4047 		16.3396
v 7.4836 		-3.3792 		16.3186
v 7.4806 		-3.355 		16.2897
v 7.4777 		-3.3326 		16.2534
v 7.4752 		-3.3123 		16.2102
v 7.4729 		-3.2946 		16.1611
v 7.471 		-3.2796 		16.1067
v 7.4695 		-3.2677 		16.048
v 7.4684 		-3.259 		15.9861
v 7.4677 		-3.2537 		15.9219
v 7.4675 		-3.252 		15.8567
v 7.4677 		-3.2537 		15.7914
v 7.4684 		-3.259 		15.7273
v 7.4695 		-3.2677 		15.6653
v 7.471 		-3.2796 		15.6067
v 7.4729 		-3.2946 		15.5523
v 7.4752 		-3.3123 		15.5031
v 7.4777 		-3.3326 		15.46
v 7.4806 		-3.355 		15.4237
v 7.4836 		-3.3792 		15.3947
v 7.4869 		-3.4047 		15.3737
v 7.4902 		-3.4311 		15.361
v -0.7002 		-3.6352 		15.3567
v -0.6968 		-3.6621 		15.361
v -0.7002 		-3.6352 		15.8567
v -0.6935 		-3.6886 		15.3737
v -0.6902 		-3.7141 		15.3947
v -0.6871 		-3.7383 		15.4237
v -0.6843 		-3.7607 		15.46
v -0.6817 		-3.7809 		15.5031
v -0.6795 		-3.7987 		15.5523
v -0.6776 		-3.8137 		15.6067
v -0.676 		-3.8256 		15.6653
v -0.6749 		-3.8343 		15.7273
v -0.6743 		-3.8395 		15.7914
v -0.6741 		-3.8413 		15.8567
v -0.6743 		-3.8395 		15.9219
v -0.6749 		-3.8343 		15.9861
v -0.676 		-3.8256 		16.048
v -0.6776 		-3.8137 		16.1067
v -0.6795 		-3.7987 		16.1611
v -0.6817 		-3.7809 		16.2102
v -0.6843 		-3.7607 		16.2534
v -0.6871 		-3.7383 		16.2897
v -0.6902 		-3.7141 		16.3186
v -0.6935 		-3.6886 		16.3396
v -0.6968 		-3.6621 		16.3524
v -0.7002 		-3.6352 		16.3567
v -0.7036 		-3.6083 		16.3524
v -0.707 		-3.5819 		16.3396
v -0.7102 		-3.5564 		16.3186
v -0.7133 		-3.5322 		16.2897
v -0.7162 		-3.5098 		16.2534
v -0.7187 		-3.4895 		16.2102
v -0.721 		-3.4718 		16.1611
v -0.7229 		-3.4568 		16.1067
v -0.7244 		-3.4449 		16.048
v -0.7255 		-3.4362 		15.9861
v -0.7262 		-3.431 		15.9219
v -0.7264 		-3.4292 		15.8567
v -0.7262 		-3.431 		15.7914
v -0.7255 		-3.4362 		15.7273
v -0.7244 		-3.4449 		15.6653
v -0.7229 		-3.4568 		15.6067
v -0.721 		-3.4718 		15.5523
v -0.7187 		-3.4895 		15.5031
v -0.7162 		-3.5098 		15.46
v -0.7133 		-3.5322 		15.4237
v -0.7102 		-3.5564 		15.3947
v -0.707 		-3.5819 		15.3737
v -0.7036 		-3.6083 		15.361
# 98 vertices

g group_20_16768282

usemtl color_16768282
s 0

f 1349 	1350 	1351
f 1352 	1349 	1351
f 1353 	1352 	1351
f 1354 	1353 	1351
f 1355 	1354 	1351
f 1356 	1355 	1351
f 1357 	1356 	1351
f 1358 	1357 	1351
f 1359 	1358 	1351
f 1360 	1359 	1351
f 1361 	1360 	1351
f 1362 	1361 	1351
f 1363 	1362 	1351
f 1364 	1363 	1351
f 1365 	1364 	1351
f 1366 	1365 	1351
f 1367 	1366 	1351
f 1368 	1367 	1351
f 1369 	1368 	1351
f 1370 	1369 	1351
f 1371 	1370 	1351
f 1372 	1371 	1351
f 1373 	1372 	1351
f 1374 	1373 	1351
f 1375 	1374 	1351
f 1376 	1375 	1351
f 1377 	1376 	1351
f 1378 	1377 	1351
f 1379 	1378 	1351
f 1380 	1379 	1351
f 1381 	1380 	1351
f 1382 	1381 	1351
f 1383 	1382 	1351
f 1384 	1383 	1351
f 1385 	1384 	1351
f 1386 	1385 	1351
f 1387 	1386 	1351
f 1388 	1387 	1351
f 1389 	1388 	1351
f 1390 	1389 	1351
f 1391 	1390 	1351
f 1392 	1391 	1351
f 1393 	1392 	1351
f 1394 	1393 	1351
f 1395 	1394 	1351
f 1396 	1395 	1351
f 1397 	1396 	1351
f 1350 	1397 	1351
f 1398 	1399 	1400
f 1399 	1401 	1400
f 1401 	1402 	1400
f 1402 	1403 	1400
f 1403 	1404 	1400
f 1404 	1405 	1400
f 1405 	1406 	1400
f 1406 	1407 	1400
f 1407 	1408 	1400
f 1408 	1409 	1400
f 1409 	1410 	1400
f 1410 	1411 	1400
f 1411 	1412 	1400
f 1412 	1413 	1400
f 1413 	1414 	1400
f 1414 	1415 	1400
f 1415 	1416 	1400
f 1416 	1417 	1400
f 1417 	1418 	1400
f 1418 	1419 	1400
f 1419 	1420 	1400
f 1420 	1421 	1400
f 1421 	1422 	1400
f 1422 	1423 	1400
f 1423 	1424 	1400
f 1424 	1425 	1400
f 1425 	1426 	1400
f 1426 	1427 	1400
f 1427 	1428 	1400
f 1428 	1429 	1400
f 1429 	1430 	1400
f 1430 	1431 	1400
f 1431 	1432 	1400
f 1432 	1433 	1400
f 1433 	1434 	1400
f 1434 	1435 	1400
f 1435 	1436 	1400
f 1436 	1437 	1400
f 1437 	1438 	1400
f 1438 	1439 	1400
f 1439 	1440 	1400
f 1440 	1441 	1400
f 1441 	1442 	1400
f 1442 	1443 	1400
f 1443 	1444 	1400
f 1444 	1445 	1400
f 1445 	1446 	1400
f 1446 	1398 	1400
f 1350 	1349 	1349
f 1349 	1352 	1352
f 1352 	1353 	1353
f 1353 	1354 	1354
f 1354 	1355 	1355
f 1355 	1356 	1356
f 1356 	1357 	1357
f 1357 	1358 	1358
f 1358 	1359 	1359
f 1359 	1360 	1360
f 1360 	1361 	1361
f 1361 	1362 	1362
f 1362 	1363 	1363
f 1363 	1364 	1364
f 1364 	1365 	1365
f 1365 	1366 	1366
f 1366 	1367 	1367
f 1367 	1368 	1368
f 1368 	1369 	1369
f 1369 	1370 	1370
f 1370 	1371 	1371
f 1371 	1372 	1372
f 1372 	1373 	1373
f 1373 	1374 	1374
f 1374 	1375 	1375
f 1375 	1376 	1376
f 1376 	1377 	1377
f 1377 	1378 	1378
f 1378 	1379 	1379
f 1379 	1380 	1380
f 1380 	1381 	1381
f 1381 	1382 	1382
f 1382 	1383 	1383
f 1383 	1384 	1384
f 1384 	1385 	1385
f 1385 	1386 	1386
f 1386 	1387 	1387
f 1387 	1388 	1388
f 1388 	1389 	1389
f 1389 	1390 	1390
f 1390 	1391 	1391
f 1391 	1392 	1392
f 1392 	1393 	1393
f 1393 	1394 	1394
f 1394 	1395 	1395
f 1395 	1396 	1396
f 1396 	1397 	1397
f 1397 	1350 	1350
f 1350 	1349 	1399
f 1350 	1399 	1398
f 1349 	1352 	1401
f 1349 	1401 	1399
f 1352 	1353 	1402
f 1352 	1402 	1401
f 1353 	1354 	1403
f 1353 	1403 	1402
f 1354 	1355 	1404
f 1354 	1404 	1403
f 1355 	1356 	1405
f 1355 	1405 	1404
f 1356 	1357 	1406
f 1356 	1406 	1405
f 1357 	1358 	1407
f 1357 	1407 	1406
f 1358 	1359 	1408
f 1358 	1408 	1407
f 1359 	1360 	1409
f 1359 	1409 	1408
f 1360 	1361 	1410
f 1360 	1410 	1409
f 1361 	1362 	1411
f 1361 	1411 	1410
f 1362 	1363 	1412
f 1362 	1412 	1411
f 1363 	1364 	1413
f 1363 	1413 	1412
f 1364 	1365 	1414
f 1364 	1414 	1413
f 1365 	1366 	1415
f 1365 	1415 	1414
f 1366 	1367 	1416
f 1366 	1416 	1415
f 1367 	1368 	1417
f 1367 	1417 	1416
f 1368 	1369 	1418
f 1368 	1418 	1417
f 1369 	1370 	1419
f 1369 	1419 	1418
f 1370 	1371 	1420
f 1370 	1420 	1419
f 1371 	1372 	1421
f 1371 	1421 	1420
f 1372 	1373 	1422
f 1372 	1422 	1421
f 1373 	1374 	1423
f 1373 	1423 	1422
f 1374 	1375 	1424
f 1374 	1424 	1423
f 1375 	1376 	1425
f 1375 	1425 	1424
f 1376 	1377 	1426
f 1376 	1426 	1425
f 1377 	1378 	1427
f 1377 	1427 	1426
f 1378 	1379 	1428
f 1378 	1428 	1427
f 1379 	1380 	1429
f 1379 	1429 	1428
f 1380 	1381 	1430
f 1380 	1430 	1429
f 1381 	1382 	1431
f 1381 	1431 	1430
f 1382 	1383 	1432
f 1382 	1432 	1431
f 1383 	1384 	1433
f 1383 	1433 	1432
f 1384 	1385 	1434
f 1384 	1434 	1433
f 1385 	1386 	1435
f 1385 	1435 	1434
f 1386 	1387 	1436
f 1386 	1436 	1435
f 1387 	1388 	1437
f 1387 	1437 	1436
f 1388 	1389 	1438
f 1388 	1438 	1437
f 1389 	1390 	1439
f 1389 	1439 	1438
f 1390 	1391 	1440
f 1390 	1440 	1439
f 1391 	1392 	1441
f 1391 	1441 	1440
f 1392 	1393 	1442
f 1392 	1442 	1441
f 1393 	1394 	1443
f 1393 	1443 	1442
f 1394 	1395 	1444
f 1394 	1444 	1443
f 1395 	1396 	1445
f 1395 	1445 	1444
f 1396 	1397 	1446
f 1396 	1446 	1445
f 1397 	1350 	1398
f 1397 	1398 	1446
f 1398 	1399 	1399
f 1399 	1401 	1401
f 1401 	1402 	1402
f 1402 	1403 	1403
f 1403 	1404 	1404
f 1404 	1405 	1405
f 1405 	1406 	1406
f 1406 	1407 	1407
f 1407 	1408 	1408
f 1408 	1409 	1409
f 1409 	1410 	1410
f 1410 	1411 	1411
f 1411 	1412 	1412
f 1412 	1413 	1413
f 1413 	1414 	1414
f 1414 	1415 	1415
f 1415 	1416 	1416
f 1416 	1417 	1417
f 1417 	1418 	1418
f 1418 	1419 	1419
f 1419 	1420 	1420
f 1420 	1421 	1421
f 1421 	1422 	1422
f 1422 	1423 	1423
f 1423 	1424 	1424
f 1424 	1425 	1425
f 1425 	1426 	1426
f 1426 	1427 	1427
f 1427 	1428 	1428
f 1428 	1429 	1429
f 1429 	1430 	1430
f 1430 	1431 	1431
f 1431 	1432 	1432
f 1432 	1433 	1433
f 1433 	1434 	1434
f 1434 	1435 	1435
f 1435 	1436 	1436
f 1436 	1437 	1437
f 1437 	1438 	1438
f 1438 	1439 	1439
f 1439 	1440 	1440
f 1440 	1441 	1441
f 1441 	1442 	1442
f 1442 	1443 	1443
f 1443 	1444 	1444
f 1444 	1445 	1445
f 1445 	1446 	1446
f 1446 	1398 	1398
# 288 faces

 #end of obj_20

o obj_21
v -8.4844 		-3.8036 		15.8567
v -0.7002 		-3.6352 		15.3567
v -0.6968 		-3.6621 		15.361
v -0.6935 		-3.6886 		15.3737
v -0.6902 		-3.7141 		15.3947
v -0.6871 		-3.7383 		15.4237
v -0.6843 		-3.7607 		15.46
v -0.6817 		-3.7809 		15.5031
v -0.6795 		-3.7987 		15.5523
v -0.6776 		-3.8137 		15.6067
v -0.676 		-3.8256 		15.6653
v -0.6749 		-3.8343 		15.7273
v -0.6743 		-3.8395 		15.7914
v -0.6741 		-3.8413 		15.8567
v -0.6743 		-3.8395 		15.9219
v -0.6749 		-3.8343 		15.9861
v -0.676 		-3.8256 		16.048
v -0.6776 		-3.8137 		16.1067
v -0.6795 		-3.7987 		16.1611
v -0.6817 		-3.7809 		16.2102
v -0.6843 		-3.7607 		16.2534
v -0.6871 		-3.7383 		16.2897
v -0.6902 		-3.7141 		16.3186
v -0.6935 		-3.6886 		16.3396
v -0.6968 		-3.6621 		16.3524
v -0.7002 		-3.6352 		16.3567
v -0.7036 		-3.6083 		16.3524
v -0.707 		-3.5819 		16.3396
v -0.7102 		-3.5564 		16.3186
v -0.7133 		-3.5322 		16.2897
v -0.7162 		-3.5098 		16.2534
v -0.7187 		-3.4895 		16.2102
v -0.721 		-3.4718 		16.1611
v -0.7229 		-3.4568 		16.1067
v -0.7244 		-3.4449 		16.048
v -0.7255 		-3.4362 		15.9861
v -0.7262 		-3.431 		15.9219
v -0.7264 		-3.4292 		15.8567
v -0.7262 		-3.431 		15.7914
v -0.7255 		-3.4362 		15.7273
v -0.7244 		-3.4449 		15.6653
v -0.7229 		-3.4568 		15.6067
v -0.721 		-3.4718 		15.5523
v -0.7187 		-3.4895 		15.5031
v -0.7162 		-3.5098 		15.46
v -0.7133 		-3.5322 		15.4237
v -0.7102 		-3.5564 		15.3947
v -0.707 		-3.5819 		15.3737
v -0.7036 		-3.6083 		15.361
v -0.7002 		-3.6352 		15.8567
# 50 vertices

g group_21_16768282

usemtl color_16768282
s 0

f 1448 	1449 	1447
f 1449 	1450 	1447
f 1450 	1451 	1447
f 1451 	1452 	1447
f 1452 	1453 	1447
f 1453 	1454 	1447
f 1454 	1455 	1447
f 1455 	1456 	1447
f 1456 	1457 	1447
f 1457 	1458 	1447
f 1458 	1459 	1447
f 1459 	1460 	1447
f 1460 	1461 	1447
f 1461 	1462 	1447
f 1462 	1463 	1447
f 1463 	1464 	1447
f 1464 	1465 	1447
f 1465 	1466 	1447
f 1466 	1467 	1447
f 1467 	1468 	1447
f 1468 	1469 	1447
f 1469 	1470 	1447
f 1470 	1471 	1447
f 1471 	1472 	1447
f 1472 	1473 	1447
f 1473 	1474 	1447
f 1474 	1475 	1447
f 1475 	1476 	1447
f 1476 	1477 	1447
f 1477 	1478 	1447
f 1478 	1479 	1447
f 1479 	1480 	1447
f 1480 	1481 	1447
f 1481 	1482 	1447
f 1482 	1483 	1447
f 1483 	1484 	1447
f 1484 	1485 	1447
f 1485 	1486 	1447
f 1486 	1487 	1447
f 1487 	1488 	1447
f 1488 	1489 	1447
f 1489 	1490 	1447
f 1490 	1491 	1447
f 1491 	1492 	1447
f 1492 	1493 	1447
f 1493 	1494 	1447
f 1494 	1495 	1447
f 1495 	1448 	1447
f 1449 	1448 	1496
f 1450 	1449 	1496
f 1451 	1450 	1496
f 1452 	1451 	1496
f 1453 	1452 	1496
f 1454 	1453 	1496
f 1455 	1454 	1496
f 1456 	1455 	1496
f 1457 	1456 	1496
f 1458 	1457 	1496
f 1459 	1458 	1496
f 1460 	1459 	1496
f 1461 	1460 	1496
f 1462 	1461 	1496
f 1463 	1462 	1496
f 1464 	1463 	1496
f 1465 	1464 	1496
f 1466 	1465 	1496
f 1467 	1466 	1496
f 1468 	1467 	1496
f 1469 	1468 	1496
f 1470 	1469 	1496
f 1471 	1470 	1496
f 1472 	1471 	1496
f 1473 	1472 	1496
f 1474 	1473 	1496
f 1475 	1474 	1496
f 1476 	1475 	1496
f 1477 	1476 	1496
f 1478 	1477 	1496
f 1479 	1478 	1496
f 1480 	1479 	1496
f 1481 	1480 	1496
f 1482 	1481 	1496
f 1483 	1482 	1496
f 1484 	1483 	1496
f 1485 	1484 	1496
f 1486 	1485 	1496
f 1487 	1486 	1496
f 1488 	1487 	1496
f 1489 	1488 	1496
f 1490 	1489 	1496
f 1491 	1490 	1496
f 1492 	1491 	1496
f 1493 	1492 	1496
f 1494 	1493 	1496
f 1495 	1494 	1496
f 1448 	1495 	1496
# 96 faces

 #end of obj_21

o obj_22
v 9.9065 		-5.7306 		15.361
v 9.9031 		-5.7037 		15.3567
v 9.9031 		-5.7037 		15.8567
v 9.9099 		-5.7571 		15.3737
v 9.9131 		-5.7826 		15.3947
v 9.9162 		-5.8067 		15.4237
v 9.919 		-5.8292 		15.46
v 9.9216 		-5.8494 		15.5031
v 9.9239 		-5.8672 		15.5523
v 9.9258 		-5.8822 		15.6067
v 9.9273 		-5.8941 		15.6653
v 9.9284 		-5.9027 		15.7273
v 9.929 		-5.908 		15.7914
v 9.9293 		-5.9098 		15.8567
v 9.929 		-5.908 		15.9219
v 9.9284 		-5.9027 		15.9861
v 9.9273 		-5.8941 		16.048
v 9.9258 		-5.8822 		16.1067
v 9.9239 		-5.8672 		16.1611
v 9.9216 		-5.8494 		16.2102
v 9.919 		-5.8292 		16.2534
v 9.9162 		-5.8067 		16.2897
v 9.9131 		-5.7826 		16.3186
v 9.9099 		-5.7571 		16.3396
v 9.9065 		-5.7306 		16.3524
v 9.9031 		-5.7037 		16.3567
v 9.8997 		-5.6768 		16.3524
v 9.8963 		-5.6504 		16.3396
v 9.8931 		-5.6249 		16.3186
v 9.89 		-5.6007 		16.2897
v 9.8872 		-5.5783 		16.2534
v 9.8846 		-5.558 		16.2102
v 9.8823 		-5.5403 		16.1611
v 9.8804 		-5.5253 		16.1067
v 9.8789 		-5.5134 		16.048
v 9.8778 		-5.5047 		15.9861
v 9.8772 		-5.4994 		15.9219
v 9.8769 		-5.4977 		15.8567
v 9.8772 		-5.4994 		15.7914
v 9.8778 		-5.5047 		15.7273
v 9.8789 		-5.5134 		15.6653
v 9.8804 		-5.5253 		15.6067
v 9.8823 		-5.5403 		15.5523
v 9.8846 		-5.558 		15.5031
v 9.8872 		-5.5783 		15.46
v 9.89 		-5.6007 		15.4237
v 9.8931 		-5.6249 		15.3947
v 9.8963 		-5.6504 		15.3737
v 9.8997 		-5.6768 		15.361
v 1.7092 		-5.8809 		15.3567
v 1.7126 		-5.9078 		15.361
v 1.7092 		-5.8809 		15.8567
v 1.716 		-5.9343 		15.3737
v 1.7192 		-5.9598 		15.3947
v 1.7223 		-5.984 		15.4237
v 1.7251 		-6.0064 		15.46
v 1.7277 		-6.0266 		15.5031
v 1.73 		-6.0444 		15.5523
v 1.7319 		-6.0594 		15.6067
v 1.7334 		-6.0713 		15.6653
v 1.7345 		-6.08 		15.7273
v 1.7352 		-6.0852 		15.7914
v 1.7354 		-6.087 		15.8567
v 1.7352 		-6.0852 		15.9219
v 1.7345 		-6.08 		15.9861
v 1.7334 		-6.0713 		16.048
v 1.7319 		-6.0594 		16.1067
v 1.73 		-6.0444 		16.1611
v 1.7277 		-6.0266 		16.2102
v 1.7251 		-6.0064 		16.2534
v 1.7223 		-5.984 		16.2897
v 1.7192 		-5.9598 		16.3186
v 1.716 		-5.9343 		16.3396
v 1.7126 		-5.9078 		16.3524
v 1.7092 		-5.8809 		16.3567
v 1.7058 		-5.854 		16.3524
v 1.7024 		-5.8276 		16.3396
v 1.6992 		-5.8021 		16.3186
v 1.6961 		-5.7779 		16.2897
v 1.6933 		-5.7555 		16.2534
v 1.6907 		-5.7352 		16.2102
v 1.6885 		-5.7175 		16.1611
v 1.6866 		-5.7025 		16.1067
v 1.685 		-5.6906 		16.048
v 1.6839 		-5.6819 		15.9861
v 1.6833 		-5.6766 		15.9219
v 1.683 		-5.6749 		15.8567
v 1.6833 		-5.6766 		15.7914
v 1.6839 		-5.6819 		15.7273
v 1.685 		-5.6906 		15.6653
v 1.6866 		-5.7025 		15.6067
v 1.6885 		-5.7175 		15.5523
v 1.6907 		-5.7352 		15.5031
v 1.6933 		-5.7555 		15.46
v 1.6961 		-5.7779 		15.4237
v 1.6992 		-5.8021 		15.3947
v 1.7024 		-5.8276 		15.3737
v 1.7058 		-5.854 		15.361
# 98 vertices

g group_22_16768282

usemtl color_16768282
s 0

f 1497 	1498 	1499
f 1500 	1497 	1499
f 1501 	1500 	1499
f 1502 	1501 	1499
f 1503 	1502 	1499
f 1504 	1503 	1499
f 1505 	1504 	1499
f 1506 	1505 	1499
f 1507 	1506 	1499
f 1508 	1507 	1499
f 1509 	1508 	1499
f 1510 	1509 	1499
f 1511 	1510 	1499
f 1512 	1511 	1499
f 1513 	1512 	1499
f 1514 	1513 	1499
f 1515 	1514 	1499
f 1516 	1515 	1499
f 1517 	1516 	1499
f 1518 	1517 	1499
f 1519 	1518 	1499
f 1520 	1519 	1499
f 1521 	1520 	1499
f 1522 	1521 	1499
f 1523 	1522 	1499
f 1524 	1523 	1499
f 1525 	1524 	1499
f 1526 	1525 	1499
f 1527 	1526 	1499
f 1528 	1527 	1499
f 1529 	1528 	1499
f 1530 	1529 	1499
f 1531 	1530 	1499
f 1532 	1531 	1499
f 1533 	1532 	1499
f 1534 	1533 	1499
f 1535 	1534 	1499
f 1536 	1535 	1499
f 1537 	1536 	1499
f 1538 	1537 	1499
f 1539 	1538 	1499
f 1540 	1539 	1499
f 1541 	1540 	1499
f 1542 	1541 	1499
f 1543 	1542 	1499
f 1544 	1543 	1499
f 1545 	1544 	1499
f 1498 	1545 	1499
f 1546 	1547 	1548
f 1547 	1549 	1548
f 1549 	1550 	1548
f 1550 	1551 	1548
f 1551 	1552 	1548
f 1552 	1553 	1548
f 1553 	1554 	1548
f 1554 	1555 	1548
f 1555 	1556 	1548
f 1556 	1557 	1548
f 1557 	1558 	1548
f 1558 	1559 	1548
f 1559 	1560 	1548
f 1560 	1561 	1548
f 1561 	1562 	1548
f 1562 	1563 	1548
f 1563 	1564 	1548
f 1564 	1565 	1548
f 1565 	1566 	1548
f 1566 	1567 	1548
f 1567 	1568 	1548
f 1568 	1569 	1548
f 1569 	1570 	1548
f 1570 	1571 	1548
f 1571 	1572 	1548
f 1572 	1573 	1548
f 1573 	1574 	1548
f 1574 	1575 	1548
f 1575 	1576 	1548
f 1576 	1577 	1548
f 1577 	1578 	1548
f 1578 	1579 	1548
f 1579 	1580 	1548
f 1580 	1581 	1548
f 1581 	1582 	1548
f 1582 	1583 	1548
f 1583 	1584 	1548
f 1584 	1585 	1548
f 1585 	1586 	1548
f 1586 	1587 	1548
f 1587 	1588 	1548
f 1588 	1589 	1548
f 1589 	1590 	1548
f 1590 	1591 	1548
f 1591 	1592 	1548
f 1592 	1593 	1548
f 1593 	1594 	1548
f 1594 	1546 	1548
f 1498 	1497 	1497
f 1497 	1500 	1500
f 1500 	1501 	1501
f 1501 	1502 	1502
f 1502 	1503 	1503
f 1503 	1504 	1504
f 1504 	1505 	1505
f 1505 	1506 	1506
f 1506 	1507 	1507
f 1507 	1508 	1508
f 1508 	1509 	1509
f 1509 	1510 	1510
f 1510 	1511 	1511
f 1511 	1512 	1512
f 1512 	1513 	1513
f 1513 	1514 	1514
f 1514 	1515 	1515
f 1515 	1516 	1516
f 1516 	1517 	1517
f 1517 	1518 	1518
f 1518 	1519 	1519
f 1519 	1520 	1520
f 1520 	1521 	1521
f 1521 	1522 	1522
f 1522 	1523 	1523
f 1523 	1524 	1524
f 1524 	1525 	1525
f 1525 	1526 	1526
f 1526 	1527 	1527
f 1527 	1528 	1528
f 1528 	1529 	1529
f 1529 	1530 	1530
f 1530 	1531 	1531
f 1531 	1532 	1532
f 1532 	1533 	1533
f 1533 	1534 	1534
f 1534 	1535 	1535
f 1535 	1536 	1536
f 1536 	1537 	1537
f 1537 	1538 	1538
f 1538 	1539 	1539
f 1539 	1540 	1540
f 1540 	1541 	1541
f 1541 	1542 	1542
f 1542 	1543 	1543
f 1543 	1544 	1544
f 1544 	1545 	1545
f 1545 	1498 	1498
f 1498 	1497 	1547
f 1498 	1547 	1546
f 1497 	1500 	1549
f 1497 	1549 	1547
f 1500 	1501 	1550
f 1500 	1550 	1549
f 1501 	1502 	1551
f 1501 	1551 	1550
f 1502 	1503 	1552
f 1502 	1552 	1551
f 1503 	1504 	1553
f 1503 	1553 	1552
f 1504 	1505 	1554
f 1504 	1554 	1553
f 1505 	1506 	1555
f 1505 	1555 	1554
f 1506 	1507 	1556
f 1506 	1556 	1555
f 1507 	1508 	1557
f 1507 	1557 	1556
f 1508 	1509 	1558
f 1508 	1558 	1557
f 1509 	1510 	1559
f 1509 	1559 	1558
f 1510 	1511 	1560
f 1510 	1560 	1559
f 1511 	1512 	1561
f 1511 	1561 	1560
f 1512 	1513 	1562
f 1512 	1562 	1561
f 1513 	1514 	1563
f 1513 	1563 	1562
f 1514 	1515 	1564
f 1514 	1564 	1563
f 1515 	1516 	1565
f 1515 	1565 	1564
f 1516 	1517 	1566
f 1516 	1566 	1565
f 1517 	1518 	1567
f 1517 	1567 	1566
f 1518 	1519 	1568
f 1518 	1568 	1567
f 1519 	1520 	1569
f 1519 	1569 	1568
f 1520 	1521 	1570
f 1520 	1570 	1569
f 1521 	1522 	1571
f 1521 	1571 	1570
f 1522 	1523 	1572
f 1522 	1572 	1571
f 1523 	1524 	1573
f 1523 	1573 	1572
f 1524 	1525 	1574
f 1524 	1574 	1573
f 1525 	1526 	1575
f 1525 	1575 	1574
f 1526 	1527 	1576
f 1526 	1576 	1575
f 1527 	1528 	1577
f 1527 	1577 	1576
f 1528 	1529 	1578
f 1528 	1578 	1577
f 1529 	1530 	1579
f 1529 	1579 	1578
f 1530 	1531 	1580
f 1530 	1580 	1579
f 1531 	1532 	1581
f 1531 	1581 	1580
f 1532 	1533 	1582
f 1532 	1582 	1581
f 1533 	1534 	1583
f 1533 	1583 	1582
f 1534 	1535 	1584
f 1534 	1584 	1583
f 1535 	1536 	1585
f 1535 	1585 	1584
f 1536 	1537 	1586
f 1536 	1586 	1585
f 1537 	1538 	1587
f 1537 	1587 	1586
f 1538 	1539 	1588
f 1538 	1588 	1587
f 1539 	1540 	1589
f 1539 	1589 	1588
f 1540 	1541 	1590
f 1540 	1590 	1589
f 1541 	1542 	1591
f 1541 	1591 	1590
f 1542 	1543 	1592
f 1542 	1592 	1591
f 1543 	1544 	1593
f 1543 	1593 	1592
f 1544 	1545 	1594
f 1544 	1594 	1593
f 1545 	1498 	1546
f 1545 	1546 	1594
f 1546 	1547 	1547
f 1547 	1549 	1549
f 1549 	1550 	1550
f 1550 	1551 	1551
f 1551 	1552 	1552
f 1552 	1553 	1553
f 1553 	1554 	1554
f 1554 	1555 	1555
f 1555 	1556 	1556
f 1556 	1557 	1557
f 1557 	1558 	1558
f 1558 	1559 	1559
f 1559 	1560 	1560
f 1560 	1561 	1561
f 1561 	1562 	1562
f 1562 	1563 	1563
f 1563 	1564 	1564
f 1564 	1565 	1565
f 1565 	1566 	1566
f 1566 	1567 	1567
f 1567 	1568 	1568
f 1568 	1569 	1569
f 1569 	1570 	1570
f 1570 	1571 	1571
f 1571 	1572 	1572
f 1572 	1573 	1573
f 1573 	1574 	1574
f 1574 	1575 	1575
f 1575 	1576 	1576
f 1576 	1577 	1577
f 1577 	1578 	1578
f 1578 	1579 	1579
f 1579 	1580 	1580
f 1580 	1581 	1581
f 1581 	1582 	1582
f 1582 	1583 	1583
f 1583 	1584 	1584
f 1584 	1585 	1585
f 1585 	1586 	1586
f 1586 	1587 	1587
f 1587 	1588 	1588
f 1588 	1589 	1589
f 1589 	1590 	1590
f 1590 	1591 	1591
f 1591 	1592 	1592
f 1592 	1593 	1593
f 1593 	1594 	1594
f 1594 	1546 	1546
# 288 faces

 #end of obj_22

o obj_23
v -6.075 		-6.0493 		15.8567
v 1.7092 		-5.8809 		15.3567
v 1.7126 		-5.9078 		15.361
v 1.716 		-5.9343 		15.3737
v 1.7192 		-5.9598 		15.3947
v 1.7223 		-5.984 		15.4237
v 1.7251 		-6.0064 		15.46
v 1.7277 		-6.0266 		15.5031
v 1.73 		-6.0444 		15.5523
v 1.7319 		-6.0594 		15.6067
v 1.7334 		-6.0713 		15.6653
v 1.7345 		-6.08 		15.7273
v 1.7352 		-6.0852 		15.7914
v 1.7354 		-6.087 		15.8567
v 1.7352 		-6.0852 		15.9219
v 1.7345 		-6.08 		15.9861
v 1.7334 		-6.0713 		16.048
v 1.7319 		-6.0594 		16.1067
v 1.73 		-6.0444 		16.1611
v 1.7277 		-6.0266 		16.2102
v 1.7251 		-6.0064 		16.2534
v 1.7223 		-5.984 		16.2897
v 1.7192 		-5.9598 		16.3186
v 1.716 		-5.9343 		16.3396
v 1.7126 		-5.9078 		16.3524
v 1.7092 		-5.8809 		16.3567
v 1.7058 		-5.854 		16.3524
v 1.7024 		-5.8276 		16.3396
v 1.6992 		-5.8021 		16.3186
v 1.6961 		-5.7779 		16.2897
v 1.6933 		-5.7555 		16.2534
v 1.6907 		-5.7352 		16.2102
v 1.6885 		-5.7175 		16.1611
v 1.6866 		-5.7025 		16.1067
v 1.685 		-5.6906 		16.048
v 1.6839 		-5.6819 		15.9861
v 1.6833 		-5.6766 		15.9219
v 1.683 		-5.6749 		15.8567
v 1.6833 		-5.6766 		15.7914
v 1.6839 		-5.6819 		15.7273
v 1.685 		-5.6906 		15.6653
v 1.6866 		-5.7025 		15.6067
v 1.6885 		-5.7175 		15.5523
v 1.6907 		-5.7352 		15.5031
v 1.6933 		-5.7555 		15.46
v 1.6961 		-5.7779 		15.4237
v 1.6992 		-5.8021 		15.3947
v 1.7024 		-5.8276 		15.3737
v 1.7058 		-5.854 		15.361
v 1.7092 		-5.8809 		15.8567
# 50 vertices

g group_23_16768282

usemtl color_16768282
s 0

f 1596 	1597 	1595
f 1597 	1598 	1595
f 1598 	1599 	1595
f 1599 	1600 	1595
f 1600 	1601 	1595
f 1601 	1602 	1595
f 1602 	1603 	1595
f 1603 	1604 	1595
f 1604 	1605 	1595
f 1605 	1606 	1595
f 1606 	1607 	1595
f 1607 	1608 	1595
f 1608 	1609 	1595
f 1609 	1610 	1595
f 1610 	1611 	1595
f 1611 	1612 	1595
f 1612 	1613 	1595
f 1613 	1614 	1595
f 1614 	1615 	1595
f 1615 	1616 	1595
f 1616 	1617 	1595
f 1617 	1618 	1595
f 1618 	1619 	1595
f 1619 	1620 	1595
f 1620 	1621 	1595
f 1621 	1622 	1595
f 1622 	1623 	1595
f 1623 	1624 	1595
f 1624 	1625 	1595
f 1625 	1626 	1595
f 1626 	1627 	1595
f 1627 	1628 	1595
f 1628 	1629 	1595
f 1629 	1630 	1595
f 1630 	1631 	1595
f 1631 	1632 	1595
f 1632 	1633 	1595
f 1633 	1634 	1595
f 1634 	1635 	1595
f 1635 	1636 	1595
f 1636 	1637 	1595
f 1637 	1638 	1595
f 1638 	1639 	1595
f 1639 	1640 	1595
f 1640 	1641 	1595
f 1641 	1642 	1595
f 1642 	1643 	1595
f 1643 	1596 	1595
f 1597 	1596 	1644
f 1598 	1597 	1644
f 1599 	1598 	1644
f 1600 	1599 	1644
f 1601 	1600 	1644
f 1602 	1601 	1644
f 1603 	1602 	1644
f 1604 	1603 	1644
f 1605 	1604 	1644
f 1606 	1605 	1644
f 1607 	1606 	1644
f 1608 	1607 	1644
f 1609 	1608 	1644
f 1610 	1609 	1644
f 1611 	1610 	1644
f 1612 	1611 	1644
f 1613 	1612 	1644
f 1614 	1613 	1644
f 1615 	1614 	1644
f 1616 	1615 	1644
f 1617 	1616 	1644
f 1618 	1617 	1644
f 1619 	1618 	1644
f 1620 	1619 	1644
f 1621 	1620 	1644
f 1622 	1621 	1644
f 1623 	1622 	1644
f 1624 	1623 	1644
f 1625 	1624 	1644
f 1626 	1625 	1644
f 1627 	1626 	1644
f 1628 	1627 	1644
f 1629 	1628 	1644
f 1630 	1629 	1644
f 1631 	1630 	1644
f 1632 	1631 	1644
f 1633 	1632 	1644
f 1634 	1633 	1644
f 1635 	1634 	1644
f 1636 	1635 	1644
f 1637 	1636 	1644
f 1638 	1637 	1644
f 1639 	1638 	1644
f 1640 	1639 	1644
f 1641 	1640 	1644
f 1642 	1641 	1644
f 1643 	1642 	1644
f 1596 	1643 	1644
# 96 faces

 #end of obj_23

o obj_24
v 7.6771 		-4.9023 		15.361
v 7.6737 		-4.8754 		15.3567
v 7.6737 		-4.8754 		15.8567
v 7.6804 		-4.9287 		15.3737
v 7.6837 		-4.9542 		15.3947
v 7.6867 		-4.9784 		15.4237
v 7.6896 		-5.0008 		15.46
v 7.6922 		-5.0211 		15.5031
v 7.6944 		-5.0388 		15.5523
v 7.6963 		-5.0538 		15.6067
v 7.6978 		-5.0657 		15.6653
v 7.6989 		-5.0744 		15.7273
v 7.6996 		-5.0796 		15.7914
v 7.6998 		-5.0814 		15.8567
v 7.6996 		-5.0796 		15.9219
v 7.6989 		-5.0744 		15.9861
v 7.6978 		-5.0657 		16.048
v 7.6963 		-5.0538 		16.1067
v 7.6944 		-5.0388 		16.1611
v 7.6922 		-5.0211 		16.2102
v 7.6896 		-5.0008 		16.2534
v 7.6867 		-4.9784 		16.2897
v 7.6837 		-4.9542 		16.3186
v 7.6804 		-4.9287 		16.3396
v 7.6771 		-4.9023 		16.3524
v 7.6737 		-4.8754 		16.3567
v 7.6702 		-4.8485 		16.3524
v 7.6669 		-4.822 		16.3396
v 7.6636 		-4.7965 		16.3186
v 7.6606 		-4.7723 		16.2897
v 7.6577 		-4.7499 		16.2534
v 7.6552 		-4.7297 		16.2102
v 7.6529 		-4.7119 		16.1611
v 7.651 		-4.6969 		16.1067
v 7.6495 		-4.685 		16.048
v 7.6484 		-4.6763 		15.9861
v 7.6477 		-4.6711 		15.9219
v 7.6475 		-4.6693 		15.8567
v 7.6477 		-4.6711 		15.7914
v 7.6484 		-4.6763 		15.7273
v 7.6495 		-4.685 		15.6653
v 7.651 		-4.6969 		15.6067
v 7.6529 		-4.7119 		15.5523
v 7.6552 		-4.7297 		15.5031
v 7.6577 		-4.7499 		15.46
v 7.6606 		-4.7723 		15.4237
v 7.6636 		-4.7965 		15.3947
v 7.6669 		-4.822 		15.3737
v 7.6702 		-4.8485 		15.361
v -0.5202 		-5.0526 		15.3567
v -0.5168 		-5.0795 		15.361
v -0.5202 		-5.0526 		15.8567
v -0.5134 		-5.1059 		15.3737
v -0.5102 		-5.1314 		15.3947
v -0.5071 		-5.1556 		15.4237
v -0.5043 		-5.178 		15.46
v -0.5017 		-5.1983 		15.5031
v -0.4995 		-5.216 		15.5523
v -0.4976 		-5.231 		15.6067
v -0.496 		-5.2429 		15.6653
v -0.4949 		-5.2516 		15.7273
v -0.4943 		-5.2568 		15.7914
v -0.4941 		-5.2586 		15.8567
v -0.4943 		-5.2568 		15.9219
v -0.4949 		-5.2516 		15.9861
v -0.496 		-5.2429 		16.048
v -0.4976 		-5.231 		16.1067
v -0.4995 		-5.216 		16.1611
v -0.5017 		-5.1983 		16.2102
v -0.5043 		-5.178 		16.2534
v -0.5071 		-5.1556 		16.2897
v -0.5102 		-5.1314 		16.3186
v -0.5134 		-5.1059 		16.3396
v -0.5168 		-5.0795 		16.3524
v -0.5202 		-5.0526 		16.3567
v -0.5236 		-5.0257 		16.3524
v -0.527 		-4.9992 		16.3396
v -0.5302 		-4.9737 		16.3186
v -0.5333 		-4.9495 		16.2897
v -0.5362 		-4.9271 		16.2534
v -0.5387 		-4.9069 		16.2102
v -0.541 		-4.8891 		16.1611
v -0.5429 		-4.8741 		16.1067
v -0.5444 		-4.8622 		16.048
v -0.5455 		-4.8535 		15.9861
v -0.5462 		-4.8483 		15.9219
v -0.5464 		-4.8465 		15.8567
v -0.5462 		-4.8483 		15.7914
v -0.5455 		-4.8535 		15.7273
v -0.5444 		-4.8622 		15.6653
v -0.5429 		-4.8741 		15.6067
v -0.541 		-4.8891 		15.5523
v -0.5387 		-4.9069 		15.5031
v -0.5362 		-4.9271 		15.46
v -0.5333 		-4.9495 		15.4237
v -0.5302 		-4.9737 		15.3947
v -0.527 		-4.9992 		15.3737
v -0.5236 		-5.0257 		15.361
# 98 vertices

g group_24_16768282

usemtl color_16768282
s 0

f 1645 	1646 	1647
f 1648 	1645 	1647
f 1649 	1648 	1647
f 1650 	1649 	1647
f 1651 	1650 	1647
f 1652 	1651 	1647
f 1653 	1652 	1647
f 1654 	1653 	1647
f 1655 	1654 	1647
f 1656 	1655 	1647
f 1657 	1656 	1647
f 1658 	1657 	1647
f 1659 	1658 	1647
f 1660 	1659 	1647
f 1661 	1660 	1647
f 1662 	1661 	1647
f 1663 	1662 	1647
f 1664 	1663 	1647
f 1665 	1664 	1647
f 1666 	1665 	1647
f 1667 	1666 	1647
f 1668 	1667 	1647
f 1669 	1668 	1647
f 1670 	1669 	1647
f 1671 	1670 	1647
f 1672 	1671 	1647
f 1673 	1672 	1647
f 1674 	1673 	1647
f 1675 	1674 	1647
f 1676 	1675 	1647
f 1677 	1676 	1647
f 1678 	1677 	1647
f 1679 	1678 	1647
f 1680 	1679 	1647
f 1681 	1680 	1647
f 1682 	1681 	1647
f 1683 	1682 	1647
f 1684 	1683 	1647
f 1685 	1684 	1647
f 1686 	1685 	1647
f 1687 	1686 	1647
f 1688 	1687 	1647
f 1689 	1688 	1647
f 1690 	1689 	1647
f 1691 	1690 	1647
f 1692 	1691 	1647
f 1693 	1692 	1647
f 1646 	1693 	1647
f 1694 	1695 	1696
f 1695 	1697 	1696
f 1697 	1698 	1696
f 1698 	1699 	1696
f 1699 	1700 	1696
f 1700 	1701 	1696
f 1701 	1702 	1696
f 1702 	1703 	1696
f 1703 	1704 	1696
f 1704 	1705 	1696
f 1705 	1706 	1696
f 1706 	1707 	1696
f 1707 	1708 	1696
f 1708 	1709 	1696
f 1709 	1710 	1696
f 1710 	1711 	1696
f 1711 	1712 	1696
f 1712 	1713 	1696
f 1713 	1714 	1696
f 1714 	1715 	1696
f 1715 	1716 	1696
f 1716 	1717 	1696
f 1717 	1718 	1696
f 1718 	1719 	1696
f 1719 	1720 	1696
f 1720 	1721 	1696
f 1721 	1722 	1696
f 1722 	1723 	1696
f 1723 	1724 	1696
f 1724 	1725 	1696
f 1725 	1726 	1696
f 1726 	1727 	1696
f 1727 	1728 	1696
f 1728 	1729 	1696
f 1729 	1730 	1696
f 1730 	1731 	1696
f 1731 	1732 	1696
f 1732 	1733 	1696
f 1733 	1734 	1696
f 1734 	1735 	1696
f 1735 	1736 	1696
f 1736 	1737 	1696
f 1737 	1738 	1696
f 1738 	1739 	1696
f 1739 	1740 	1696
f 1740 	1741 	1696
f 1741 	1742 	1696
f 1742 	1694 	1696
f 1646 	1645 	1645
f 1645 	1648 	1648
f 1648 	1649 	1649
f 1649 	1650 	1650
f 1650 	1651 	1651
f 1651 	1652 	1652
f 1652 	1653 	1653
f 1653 	1654 	1654
f 1654 	1655 	1655
f 1655 	1656 	1656
f 1656 	1657 	1657
f 1657 	1658 	1658
f 1658 	1659 	1659
f 1659 	1660 	1660
f 1660 	1661 	1661
f 1661 	1662 	1662
f 1662 	1663 	1663
f 1663 	1664 	1664
f 1664 	1665 	1665
f 1665 	1666 	1666
f 1666 	1667 	1667
f 1667 	1668 	1668
f 1668 	1669 	1669
f 1669 	1670 	1670
f 1670 	1671 	1671
f 1671 	1672 	1672
f 1672 	1673 	1673
f 1673 	1674 	1674
f 1674 	1675 	1675
f 1675 	1676 	1676
f 1676 	1677 	1677
f 1677 	1678 	1678
f 1678 	1679 	1679
f 1679 	1680 	1680
f 1680 	1681 	1681
f 1681 	1682 	1682
f 1682 	1683 	1683
f 1683 	1684 	1684
f 1684 	1685 	1685
f 1685 	1686 	1686
f 1686 	1687 	1687
f 1687 	1688 	1688
f 1688 	1689 	1689
f 1689 	1690 	1690
f 1690 	1691 	1691
f 1691 	1692 	1692
f 1692 	1693 	1693
f 1693 	1646 	1646
f 1646 	1645 	1695
f 1646 	1695 	1694
f 1645 	1648 	1697
f 1645 	1697 	1695
f 1648 	1649 	1698
f 1648 	1698 	1697
f 1649 	1650 	1699
f 1649 	1699 	1698
f 1650 	1651 	1700
f 1650 	1700 	1699
f 1651 	1652 	1701
f 1651 	1701 	1700
f 1652 	1653 	1702
f 1652 	1702 	1701
f 1653 	1654 	1703
f 1653 	1703 	1702
f 1654 	1655 	1704
f 1654 	1704 	1703
f 1655 	1656 	1705
f 1655 	1705 	1704
f 1656 	1657 	1706
f 1656 	1706 	1705
f 1657 	1658 	1707
f 1657 	1707 	1706
f 1658 	1659 	1708
f 1658 	1708 	1707
f 1659 	1660 	1709
f 1659 	1709 	1708
f 1660 	1661 	1710
f 1660 	1710 	1709
f 1661 	1662 	1711
f 1661 	1711 	1710
f 1662 	1663 	1712
f 1662 	1712 	1711
f 1663 	1664 	1713
f 1663 	1713 	1712
f 1664 	1665 	1714
f 1664 	1714 	1713
f 1665 	1666 	1715
f 1665 	1715 	1714
f 1666 	1667 	1716
f 1666 	1716 	1715
f 1667 	1668 	1717
f 1667 	1717 	1716
f 1668 	1669 	1718
f 1668 	1718 	1717
f 1669 	1670 	1719
f 1669 	1719 	1718
f 1670 	1671 	1720
f 1670 	1720 	1719
f 1671 	1672 	1721
f 1671 	1721 	1720
f 1672 	1673 	1722
f 1672 	1722 	1721
f 1673 	1674 	1723
f 1673 	1723 	1722
f 1674 	1675 	1724
f 1674 	1724 	1723
f 1675 	1676 	1725
f 1675 	1725 	1724
f 1676 	1677 	1726
f 1676 	1726 	1725
f 1677 	1678 	1727
f 1677 	1727 	1726
f 1678 	1679 	1728
f 1678 	1728 	1727
f 1679 	1680 	1729
f 1679 	1729 	1728
f 1680 	1681 	1730
f 1680 	1730 	1729
f 1681 	1682 	1731
f 1681 	1731 	1730
f 1682 	1683 	1732
f 1682 	1732 	1731
f 1683 	1684 	1733
f 1683 	1733 	1732
f 1684 	1685 	1734
f 1684 	1734 	1733
f 1685 	1686 	1735
f 1685 	1735 	1734
f 1686 	1687 	1736
f 1686 	1736 	1735
f 1687 	1688 	1737
f 1687 	1737 	1736
f 1688 	1689 	1738
f 1688 	1738 	1737
f 1689 	1690 	1739
f 1689 	1739 	1738
f 1690 	1691 	1740
f 1690 	1740 	1739
f 1691 	1692 	1741
f 1691 	1741 	1740
f 1692 	1693 	1742
f 1692 	1742 	1741
f 1693 	1646 	1694
f 1693 	1694 	1742
f 1694 	1695 	1695
f 1695 	1697 	1697
f 1697 	1698 	1698
f 1698 	1699 	1699
f 1699 	1700 	1700
f 1700 	1701 	1701
f 1701 	1702 	1702
f 1702 	1703 	1703
f 1703 	1704 	1704
f 1704 	1705 	1705
f 1705 	1706 	1706
f 1706 	1707 	1707
f 1707 	1708 	1708
f 1708 	1709 	1709
f 1709 	1710 	1710
f 1710 	1711 	1711
f 1711 	1712 	1712
f 1712 	1713 	1713
f 1713 	1714 	1714
f 1714 	1715 	1715
f 1715 	1716 	1716
f 1716 	1717 	1717
f 1717 	1718 	1718
f 1718 	1719 	1719
f 1719 	1720 	1720
f 1720 	1721 	1721
f 1721 	1722 	1722
f 1722 	1723 	1723
f 1723 	1724 	1724
f 1724 	1725 	1725
f 1725 	1726 	1726
f 1726 	1727 	1727
f 1727 	1728 	1728
f 1728 	1729 	1729
f 1729 	1730 	1730
f 1730 	1731 	1731
f 1731 	1732 	1732
f 1732 	1733 	1733
f 1733 	1734 	1734
f 1734 	1735 	1735
f 1735 	1736 	1736
f 1736 	1737 	1737
f 1737 	1738 	1738
f 1738 	1739 	1739
f 1739 	1740 	1740
f 1740 	1741 	1741
f 1741 	1742 	1742
f 1742 	1694 	1694
# 288 faces

 #end of obj_24

o obj_25
v -8.3044 		-5.2209 		15.8567
v -0.5202 		-5.0526 		15.3567
v -0.5168 		-5.0795 		15.361
v -0.5134 		-5.1059 		15.3737
v -0.5102 		-5.1314 		15.3947
v -0.5071 		-5.1556 		15.4237
v -0.5043 		-5.178 		15.46
v -0.5017 		-5.1983 		15.5031
v -0.4995 		-5.216 		15.5523
v -0.4976 		-5.231 		15.6067
v -0.496 		-5.2429 		15.6653
v -0.4949 		-5.2516 		15.7273
v -0.4943 		-5.2568 		15.7914
v -0.4941 		-5.2586 		15.8567
v -0.4943 		-5.2568 		15.9219
v -0.4949 		-5.2516 		15.9861
v -0.496 		-5.2429 		16.048
v -0.4976 		-5.231 		16.1067
v -0.4995 		-5.216 		16.1611
v -0.5017 		-5.1983 		16.2102
v -0.5043 		-5.178 		16.2534
v -0.5071 		-5.1556 		16.2897
v -0.5102 		-5.1314 		16.3186
v -0.5134 		-5.1059 		16.3396
v -0.5168 		-5.0795 		16.3524
v -0.5202 		-5.0526 		16.3567
v -0.5236 		-5.0257 		16.3524
v -0.527 		-4.9992 		16.3396
v -0.5302 		-4.9737 		16.3186
v -0.5333 		-4.9495 		16.2897
v -0.5362 		-4.9271 		16.2534
v -0.5387 		-4.9069 		16.2102
v -0.541 		-4.8891 		16.1611
v -0.5429 		-4.8741 		16.1067
v -0.5444 		-4.8622 		16.048
v -0.5455 		-4.8535 		15.9861
v -0.5462 		-4.8483 		15.9219
v -0.5464 		-4.8465 		15.8567
v -0.5462 		-4.8483 		15.7914
v -0.5455 		-4.8535 		15.7273
v -0.5444 		-4.8622 		15.6653
v -0.5429 		-4.8741 		15.6067
v -0.541 		-4.8891 		15.5523
v -0.5387 		-4.9069 		15.5031
v -0.5362 		-4.9271 		15.46
v -0.5333 		-4.9495 		15.4237
v -0.5302 		-4.9737 		15.3947
v -0.527 		-4.9992 		15.3737
v -0.5236 		-5.0257 		15.361
v -0.5202 		-5.0526 		15.8567
# 50 vertices

g group_25_16768282

usemtl color_16768282
s 0

f 1744 	1745 	1743
f 1745 	1746 	1743
f 1746 	1747 	1743
f 1747 	1748 	1743
f 1748 	1749 	1743
f 1749 	1750 	1743
f 1750 	1751 	1743
f 1751 	1752 	1743
f 1752 	1753 	1743
f 1753 	1754 	1743
f 1754 	1755 	1743
f 1755 	1756 	1743
f 1756 	1757 	1743
f 1757 	1758 	1743
f 1758 	1759 	1743
f 1759 	1760 	1743
f 1760 	1761 	1743
f 1761 	1762 	1743
f 1762 	1763 	1743
f 1763 	1764 	1743
f 1764 	1765 	1743
f 1765 	1766 	1743
f 1766 	1767 	1743
f 1767 	1768 	1743
f 1768 	1769 	1743
f 1769 	1770 	1743
f 1770 	1771 	1743
f 1771 	1772 	1743
f 1772 	1773 	1743
f 1773 	1774 	1743
f 1774 	1775 	1743
f 1775 	1776 	1743
f 1776 	1777 	1743
f 1777 	1778 	1743
f 1778 	1779 	1743
f 1779 	1780 	1743
f 1780 	1781 	1743
f 1781 	1782 	1743
f 1782 	1783 	1743
f 1783 	1784 	1743
f 1784 	1785 	1743
f 1785 	1786 	1743
f 1786 	1787 	1743
f 1787 	1788 	1743
f 1788 	1789 	1743
f 1789 	1790 	1743
f 1790 	1791 	1743
f 1791 	1744 	1743
f 1745 	1744 	1792
f 1746 	1745 	1792
f 1747 	1746 	1792
f 1748 	1747 	1792
f 1749 	1748 	1792
f 1750 	1749 	1792
f 1751 	1750 	1792
f 1752 	1751 	1792
f 1753 	1752 	1792
f 1754 	1753 	1792
f 1755 	1754 	1792
f 1756 	1755 	1792
f 1757 	1756 	1792
f 1758 	1757 	1792
f 1759 	1758 	1792
f 1760 	1759 	1792
f 1761 	1760 	1792
f 1762 	1761 	1792
f 1763 	1762 	1792
f 1764 	1763 	1792
f 1765 	1764 	1792
f 1766 	1765 	1792
f 1767 	1766 	1792
f 1768 	1767 	1792
f 1769 	1768 	1792
f 1770 	1769 	1792
f 1771 	1770 	1792
f 1772 	1771 	1792
f 1773 	1772 	1792
f 1774 	1773 	1792
f 1775 	1774 	1792
f 1776 	1775 	1792
f 1777 	1776 	1792
f 1778 	1777 	1792
f 1779 	1778 	1792
f 1780 	1779 	1792
f 1781 	1780 	1792
f 1782 	1781 	1792
f 1783 	1782 	1792
f 1784 	1783 	1792
f 1785 	1784 	1792
f 1786 	1785 	1792
f 1787 	1786 	1792
f 1788 	1787 	1792
f 1789 	1788 	1792
f 1790 	1789 	1792
f 1791 	1790 	1792
f 1744 	1791 	1792
# 96 faces

 #end of obj_25

o obj_26
v 6.9571 		3.3105 		15.361
v 6.9537 		3.3374 		15.3567
v 6.9537 		3.3374 		15.8567
v 6.9604 		3.2841 		15.3737
v 6.9637 		3.2586 		15.3947
v 6.9667 		3.2344 		15.4237
v 6.9696 		3.212 		15.46
v 6.9722 		3.1917 		15.5031
v 6.9744 		3.174 		15.5523
v 6.9763 		3.159 		15.6067
v 6.9778 		3.1471 		15.6653
v 6.9789 		3.1384 		15.7273
v 6.9796 		3.1332 		15.7914
v 6.9798 		3.1314 		15.8567
v 6.9796 		3.1332 		15.9219
v 6.9789 		3.1384 		15.9861
v 6.9778 		3.1471 		16.048
v 6.9763 		3.159 		16.1067
v 6.9744 		3.174 		16.1611
v 6.9722 		3.1917 		16.2102
v 6.9696 		3.212 		16.2534
v 6.9667 		3.2344 		16.2897
v 6.9637 		3.2586 		16.3186
v 6.9604 		3.2841 		16.3396
v 6.9571 		3.3105 		16.3524
v 6.9537 		3.3374 		16.3567
v 6.9502 		3.3643 		16.3524
v 6.9469 		3.3908 		16.3396
v 6.9436 		3.4163 		16.3186
v 6.9406 		3.4405 		16.2897
v 6.9377 		3.4629 		16.2534
v 6.9352 		3.4831 		16.2102
v 6.9329 		3.5009 		16.1611
v 6.931 		3.5159 		16.1067
v 6.9295 		3.5278 		16.048
v 6.9284 		3.5365 		15.9861
v 6.9277 		3.5417 		15.9219
v 6.9275 		3.5435 		15.8567
v 6.9277 		3.5417 		15.7914
v 6.9284 		3.5365 		15.7273
v 6.9295 		3.5278 		15.6653
v 6.931 		3.5159 		15.6067
v 6.9329 		3.5009 		15.5523
v 6.9352 		3.4831 		15.5031
v 6.9377 		3.4629 		15.46
v 6.9406 		3.4405 		15.4237
v 6.9436 		3.4163 		15.3947
v 6.9469 		3.3908 		15.3737
v 6.9502 		3.3643 		15.361
v -1.2402 		3.1602 		15.3567
v -1.2368 		3.1333 		15.361
v -1.2402 		3.1602 		15.8567
v -1.2335 		3.1069 		15.3737
v -1.2302 		3.0814 		15.3947
v -1.2271 		3.0572 		15.4237
v -1.2243 		3.0348 		15.46
v -1.2217 		3.0145 		15.5031
v -1.2195 		2.9968 		15.5523
v -1.2176 		2.9818 		15.6067
v -1.2161 		2.9699 		15.6653
v -1.215 		2.9612 		15.7273
v -1.2143 		2.956 		15.7914
v -1.2141 		2.9542 		15.8567
v -1.2143 		2.956 		15.9219
v -1.215 		2.9612 		15.9861
v -1.2161 		2.9699 		16.048
v -1.2176 		2.9818 		16.1067
v -1.2195 		2.9968 		16.1611
v -1.2217 		3.0145 		16.2102
v -1.2243 		3.0348 		16.2534
v -1.2271 		3.0572 		16.2897
v -1.2302 		3.0814 		16.3186
v -1.2335 		3.1069 		16.3396
v -1.2368 		3.1333 		16.3524
v -1.2402 		3.1602 		16.3567
v -1.2436 		3.1871 		16.3524
v -1.247 		3.2136 		16.3396
v -1.2502 		3.2391 		16.3186
v -1.2533 		3.2633 		16.2897
v -1.2562 		3.2857 		16.2534
v -1.2587 		3.3059 		16.2102
v -1.261 		3.3237 		16.1611
v -1.2629 		3.3387 		16.1067
v -1.2644 		3.3506 		16.048
v -1.2655 		3.3593 		15.9861
v -1.2662 		3.3645 		15.9219
v -1.2664 		3.3663 		15.8567
v -1.2662 		3.3645 		15.7914
v -1.2655 		3.3593 		15.7273
v -1.2644 		3.3506 		15.6653
v -1.2629 		3.3387 		15.6067
v -1.261 		3.3237 		15.5523
v -1.2587 		3.3059 		15.5031
v -1.2562 		3.2857 		15.46
v -1.2533 		3.2633 		15.4237
v -1.2502 		3.2391 		15.3947
v -1.247 		3.2136 		15.3737
v -1.2436 		3.1871 		15.361
# 98 vertices

g group_26_16768282

usemtl color_16768282
s 0

f 1793 	1794 	1795
f 1796 	1793 	1795
f 1797 	1796 	1795
f 1798 	1797 	1795
f 1799 	1798 	1795
f 1800 	1799 	1795
f 1801 	1800 	1795
f 1802 	1801 	1795
f 1803 	1802 	1795
f 1804 	1803 	1795
f 1805 	1804 	1795
f 1806 	1805 	1795
f 1807 	1806 	1795
f 1808 	1807 	1795
f 1809 	1808 	1795
f 1810 	1809 	1795
f 1811 	1810 	1795
f 1812 	1811 	1795
f 1813 	1812 	1795
f 1814 	1813 	1795
f 1815 	1814 	1795
f 1816 	1815 	1795
f 1817 	1816 	1795
f 1818 	1817 	1795
f 1819 	1818 	1795
f 1820 	1819 	1795
f 1821 	1820 	1795
f 1822 	1821 	1795
f 1823 	1822 	1795
f 1824 	1823 	1795
f 1825 	1824 	1795
f 1826 	1825 	1795
f 1827 	1826 	1795
f 1828 	1827 	1795
f 1829 	1828 	1795
f 1830 	1829 	1795
f 1831 	1830 	1795
f 1832 	1831 	1795
f 1833 	1832 	1795
f 1834 	1833 	1795
f 1835 	1834 	1795
f 1836 	1835 	1795
f 1837 	1836 	1795
f 1838 	1837 	1795
f 1839 	1838 	1795
f 1840 	1839 	1795
f 1841 	1840 	1795
f 1794 	1841 	1795
f 1842 	1843 	1844
f 1843 	1845 	1844
f 1845 	1846 	1844
f 1846 	1847 	1844
f 1847 	1848 	1844
f 1848 	1849 	1844
f 1849 	1850 	1844
f 1850 	1851 	1844
f 1851 	1852 	1844
f 1852 	1853 	1844
f 1853 	1854 	1844
f 1854 	1855 	1844
f 1855 	1856 	1844
f 1856 	1857 	1844
f 1857 	1858 	1844
f 1858 	1859 	1844
f 1859 	1860 	1844
f 1860 	1861 	1844
f 1861 	1862 	1844
f 1862 	1863 	1844
f 1863 	1864 	1844
f 1864 	1865 	1844
f 1865 	1866 	1844
f 1866 	1867 	1844
f 1867 	1868 	1844
f 1868 	1869 	1844
f 1869 	1870 	1844
f 1870 	1871 	1844
f 1871 	1872 	1844
f 1872 	1873 	1844
f 1873 	1874 	1844
f 1874 	1875 	1844
f 1875 	1876 	1844
f 1876 	1877 	1844
f 1877 	1878 	1844
f 1878 	1879 	1844
f 1879 	1880 	1844
f 1880 	1881 	1844
f 1881 	1882 	1844
f 1882 	1883 	1844
f 1883 	1884 	1844
f 1884 	1885 	1844
f 1885 	1886 	1844
f 1886 	1887 	1844
f 1887 	1888 	1844
f 1888 	1889 	1844
f 1889 	1890 	1844
f 1890 	1842 	1844
f 1794 	1793 	1793
f 1793 	1796 	1796
f 1796 	1797 	1797
f 1797 	1798 	1798
f 1798 	1799 	1799
f 1799 	1800 	1800
f 1800 	1801 	1801
f 1801 	1802 	1802
f 1802 	1803 	1803
f 1803 	1804 	1804
f 1804 	1805 	1805
f 1805 	1806 	1806
f 1806 	1807 	1807
f 1807 	1808 	1808
f 1808 	1809 	1809
f 1809 	1810 	1810
f 1810 	1811 	1811
f 1811 	1812 	1812
f 1812 	1813 	1813
f 1813 	1814 	1814
f 1814 	1815 	1815
f 1815 	1816 	1816
f 1816 	1817 	1817
f 1817 	1818 	1818
f 1818 	1819 	1819
f 1819 	1820 	1820
f 1820 	1821 	1821
f 1821 	1822 	1822
f 1822 	1823 	1823
f 1823 	1824 	1824
f 1824 	1825 	1825
f 1825 	1826 	1826
f 1826 	1827 	1827
f 1827 	1828 	1828
f 1828 	1829 	1829
f 1829 	1830 	1830
f 1830 	1831 	1831
f 1831 	1832 	1832
f 1832 	1833 	1833
f 1833 	1834 	1834
f 1834 	1835 	1835
f 1835 	1836 	1836
f 1836 	1837 	1837
f 1837 	1838 	1838
f 1838 	1839 	1839
f 1839 	1840 	1840
f 1840 	1841 	1841
f 1841 	1794 	1794
f 1794 	1793 	1843
f 1794 	1843 	1842
f 1793 	1796 	1845
f 1793 	1845 	1843
f 1796 	1797 	1846
f 1796 	1846 	1845
f 1797 	1798 	1847
f 1797 	1847 	1846
f 1798 	1799 	1848
f 1798 	1848 	1847
f 1799 	1800 	1849
f 1799 	1849 	1848
f 1800 	1801 	1850
f 1800 	1850 	1849
f 1801 	1802 	1851
f 1801 	1851 	1850
f 1802 	1803 	1852
f 1802 	1852 	1851
f 1803 	1804 	1853
f 1803 	1853 	1852
f 1804 	1805 	1854
f 1804 	1854 	1853
f 1805 	1806 	1855
f 1805 	1855 	1854
f 1806 	1807 	1856
f 1806 	1856 	1855
f 1807 	1808 	1857
f 1807 	1857 	1856
f 1808 	1809 	1858
f 1808 	1858 	1857
f 1809 	1810 	1859
f 1809 	1859 	1858
f 1810 	1811 	1860
f 1810 	1860 	1859
f 1811 	1812 	1861
f 1811 	1861 	1860
f 1812 	1813 	1862
f 1812 	1862 	1861
f 1813 	1814 	1863
f 1813 	1863 	1862
f 1814 	1815 	1864
f 1814 	1864 	1863
f 1815 	1816 	1865
f 1815 	1865 	1864
f 1816 	1817 	1866
f 1816 	1866 	1865
f 1817 	1818 	1867
f 1817 	1867 	1866
f 1818 	1819 	1868
f 1818 	1868 	1867
f 1819 	1820 	1869
f 1819 	1869 	1868
f 1820 	1821 	1870
f 1820 	1870 	1869
f 1821 	1822 	1871
f 1821 	1871 	1870
f 1822 	1823 	1872
f 1822 	1872 	1871
f 1823 	1824 	1873
f 1823 	1873 	1872
f 1824 	1825 	1874
f 1824 	1874 	1873
f 1825 	1826 	1875
f 1825 	1875 	1874
f 1826 	1827 	1876
f 1826 	1876 	1875
f 1827 	1828 	1877
f 1827 	1877 	1876
f 1828 	1829 	1878
f 1828 	1878 	1877
f 1829 	1830 	1879
f 1829 	1879 	1878
f 1830 	1831 	1880
f 1830 	1880 	1879
f 1831 	1832 	1881
f 1831 	1881 	1880
f 1832 	1833 	1882
f 1832 	1882 	1881
f 1833 	1834 	1883
f 1833 	1883 	1882
f 1834 	1835 	1884
f 1834 	1884 	1883
f 1835 	1836 	1885
f 1835 	1885 	1884
f 1836 	1837 	1886
f 1836 	1886 	1885
f 1837 	1838 	1887
f 1837 	1887 	1886
f 1838 	1839 	1888
f 1838 	1888 	1887
f 1839 	1840 	1889
f 1839 	1889 	1888
f 1840 	1841 	1890
f 1840 	1890 	1889
f 1841 	1794 	1842
f 1841 	1842 	1890
f 1842 	1843 	1843
f 1843 	1845 	1845
f 1845 	1846 	1846
f 1846 	1847 	1847
f 1847 	1848 	1848
f 1848 	1849 	1849
f 1849 	1850 	1850
f 1850 	1851 	1851
f 1851 	1852 	1852
f 1852 	1853 	1853
f 1853 	1854 	1854
f 1854 	1855 	1855
f 1855 	1856 	1856
f 1856 	1857 	1857
f 1857 	1858 	1858
f 1858 	1859 	1859
f 1859 	1860 	1860
f 1860 	1861 	1861
f 1861 	1862 	1862
f 1862 	1863 	1863
f 1863 	1864 	1864
f 1864 	1865 	1865
f 1865 	1866 	1866
f 1866 	1867 	1867
f 1867 	1868 	1868
f 1868 	1869 	1869
f 1869 	1870 	1870
f 1870 	1871 	1871
f 1871 	1872 	1872
f 1872 	1873 	1873
f 1873 	1874 	1874
f 1874 	1875 	1875
f 1875 	1876 	1876
f 1876 	1877 	1877
f 1877 	1878 	1878
f 1878 	1879 	1879
f 1879 	1880 	1880
f 1880 	1881 	1881
f 1881 	1882 	1882
f 1882 	1883 	1883
f 1883 	1884 	1884
f 1884 	1885 	1885
f 1885 	1886 	1886
f 1886 	1887 	1887
f 1887 	1888 	1888
f 1888 	1889 	1889
f 1889 	1890 	1890
f 1890 	1842 	1842
# 288 faces

 #end of obj_26

o obj_27
v -6.795 		2.1635 		15.8567
v 0.9892 		2.3319 		15.3567
v 0.9926 		2.305 		15.361
v 0.996 		2.2785 		15.3737
v 0.9992 		2.253 		15.3947
v 1.0023 		2.2288 		15.4237
v 1.0051 		2.2064 		15.46
v 1.0077 		2.1862 		15.5031
v 1.01 		2.1684 		15.5523
v 1.0119 		2.1534 		15.6067
v 1.0134 		2.1415 		15.6653
v 1.0145 		2.1328 		15.7273
v 1.0152 		2.1276 		15.7914
v 1.0154 		2.1258 		15.8567
v 1.0152 		2.1276 		15.9219
v 1.0145 		2.1328 		15.9861
v 1.0134 		2.1415 		16.048
v 1.0119 		2.1534 		16.1067
v 1.01 		2.1684 		16.1611
v 1.0077 		2.1862 		16.2102
v 1.0051 		2.2064 		16.2534
v 1.0023 		2.2288 		16.2897
v 0.9992 		2.253 		16.3186
v 0.996 		2.2785 		16.3396
v 0.9926 		2.305 		16.3524
v 0.9892 		2.3319 		16.3567
v 0.9858 		2.3588 		16.3524
v 0.9824 		2.3852 		16.3396
v 0.9792 		2.4107 		16.3186
v 0.9761 		2.4349 		16.2897
v 0.9733 		2.4573 		16.2534
v 0.9707 		2.4776 		16.2102
v 0.9684 		2.4953 		16.1611
v 0.9665 		2.5103 		16.1067
v 0.965 		2.5222 		16.048
v 0.9639 		2.5309 		15.9861
v 0.9633 		2.5362 		15.9219
v 0.963 		2.5379 		15.8567
v 0.9633 		2.5362 		15.7914
v 0.9639 		2.5309 		15.7273
v 0.965 		2.5222 		15.6653
v 0.9665 		2.5103 		15.6067
v 0.9684 		2.4953 		15.5523
v 0.9707 		2.4776 		15.5031
v 0.9733 		2.4573 		15.46
v 0.9761 		2.4349 		15.4237
v 0.9792 		2.4107 		15.3947
v 0.9824 		2.3852 		15.3737
v 0.9858 		2.3588 		15.361
v 0.9892 		2.3319 		15.8567
# 50 vertices

g group_27_16768282

usemtl color_16768282
s 0

f 1892 	1893 	1891
f 1893 	1894 	1891
f 1894 	1895 	1891
f 1895 	1896 	1891
f 1896 	1897 	1891
f 1897 	1898 	1891
f 1898 	1899 	1891
f 1899 	1900 	1891
f 1900 	1901 	1891
f 1901 	1902 	1891
f 1902 	1903 	1891
f 1903 	1904 	1891
f 1904 	1905 	1891
f 1905 	1906 	1891
f 1906 	1907 	1891
f 1907 	1908 	1891
f 1908 	1909 	1891
f 1909 	1910 	1891
f 1910 	1911 	1891
f 1911 	1912 	1891
f 1912 	1913 	1891
f 1913 	1914 	1891
f 1914 	1915 	1891
f 1915 	1916 	1891
f 1916 	1917 	1891
f 1917 	1918 	1891
f 1918 	1919 	1891
f 1919 	1920 	1891
f 1920 	1921 	1891
f 1921 	1922 	1891
f 1922 	1923 	1891
f 1923 	1924 	1891
f 1924 	1925 	1891
f 1925 	1926 	1891
f 1926 	1927 	1891
f 1927 	1928 	1891
f 1928 	1929 	1891
f 1929 	1930 	1891
f 1930 	1931 	1891
f 1931 	1932 	1891
f 1932 	1933 	1891
f 1933 	1934 	1891
f 1934 	1935 	1891
f 1935 	1936 	1891
f 1936 	1937 	1891
f 1937 	1938 	1891
f 1938 	1939 	1891
f 1939 	1892 	1891
f 1893 	1892 	1940
f 1894 	1893 	1940
f 1895 	1894 	1940
f 1896 	1895 	1940
f 1897 	1896 	1940
f 1898 	1897 	1940
f 1899 	1898 	1940
f 1900 	1899 	1940
f 1901 	1900 	1940
f 1902 	1901 	1940
f 1903 	1902 	1940
f 1904 	1903 	1940
f 1905 	1904 	1940
f 1906 	1905 	1940
f 1907 	1906 	1940
f 1908 	1907 	1940
f 1909 	1908 	1940
f 1910 	1909 	1940
f 1911 	1910 	1940
f 1912 	1911 	1940
f 1913 	1912 	1940
f 1914 	1913 	1940
f 1915 	1914 	1940
f 1916 	1915 	1940
f 1917 	1916 	1940
f 1918 	1917 	1940
f 1919 	1918 	1940
f 1920 	1919 	1940
f 1921 	1920 	1940
f 1922 	1921 	1940
f 1923 	1922 	1940
f 1924 	1923 	1940
f 1925 	1924 	1940
f 1926 	1925 	1940
f 1927 	1926 	1940
f 1928 	1927 	1940
f 1929 	1928 	1940
f 1930 	1929 	1940
f 1931 	1930 	1940
f 1932 	1931 	1940
f 1933 	1932 	1940
f 1934 	1933 	1940
f 1935 	1934 	1940
f 1936 	1935 	1940
f 1937 	1936 	1940
f 1938 	1937 	1940
f 1939 	1938 	1940
f 1892 	1939 	1940
# 96 faces

 #end of obj_27

o obj_28
v 9.1865 		2.4822 		15.361
v 9.1831 		2.5091 		15.3567
v 9.1831 		2.5091 		15.8567
v 9.1899 		2.4557 		15.3737
v 9.1931 		2.4302 		15.3947
v 9.1962 		2.4061 		15.4237
v 9.199 		2.3836 		15.46
v 9.2016 		2.3634 		15.5031
v 9.2039 		2.3456 		15.5523
v 9.2058 		2.3306 		15.6067
v 9.2073 		2.3187 		15.6653
v 9.2084 		2.31 		15.7273
v 9.209 		2.3048 		15.7914
v 9.2093 		2.303 		15.8567
v 9.209 		2.3048 		15.9219
v 9.2084 		2.31 		15.9861
v 9.2073 		2.3187 		16.048
v 9.2058 		2.3306 		16.1067
v 9.2039 		2.3456 		16.1611
v 9.2016 		2.3634 		16.2102
v 9.199 		2.3836 		16.2534
v 9.1962 		2.4061 		16.2897
v 9.1931 		2.4302 		16.3186
v 9.1899 		2.4557 		16.3396
v 9.1865 		2.4822 		16.3524
v 9.1831 		2.5091 		16.3567
v 9.1797 		2.536 		16.3524
v 9.1763 		2.5624 		16.3396
v 9.1731 		2.5879 		16.3186
v 9.17 		2.6121 		16.2897
v 9.1672 		2.6345 		16.2534
v 9.1646 		2.6548 		16.2102
v 9.1623 		2.6725 		16.1611
v 9.1604 		2.6875 		16.1067
v 9.1589 		2.6994 		16.048
v 9.1578 		2.7081 		15.9861
v 9.1571 		2.7134 		15.9219
v 9.1569 		2.7151 		15.8567
v 9.1571 		2.7134 		15.7914
v 9.1578 		2.7081 		15.7273
v 9.1589 		2.6994 		15.6653
v 9.1604 		2.6875 		15.6067
v 9.1623 		2.6725 		15.5523
v 9.1646 		2.6548 		15.5031
v 9.1672 		2.6345 		15.46
v 9.17 		2.6121 		15.4237
v 9.1731 		2.5879 		15.3947
v 9.1763 		2.5624 		15.3737
v 9.1797 		2.536 		15.361
v 0.9892 		2.3319 		15.3567
v 0.9926 		2.305 		15.361
v 0.9892 		2.3319 		15.8567
v 0.996 		2.2785 		15.3737
v 0.9992 		2.253 		15.3947
v 1.0023 		2.2288 		15.4237
v 1.0051 		2.2064 		15.46
v 1.0077 		2.1862 		15.5031
v 1.01 		2.1684 		15.5523
v 1.0119 		2.1534 		15.6067
v 1.0134 		2.1415 		15.6653
v 1.0145 		2.1328 		15.7273
v 1.0152 		2.1276 		15.7914
v 1.0154 		2.1258 		15.8567
v 1.0152 		2.1276 		15.9219
v 1.0145 		2.1328 		15.9861
v 1.0134 		2.1415 		16.048
v 1.0119 		2.1534 		16.1067
v 1.01 		2.1684 		16.1611
v 1.0077 		2.1862 		16.2102
v 1.0051 		2.2064 		16.2534
v 1.0023 		2.2288 		16.2897
v 0.9992 		2.253 		16.3186
v 0.996 		2.2785 		16.3396
v 0.9926 		2.305 		16.3524
v 0.9892 		2.3319 		16.3567
v 0.9858 		2.3588 		16.3524
v 0.9824 		2.3852 		16.3396
v 0.9792 		2.4107 		16.3186
v 0.9761 		2.4349 		16.2897
v 0.9733 		2.4573 		16.2534
v 0.9707 		2.4776 		16.2102
v 0.9684 		2.4953 		16.1611
v 0.9665 		2.5103 		16.1067
v 0.965 		2.5222 		16.048
v 0.9639 		2.5309 		15.9861
v 0.9633 		2.5362 		15.9219
v 0.963 		2.5379 		15.8567
v 0.9633 		2.5362 		15.7914
v 0.9639 		2.5309 		15.7273
v 0.965 		2.5222 		15.6653
v 0.9665 		2.5103 		15.6067
v 0.9684 		2.4953 		15.5523
v 0.9707 		2.4776 		15.5031
v 0.9733 		2.4573 		15.46
v 0.9761 		2.4349 		15.4237
v 0.9792 		2.4107 		15.3947
v 0.9824 		2.3852 		15.3737
v 0.9858 		2.3588 		15.361
# 98 vertices

g group_28_16768282

usemtl color_16768282
s 0

f 1941 	1942 	1943
f 1944 	1941 	1943
f 1945 	1944 	1943
f 1946 	1945 	1943
f 1947 	1946 	1943
f 1948 	1947 	1943
f 1949 	1948 	1943
f 1950 	1949 	1943
f 1951 	1950 	1943
f 1952 	1951 	1943
f 1953 	1952 	1943
f 1954 	1953 	1943
f 1955 	1954 	1943
f 1956 	1955 	1943
f 1957 	1956 	1943
f 1958 	1957 	1943
f 1959 	1958 	1943
f 1960 	1959 	1943
f 1961 	1960 	1943
f 1962 	1961 	1943
f 1963 	1962 	1943
f 1964 	1963 	1943
f 1965 	1964 	1943
f 1966 	1965 	1943
f 1967 	1966 	1943
f 1968 	1967 	1943
f 1969 	1968 	1943
f 1970 	1969 	1943
f 1971 	1970 	1943
f 1972 	1971 	1943
f 1973 	1972 	1943
f 1974 	1973 	1943
f 1975 	1974 	1943
f 1976 	1975 	1943
f 1977 	1976 	1943
f 1978 	1977 	1943
f 1979 	1978 	1943
f 1980 	1979 	1943
f 1981 	1980 	1943
f 1982 	1981 	1943
f 1983 	1982 	1943
f 1984 	1983 	1943
f 1985 	1984 	1943
f 1986 	1985 	1943
f 1987 	1986 	1943
f 1988 	1987 	1943
f 1989 	1988 	1943
f 1942 	1989 	1943
f 1990 	1991 	1992
f 1991 	1993 	1992
f 1993 	1994 	1992
f 1994 	1995 	1992
f 1995 	1996 	1992
f 1996 	1997 	1992
f 1997 	1998 	1992
f 1998 	1999 	1992
f 1999 	2000 	1992
f 2000 	2001 	1992
f 2001 	2002 	1992
f 2002 	2003 	1992
f 2003 	2004 	1992
f 2004 	2005 	1992
f 2005 	2006 	1992
f 2006 	2007 	1992
f 2007 	2008 	1992
f 2008 	2009 	1992
f 2009 	2010 	1992
f 2010 	2011 	1992
f 2011 	2012 	1992
f 2012 	2013 	1992
f 2013 	2014 	1992
f 2014 	2015 	1992
f 2015 	2016 	1992
f 2016 	2017 	1992
f 2017 	2018 	1992
f 2018 	2019 	1992
f 2019 	2020 	1992
f 2020 	2021 	1992
f 2021 	2022 	1992
f 2022 	2023 	1992
f 2023 	2024 	1992
f 2024 	2025 	1992
f 2025 	2026 	1992
f 2026 	2027 	1992
f 2027 	2028 	1992
f 2028 	2029 	1992
f 2029 	2030 	1992
f 2030 	2031 	1992
f 2031 	2032 	1992
f 2032 	2033 	1992
f 2033 	2034 	1992
f 2034 	2035 	1992
f 2035 	2036 	1992
f 2036 	2037 	1992
f 2037 	2038 	1992
f 2038 	1990 	1992
f 1942 	1941 	1941
f 1941 	1944 	1944
f 1944 	1945 	1945
f 1945 	1946 	1946
f 1946 	1947 	1947
f 1947 	1948 	1948
f 1948 	1949 	1949
f 1949 	1950 	1950
f 1950 	1951 	1951
f 1951 	1952 	1952
f 1952 	1953 	1953
f 1953 	1954 	1954
f 1954 	1955 	1955
f 1955 	1956 	1956
f 1956 	1957 	1957
f 1957 	1958 	1958
f 1958 	1959 	1959
f 1959 	1960 	1960
f 1960 	1961 	1961
f 1961 	1962 	1962
f 1962 	1963 	1963
f 1963 	1964 	1964
f 1964 	1965 	1965
f 1965 	1966 	1966
f 1966 	1967 	1967
f 1967 	1968 	1968
f 1968 	1969 	1969
f 1969 	1970 	1970
f 1970 	1971 	1971
f 1971 	1972 	1972
f 1972 	1973 	1973
f 1973 	1974 	1974
f 1974 	1975 	1975
f 1975 	1976 	1976
f 1976 	1977 	1977
f 1977 	1978 	1978
f 1978 	1979 	1979
f 1979 	1980 	1980
f 1980 	1981 	1981
f 1981 	1982 	1982
f 1982 	1983 	1983
f 1983 	1984 	1984
f 1984 	1985 	1985
f 1985 	1986 	1986
f 1986 	1987 	1987
f 1987 	1988 	1988
f 1988 	1989 	1989
f 1989 	1942 	1942
f 1942 	1941 	1991
f 1942 	1991 	1990
f 1941 	1944 	1993
f 1941 	1993 	1991
f 1944 	1945 	1994
f 1944 	1994 	1993
f 1945 	1946 	1995
f 1945 	1995 	1994
f 1946 	1947 	1996
f 1946 	1996 	1995
f 1947 	1948 	1997
f 1947 	1997 	1996
f 1948 	1949 	1998
f 1948 	1998 	1997
f 1949 	1950 	1999
f 1949 	1999 	1998
f 1950 	1951 	2000
f 1950 	2000 	1999
f 1951 	1952 	2001
f 1951 	2001 	2000
f 1952 	1953 	2002
f 1952 	2002 	2001
f 1953 	1954 	2003
f 1953 	2003 	2002
f 1954 	1955 	2004
f 1954 	2004 	2003
f 1955 	1956 	2005
f 1955 	2005 	2004
f 1956 	1957 	2006
f 1956 	2006 	2005
f 1957 	1958 	2007
f 1957 	2007 	2006
f 1958 	1959 	2008
f 1958 	2008 	2007
f 1959 	1960 	2009
f 1959 	2009 	2008
f 1960 	1961 	2010
f 1960 	2010 	2009
f 1961 	1962 	2011
f 1961 	2011 	2010
f 1962 	1963 	2012
f 1962 	2012 	2011
f 1963 	1964 	2013
f 1963 	2013 	2012
f 1964 	1965 	2014
f 1964 	2014 	2013
f 1965 	1966 	2015
f 1965 	2015 	2014
f 1966 	1967 	2016
f 1966 	2016 	2015
f 1967 	1968 	2017
f 1967 	2017 	2016
f 1968 	1969 	2018
f 1968 	2018 	2017
f 1969 	1970 	2019
f 1969 	2019 	2018
f 1970 	1971 	2020
f 1970 	2020 	2019
f 1971 	1972 	2021
f 1971 	2021 	2020
f 1972 	1973 	2022
f 1972 	2022 	2021
f 1973 	1974 	2023
f 1973 	2023 	2022
f 1974 	1975 	2024
f 1974 	2024 	2023
f 1975 	1976 	2025
f 1975 	2025 	2024
f 1976 	1977 	2026
f 1976 	2026 	2025
f 1977 	1978 	2027
f 1977 	2027 	2026
f 1978 	1979 	2028
f 1978 	2028 	2027
f 1979 	1980 	2029
f 1979 	2029 	2028
f 1980 	1981 	2030
f 1980 	2030 	2029
f 1981 	1982 	2031
f 1981 	2031 	2030
f 1982 	1983 	2032
f 1982 	2032 	2031
f 1983 	1984 	2033
f 1983 	2033 	2032
f 1984 	1985 	2034
f 1984 	2034 	2033
f 1985 	1986 	2035
f 1985 	2035 	2034
f 1986 	1987 	2036
f 1986 	2036 	2035
f 1987 	1988 	2037
f 1987 	2037 	2036
f 1988 	1989 	2038
f 1988 	2038 	2037
f 1989 	1942 	1990
f 1989 	1990 	2038
f 1990 	1991 	1991
f 1991 	1993 	1993
f 1993 	1994 	1994
f 1994 	1995 	1995
f 1995 	1996 	1996
f 1996 	1997 	1997
f 1997 	1998 	1998
f 1998 	1999 	1999
f 1999 	2000 	2000
f 2000 	2001 	2001
f 2001 	2002 	2002
f 2002 	2003 	2003
f 2003 	2004 	2004
f 2004 	2005 	2005
f 2005 	2006 	2006
f 2006 	2007 	2007
f 2007 	2008 	2008
f 2008 	2009 	2009
f 2009 	2010 	2010
f 2010 	2011 	2011
f 2011 	2012 	2012
f 2012 	2013 	2013
f 2013 	2014 	2014
f 2014 	2015 	2015
f 2015 	2016 	2016
f 2016 	2017 	2017
f 2017 	2018 	2018
f 2018 	2019 	2019
f 2019 	2020 	2020
f 2020 	2021 	2021
f 2021 	2022 	2022
f 2022 	2023 	2023
f 2023 	2024 	2024
f 2024 	2025 	2025
f 2025 	2026 	2026
f 2026 	2027 	2027
f 2027 	2028 	2028
f 2028 	2029 	2029
f 2029 	2030 	2030
f 2030 	2031 	2031
f 2031 	2032 	2032
f 2032 	2033 	2033
f 2033 	2034 	2034
f 2034 	2035 	2035
f 2035 	2036 	2036
f 2036 	2037 	2037
f 2037 	2038 	2038
f 2038 	1990 	1990
# 288 faces

 #end of obj_28

o obj_29
v -9.0244 		2.9919 		15.8567
v -1.2402 		3.1602 		15.3567
v -1.2368 		3.1333 		15.361
v -1.2335 		3.1069 		15.3737
v -1.2302 		3.0814 		15.3947
v -1.2271 		3.0572 		15.4237
v -1.2243 		3.0348 		15.46
v -1.2217 		3.0145 		15.5031
v -1.2195 		2.9968 		15.5523
v -1.2176 		2.9818 		15.6067
v -1.2161 		2.9699 		15.6653
v -1.215 		2.9612 		15.7273
v -1.2143 		2.956 		15.7914
v -1.2141 		2.9542 		15.8567
v -1.2143 		2.956 		15.9219
v -1.215 		2.9612 		15.9861
v -1.2161 		2.9699 		16.048
v -1.2176 		2.9818 		16.1067
v -1.2195 		2.9968 		16.1611
v -1.2217 		3.0145 		16.2102
v -1.2243 		3.0348 		16.2534
v -1.2271 		3.0572 		16.2897
v -1.2302 		3.0814 		16.3186
v -1.2335 		3.1069 		16.3396
v -1.2368 		3.1333 		16.3524
v -1.2402 		3.1602 		16.3567
v -1.2436 		3.1871 		16.3524
v -1.247 		3.2136 		16.3396
v -1.2502 		3.2391 		16.3186
v -1.2533 		3.2633 		16.2897
v -1.2562 		3.2857 		16.2534
v -1.2587 		3.3059 		16.2102
v -1.261 		3.3237 		16.1611
v -1.2629 		3.3387 		16.1067
v -1.2644 		3.3506 		16.048
v -1.2655 		3.3593 		15.9861
v -1.2662 		3.3645 		15.9219
v -1.2664 		3.3663 		15.8567
v -1.2662 		3.3645 		15.7914
v -1.2655 		3.3593 		15.7273
v -1.2644 		3.3506 		15.6653
v -1.2629 		3.3387 		15.6067
v -1.261 		3.3237 		15.5523
v -1.2587 		3.3059 		15.5031
v -1.2562 		3.2857 		15.46
v -1.2533 		3.2633 		15.4237
v -1.2502 		3.2391 		15.3947
v -1.247 		3.2136 		15.3737
v -1.2436 		3.1871 		15.361
v -1.2402 		3.1602 		15.8567
# 50 vertices

g group_29_16768282

usemtl color_16768282
s 0

f 2040 	2041 	2039
f 2041 	2042 	2039
f 2042 	2043 	2039
f 2043 	2044 	2039
f 2044 	2045 	2039
f 2045 	2046 	2039
f 2046 	2047 	2039
f 2047 	2048 	2039
f 2048 	2049 	2039
f 2049 	2050 	2039
f 2050 	2051 	2039
f 2051 	2052 	2039
f 2052 	2053 	2039
f 2053 	2054 	2039
f 2054 	2055 	2039
f 2055 	2056 	2039
f 2056 	2057 	2039
f 2057 	2058 	2039
f 2058 	2059 	2039
f 2059 	2060 	2039
f 2060 	2061 	2039
f 2061 	2062 	2039
f 2062 	2063 	2039
f 2063 	2064 	2039
f 2064 	2065 	2039
f 2065 	2066 	2039
f 2066 	2067 	2039
f 2067 	2068 	2039
f 2068 	2069 	2039
f 2069 	2070 	2039
f 2070 	2071 	2039
f 2071 	2072 	2039
f 2072 	2073 	2039
f 2073 	2074 	2039
f 2074 	2075 	2039
f 2075 	2076 	2039
f 2076 	2077 	2039
f 2077 	2078 	2039
f 2078 	2079 	2039
f 2079 	2080 	2039
f 2080 	2081 	2039
f 2081 	2082 	2039
f 2082 	2083 	2039
f 2083 	2084 	2039
f 2084 	2085 	2039
f 2085 	2086 	2039
f 2086 	2087 	2039
f 2087 	2040 	2039
f 2041 	2040 	2088
f 2042 	2041 	2088
f 2043 	2042 	2088
f 2044 	2043 	2088
f 2045 	2044 	2088
f 2046 	2045 	2088
f 2047 	2046 	2088
f 2048 	2047 	2088
f 2049 	2048 	2088
f 2050 	2049 	2088
f 2051 	2050 	2088
f 2052 	2051 	2088
f 2053 	2052 	2088
f 2054 	2053 	2088
f 2055 	2054 	2088
f 2056 	2055 	2088
f 2057 	2056 	2088
f 2058 	2057 	2088
f 2059 	2058 	2088
f 2060 	2059 	2088
f 2061 	2060 	2088
f 2062 	2061 	2088
f 2063 	2062 	2088
f 2064 	2063 	2088
f 2065 	2064 	2088
f 2066 	2065 	2088
f 2067 	2066 	2088
f 2068 	2067 	2088
f 2069 	2068 	2088
f 2070 	2069 	2088
f 2071 	2070 	2088
f 2072 	2071 	2088
f 2073 	2072 	2088
f 2074 	2073 	2088
f 2075 	2074 	2088
f 2076 	2075 	2088
f 2077 	2076 	2088
f 2078 	2077 	2088
f 2079 	2078 	2088
f 2080 	2079 	2088
f 2081 	2080 	2088
f 2082 	2081 	2088
f 2083 	2082 	2088
f 2084 	2083 	2088
f 2085 	2084 	2088
f 2086 	2085 	2088
f 2087 	2086 	2088
f 2040 	2087 	2088
# 96 faces

 #end of obj_29

o obj_30
v -8.8444 		1.5746 		15.8567
v -1.0602 		1.7429 		15.3567
v -1.0568 		1.716 		15.361
v -1.0535 		1.6896 		15.3737
v -1.0502 		1.6641 		15.3947
v -1.0471 		1.6399 		15.4237
v -1.0443 		1.6175 		15.46
v -1.0417 		1.5972 		15.5031
v -1.0395 		1.5794 		15.5523
v -1.0376 		1.5645 		15.6067
v -1.036 		1.5525 		15.6653
v -1.0349 		1.5439 		15.7273
v -1.0343 		1.5386 		15.7914
v -1.0341 		1.5369 		15.8567
v -1.0343 		1.5386 		15.9219
v -1.0349 		1.5439 		15.9861
v -1.036 		1.5525 		16.048
v -1.0376 		1.5645 		16.1067
v -1.0395 		1.5794 		16.1611
v -1.0417 		1.5972 		16.2102
v -1.0443 		1.6175 		16.2534
v -1.0471 		1.6399 		16.2897
v -1.0502 		1.6641 		16.3186
v -1.0535 		1.6896 		16.3396
v -1.0568 		1.716 		16.3524
v -1.0602 		1.7429 		16.3567
v -1.0636 		1.7698 		16.3524
v -1.067 		1.7962 		16.3396
v -1.0702 		1.8218 		16.3186
v -1.0733 		1.8459 		16.2897
v -1.0762 		1.8683 		16.2534
v -1.0787 		1.8886 		16.2102
v -1.081 		1.9064 		16.1611
v -1.0829 		1.9213 		16.1067
v -1.0844 		1.9333 		16.048
v -1.0855 		1.9419 		15.9861
v -1.0862 		1.9472 		15.9219
v -1.0864 		1.949 		15.8567
v -1.0862 		1.9472 		15.7914
v -1.0855 		1.9419 		15.7273
v -1.0844 		1.9333 		15.6653
v -1.0829 		1.9213 		15.6067
v -1.081 		1.9064 		15.5523
v -1.0787 		1.8886 		15.5031
v -1.0762 		1.8683 		15.46
v -1.0733 		1.8459 		15.4237
v -1.0702 		1.8218 		15.3947
v -1.067 		1.7962 		15.3737
v -1.0636 		1.7698 		15.361
v -1.0602 		1.7429 		15.8567
# 50 vertices

g group_30_16768282

usemtl color_16768282
s 0

f 2090 	2091 	2089
f 2091 	2092 	2089
f 2092 	2093 	2089
f 2093 	2094 	2089
f 2094 	2095 	2089
f 2095 	2096 	2089
f 2096 	2097 	2089
f 2097 	2098 	2089
f 2098 	2099 	2089
f 2099 	2100 	2089
f 2100 	2101 	2089
f 2101 	2102 	2089
f 2102 	2103 	2089
f 2103 	2104 	2089
f 2104 	2105 	2089
f 2105 	2106 	2089
f 2106 	2107 	2089
f 2107 	2108 	2089
f 2108 	2109 	2089
f 2109 	2110 	2089
f 2110 	2111 	2089
f 2111 	2112 	2089
f 2112 	2113 	2089
f 2113 	2114 	2089
f 2114 	2115 	2089
f 2115 	2116 	2089
f 2116 	2117 	2089
f 2117 	2118 	2089
f 2118 	2119 	2089
f 2119 	2120 	2089
f 2120 	2121 	2089
f 2121 	2122 	2089
f 2122 	2123 	2089
f 2123 	2124 	2089
f 2124 	2125 	2089
f 2125 	2126 	2089
f 2126 	2127 	2089
f 2127 	2128 	2089
f 2128 	2129 	2089
f 2129 	2130 	2089
f 2130 	2131 	2089
f 2131 	2132 	2089
f 2132 	2133 	2089
f 2133 	2134 	2089
f 2134 	2135 	2089
f 2135 	2136 	2089
f 2136 	2137 	2089
f 2137 	2090 	2089
f 2091 	2090 	2138
f 2092 	2091 	2138
f 2093 	2092 	2138
f 2094 	2093 	2138
f 2095 	2094 	2138
f 2096 	2095 	2138
f 2097 	2096 	2138
f 2098 	2097 	2138
f 2099 	2098 	2138
f 2100 	2099 	2138
f 2101 	2100 	2138
f 2102 	2101 	2138
f 2103 	2102 	2138
f 2104 	2103 	2138
f 2105 	2104 	2138
f 2106 	2105 	2138
f 2107 	2106 	2138
f 2108 	2107 	2138
f 2109 	2108 	2138
f 2110 	2109 	2138
f 2111 	2110 	2138
f 2112 	2111 	2138
f 2113 	2112 	2138
f 2114 	2113 	2138
f 2115 	2114 	2138
f 2116 	2115 	2138
f 2117 	2116 	2138
f 2118 	2117 	2138
f 2119 	2118 	2138
f 2120 	2119 	2138
f 2121 	2120 	2138
f 2122 	2121 	2138
f 2123 	2122 	2138
f 2124 	2123 	2138
f 2125 	2124 	2138
f 2126 	2125 	2138
f 2127 	2126 	2138
f 2128 	2127 	2138
f 2129 	2128 	2138
f 2130 	2129 	2138
f 2131 	2130 	2138
f 2132 	2131 	2138
f 2133 	2132 	2138
f 2134 	2133 	2138
f 2135 	2134 	2138
f 2136 	2135 	2138
f 2137 	2136 	2138
f 2090 	2137 	2138
# 96 faces

 #end of obj_30

o obj_31
v 7.1371 		1.8932 		15.361
v 7.1337 		1.9201 		15.3567
v 7.1337 		1.9201 		15.8567
v 7.1404 		1.8668 		15.3737
v 7.1437 		1.8413 		15.3947
v 7.1467 		1.8171 		15.4237
v 7.1496 		1.7947 		15.46
v 7.1522 		1.7744 		15.5031
v 7.1544 		1.7566 		15.5523
v 7.1563 		1.7417 		15.6067
v 7.1578 		1.7298 		15.6653
v 7.1589 		1.7211 		15.7273
v 7.1596 		1.7158 		15.7914
v 7.1598 		1.7141 		15.8567
v 7.1596 		1.7158 		15.9219
v 7.1589 		1.7211 		15.9861
v 7.1578 		1.7298 		16.048
v 7.1563 		1.7417 		16.1067
v 7.1544 		1.7566 		16.1611
v 7.1522 		1.7744 		16.2102
v 7.1496 		1.7947 		16.2534
v 7.1467 		1.8171 		16.2897
v 7.1437 		1.8413 		16.3186
v 7.1404 		1.8668 		16.3396
v 7.1371 		1.8932 		16.3524
v 7.1337 		1.9201 		16.3567
v 7.1302 		1.947 		16.3524
v 7.1269 		1.9734 		16.3396
v 7.1236 		1.999 		16.3186
v 7.1206 		2.0231 		16.2897
v 7.1177 		2.0455 		16.2534
v 7.1152 		2.0658 		16.2102
v 7.1129 		2.0836 		16.1611
v 7.111 		2.0986 		16.1067
v 7.1095 		2.1105 		16.048
v 7.1084 		2.1191 		15.9861
v 7.1077 		2.1244 		15.9219
v 7.1075 		2.1262 		15.8567
v 7.1077 		2.1244 		15.7914
v 7.1084 		2.1191 		15.7273
v 7.1095 		2.1105 		15.6653
v 7.111 		2.0986 		15.6067
v 7.1129 		2.0836 		15.5523
v 7.1152 		2.0658 		15.5031
v 7.1177 		2.0455 		15.46
v 7.1206 		2.0231 		15.4237
v 7.1236 		1.999 		15.3947
v 7.1269 		1.9734 		15.3737
v 7.1302 		1.947 		15.361
v -1.0602 		1.7429 		15.3567
v -1.0568 		1.716 		15.361
v -1.0602 		1.7429 		15.8567
v -1.0535 		1.6896 		15.3737
v -1.0502 		1.6641 		15.3947
v -1.0471 		1.6399 		15.4237
v -1.0443 		1.6175 		15.46
v -1.0417 		1.5972 		15.5031
v -1.0395 		1.5794 		15.5523
v -1.0376 		1.5645 		15.6067
v -1.036 		1.5525 		15.6653
v -1.0349 		1.5439 		15.7273
v -1.0343 		1.5386 		15.7914
v -1.0341 		1.5369 		15.8567
v -1.0343 		1.5386 		15.9219
v -1.0349 		1.5439 		15.9861
v -1.036 		1.5525 		16.048
v -1.0376 		1.5645 		16.1067
v -1.0395 		1.5794 		16.1611
v -1.0417 		1.5972 		16.2102
v -1.0443 		1.6175 		16.2534
v -1.0471 		1.6399 		16.2897
v -1.0502 		1.6641 		16.3186
v -1.0535 		1.6896 		16.3396
v -1.0568 		1.716 		16.3524
v -1.0602 		1.7429 		16.3567
v -1.0636 		1.7698 		16.3524
v -1.067 		1.7962 		16.3396
v -1.0702 		1.8218 		16.3186
v -1.0733 		1.8459 		16.2897
v -1.0762 		1.8683 		16.2534
v -1.0787 		1.8886 		16.2102
v -1.081 		1.9064 		16.1611
v -1.0829 		1.9213 		16.1067
v -1.0844 		1.9333 		16.048
v -1.0855 		1.9419 		15.9861
v -1.0862 		1.9472 		15.9219
v -1.0864 		1.949 		15.8567
v -1.0862 		1.9472 		15.7914
v -1.0855 		1.9419 		15.7273
v -1.0844 		1.9333 		15.6653
v -1.0829 		1.9213 		15.6067
v -1.081 		1.9064 		15.5523
v -1.0787 		1.8886 		15.5031
v -1.0762 		1.8683 		15.46
v -1.0733 		1.8459 		15.4237
v -1.0702 		1.8218 		15.3947
v -1.067 		1.7962 		15.3737
v -1.0636 		1.7698 		15.361
# 98 vertices

g group_31_16768282

usemtl color_16768282
s 0

f 2139 	2140 	2141
f 2142 	2139 	2141
f 2143 	2142 	2141
f 2144 	2143 	2141
f 2145 	2144 	2141
f 2146 	2145 	2141
f 2147 	2146 	2141
f 2148 	2147 	2141
f 2149 	2148 	2141
f 2150 	2149 	2141
f 2151 	2150 	2141
f 2152 	2151 	2141
f 2153 	2152 	2141
f 2154 	2153 	2141
f 2155 	2154 	2141
f 2156 	2155 	2141
f 2157 	2156 	2141
f 2158 	2157 	2141
f 2159 	2158 	2141
f 2160 	2159 	2141
f 2161 	2160 	2141
f 2162 	2161 	2141
f 2163 	2162 	2141
f 2164 	2163 	2141
f 2165 	2164 	2141
f 2166 	2165 	2141
f 2167 	2166 	2141
f 2168 	2167 	2141
f 2169 	2168 	2141
f 2170 	2169 	2141
f 2171 	2170 	2141
f 2172 	2171 	2141
f 2173 	2172 	2141
f 2174 	2173 	2141
f 2175 	2174 	2141
f 2176 	2175 	2141
f 2177 	2176 	2141
f 2178 	2177 	2141
f 2179 	2178 	2141
f 2180 	2179 	2141
f 2181 	2180 	2141
f 2182 	2181 	2141
f 2183 	2182 	2141
f 2184 	2183 	2141
f 2185 	2184 	2141
f 2186 	2185 	2141
f 2187 	2186 	2141
f 2140 	2187 	2141
f 2188 	2189 	2190
f 2189 	2191 	2190
f 2191 	2192 	2190
f 2192 	2193 	2190
f 2193 	2194 	2190
f 2194 	2195 	2190
f 2195 	2196 	2190
f 2196 	2197 	2190
f 2197 	2198 	2190
f 2198 	2199 	2190
f 2199 	2200 	2190
f 2200 	2201 	2190
f 2201 	2202 	2190
f 2202 	2203 	2190
f 2203 	2204 	2190
f 2204 	2205 	2190
f 2205 	2206 	2190
f 2206 	2207 	2190
f 2207 	2208 	2190
f 2208 	2209 	2190
f 2209 	2210 	2190
f 2210 	2211 	2190
f 2211 	2212 	2190
f 2212 	2213 	2190
f 2213 	2214 	2190
f 2214 	2215 	2190
f 2215 	2216 	2190
f 2216 	2217 	2190
f 2217 	2218 	2190
f 2218 	2219 	2190
f 2219 	2220 	2190
f 2220 	2221 	2190
f 2221 	2222 	2190
f 2222 	2223 	2190
f 2223 	2224 	2190
f 2224 	2225 	2190
f 2225 	2226 	2190
f 2226 	2227 	2190
f 2227 	2228 	2190
f 2228 	2229 	2190
f 2229 	2230 	2190
f 2230 	2231 	2190
f 2231 	2232 	2190
f 2232 	2233 	2190
f 2233 	2234 	2190
f 2234 	2235 	2190
f 2235 	2236 	2190
f 2236 	2188 	2190
f 2140 	2139 	2139
f 2139 	2142 	2142
f 2142 	2143 	2143
f 2143 	2144 	2144
f 2144 	2145 	2145
f 2145 	2146 	2146
f 2146 	2147 	2147
f 2147 	2148 	2148
f 2148 	2149 	2149
f 2149 	2150 	2150
f 2150 	2151 	2151
f 2151 	2152 	2152
f 2152 	2153 	2153
f 2153 	2154 	2154
f 2154 	2155 	2155
f 2155 	2156 	2156
f 2156 	2157 	2157
f 2157 	2158 	2158
f 2158 	2159 	2159
f 2159 	2160 	2160
f 2160 	2161 	2161
f 2161 	2162 	2162
f 2162 	2163 	2163
f 2163 	2164 	2164
f 2164 	2165 	2165
f 2165 	2166 	2166
f 2166 	2167 	2167
f 2167 	2168 	2168
f 2168 	2169 	2169
f 2169 	2170 	2170
f 2170 	2171 	2171
f 2171 	2172 	2172
f 2172 	2173 	2173
f 2173 	2174 	2174
f 2174 	2175 	2175
f 2175 	2176 	2176
f 2176 	2177 	2177
f 2177 	2178 	2178
f 2178 	2179 	2179
f 2179 	2180 	2180
f 2180 	2181 	2181
f 2181 	2182 	2182
f 2182 	2183 	2183
f 2183 	2184 	2184
f 2184 	2185 	2185
f 2185 	2186 	2186
f 2186 	2187 	2187
f 2187 	2140 	2140
f 2140 	2139 	2189
f 2140 	2189 	2188
f 2139 	2142 	2191
f 2139 	2191 	2189
f 2142 	2143 	2192
f 2142 	2192 	2191
f 2143 	2144 	2193
f 2143 	2193 	2192
f 2144 	2145 	2194
f 2144 	2194 	2193
f 2145 	2146 	2195
f 2145 	2195 	2194
f 2146 	2147 	2196
f 2146 	2196 	2195
f 2147 	2148 	2197
f 2147 	2197 	2196
f 2148 	2149 	2198
f 2148 	2198 	2197
f 2149 	2150 	2199
f 2149 	2199 	2198
f 2150 	2151 	2200
f 2150 	2200 	2199
f 2151 	2152 	2201
f 2151 	2201 	2200
f 2152 	2153 	2202
f 2152 	2202 	2201
f 2153 	2154 	2203
f 2153 	2203 	2202
f 2154 	2155 	2204
f 2154 	2204 	2203
f 2155 	2156 	2205
f 2155 	2205 	2204
f 2156 	2157 	2206
f 2156 	2206 	2205
f 2157 	2158 	2207
f 2157 	2207 	2206
f 2158 	2159 	2208
f 2158 	2208 	2207
f 2159 	2160 	2209
f 2159 	2209 	2208
f 2160 	2161 	2210
f 2160 	2210 	2209
f 2161 	2162 	2211
f 2161 	2211 	2210
f 2162 	2163 	2212
f 2162 	2212 	2211
f 2163 	2164 	2213
f 2163 	2213 	2212
f 2164 	2165 	2214
f 2164 	2214 	2213
f 2165 	2166 	2215
f 2165 	2215 	2214
f 2166 	2167 	2216
f 2166 	2216 	2215
f 2167 	2168 	2217
f 2167 	2217 	2216
f 2168 	2169 	2218
f 2168 	2218 	2217
f 2169 	2170 	2219
f 2169 	2219 	2218
f 2170 	2171 	2220
f 2170 	2220 	2219
f 2171 	2172 	2221
f 2171 	2221 	2220
f 2172 	2173 	2222
f 2172 	2222 	2221
f 2173 	2174 	2223
f 2173 	2223 	2222
f 2174 	2175 	2224
f 2174 	2224 	2223
f 2175 	2176 	2225
f 2175 	2225 	2224
f 2176 	2177 	2226
f 2176 	2226 	2225
f 2177 	2178 	2227
f 2177 	2227 	2226
f 2178 	2179 	2228
f 2178 	2228 	2227
f 2179 	2180 	2229
f 2179 	2229 	2228
f 2180 	2181 	2230
f 2180 	2230 	2229
f 2181 	2182 	2231
f 2181 	2231 	2230
f 2182 	2183 	2232
f 2182 	2232 	2231
f 2183 	2184 	2233
f 2183 	2233 	2232
f 2184 	2185 	2234
f 2184 	2234 	2233
f 2185 	2186 	2235
f 2185 	2235 	2234
f 2186 	2187 	2236
f 2186 	2236 	2235
f 2187 	2140 	2188
f 2187 	2188 	2236
f 2188 	2189 	2189
f 2189 	2191 	2191
f 2191 	2192 	2192
f 2192 	2193 	2193
f 2193 	2194 	2194
f 2194 	2195 	2195
f 2195 	2196 	2196
f 2196 	2197 	2197
f 2197 	2198 	2198
f 2198 	2199 	2199
f 2199 	2200 	2200
f 2200 	2201 	2201
f 2201 	2202 	2202
f 2202 	2203 	2203
f 2203 	2204 	2204
f 2204 	2205 	2205
f 2205 	2206 	2206
f 2206 	2207 	2207
f 2207 	2208 	2208
f 2208 	2209 	2209
f 2209 	2210 	2210
f 2210 	2211 	2211
f 2211 	2212 	2212
f 2212 	2213 	2213
f 2213 	2214 	2214
f 2214 	2215 	2215
f 2215 	2216 	2216
f 2216 	2217 	2217
f 2217 	2218 	2218
f 2218 	2219 	2219
f 2219 	2220 	2220
f 2220 	2221 	2221
f 2221 	2222 	2222
f 2222 	2223 	2223
f 2223 	2224 	2224
f 2224 	2225 	2225
f 2225 	2226 	2226
f 2226 	2227 	2227
f 2227 	2228 	2228
f 2228 	2229 	2229
f 2229 	2230 	2230
f 2230 	2231 	2231
f 2231 	2232 	2232
f 2232 	2233 	2233
f 2233 	2234 	2234
f 2234 	2235 	2235
f 2235 	2236 	2236
f 2236 	2188 	2188
# 288 faces

 #end of obj_31

o obj_32
v 9.3665 		1.0649 		15.361
v 9.3631 		1.0917 		15.3567
v 9.3631 		1.0917 		15.8567
v 9.3699 		1.0384 		15.3737
v 9.3731 		1.0129 		15.3947
v 9.3762 		0.9887 		15.4237
v 9.379 		0.9663 		15.46
v 9.3816 		0.946 		15.5031
v 9.3839 		0.9283 		15.5523
v 9.3858 		0.9133 		15.6067
v 9.3873 		0.9014 		15.6653
v 9.3884 		0.8927 		15.7273
v 9.389 		0.8875 		15.7914
v 9.3893 		0.8857 		15.8567
v 9.389 		0.8875 		15.9219
v 9.3884 		0.8927 		15.9861
v 9.3873 		0.9014 		16.048
v 9.3858 		0.9133 		16.1067
v 9.3839 		0.9283 		16.1611
v 9.3816 		0.946 		16.2102
v 9.379 		0.9663 		16.2534
v 9.3762 		0.9887 		16.2897
v 9.3731 		1.0129 		16.3186
v 9.3699 		1.0384 		16.3396
v 9.3665 		1.0649 		16.3524
v 9.3631 		1.0917 		16.3567
v 9.3597 		1.1186 		16.3524
v 9.3563 		1.1451 		16.3396
v 9.3531 		1.1706 		16.3186
v 9.35 		1.1948 		16.2897
v 9.3472 		1.2172 		16.2534
v 9.3446 		1.2374 		16.2102
v 9.3423 		1.2552 		16.1611
v 9.3404 		1.2702 		16.1067
v 9.3389 		1.2821 		16.048
v 9.3378 		1.2908 		15.9861
v 9.3371 		1.296 		15.9219
v 9.3369 		1.2978 		15.8567
v 9.3371 		1.296 		15.7914
v 9.3378 		1.2908 		15.7273
v 9.3389 		1.2821 		15.6653
v 9.3404 		1.2702 		15.6067
v 9.3423 		1.2552 		15.5523
v 9.3446 		1.2374 		15.5031
v 9.3472 		1.2172 		15.46
v 9.35 		1.1948 		15.4237
v 9.3531 		1.1706 		15.3947
v 9.3563 		1.1451 		15.3737
v 9.3597 		1.1186 		15.361
v 1.1692 		0.9145 		15.3567
v 1.1726 		0.8876 		15.361
v 1.1692 		0.9145 		15.8567
v 1.176 		0.8612 		15.3737
v 1.1792 		0.8357 		15.3947
v 1.1823 		0.8115 		15.4237
v 1.1851 		0.7891 		15.46
v 1.1877 		0.7688 		15.5031
v 1.19 		0.7511 		15.5523
v 1.1919 		0.7361 		15.6067
v 1.1934 		0.7242 		15.6653
v 1.1945 		0.7155 		15.7273
v 1.1952 		0.7103 		15.7914
v 1.1954 		0.7085 		15.8567
v 1.1952 		0.7103 		15.9219
v 1.1945 		0.7155 		15.9861
v 1.1934 		0.7242 		16.048
v 1.1919 		0.7361 		16.1067
v 1.19 		0.7511 		16.1611
v 1.1877 		0.7688 		16.2102
v 1.1851 		0.7891 		16.2534
v 1.1823 		0.8115 		16.2897
v 1.1792 		0.8357 		16.3186
v 1.176 		0.8612 		16.3396
v 1.1726 		0.8876 		16.3524
v 1.1692 		0.9145 		16.3567
v 1.1658 		0.9414 		16.3524
v 1.1624 		0.9679 		16.3396
v 1.1592 		0.9934 		16.3186
v 1.1561 		1.0176 		16.2897
v 1.1533 		1.04 		16.2534
v 1.1507 		1.0602 		16.2102
v 1.1484 		1.078 		16.1611
v 1.1465 		1.093 		16.1067
v 1.145 		1.1049 		16.048
v 1.1439 		1.1136 		15.9861
v 1.1433 		1.1188 		15.9219
v 1.143 		1.1206 		15.8567
v 1.1433 		1.1188 		15.7914
v 1.1439 		1.1136 		15.7273
v 1.145 		1.1049 		15.6653
v 1.1465 		1.093 		15.6067
v 1.1484 		1.078 		15.5523
v 1.1507 		1.0602 		15.5031
v 1.1533 		1.04 		15.46
v 1.1561 		1.0176 		15.4237
v 1.1592 		0.9934 		15.3947
v 1.1624 		0.9679 		15.3737
v 1.1658 		0.9414 		15.361
# 98 vertices

g group_32_16768282

usemtl color_16768282
s 0

f 2237 	2238 	2239
f 2240 	2237 	2239
f 2241 	2240 	2239
f 2242 	2241 	2239
f 2243 	2242 	2239
f 2244 	2243 	2239
f 2245 	2244 	2239
f 2246 	2245 	2239
f 2247 	2246 	2239
f 2248 	2247 	2239
f 2249 	2248 	2239
f 2250 	2249 	2239
f 2251 	2250 	2239
f 2252 	2251 	2239
f 2253 	2252 	2239
f 2254 	2253 	2239
f 2255 	2254 	2239
f 2256 	2255 	2239
f 2257 	2256 	2239
f 2258 	2257 	2239
f 2259 	2258 	2239
f 2260 	2259 	2239
f 2261 	2260 	2239
f 2262 	2261 	2239
f 2263 	2262 	2239
f 2264 	2263 	2239
f 2265 	2264 	2239
f 2266 	2265 	2239
f 2267 	2266 	2239
f 2268 	2267 	2239
f 2269 	2268 	2239
f 2270 	2269 	2239
f 2271 	2270 	2239
f 2272 	2271 	2239
f 2273 	2272 	2239
f 2274 	2273 	2239
f 2275 	2274 	2239
f 2276 	2275 	2239
f 2277 	2276 	2239
f 2278 	2277 	2239
f 2279 	2278 	2239
f 2280 	2279 	2239
f 2281 	2280 	2239
f 2282 	2281 	2239
f 2283 	2282 	2239
f 2284 	2283 	2239
f 2285 	2284 	2239
f 2238 	2285 	2239
f 2286 	2287 	2288
f 2287 	2289 	2288
f 2289 	2290 	2288
f 2290 	2291 	2288
f 2291 	2292 	2288
f 2292 	2293 	2288
f 2293 	2294 	2288
f 2294 	2295 	2288
f 2295 	2296 	2288
f 2296 	2297 	2288
f 2297 	2298 	2288
f 2298 	2299 	2288
f 2299 	2300 	2288
f 2300 	2301 	2288
f 2301 	2302 	2288
f 2302 	2303 	2288
f 2303 	2304 	2288
f 2304 	2305 	2288
f 2305 	2306 	2288
f 2306 	2307 	2288
f 2307 	2308 	2288
f 2308 	2309 	2288
f 2309 	2310 	2288
f 2310 	2311 	2288
f 2311 	2312 	2288
f 2312 	2313 	2288
f 2313 	2314 	2288
f 2314 	2315 	2288
f 2315 	2316 	2288
f 2316 	2317 	2288
f 2317 	2318 	2288
f 2318 	2319 	2288
f 2319 	2320 	2288
f 2320 	2321 	2288
f 2321 	2322 	2288
f 2322 	2323 	2288
f 2323 	2324 	2288
f 2324 	2325 	2288
f 2325 	2326 	2288
f 2326 	2327 	2288
f 2327 	2328 	2288
f 2328 	2329 	2288
f 2329 	2330 	2288
f 2330 	2331 	2288
f 2331 	2332 	2288
f 2332 	2333 	2288
f 2333 	2334 	2288
f 2334 	2286 	2288
f 2238 	2237 	2237
f 2237 	2240 	2240
f 2240 	2241 	2241
f 2241 	2242 	2242
f 2242 	2243 	2243
f 2243 	2244 	2244
f 2244 	2245 	2245
f 2245 	2246 	2246
f 2246 	2247 	2247
f 2247 	2248 	2248
f 2248 	2249 	2249
f 2249 	2250 	2250
f 2250 	2251 	2251
f 2251 	2252 	2252
f 2252 	2253 	2253
f 2253 	2254 	2254
f 2254 	2255 	2255
f 2255 	2256 	2256
f 2256 	2257 	2257
f 2257 	2258 	2258
f 2258 	2259 	2259
f 2259 	2260 	2260
f 2260 	2261 	2261
f 2261 	2262 	2262
f 2262 	2263 	2263
f 2263 	2264 	2264
f 2264 	2265 	2265
f 2265 	2266 	2266
f 2266 	2267 	2267
f 2267 	2268 	2268
f 2268 	2269 	2269
f 2269 	2270 	2270
f 2270 	2271 	2271
f 2271 	2272 	2272
f 2272 	2273 	2273
f 2273 	2274 	2274
f 2274 	2275 	2275
f 2275 	2276 	2276
f 2276 	2277 	2277
f 2277 	2278 	2278
f 2278 	2279 	2279
f 2279 	2280 	2280
f 2280 	2281 	2281
f 2281 	2282 	2282
f 2282 	2283 	2283
f 2283 	2284 	2284
f 2284 	2285 	2285
f 2285 	2238 	2238
f 2238 	2237 	2287
f 2238 	2287 	2286
f 2237 	2240 	2289
f 2237 	2289 	2287
f 2240 	2241 	2290
f 2240 	2290 	2289
f 2241 	2242 	2291
f 2241 	2291 	2290
f 2242 	2243 	2292
f 2242 	2292 	2291
f 2243 	2244 	2293
f 2243 	2293 	2292
f 2244 	2245 	2294
f 2244 	2294 	2293
f 2245 	2246 	2295
f 2245 	2295 	2294
f 2246 	2247 	2296
f 2246 	2296 	2295
f 2247 	2248 	2297
f 2247 	2297 	2296
f 2248 	2249 	2298
f 2248 	2298 	2297
f 2249 	2250 	2299
f 2249 	2299 	2298
f 2250 	2251 	2300
f 2250 	2300 	2299
f 2251 	2252 	2301
f 2251 	2301 	2300
f 2252 	2253 	2302
f 2252 	2302 	2301
f 2253 	2254 	2303
f 2253 	2303 	2302
f 2254 	2255 	2304
f 2254 	2304 	2303
f 2255 	2256 	2305
f 2255 	2305 	2304
f 2256 	2257 	2306
f 2256 	2306 	2305
f 2257 	2258 	2307
f 2257 	2307 	2306
f 2258 	2259 	2308
f 2258 	2308 	2307
f 2259 	2260 	2309
f 2259 	2309 	2308
f 2260 	2261 	2310
f 2260 	2310 	2309
f 2261 	2262 	2311
f 2261 	2311 	2310
f 2262 	2263 	2312
f 2262 	2312 	2311
f 2263 	2264 	2313
f 2263 	2313 	2312
f 2264 	2265 	2314
f 2264 	2314 	2313
f 2265 	2266 	2315
f 2265 	2315 	2314
f 2266 	2267 	2316
f 2266 	2316 	2315
f 2267 	2268 	2317
f 2267 	2317 	2316
f 2268 	2269 	2318
f 2268 	2318 	2317
f 2269 	2270 	2319
f 2269 	2319 	2318
f 2270 	2271 	2320
f 2270 	2320 	2319
f 2271 	2272 	2321
f 2271 	2321 	2320
f 2272 	2273 	2322
f 2272 	2322 	2321
f 2273 	2274 	2323
f 2273 	2323 	2322
f 2274 	2275 	2324
f 2274 	2324 	2323
f 2275 	2276 	2325
f 2275 	2325 	2324
f 2276 	2277 	2326
f 2276 	2326 	2325
f 2277 	2278 	2327
f 2277 	2327 	2326
f 2278 	2279 	2328
f 2278 	2328 	2327
f 2279 	2280 	2329
f 2279 	2329 	2328
f 2280 	2281 	2330
f 2280 	2330 	2329
f 2281 	2282 	2331
f 2281 	2331 	2330
f 2282 	2283 	2332
f 2282 	2332 	2331
f 2283 	2284 	2333
f 2283 	2333 	2332
f 2284 	2285 	2334
f 2284 	2334 	2333
f 2285 	2238 	2286
f 2285 	2286 	2334
f 2286 	2287 	2287
f 2287 	2289 	2289
f 2289 	2290 	2290
f 2290 	2291 	2291
f 2291 	2292 	2292
f 2292 	2293 	2293
f 2293 	2294 	2294
f 2294 	2295 	2295
f 2295 	2296 	2296
f 2296 	2297 	2297
f 2297 	2298 	2298
f 2298 	2299 	2299
f 2299 	2300 	2300
f 2300 	2301 	2301
f 2301 	2302 	2302
f 2302 	2303 	2303
f 2303 	2304 	2304
f 2304 	2305 	2305
f 2305 	2306 	2306
f 2306 	2307 	2307
f 2307 	2308 	2308
f 2308 	2309 	2309
f 2309 	2310 	2310
f 2310 	2311 	2311
f 2311 	2312 	2312
f 2312 	2313 	2313
f 2313 	2314 	2314
f 2314 	2315 	2315
f 2315 	2316 	2316
f 2316 	2317 	2317
f 2317 	2318 	2318
f 2318 	2319 	2319
f 2319 	2320 	2320
f 2320 	2321 	2321
f 2321 	2322 	2322
f 2322 	2323 	2323
f 2323 	2324 	2324
f 2324 	2325 	2325
f 2325 	2326 	2326
f 2326 	2327 	2327
f 2327 	2328 	2328
f 2328 	2329 	2329
f 2329 	2330 	2330
f 2330 	2331 	2331
f 2331 	2332 	2332
f 2332 	2333 	2333
f 2333 	2334 	2334
f 2334 	2286 	2286
# 288 faces

 #end of obj_32

o obj_33
v -6.615 		0.7462 		15.8567
v 1.1692 		0.9145 		15.3567
v 1.1726 		0.8876 		15.361
v 1.176 		0.8612 		15.3737
v 1.1792 		0.8357 		15.3947
v 1.1823 		0.8115 		15.4237
v 1.1851 		0.7891 		15.46
v 1.1877 		0.7688 		15.5031
v 1.19 		0.7511 		15.5523
v 1.1919 		0.7361 		15.6067
v 1.1934 		0.7242 		15.6653
v 1.1945 		0.7155 		15.7273
v 1.1952 		0.7103 		15.7914
v 1.1954 		0.7085 		15.8567
v 1.1952 		0.7103 		15.9219
v 1.1945 		0.7155 		15.9861
v 1.1934 		0.7242 		16.048
v 1.1919 		0.7361 		16.1067
v 1.19 		0.7511 		16.1611
v 1.1877 		0.7688 		16.2102
v 1.1851 		0.7891 		16.2534
v 1.1823 		0.8115 		16.2897
v 1.1792 		0.8357 		16.3186
v 1.176 		0.8612 		16.3396
v 1.1726 		0.8876 		16.3524
v 1.1692 		0.9145 		16.3567
v 1.1658 		0.9414 		16.3524
v 1.1624 		0.9679 		16.3396
v 1.1592 		0.9934 		16.3186
v 1.1561 		1.0176 		16.2897
v 1.1533 		1.04 		16.2534
v 1.1507 		1.0602 		16.2102
v 1.1484 		1.078 		16.1611
v 1.1465 		1.093 		16.1067
v 1.145 		1.1049 		16.048
v 1.1439 		1.1136 		15.9861
v 1.1433 		1.1188 		15.9219
v 1.143 		1.1206 		15.8567
v 1.1433 		1.1188 		15.7914
v 1.1439 		1.1136 		15.7273
v 1.145 		1.1049 		15.6653
v 1.1465 		1.093 		15.6067
v 1.1484 		1.078 		15.5523
v 1.1507 		1.0602 		15.5031
v 1.1533 		1.04 		15.46
v 1.1561 		1.0176 		15.4237
v 1.1592 		0.9934 		15.3947
v 1.1624 		0.9679 		15.3737
v 1.1658 		0.9414 		15.361
v 1.1692 		0.9145 		15.8567
# 50 vertices

g group_33_16768282

usemtl color_16768282
s 0

f 2336 	2337 	2335
f 2337 	2338 	2335
f 2338 	2339 	2335
f 2339 	2340 	2335
f 2340 	2341 	2335
f 2341 	2342 	2335
f 2342 	2343 	2335
f 2343 	2344 	2335
f 2344 	2345 	2335
f 2345 	2346 	2335
f 2346 	2347 	2335
f 2347 	2348 	2335
f 2348 	2349 	2335
f 2349 	2350 	2335
f 2350 	2351 	2335
f 2351 	2352 	2335
f 2352 	2353 	2335
f 2353 	2354 	2335
f 2354 	2355 	2335
f 2355 	2356 	2335
f 2356 	2357 	2335
f 2357 	2358 	2335
f 2358 	2359 	2335
f 2359 	2360 	2335
f 2360 	2361 	2335
f 2361 	2362 	2335
f 2362 	2363 	2335
f 2363 	2364 	2335
f 2364 	2365 	2335
f 2365 	2366 	2335
f 2366 	2367 	2335
f 2367 	2368 	2335
f 2368 	2369 	2335
f 2369 	2370 	2335
f 2370 	2371 	2335
f 2371 	2372 	2335
f 2372 	2373 	2335
f 2373 	2374 	2335
f 2374 	2375 	2335
f 2375 	2376 	2335
f 2376 	2377 	2335
f 2377 	2378 	2335
f 2378 	2379 	2335
f 2379 	2380 	2335
f 2380 	2381 	2335
f 2381 	2382 	2335
f 2382 	2383 	2335
f 2383 	2336 	2335
f 2337 	2336 	2384
f 2338 	2337 	2384
f 2339 	2338 	2384
f 2340 	2339 	2384
f 2341 	2340 	2384
f 2342 	2341 	2384
f 2343 	2342 	2384
f 2344 	2343 	2384
f 2345 	2344 	2384
f 2346 	2345 	2384
f 2347 	2346 	2384
f 2348 	2347 	2384
f 2349 	2348 	2384
f 2350 	2349 	2384
f 2351 	2350 	2384
f 2352 	2351 	2384
f 2353 	2352 	2384
f 2354 	2353 	2384
f 2355 	2354 	2384
f 2356 	2355 	2384
f 2357 	2356 	2384
f 2358 	2357 	2384
f 2359 	2358 	2384
f 2360 	2359 	2384
f 2361 	2360 	2384
f 2362 	2361 	2384
f 2363 	2362 	2384
f 2364 	2363 	2384
f 2365 	2364 	2384
f 2366 	2365 	2384
f 2367 	2366 	2384
f 2368 	2367 	2384
f 2369 	2368 	2384
f 2370 	2369 	2384
f 2371 	2370 	2384
f 2372 	2371 	2384
f 2373 	2372 	2384
f 2374 	2373 	2384
f 2375 	2374 	2384
f 2376 	2375 	2384
f 2377 	2376 	2384
f 2378 	2377 	2384
f 2379 	2378 	2384
f 2380 	2379 	2384
f 2381 	2380 	2384
f 2382 	2381 	2384
f 2383 	2382 	2384
f 2336 	2383 	2384
# 96 faces

 #end of obj_33

o obj_34
v -8.6644 		0.1572 		15.8567
v -0.8802 		0.3256 		15.3567
v -0.8768 		0.2987 		15.361
v -0.8735 		0.2723 		15.3737
v -0.8702 		0.2467 		15.3947
v -0.8671 		0.2226 		15.4237
v -0.8643 		0.2001 		15.46
v -0.8617 		0.1799 		15.5031
v -0.8595 		0.1621 		15.5523
v -0.8576 		0.1471 		15.6067
v -0.856 		0.1352 		15.6653
v -0.8549 		0.1266 		15.7273
v -0.8543 		0.1213 		15.7914
v -0.8541 		0.1195 		15.8567
v -0.8543 		0.1213 		15.9219
v -0.8549 		0.1266 		15.9861
v -0.856 		0.1352 		16.048
v -0.8576 		0.1471 		16.1067
v -0.8595 		0.1621 		16.1611
v -0.8617 		0.1799 		16.2102
v -0.8643 		0.2001 		16.2534
v -0.8671 		0.2226 		16.2897
v -0.8702 		0.2467 		16.3186
v -0.8735 		0.2723 		16.3396
v -0.8768 		0.2987 		16.3524
v -0.8802 		0.3256 		16.3567
v -0.8836 		0.3525 		16.3524
v -0.887 		0.3789 		16.3396
v -0.8902 		0.4044 		16.3186
v -0.8933 		0.4286 		16.2897
v -0.8962 		0.451 		16.2534
v -0.8987 		0.4713 		16.2102
v -0.901 		0.489 		16.1611
v -0.9029 		0.504 		16.1067
v -0.9044 		0.5159 		16.048
v -0.9055 		0.5246 		15.9861
v -0.9062 		0.5299 		15.9219
v -0.9064 		0.5316 		15.8567
v -0.9062 		0.5299 		15.7914
v -0.9055 		0.5246 		15.7273
v -0.9044 		0.5159 		15.6653
v -0.9029 		0.504 		15.6067
v -0.901 		0.489 		15.5523
v -0.8987 		0.4713 		15.5031
v -0.8962 		0.451 		15.46
v -0.8933 		0.4286 		15.4237
v -0.8902 		0.4044 		15.3947
v -0.887 		0.3789 		15.3737
v -0.8836 		0.3525 		15.361
v -0.8802 		0.3256 		15.8567
# 50 vertices

g group_34_16768282

usemtl color_16768282
s 0

f 2386 	2387 	2385
f 2387 	2388 	2385
f 2388 	2389 	2385
f 2389 	2390 	2385
f 2390 	2391 	2385
f 2391 	2392 	2385
f 2392 	2393 	2385
f 2393 	2394 	2385
f 2394 	2395 	2385
f 2395 	2396 	2385
f 2396 	2397 	2385
f 2397 	2398 	2385
f 2398 	2399 	2385
f 2399 	2400 	2385
f 2400 	2401 	2385
f 2401 	2402 	2385
f 2402 	2403 	2385
f 2403 	2404 	2385
f 2404 	2405 	2385
f 2405 	2406 	2385
f 2406 	2407 	2385
f 2407 	2408 	2385
f 2408 	2409 	2385
f 2409 	2410 	2385
f 2410 	2411 	2385
f 2411 	2412 	2385
f 2412 	2413 	2385
f 2413 	2414 	2385
f 2414 	2415 	2385
f 2415 	2416 	2385
f 2416 	2417 	2385
f 2417 	2418 	2385
f 2418 	2419 	2385
f 2419 	2420 	2385
f 2420 	2421 	2385
f 2421 	2422 	2385
f 2422 	2423 	2385
f 2423 	2424 	2385
f 2424 	2425 	2385
f 2425 	2426 	2385
f 2426 	2427 	2385
f 2427 	2428 	2385
f 2428 	2429 	2385
f 2429 	2430 	2385
f 2430 	2431 	2385
f 2431 	2432 	2385
f 2432 	2433 	2385
f 2433 	2386 	2385
f 2387 	2386 	2434
f 2388 	2387 	2434
f 2389 	2388 	2434
f 2390 	2389 	2434
f 2391 	2390 	2434
f 2392 	2391 	2434
f 2393 	2392 	2434
f 2394 	2393 	2434
f 2395 	2394 	2434
f 2396 	2395 	2434
f 2397 	2396 	2434
f 2398 	2397 	2434
f 2399 	2398 	2434
f 2400 	2399 	2434
f 2401 	2400 	2434
f 2402 	2401 	2434
f 2403 	2402 	2434
f 2404 	2403 	2434
f 2405 	2404 	2434
f 2406 	2405 	2434
f 2407 	2406 	2434
f 2408 	2407 	2434
f 2409 	2408 	2434
f 2410 	2409 	2434
f 2411 	2410 	2434
f 2412 	2411 	2434
f 2413 	2412 	2434
f 2414 	2413 	2434
f 2415 	2414 	2434
f 2416 	2415 	2434
f 2417 	2416 	2434
f 2418 	2417 	2434
f 2419 	2418 	2434
f 2420 	2419 	2434
f 2421 	2420 	2434
f 2422 	2421 	2434
f 2423 	2422 	2434
f 2424 	2423 	2434
f 2425 	2424 	2434
f 2426 	2425 	2434
f 2427 	2426 	2434
f 2428 	2427 	2434
f 2429 	2428 	2434
f 2430 	2429 	2434
f 2431 	2430 	2434
f 2432 	2431 	2434
f 2433 	2432 	2434
f 2386 	2433 	2434
# 96 faces

 #end of obj_34

o obj_35
v 7.3171 		0.4759 		15.361
v 7.3137 		0.5028 		15.3567
v 7.3137 		0.5028 		15.8567
v 7.3204 		0.4495 		15.3737
v 7.3237 		0.4239 		15.3947
v 7.3267 		0.3998 		15.4237
v 7.3296 		0.3774 		15.46
v 7.3322 		0.3571 		15.5031
v 7.3344 		0.3393 		15.5523
v 7.3363 		0.3243 		15.6067
v 7.3378 		0.3124 		15.6653
v 7.3389 		0.3038 		15.7273
v 7.3396 		0.2985 		15.7914
v 7.3398 		0.2967 		15.8567
v 7.3396 		0.2985 		15.9219
v 7.3389 		0.3038 		15.9861
v 7.3378 		0.3124 		16.048
v 7.3363 		0.3243 		16.1067
v 7.3344 		0.3393 		16.1611
v 7.3322 		0.3571 		16.2102
v 7.3296 		0.3774 		16.2534
v 7.3267 		0.3998 		16.2897
v 7.3237 		0.4239 		16.3186
v 7.3204 		0.4495 		16.3396
v 7.3171 		0.4759 		16.3524
v 7.3137 		0.5028 		16.3567
v 7.3102 		0.5297 		16.3524
v 7.3069 		0.5561 		16.3396
v 7.3036 		0.5816 		16.3186
v 7.3006 		0.6058 		16.2897
v 7.2977 		0.6282 		16.2534
v 7.2952 		0.6485 		16.2102
v 7.2929 		0.6663 		16.1611
v 7.291 		0.6812 		16.1067
v 7.2895 		0.6931 		16.048
v 7.2884 		0.7018 		15.9861
v 7.2877 		0.7071 		15.9219
v 7.2875 		0.7088 		15.8567
v 7.2877 		0.7071 		15.7914
v 7.2884 		0.7018 		15.7273
v 7.2895 		0.6931 		15.6653
v 7.291 		0.6812 		15.6067
v 7.2929 		0.6663 		15.5523
v 7.2952 		0.6485 		15.5031
v 7.2977 		0.6282 		15.46
v 7.3006 		0.6058 		15.4237
v 7.3036 		0.5816 		15.3947
v 7.3069 		0.5561 		15.3737
v 7.3102 		0.5297 		15.361
v -0.8802 		0.3256 		15.3567
v -0.8768 		0.2987 		15.361
v -0.8802 		0.3256 		15.8567
v -0.8735 		0.2723 		15.3737
v -0.8702 		0.2467 		15.3947
v -0.8671 		0.2226 		15.4237
v -0.8643 		0.2001 		15.46
v -0.8617 		0.1799 		15.5031
v -0.8595 		0.1621 		15.5523
v -0.8576 		0.1471 		15.6067
v -0.856 		0.1352 		15.6653
v -0.8549 		0.1266 		15.7273
v -0.8543 		0.1213 		15.7914
v -0.8541 		0.1195 		15.8567
v -0.8543 		0.1213 		15.9219
v -0.8549 		0.1266 		15.9861
v -0.856 		0.1352 		16.048
v -0.8576 		0.1471 		16.1067
v -0.8595 		0.1621 		16.1611
v -0.8617 		0.1799 		16.2102
v -0.8643 		0.2001 		16.2534
v -0.8671 		0.2226 		16.2897
v -0.8702 		0.2467 		16.3186
v -0.8735 		0.2723 		16.3396
v -0.8768 		0.2987 		16.3524
v -0.8802 		0.3256 		16.3567
v -0.8836 		0.3525 		16.3524
v -0.887 		0.3789 		16.3396
v -0.8902 		0.4044 		16.3186
v -0.8933 		0.4286 		16.2897
v -0.8962 		0.451 		16.2534
v -0.8987 		0.4713 		16.2102
v -0.901 		0.489 		16.1611
v -0.9029 		0.504 		16.1067
v -0.9044 		0.5159 		16.048
v -0.9055 		0.5246 		15.9861
v -0.9062 		0.5299 		15.9219
v -0.9064 		0.5316 		15.8567
v -0.9062 		0.5299 		15.7914
v -0.9055 		0.5246 		15.7273
v -0.9044 		0.5159 		15.6653
v -0.9029 		0.504 		15.6067
v -0.901 		0.489 		15.5523
v -0.8987 		0.4713 		15.5031
v -0.8962 		0.451 		15.46
v -0.8933 		0.4286 		15.4237
v -0.8902 		0.4044 		15.3947
v -0.887 		0.3789 		15.3737
v -0.8836 		0.3525 		15.361
# 98 vertices

g group_35_16768282

usemtl color_16768282
s 0

f 2435 	2436 	2437
f 2438 	2435 	2437
f 2439 	2438 	2437
f 2440 	2439 	2437
f 2441 	2440 	2437
f 2442 	2441 	2437
f 2443 	2442 	2437
f 2444 	2443 	2437
f 2445 	2444 	2437
f 2446 	2445 	2437
f 2447 	2446 	2437
f 2448 	2447 	2437
f 2449 	2448 	2437
f 2450 	2449 	2437
f 2451 	2450 	2437
f 2452 	2451 	2437
f 2453 	2452 	2437
f 2454 	2453 	2437
f 2455 	2454 	2437
f 2456 	2455 	2437
f 2457 	2456 	2437
f 2458 	2457 	2437
f 2459 	2458 	2437
f 2460 	2459 	2437
f 2461 	2460 	2437
f 2462 	2461 	2437
f 2463 	2462 	2437
f 2464 	2463 	2437
f 2465 	2464 	2437
f 2466 	2465 	2437
f 2467 	2466 	2437
f 2468 	2467 	2437
f 2469 	2468 	2437
f 2470 	2469 	2437
f 2471 	2470 	2437
f 2472 	2471 	2437
f 2473 	2472 	2437
f 2474 	2473 	2437
f 2475 	2474 	2437
f 2476 	2475 	2437
f 2477 	2476 	2437
f 2478 	2477 	2437
f 2479 	2478 	2437
f 2480 	2479 	2437
f 2481 	2480 	2437
f 2482 	2481 	2437
f 2483 	2482 	2437
f 2436 	2483 	2437
f 2484 	2485 	2486
f 2485 	2487 	2486
f 2487 	2488 	2486
f 2488 	2489 	2486
f 2489 	2490 	2486
f 2490 	2491 	2486
f 2491 	2492 	2486
f 2492 	2493 	2486
f 2493 	2494 	2486
f 2494 	2495 	2486
f 2495 	2496 	2486
f 2496 	2497 	2486
f 2497 	2498 	2486
f 2498 	2499 	2486
f 2499 	2500 	2486
f 2500 	2501 	2486
f 2501 	2502 	2486
f 2502 	2503 	2486
f 2503 	2504 	2486
f 2504 	2505 	2486
f 2505 	2506 	2486
f 2506 	2507 	2486
f 2507 	2508 	2486
f 2508 	2509 	2486
f 2509 	2510 	2486
f 2510 	2511 	2486
f 2511 	2512 	2486
f 2512 	2513 	2486
f 2513 	2514 	2486
f 2514 	2515 	2486
f 2515 	2516 	2486
f 2516 	2517 	2486
f 2517 	2518 	2486
f 2518 	2519 	2486
f 2519 	2520 	2486
f 2520 	2521 	2486
f 2521 	2522 	2486
f 2522 	2523 	2486
f 2523 	2524 	2486
f 2524 	2525 	2486
f 2525 	2526 	2486
f 2526 	2527 	2486
f 2527 	2528 	2486
f 2528 	2529 	2486
f 2529 	2530 	2486
f 2530 	2531 	2486
f 2531 	2532 	2486
f 2532 	2484 	2486
f 2436 	2435 	2435
f 2435 	2438 	2438
f 2438 	2439 	2439
f 2439 	2440 	2440
f 2440 	2441 	2441
f 2441 	2442 	2442
f 2442 	2443 	2443
f 2443 	2444 	2444
f 2444 	2445 	2445
f 2445 	2446 	2446
f 2446 	2447 	2447
f 2447 	2448 	2448
f 2448 	2449 	2449
f 2449 	2450 	2450
f 2450 	2451 	2451
f 2451 	2452 	2452
f 2452 	2453 	2453
f 2453 	2454 	2454
f 2454 	2455 	2455
f 2455 	2456 	2456
f 2456 	2457 	2457
f 2457 	2458 	2458
f 2458 	2459 	2459
f 2459 	2460 	2460
f 2460 	2461 	2461
f 2461 	2462 	2462
f 2462 	2463 	2463
f 2463 	2464 	2464
f 2464 	2465 	2465
f 2465 	2466 	2466
f 2466 	2467 	2467
f 2467 	2468 	2468
f 2468 	2469 	2469
f 2469 	2470 	2470
f 2470 	2471 	2471
f 2471 	2472 	2472
f 2472 	2473 	2473
f 2473 	2474 	2474
f 2474 	2475 	2475
f 2475 	2476 	2476
f 2476 	2477 	2477
f 2477 	2478 	2478
f 2478 	2479 	2479
f 2479 	2480 	2480
f 2480 	2481 	2481
f 2481 	2482 	2482
f 2482 	2483 	2483
f 2483 	2436 	2436
f 2436 	2435 	2485
f 2436 	2485 	2484
f 2435 	2438 	2487
f 2435 	2487 	2485
f 2438 	2439 	2488
f 2438 	2488 	2487
f 2439 	2440 	2489
f 2439 	2489 	2488
f 2440 	2441 	2490
f 2440 	2490 	2489
f 2441 	2442 	2491
f 2441 	2491 	2490
f 2442 	2443 	2492
f 2442 	2492 	2491
f 2443 	2444 	2493
f 2443 	2493 	2492
f 2444 	2445 	2494
f 2444 	2494 	2493
f 2445 	2446 	2495
f 2445 	2495 	2494
f 2446 	2447 	2496
f 2446 	2496 	2495
f 2447 	2448 	2497
f 2447 	2497 	2496
f 2448 	2449 	2498
f 2448 	2498 	2497
f 2449 	2450 	2499
f 2449 	2499 	2498
f 2450 	2451 	2500
f 2450 	2500 	2499
f 2451 	2452 	2501
f 2451 	2501 	2500
f 2452 	2453 	2502
f 2452 	2502 	2501
f 2453 	2454 	2503
f 2453 	2503 	2502
f 2454 	2455 	2504
f 2454 	2504 	2503
f 2455 	2456 	2505
f 2455 	2505 	2504
f 2456 	2457 	2506
f 2456 	2506 	2505
f 2457 	2458 	2507
f 2457 	2507 	2506
f 2458 	2459 	2508
f 2458 	2508 	2507
f 2459 	2460 	2509
f 2459 	2509 	2508
f 2460 	2461 	2510
f 2460 	2510 	2509
f 2461 	2462 	2511
f 2461 	2511 	2510
f 2462 	2463 	2512
f 2462 	2512 	2511
f 2463 	2464 	2513
f 2463 	2513 	2512
f 2464 	2465 	2514
f 2464 	2514 	2513
f 2465 	2466 	2515
f 2465 	2515 	2514
f 2466 	2467 	2516
f 2466 	2516 	2515
f 2467 	2468 	2517
f 2467 	2517 	2516
f 2468 	2469 	2518
f 2468 	2518 	2517
f 2469 	2470 	2519
f 2469 	2519 	2518
f 2470 	2471 	2520
f 2470 	2520 	2519
f 2471 	2472 	2521
f 2471 	2521 	2520
f 2472 	2473 	2522
f 2472 	2522 	2521
f 2473 	2474 	2523
f 2473 	2523 	2522
f 2474 	2475 	2524
f 2474 	2524 	2523
f 2475 	2476 	2525
f 2475 	2525 	2524
f 2476 	2477 	2526
f 2476 	2526 	2525
f 2477 	2478 	2527
f 2477 	2527 	2526
f 2478 	2479 	2528
f 2478 	2528 	2527
f 2479 	2480 	2529
f 2479 	2529 	2528
f 2480 	2481 	2530
f 2480 	2530 	2529
f 2481 	2482 	2531
f 2481 	2531 	2530
f 2482 	2483 	2532
f 2482 	2532 	2531
f 2483 	2436 	2484
f 2483 	2484 	2532
f 2484 	2485 	2485
f 2485 	2487 	2487
f 2487 	2488 	2488
f 2488 	2489 	2489
f 2489 	2490 	2490
f 2490 	2491 	2491
f 2491 	2492 	2492
f 2492 	2493 	2493
f 2493 	2494 	2494
f 2494 	2495 	2495
f 2495 	2496 	2496
f 2496 	2497 	2497
f 2497 	2498 	2498
f 2498 	2499 	2499
f 2499 	2500 	2500
f 2500 	2501 	2501
f 2501 	2502 	2502
f 2502 	2503 	2503
f 2503 	2504 	2504
f 2504 	2505 	2505
f 2505 	2506 	2506
f 2506 	2507 	2507
f 2507 	2508 	2508
f 2508 	2509 	2509
f 2509 	2510 	2510
f 2510 	2511 	2511
f 2511 	2512 	2512
f 2512 	2513 	2513
f 2513 	2514 	2514
f 2514 	2515 	2515
f 2515 	2516 	2516
f 2516 	2517 	2517
f 2517 	2518 	2518
f 2518 	2519 	2519
f 2519 	2520 	2520
f 2520 	2521 	2521
f 2521 	2522 	2522
f 2522 	2523 	2523
f 2523 	2524 	2524
f 2524 	2525 	2525
f 2525 	2526 	2526
f 2526 	2527 	2527
f 2527 	2528 	2528
f 2528 	2529 	2529
f 2529 	2530 	2530
f 2530 	2531 	2531
f 2531 	2532 	2532
f 2532 	2484 	2484
# 288 faces

 #end of obj_35

o obj_36
v 9.5465 		-0.3525 		15.361
v 9.5431 		-0.3256 		15.3567
v 9.5431 		-0.3256 		15.8567
v 9.5499 		-0.3789 		15.3737
v 9.5531 		-0.4044 		15.3947
v 9.5562 		-0.4286 		15.4237
v 9.559 		-0.451 		15.46
v 9.5616 		-0.4713 		15.5031
v 9.5639 		-0.489 		15.5523
v 9.5658 		-0.504 		15.6067
v 9.5673 		-0.5159 		15.6653
v 9.5684 		-0.5246 		15.7273
v 9.569 		-0.5299 		15.7914
v 9.5693 		-0.5316 		15.8567
v 9.569 		-0.5299 		15.9219
v 9.5684 		-0.5246 		15.9861
v 9.5673 		-0.5159 		16.048
v 9.5658 		-0.504 		16.1067
v 9.5639 		-0.489 		16.1611
v 9.5616 		-0.4713 		16.2102
v 9.559 		-0.451 		16.2534
v 9.5562 		-0.4286 		16.2897
v 9.5531 		-0.4044 		16.3186
v 9.5499 		-0.3789 		16.3396
v 9.5465 		-0.3525 		16.3524
v 9.5431 		-0.3256 		16.3567
v 9.5397 		-0.2987 		16.3524
v 9.5363 		-0.2723 		16.3396
v 9.5331 		-0.2467 		16.3186
v 9.53 		-0.2226 		16.2897
v 9.5272 		-0.2001 		16.2534
v 9.5246 		-0.1799 		16.2102
v 9.5223 		-0.1621 		16.1611
v 9.5204 		-0.1471 		16.1067
v 9.5189 		-0.1352 		16.048
v 9.5178 		-0.1266 		15.9861
v 9.5171 		-0.1213 		15.9219
v 9.5169 		-0.1195 		15.8567
v 9.5171 		-0.1213 		15.7914
v 9.5178 		-0.1266 		15.7273
v 9.5189 		-0.1352 		15.6653
v 9.5204 		-0.1471 		15.6067
v 9.5223 		-0.1621 		15.5523
v 9.5246 		-0.1799 		15.5031
v 9.5272 		-0.2001 		15.46
v 9.53 		-0.2226 		15.4237
v 9.5331 		-0.2467 		15.3947
v 9.5363 		-0.2723 		15.3737
v 9.5397 		-0.2987 		15.361
v 1.3492 		-0.5028 		15.3567
v 1.3526 		-0.5297 		15.361
v 1.3492 		-0.5028 		15.8567
v 1.356 		-0.5561 		15.3737
v 1.3592 		-0.5816 		15.3947
v 1.3623 		-0.6058 		15.4237
v 1.3651 		-0.6282 		15.46
v 1.3677 		-0.6485 		15.5031
v 1.37 		-0.6663 		15.5523
v 1.3719 		-0.6812 		15.6067
v 1.3734 		-0.6931 		15.6653
v 1.3745 		-0.7018 		15.7273
v 1.3752 		-0.7071 		15.7914
v 1.3754 		-0.7088 		15.8567
v 1.3752 		-0.7071 		15.9219
v 1.3745 		-0.7018 		15.9861
v 1.3734 		-0.6931 		16.048
v 1.3719 		-0.6812 		16.1067
v 1.37 		-0.6663 		16.1611
v 1.3677 		-0.6485 		16.2102
v 1.3651 		-0.6282 		16.2534
v 1.3623 		-0.6058 		16.2897
v 1.3592 		-0.5816 		16.3186
v 1.356 		-0.5561 		16.3396
v 1.3526 		-0.5297 		16.3524
v 1.3492 		-0.5028 		16.3567
v 1.3458 		-0.4759 		16.3524
v 1.3424 		-0.4495 		16.3396
v 1.3392 		-0.4239 		16.3186
v 1.3361 		-0.3998 		16.2897
v 1.3333 		-0.3774 		16.2534
v 1.3307 		-0.3571 		16.2102
v 1.3284 		-0.3393 		16.1611
v 1.3265 		-0.3243 		16.1067
v 1.325 		-0.3124 		16.048
v 1.3239 		-0.3038 		15.9861
v 1.3233 		-0.2985 		15.9219
v 1.323 		-0.2967 		15.8567
v 1.3233 		-0.2985 		15.7914
v 1.3239 		-0.3038 		15.7273
v 1.325 		-0.3124 		15.6653
v 1.3265 		-0.3243 		15.6067
v 1.3284 		-0.3393 		15.5523
v 1.3307 		-0.3571 		15.5031
v 1.3333 		-0.3774 		15.46
v 1.3361 		-0.3998 		15.4237
v 1.3392 		-0.4239 		15.3947
v 1.3424 		-0.4495 		15.3737
v 1.3458 		-0.4759 		15.361
# 98 vertices

g group_36_16768282

usemtl color_16768282
s 0

f 2533 	2534 	2535
f 2536 	2533 	2535
f 2537 	2536 	2535
f 2538 	2537 	2535
f 2539 	2538 	2535
f 2540 	2539 	2535
f 2541 	2540 	2535
f 2542 	2541 	2535
f 2543 	2542 	2535
f 2544 	2543 	2535
f 2545 	2544 	2535
f 2546 	2545 	2535
f 2547 	2546 	2535
f 2548 	2547 	2535
f 2549 	2548 	2535
f 2550 	2549 	2535
f 2551 	2550 	2535
f 2552 	2551 	2535
f 2553 	2552 	2535
f 2554 	2553 	2535
f 2555 	2554 	2535
f 2556 	2555 	2535
f 2557 	2556 	2535
f 2558 	2557 	2535
f 2559 	2558 	2535
f 2560 	2559 	2535
f 2561 	2560 	2535
f 2562 	2561 	2535
f 2563 	2562 	2535
f 2564 	2563 	2535
f 2565 	2564 	2535
f 2566 	2565 	2535
f 2567 	2566 	2535
f 2568 	2567 	2535
f 2569 	2568 	2535
f 2570 	2569 	2535
f 2571 	2570 	2535
f 2572 	2571 	2535
f 2573 	2572 	2535
f 2574 	2573 	2535
f 2575 	2574 	2535
f 2576 	2575 	2535
f 2577 	2576 	2535
f 2578 	2577 	2535
f 2579 	2578 	2535
f 2580 	2579 	2535
f 2581 	2580 	2535
f 2534 	2581 	2535
f 2582 	2583 	2584
f 2583 	2585 	2584
f 2585 	2586 	2584
f 2586 	2587 	2584
f 2587 	2588 	2584
f 2588 	2589 	2584
f 2589 	2590 	2584
f 2590 	2591 	2584
f 2591 	2592 	2584
f 2592 	2593 	2584
f 2593 	2594 	2584
f 2594 	2595 	2584
f 2595 	2596 	2584
f 2596 	2597 	2584
f 2597 	2598 	2584
f 2598 	2599 	2584
f 2599 	2600 	2584
f 2600 	2601 	2584
f 2601 	2602 	2584
f 2602 	2603 	2584
f 2603 	2604 	2584
f 2604 	2605 	2584
f 2605 	2606 	2584
f 2606 	2607 	2584
f 2607 	2608 	2584
f 2608 	2609 	2584
f 2609 	2610 	2584
f 2610 	2611 	2584
f 2611 	2612 	2584
f 2612 	2613 	2584
f 2613 	2614 	2584
f 2614 	2615 	2584
f 2615 	2616 	2584
f 2616 	2617 	2584
f 2617 	2618 	2584
f 2618 	2619 	2584
f 2619 	2620 	2584
f 2620 	2621 	2584
f 2621 	2622 	2584
f 2622 	2623 	2584
f 2623 	2624 	2584
f 2624 	2625 	2584
f 2625 	2626 	2584
f 2626 	2627 	2584
f 2627 	2628 	2584
f 2628 	2629 	2584
f 2629 	2630 	2584
f 2630 	2582 	2584
f 2534 	2533 	2533
f 2533 	2536 	2536
f 2536 	2537 	2537
f 2537 	2538 	2538
f 2538 	2539 	2539
f 2539 	2540 	2540
f 2540 	2541 	2541
f 2541 	2542 	2542
f 2542 	2543 	2543
f 2543 	2544 	2544
f 2544 	2545 	2545
f 2545 	2546 	2546
f 2546 	2547 	2547
f 2547 	2548 	2548
f 2548 	2549 	2549
f 2549 	2550 	2550
f 2550 	2551 	2551
f 2551 	2552 	2552
f 2552 	2553 	2553
f 2553 	2554 	2554
f 2554 	2555 	2555
f 2555 	2556 	2556
f 2556 	2557 	2557
f 2557 	2558 	2558
f 2558 	2559 	2559
f 2559 	2560 	2560
f 2560 	2561 	2561
f 2561 	2562 	2562
f 2562 	2563 	2563
f 2563 	2564 	2564
f 2564 	2565 	2565
f 2565 	2566 	2566
f 2566 	2567 	2567
f 2567 	2568 	2568
f 2568 	2569 	2569
f 2569 	2570 	2570
f 2570 	2571 	2571
f 2571 	2572 	2572
f 2572 	2573 	2573
f 2573 	2574 	2574
f 2574 	2575 	2575
f 2575 	2576 	2576
f 2576 	2577 	2577
f 2577 	2578 	2578
f 2578 	2579 	2579
f 2579 	2580 	2580
f 2580 	2581 	2581
f 2581 	2534 	2534
f 2534 	2533 	2583
f 2534 	2583 	2582
f 2533 	2536 	2585
f 2533 	2585 	2583
f 2536 	2537 	2586
f 2536 	2586 	2585
f 2537 	2538 	2587
f 2537 	2587 	2586
f 2538 	2539 	2588
f 2538 	2588 	2587
f 2539 	2540 	2589
f 2539 	2589 	2588
f 2540 	2541 	2590
f 2540 	2590 	2589
f 2541 	2542 	2591
f 2541 	2591 	2590
f 2542 	2543 	2592
f 2542 	2592 	2591
f 2543 	2544 	2593
f 2543 	2593 	2592
f 2544 	2545 	2594
f 2544 	2594 	2593
f 2545 	2546 	2595
f 2545 	2595 	2594
f 2546 	2547 	2596
f 2546 	2596 	2595
f 2547 	2548 	2597
f 2547 	2597 	2596
f 2548 	2549 	2598
f 2548 	2598 	2597
f 2549 	2550 	2599
f 2549 	2599 	2598
f 2550 	2551 	2600
f 2550 	2600 	2599
f 2551 	2552 	2601
f 2551 	2601 	2600
f 2552 	2553 	2602
f 2552 	2602 	2601
f 2553 	2554 	2603
f 2553 	2603 	2602
f 2554 	2555 	2604
f 2554 	2604 	2603
f 2555 	2556 	2605
f 2555 	2605 	2604
f 2556 	2557 	2606
f 2556 	2606 	2605
f 2557 	2558 	2607
f 2557 	2607 	2606
f 2558 	2559 	2608
f 2558 	2608 	2607
f 2559 	2560 	2609
f 2559 	2609 	2608
f 2560 	2561 	2610
f 2560 	2610 	2609
f 2561 	2562 	2611
f 2561 	2611 	2610
f 2562 	2563 	2612
f 2562 	2612 	2611
f 2563 	2564 	2613
f 2563 	2613 	2612
f 2564 	2565 	2614
f 2564 	2614 	2613
f 2565 	2566 	2615
f 2565 	2615 	2614
f 2566 	2567 	2616
f 2566 	2616 	2615
f 2567 	2568 	2617
f 2567 	2617 	2616
f 2568 	2569 	2618
f 2568 	2618 	2617
f 2569 	2570 	2619
f 2569 	2619 	2618
f 2570 	2571 	2620
f 2570 	2620 	2619
f 2571 	2572 	2621
f 2571 	2621 	2620
f 2572 	2573 	2622
f 2572 	2622 	2621
f 2573 	2574 	2623
f 2573 	2623 	2622
f 2574 	2575 	2624
f 2574 	2624 	2623
f 2575 	2576 	2625
f 2575 	2625 	2624
f 2576 	2577 	2626
f 2576 	2626 	2625
f 2577 	2578 	2627
f 2577 	2627 	2626
f 2578 	2579 	2628
f 2578 	2628 	2627
f 2579 	2580 	2629
f 2579 	2629 	2628
f 2580 	2581 	2630
f 2580 	2630 	2629
f 2581 	2534 	2582
f 2581 	2582 	2630
f 2582 	2583 	2583
f 2583 	2585 	2585
f 2585 	2586 	2586
f 2586 	2587 	2587
f 2587 	2588 	2588
f 2588 	2589 	2589
f 2589 	2590 	2590
f 2590 	2591 	2591
f 2591 	2592 	2592
f 2592 	2593 	2593
f 2593 	2594 	2594
f 2594 	2595 	2595
f 2595 	2596 	2596
f 2596 	2597 	2597
f 2597 	2598 	2598
f 2598 	2599 	2599
f 2599 	2600 	2600
f 2600 	2601 	2601
f 2601 	2602 	2602
f 2602 	2603 	2603
f 2603 	2604 	2604
f 2604 	2605 	2605
f 2605 	2606 	2606
f 2606 	2607 	2607
f 2607 	2608 	2608
f 2608 	2609 	2609
f 2609 	2610 	2610
f 2610 	2611 	2611
f 2611 	2612 	2612
f 2612 	2613 	2613
f 2613 	2614 	2614
f 2614 	2615 	2615
f 2615 	2616 	2616
f 2616 	2617 	2617
f 2617 	2618 	2618
f 2618 	2619 	2619
f 2619 	2620 	2620
f 2620 	2621 	2621
f 2621 	2622 	2622
f 2622 	2623 	2623
f 2623 	2624 	2624
f 2624 	2625 	2625
f 2625 	2626 	2626
f 2626 	2627 	2627
f 2627 	2628 	2628
f 2628 	2629 	2629
f 2629 	2630 	2630
f 2630 	2582 	2582
# 288 faces

 #end of obj_36

o obj_37
v -6.435 		-0.6711 		15.8567
v 1.3492 		-0.5028 		15.3567
v 1.3526 		-0.5297 		15.361
v 1.356 		-0.5561 		15.3737
v 1.3592 		-0.5816 		15.3947
v 1.3623 		-0.6058 		15.4237
v 1.3651 		-0.6282 		15.46
v 1.3677 		-0.6485 		15.5031
v 1.37 		-0.6663 		15.5523
v 1.3719 		-0.6812 		15.6067
v 1.3734 		-0.6931 		15.6653
v 1.3745 		-0.7018 		15.7273
v 1.3752 		-0.7071 		15.7914
v 1.3754 		-0.7088 		15.8567
v 1.3752 		-0.7071 		15.9219
v 1.3745 		-0.7018 		15.9861
v 1.3734 		-0.6931 		16.048
v 1.3719 		-0.6812 		16.1067
v 1.37 		-0.6663 		16.1611
v 1.3677 		-0.6485 		16.2102
v 1.3651 		-0.6282 		16.2534
v 1.3623 		-0.6058 		16.2897
v 1.3592 		-0.5816 		16.3186
v 1.356 		-0.5561 		16.3396
v 1.3526 		-0.5297 		16.3524
v 1.3492 		-0.5028 		16.3567
v 1.3458 		-0.4759 		16.3524
v 1.3424 		-0.4495 		16.3396
v 1.3392 		-0.4239 		16.3186
v 1.3361 		-0.3998 		16.2897
v 1.3333 		-0.3774 		16.2534
v 1.3307 		-0.3571 		16.2102
v 1.3284 		-0.3393 		16.1611
v 1.3265 		-0.3243 		16.1067
v 1.325 		-0.3124 		16.048
v 1.3239 		-0.3038 		15.9861
v 1.3233 		-0.2985 		15.9219
v 1.323 		-0.2967 		15.8567
v 1.3233 		-0.2985 		15.7914
v 1.3239 		-0.3038 		15.7273
v 1.325 		-0.3124 		15.6653
v 1.3265 		-0.3243 		15.6067
v 1.3284 		-0.3393 		15.5523
v 1.3307 		-0.3571 		15.5031
v 1.3333 		-0.3774 		15.46
v 1.3361 		-0.3998 		15.4237
v 1.3392 		-0.4239 		15.3947
v 1.3424 		-0.4495 		15.3737
v 1.3458 		-0.4759 		15.361
v 1.3492 		-0.5028 		15.8567
# 50 vertices

g group_37_16768282

usemtl color_16768282
s 0

f 2632 	2633 	2631
f 2633 	2634 	2631
f 2634 	2635 	2631
f 2635 	2636 	2631
f 2636 	2637 	2631
f 2637 	2638 	2631
f 2638 	2639 	2631
f 2639 	2640 	2631
f 2640 	2641 	2631
f 2641 	2642 	2631
f 2642 	2643 	2631
f 2643 	2644 	2631
f 2644 	2645 	2631
f 2645 	2646 	2631
f 2646 	2647 	2631
f 2647 	2648 	2631
f 2648 	2649 	2631
f 2649 	2650 	2631
f 2650 	2651 	2631
f 2651 	2652 	2631
f 2652 	2653 	2631
f 2653 	2654 	2631
f 2654 	2655 	2631
f 2655 	2656 	2631
f 2656 	2657 	2631
f 2657 	2658 	2631
f 2658 	2659 	2631
f 2659 	2660 	2631
f 2660 	2661 	2631
f 2661 	2662 	2631
f 2662 	2663 	2631
f 2663 	2664 	2631
f 2664 	2665 	2631
f 2665 	2666 	2631
f 2666 	2667 	2631
f 2667 	2668 	2631
f 2668 	2669 	2631
f 2669 	2670 	2631
f 2670 	2671 	2631
f 2671 	2672 	2631
f 2672 	2673 	2631
f 2673 	2674 	2631
f 2674 	2675 	2631
f 2675 	2676 	2631
f 2676 	2677 	2631
f 2677 	2678 	2631
f 2678 	2679 	2631
f 2679 	2632 	2631
f 2633 	2632 	2680
f 2634 	2633 	2680
f 2635 	2634 	2680
f 2636 	2635 	2680
f 2637 	2636 	2680
f 2638 	2637 	2680
f 2639 	2638 	2680
f 2640 	2639 	2680
f 2641 	2640 	2680
f 2642 	2641 	2680
f 2643 	2642 	2680
f 2644 	2643 	2680
f 2645 	2644 	2680
f 2646 	2645 	2680
f 2647 	2646 	2680
f 2648 	2647 	2680
f 2649 	2648 	2680
f 2650 	2649 	2680
f 2651 	2650 	2680
f 2652 	2651 	2680
f 2653 	2652 	2680
f 2654 	2653 	2680
f 2655 	2654 	2680
f 2656 	2655 	2680
f 2657 	2656 	2680
f 2658 	2657 	2680
f 2659 	2658 	2680
f 2660 	2659 	2680
f 2661 	2660 	2680
f 2662 	2661 	2680
f 2663 	2662 	2680
f 2664 	2663 	2680
f 2665 	2664 	2680
f 2666 	2665 	2680
f 2667 	2666 	2680
f 2668 	2667 	2680
f 2669 	2668 	2680
f 2670 	2669 	2680
f 2671 	2670 	2680
f 2672 	2671 	2680
f 2673 	2672 	2680
f 2674 	2673 	2680
f 2675 	2674 	2680
f 2676 	2675 	2680
f 2677 	2676 	2680
f 2678 	2677 	2680
f 2679 	2678 	2680
f 2632 	2679 	2680
# 96 faces

 #end of obj_37

o obj_38
v 7.4971 		-0.9414 		15.361
v 7.4937 		-0.9145 		15.3567
v 7.4937 		-0.9145 		15.8567
v 7.5004 		-0.9679 		15.3737
v 7.5037 		-0.9934 		15.3947
v 7.5067 		-1.0176 		15.4237
v 7.5096 		-1.04 		15.46
v 7.5122 		-1.0602 		15.5031
v 7.5144 		-1.078 		15.5523
v 7.5163 		-1.093 		15.6067
v 7.5178 		-1.1049 		15.6653
v 7.5189 		-1.1136 		15.7273
v 7.5196 		-1.1188 		15.7914
v 7.5198 		-1.1206 		15.8567
v 7.5196 		-1.1188 		15.9219
v 7.5189 		-1.1136 		15.9861
v 7.5178 		-1.1049 		16.048
v 7.5163 		-1.093 		16.1067
v 7.5144 		-1.078 		16.1611
v 7.5122 		-1.0602 		16.2102
v 7.5096 		-1.04 		16.2534
v 7.5067 		-1.0176 		16.2897
v 7.5037 		-0.9934 		16.3186
v 7.5004 		-0.9679 		16.3396
v 7.4971 		-0.9414 		16.3524
v 7.4937 		-0.9145 		16.3567
v 7.4902 		-0.8876 		16.3524
v 7.4869 		-0.8612 		16.3396
v 7.4836 		-0.8357 		16.3186
v 7.4806 		-0.8115 		16.2897
v 7.4777 		-0.7891 		16.2534
v 7.4752 		-0.7688 		16.2102
v 7.4729 		-0.7511 		16.1611
v 7.471 		-0.7361 		16.1067
v 7.4695 		-0.7242 		16.048
v 7.4684 		-0.7155 		15.9861
v 7.4677 		-0.7103 		15.9219
v 7.4675 		-0.7085 		15.8567
v 7.4677 		-0.7103 		15.7914
v 7.4684 		-0.7155 		15.7273
v 7.4695 		-0.7242 		15.6653
v 7.471 		-0.7361 		15.6067
v 7.4729 		-0.7511 		15.5523
v 7.4752 		-0.7688 		15.5031
v 7.4777 		-0.7891 		15.46
v 7.4806 		-0.8115 		15.4237
v 7.4836 		-0.8357 		15.3947
v 7.4869 		-0.8612 		15.3737
v 7.4902 		-0.8876 		15.361
v -0.7002 		-1.0917 		15.3567
v -0.6968 		-1.1186 		15.361
v -0.7002 		-1.0917 		15.8567
v -0.6935 		-1.1451 		15.3737
v -0.6902 		-1.1706 		15.3947
v -0.6871 		-1.1948 		15.4237
v -0.6843 		-1.2172 		15.46
v -0.6817 		-1.2374 		15.5031
v -0.6795 		-1.2552 		15.5523
v -0.6776 		-1.2702 		15.6067
v -0.676 		-1.2821 		15.6653
v -0.6749 		-1.2908 		15.7273
v -0.6743 		-1.296 		15.7914
v -0.6741 		-1.2978 		15.8567
v -0.6743 		-1.296 		15.9219
v -0.6749 		-1.2908 		15.9861
v -0.676 		-1.2821 		16.048
v -0.6776 		-1.2702 		16.1067
v -0.6795 		-1.2552 		16.1611
v -0.6817 		-1.2374 		16.2102
v -0.6843 		-1.2172 		16.2534
v -0.6871 		-1.1948 		16.2897
v -0.6902 		-1.1706 		16.3186
v -0.6935 		-1.1451 		16.3396
v -0.6968 		-1.1186 		16.3524
v -0.7002 		-1.0917 		16.3567
v -0.7036 		-1.0649 		16.3524
v -0.707 		-1.0384 		16.3396
v -0.7102 		-1.0129 		16.3186
v -0.7133 		-0.9887 		16.2897
v -0.7162 		-0.9663 		16.2534
v -0.7187 		-0.946 		16.2102
v -0.721 		-0.9283 		16.1611
v -0.7229 		-0.9133 		16.1067
v -0.7244 		-0.9014 		16.048
v -0.7255 		-0.8927 		15.9861
v -0.7262 		-0.8875 		15.9219
v -0.7264 		-0.8857 		15.8567
v -0.7262 		-0.8875 		15.7914
v -0.7255 		-0.8927 		15.7273
v -0.7244 		-0.9014 		15.6653
v -0.7229 		-0.9133 		15.6067
v -0.721 		-0.9283 		15.5523
v -0.7187 		-0.946 		15.5031
v -0.7162 		-0.9663 		15.46
v -0.7133 		-0.9887 		15.4237
v -0.7102 		-1.0129 		15.3947
v -0.707 		-1.0384 		15.3737
v -0.7036 		-1.0649 		15.361
# 98 vertices

g group_38_16768282

usemtl color_16768282
s 0

f 2681 	2682 	2683
f 2684 	2681 	2683
f 2685 	2684 	2683
f 2686 	2685 	2683
f 2687 	2686 	2683
f 2688 	2687 	2683
f 2689 	2688 	2683
f 2690 	2689 	2683
f 2691 	2690 	2683
f 2692 	2691 	2683
f 2693 	2692 	2683
f 2694 	2693 	2683
f 2695 	2694 	2683
f 2696 	2695 	2683
f 2697 	2696 	2683
f 2698 	2697 	2683
f 2699 	2698 	2683
f 2700 	2699 	2683
f 2701 	2700 	2683
f 2702 	2701 	2683
f 2703 	2702 	2683
f 2704 	2703 	2683
f 2705 	2704 	2683
f 2706 	2705 	2683
f 2707 	2706 	2683
f 2708 	2707 	2683
f 2709 	2708 	2683
f 2710 	2709 	2683
f 2711 	2710 	2683
f 2712 	2711 	2683
f 2713 	2712 	2683
f 2714 	2713 	2683
f 2715 	2714 	2683
f 2716 	2715 	2683
f 2717 	2716 	2683
f 2718 	2717 	2683
f 2719 	2718 	2683
f 2720 	2719 	2683
f 2721 	2720 	2683
f 2722 	2721 	2683
f 2723 	2722 	2683
f 2724 	2723 	2683
f 2725 	2724 	2683
f 2726 	2725 	2683
f 2727 	2726 	2683
f 2728 	2727 	2683
f 2729 	2728 	2683
f 2682 	2729 	2683
f 2730 	2731 	2732
f 2731 	2733 	2732
f 2733 	2734 	2732
f 2734 	2735 	2732
f 2735 	2736 	2732
f 2736 	2737 	2732
f 2737 	2738 	2732
f 2738 	2739 	2732
f 2739 	2740 	2732
f 2740 	2741 	2732
f 2741 	2742 	2732
f 2742 	2743 	2732
f 2743 	2744 	2732
f 2744 	2745 	2732
f 2745 	2746 	2732
f 2746 	2747 	2732
f 2747 	2748 	2732
f 2748 	2749 	2732
f 2749 	2750 	2732
f 2750 	2751 	2732
f 2751 	2752 	2732
f 2752 	2753 	2732
f 2753 	2754 	2732
f 2754 	2755 	2732
f 2755 	2756 	2732
f 2756 	2757 	2732
f 2757 	2758 	2732
f 2758 	2759 	2732
f 2759 	2760 	2732
f 2760 	2761 	2732
f 2761 	2762 	2732
f 2762 	2763 	2732
f 2763 	2764 	2732
f 2764 	2765 	2732
f 2765 	2766 	2732
f 2766 	2767 	2732
f 2767 	2768 	2732
f 2768 	2769 	2732
f 2769 	2770 	2732
f 2770 	2771 	2732
f 2771 	2772 	2732
f 2772 	2773 	2732
f 2773 	2774 	2732
f 2774 	2775 	2732
f 2775 	2776 	2732
f 2776 	2777 	2732
f 2777 	2778 	2732
f 2778 	2730 	2732
f 2682 	2681 	2681
f 2681 	2684 	2684
f 2684 	2685 	2685
f 2685 	2686 	2686
f 2686 	2687 	2687
f 2687 	2688 	2688
f 2688 	2689 	2689
f 2689 	2690 	2690
f 2690 	2691 	2691
f 2691 	2692 	2692
f 2692 	2693 	2693
f 2693 	2694 	2694
f 2694 	2695 	2695
f 2695 	2696 	2696
f 2696 	2697 	2697
f 2697 	2698 	2698
f 2698 	2699 	2699
f 2699 	2700 	2700
f 2700 	2701 	2701
f 2701 	2702 	2702
f 2702 	2703 	2703
f 2703 	2704 	2704
f 2704 	2705 	2705
f 2705 	2706 	2706
f 2706 	2707 	2707
f 2707 	2708 	2708
f 2708 	2709 	2709
f 2709 	2710 	2710
f 2710 	2711 	2711
f 2711 	2712 	2712
f 2712 	2713 	2713
f 2713 	2714 	2714
f 2714 	2715 	2715
f 2715 	2716 	2716
f 2716 	2717 	2717
f 2717 	2718 	2718
f 2718 	2719 	2719
f 2719 	2720 	2720
f 2720 	2721 	2721
f 2721 	2722 	2722
f 2722 	2723 	2723
f 2723 	2724 	2724
f 2724 	2725 	2725
f 2725 	2726 	2726
f 2726 	2727 	2727
f 2727 	2728 	2728
f 2728 	2729 	2729
f 2729 	2682 	2682
f 2682 	2681 	2731
f 2682 	2731 	2730
f 2681 	2684 	2733
f 2681 	2733 	2731
f 2684 	2685 	2734
f 2684 	2734 	2733
f 2685 	2686 	2735
f 2685 	2735 	2734
f 2686 	2687 	2736
f 2686 	2736 	2735
f 2687 	2688 	2737
f 2687 	2737 	2736
f 2688 	2689 	2738
f 2688 	2738 	2737
f 2689 	2690 	2739
f 2689 	2739 	2738
f 2690 	2691 	2740
f 2690 	2740 	2739
f 2691 	2692 	2741
f 2691 	2741 	2740
f 2692 	2693 	2742
f 2692 	2742 	2741
f 2693 	2694 	2743
f 2693 	2743 	2742
f 2694 	2695 	2744
f 2694 	2744 	2743
f 2695 	2696 	2745
f 2695 	2745 	2744
f 2696 	2697 	2746
f 2696 	2746 	2745
f 2697 	2698 	2747
f 2697 	2747 	2746
f 2698 	2699 	2748
f 2698 	2748 	2747
f 2699 	2700 	2749
f 2699 	2749 	2748
f 2700 	2701 	2750
f 2700 	2750 	2749
f 2701 	2702 	2751
f 2701 	2751 	2750
f 2702 	2703 	2752
f 2702 	2752 	2751
f 2703 	2704 	2753
f 2703 	2753 	2752
f 2704 	2705 	2754
f 2704 	2754 	2753
f 2705 	2706 	2755
f 2705 	2755 	2754
f 2706 	2707 	2756
f 2706 	2756 	2755
f 2707 	2708 	2757
f 2707 	2757 	2756
f 2708 	2709 	2758
f 2708 	2758 	2757
f 2709 	2710 	2759
f 2709 	2759 	2758
f 2710 	2711 	2760
f 2710 	2760 	2759
f 2711 	2712 	2761
f 2711 	2761 	2760
f 2712 	2713 	2762
f 2712 	2762 	2761
f 2713 	2714 	2763
f 2713 	2763 	2762
f 2714 	2715 	2764
f 2714 	2764 	2763
f 2715 	2716 	2765
f 2715 	2765 	2764
f 2716 	2717 	2766
f 2716 	2766 	2765
f 2717 	2718 	2767
f 2717 	2767 	2766
f 2718 	2719 	2768
f 2718 	2768 	2767
f 2719 	2720 	2769
f 2719 	2769 	2768
f 2720 	2721 	2770
f 2720 	2770 	2769
f 2721 	2722 	2771
f 2721 	2771 	2770
f 2722 	2723 	2772
f 2722 	2772 	2771
f 2723 	2724 	2773
f 2723 	2773 	2772
f 2724 	2725 	2774
f 2724 	2774 	2773
f 2725 	2726 	2775
f 2725 	2775 	2774
f 2726 	2727 	2776
f 2726 	2776 	2775
f 2727 	2728 	2777
f 2727 	2777 	2776
f 2728 	2729 	2778
f 2728 	2778 	2777
f 2729 	2682 	2730
f 2729 	2730 	2778
f 2730 	2731 	2731
f 2731 	2733 	2733
f 2733 	2734 	2734
f 2734 	2735 	2735
f 2735 	2736 	2736
f 2736 	2737 	2737
f 2737 	2738 	2738
f 2738 	2739 	2739
f 2739 	2740 	2740
f 2740 	2741 	2741
f 2741 	2742 	2742
f 2742 	2743 	2743
f 2743 	2744 	2744
f 2744 	2745 	2745
f 2745 	2746 	2746
f 2746 	2747 	2747
f 2747 	2748 	2748
f 2748 	2749 	2749
f 2749 	2750 	2750
f 2750 	2751 	2751
f 2751 	2752 	2752
f 2752 	2753 	2753
f 2753 	2754 	2754
f 2754 	2755 	2755
f 2755 	2756 	2756
f 2756 	2757 	2757
f 2757 	2758 	2758
f 2758 	2759 	2759
f 2759 	2760 	2760
f 2760 	2761 	2761
f 2761 	2762 	2762
f 2762 	2763 	2763
f 2763 	2764 	2764
f 2764 	2765 	2765
f 2765 	2766 	2766
f 2766 	2767 	2767
f 2767 	2768 	2768
f 2768 	2769 	2769
f 2769 	2770 	2770
f 2770 	2771 	2771
f 2771 	2772 	2772
f 2772 	2773 	2773
f 2773 	2774 	2774
f 2774 	2775 	2775
f 2775 	2776 	2776
f 2776 	2777 	2777
f 2777 	2778 	2778
f 2778 	2730 	2730
# 288 faces

 #end of obj_38

o obj_39
v -8.4844 		-1.2601 		15.8567
v -0.7002 		-1.0917 		15.3567
v -0.6968 		-1.1186 		15.361
v -0.6935 		-1.1451 		15.3737
v -0.6902 		-1.1706 		15.3947
v -0.6871 		-1.1948 		15.4237
v -0.6843 		-1.2172 		15.46
v -0.6817 		-1.2374 		15.5031
v -0.6795 		-1.2552 		15.5523
v -0.6776 		-1.2702 		15.6067
v -0.676 		-1.2821 		15.6653
v -0.6749 		-1.2908 		15.7273
v -0.6743 		-1.296 		15.7914
v -0.6741 		-1.2978 		15.8567
v -0.6743 		-1.296 		15.9219
v -0.6749 		-1.2908 		15.9861
v -0.676 		-1.2821 		16.048
v -0.6776 		-1.2702 		16.1067
v -0.6795 		-1.2552 		16.1611
v -0.6817 		-1.2374 		16.2102
v -0.6843 		-1.2172 		16.2534
v -0.6871 		-1.1948 		16.2897
v -0.6902 		-1.1706 		16.3186
v -0.6935 		-1.1451 		16.3396
v -0.6968 		-1.1186 		16.3524
v -0.7002 		-1.0917 		16.3567
v -0.7036 		-1.0649 		16.3524
v -0.707 		-1.0384 		16.3396
v -0.7102 		-1.0129 		16.3186
v -0.7133 		-0.9887 		16.2897
v -0.7162 		-0.9663 		16.2534
v -0.7187 		-0.946 		16.2102
v -0.721 		-0.9283 		16.1611
v -0.7229 		-0.9133 		16.1067
v -0.7244 		-0.9014 		16.048
v -0.7255 		-0.8927 		15.9861
v -0.7262 		-0.8875 		15.9219
v -0.7264 		-0.8857 		15.8567
v -0.7262 		-0.8875 		15.7914
v -0.7255 		-0.8927 		15.7273
v -0.7244 		-0.9014 		15.6653
v -0.7229 		-0.9133 		15.6067
v -0.721 		-0.9283 		15.5523
v -0.7187 		-0.946 		15.5031
v -0.7162 		-0.9663 		15.46
v -0.7133 		-0.9887 		15.4237
v -0.7102 		-1.0129 		15.3947
v -0.707 		-1.0384 		15.3737
v -0.7036 		-1.0649 		15.361
v -0.7002 		-1.0917 		15.8567
# 50 vertices

g group_39_16768282

usemtl color_16768282
s 0

f 2780 	2781 	2779
f 2781 	2782 	2779
f 2782 	2783 	2779
f 2783 	2784 	2779
f 2784 	2785 	2779
f 2785 	2786 	2779
f 2786 	2787 	2779
f 2787 	2788 	2779
f 2788 	2789 	2779
f 2789 	2790 	2779
f 2790 	2791 	2779
f 2791 	2792 	2779
f 2792 	2793 	2779
f 2793 	2794 	2779
f 2794 	2795 	2779
f 2795 	2796 	2779
f 2796 	2797 	2779
f 2797 	2798 	2779
f 2798 	2799 	2779
f 2799 	2800 	2779
f 2800 	2801 	2779
f 2801 	2802 	2779
f 2802 	2803 	2779
f 2803 	2804 	2779
f 2804 	2805 	2779
f 2805 	2806 	2779
f 2806 	2807 	2779
f 2807 	2808 	2779
f 2808 	2809 	2779
f 2809 	2810 	2779
f 2810 	2811 	2779
f 2811 	2812 	2779
f 2812 	2813 	2779
f 2813 	2814 	2779
f 2814 	2815 	2779
f 2815 	2816 	2779
f 2816 	2817 	2779
f 2817 	2818 	2779
f 2818 	2819 	2779
f 2819 	2820 	2779
f 2820 	2821 	2779
f 2821 	2822 	2779
f 2822 	2823 	2779
f 2823 	2824 	2779
f 2824 	2825 	2779
f 2825 	2826 	2779
f 2826 	2827 	2779
f 2827 	2780 	2779
f 2781 	2780 	2828
f 2782 	2781 	2828
f 2783 	2782 	2828
f 2784 	2783 	2828
f 2785 	2784 	2828
f 2786 	2785 	2828
f 2787 	2786 	2828
f 2788 	2787 	2828
f 2789 	2788 	2828
f 2790 	2789 	2828
f 2791 	2790 	2828
f 2792 	2791 	2828
f 2793 	2792 	2828
f 2794 	2793 	2828
f 2795 	2794 	2828
f 2796 	2795 	2828
f 2797 	2796 	2828
f 2798 	2797 	2828
f 2799 	2798 	2828
f 2800 	2799 	2828
f 2801 	2800 	2828
f 2802 	2801 	2828
f 2803 	2802 	2828
f 2804 	2803 	2828
f 2805 	2804 	2828
f 2806 	2805 	2828
f 2807 	2806 	2828
f 2808 	2807 	2828
f 2809 	2808 	2828
f 2810 	2809 	2828
f 2811 	2810 	2828
f 2812 	2811 	2828
f 2813 	2812 	2828
f 2814 	2813 	2828
f 2815 	2814 	2828
f 2816 	2815 	2828
f 2817 	2816 	2828
f 2818 	2817 	2828
f 2819 	2818 	2828
f 2820 	2819 	2828
f 2821 	2820 	2828
f 2822 	2821 	2828
f 2823 	2822 	2828
f 2824 	2823 	2828
f 2825 	2824 	2828
f 2826 	2825 	2828
f 2827 	2826 	2828
f 2780 	2827 	2828
# 96 faces

 #end of obj_39

o obj_40
v 9.7265 		-1.7698 		15.361
v 9.7231 		-1.7429 		15.3567
v 9.7231 		-1.7429 		15.8567
v 9.7299 		-1.7962 		15.3737
v 9.7331 		-1.8218 		15.3947
v 9.7362 		-1.8459 		15.4237
v 9.739 		-1.8683 		15.46
v 9.7416 		-1.8886 		15.5031
v 9.7439 		-1.9064 		15.5523
v 9.7458 		-1.9213 		15.6067
v 9.7473 		-1.9333 		15.6653
v 9.7484 		-1.9419 		15.7273
v 9.749 		-1.9472 		15.7914
v 9.7493 		-1.949 		15.8567
v 9.749 		-1.9472 		15.9219
v 9.7484 		-1.9419 		15.9861
v 9.7473 		-1.9333 		16.048
v 9.7458 		-1.9213 		16.1067
v 9.7439 		-1.9064 		16.1611
v 9.7416 		-1.8886 		16.2102
v 9.739 		-1.8683 		16.2534
v 9.7362 		-1.8459 		16.2897
v 9.7331 		-1.8218 		16.3186
v 9.7299 		-1.7962 		16.3396
v 9.7265 		-1.7698 		16.3524
v 9.7231 		-1.7429 		16.3567
v 9.7197 		-1.716 		16.3524
v 9.7163 		-1.6896 		16.3396
v 9.7131 		-1.6641 		16.3186
v 9.71 		-1.6399 		16.2897
v 9.7072 		-1.6175 		16.2534
v 9.7046 		-1.5972 		16.2102
v 9.7023 		-1.5794 		16.1611
v 9.7004 		-1.5645 		16.1067
v 9.6989 		-1.5525 		16.048
v 9.6978 		-1.5439 		15.9861
v 9.6972 		-1.5386 		15.9219
v 9.6969 		-1.5369 		15.8567
v 9.6972 		-1.5386 		15.7914
v 9.6978 		-1.5439 		15.7273
v 9.6989 		-1.5525 		15.6653
v 9.7004 		-1.5645 		15.6067
v 9.7023 		-1.5794 		15.5523
v 9.7046 		-1.5972 		15.5031
v 9.7072 		-1.6175 		15.46
v 9.71 		-1.6399 		15.4237
v 9.7131 		-1.6641 		15.3947
v 9.7163 		-1.6896 		15.3737
v 9.7197 		-1.716 		15.361
v 1.5292 		-1.9201 		15.3567
v 1.5326 		-1.947 		15.361
v 1.5292 		-1.9201 		15.8567
v 1.536 		-1.9734 		15.3737
v 1.5392 		-1.999 		15.3947
v 1.5423 		-2.0231 		15.4237
v 1.5451 		-2.0455 		15.46
v 1.5477 		-2.0658 		15.5031
v 1.55 		-2.0836 		15.5523
v 1.5519 		-2.0986 		15.6067
v 1.5534 		-2.1105 		15.6653
v 1.5545 		-2.1191 		15.7273
v 1.5552 		-2.1244 		15.7914
v 1.5554 		-2.1262 		15.8567
v 1.5552 		-2.1244 		15.9219
v 1.5545 		-2.1191 		15.9861
v 1.5534 		-2.1105 		16.048
v 1.5519 		-2.0986 		16.1067
v 1.55 		-2.0836 		16.1611
v 1.5477 		-2.0658 		16.2102
v 1.5451 		-2.0455 		16.2534
v 1.5423 		-2.0231 		16.2897
v 1.5392 		-1.999 		16.3186
v 1.536 		-1.9734 		16.3396
v 1.5326 		-1.947 		16.3524
v 1.5292 		-1.9201 		16.3567
v 1.5258 		-1.8932 		16.3524
v 1.5224 		-1.8668 		16.3396
v 1.5192 		-1.8413 		16.3186
v 1.5161 		-1.8171 		16.2897
v 1.5133 		-1.7947 		16.2534
v 1.5107 		-1.7744 		16.2102
v 1.5085 		-1.7566 		16.1611
v 1.5065 		-1.7417 		16.1067
v 1.505 		-1.7298 		16.048
v 1.5039 		-1.7211 		15.9861
v 1.5033 		-1.7158 		15.9219
v 1.503 		-1.7141 		15.8567
v 1.5033 		-1.7158 		15.7914
v 1.5039 		-1.7211 		15.7273
v 1.505 		-1.7298 		15.6653
v 1.5065 		-1.7417 		15.6067
v 1.5085 		-1.7566 		15.5523
v 1.5107 		-1.7744 		15.5031
v 1.5133 		-1.7947 		15.46
v 1.5161 		-1.8171 		15.4237
v 1.5192 		-1.8413 		15.3947
v 1.5224 		-1.8668 		15.3737
v 1.5258 		-1.8932 		15.361
# 98 vertices

g group_40_16768282

usemtl color_16768282
s 0

f 2829 	2830 	2831
f 2832 	2829 	2831
f 2833 	2832 	2831
f 2834 	2833 	2831
f 2835 	2834 	2831
f 2836 	2835 	2831
f 2837 	2836 	2831
f 2838 	2837 	2831
f 2839 	2838 	2831
f 2840 	2839 	2831
f 2841 	2840 	2831
f 2842 	2841 	2831
f 2843 	2842 	2831
f 2844 	2843 	2831
f 2845 	2844 	2831
f 2846 	2845 	2831
f 2847 	2846 	2831
f 2848 	2847 	2831
f 2849 	2848 	2831
f 2850 	2849 	2831
f 2851 	2850 	2831
f 2852 	2851 	2831
f 2853 	2852 	2831
f 2854 	2853 	2831
f 2855 	2854 	2831
f 2856 	2855 	2831
f 2857 	2856 	2831
f 2858 	2857 	2831
f 2859 	2858 	2831
f 2860 	2859 	2831
f 2861 	2860 	2831
f 2862 	2861 	2831
f 2863 	2862 	2831
f 2864 	2863 	2831
f 2865 	2864 	2831
f 2866 	2865 	2831
f 2867 	2866 	2831
f 2868 	2867 	2831
f 2869 	2868 	2831
f 2870 	2869 	2831
f 2871 	2870 	2831
f 2872 	2871 	2831
f 2873 	2872 	2831
f 2874 	2873 	2831
f 2875 	2874 	2831
f 2876 	2875 	2831
f 2877 	2876 	2831
f 2830 	2877 	2831
f 2878 	2879 	2880
f 2879 	2881 	2880
f 2881 	2882 	2880
f 2882 	2883 	2880
f 2883 	2884 	2880
f 2884 	2885 	2880
f 2885 	2886 	2880
f 2886 	2887 	2880
f 2887 	2888 	2880
f 2888 	2889 	2880
f 2889 	2890 	2880
f 2890 	2891 	2880
f 2891 	2892 	2880
f 2892 	2893 	2880
f 2893 	2894 	2880
f 2894 	2895 	2880
f 2895 	2896 	2880
f 2896 	2897 	2880
f 2897 	2898 	2880
f 2898 	2899 	2880
f 2899 	2900 	2880
f 2900 	2901 	2880
f 2901 	2902 	2880
f 2902 	2903 	2880
f 2903 	2904 	2880
f 2904 	2905 	2880
f 2905 	2906 	2880
f 2906 	2907 	2880
f 2907 	2908 	2880
f 2908 	2909 	2880
f 2909 	2910 	2880
f 2910 	2911 	2880
f 2911 	2912 	2880
f 2912 	2913 	2880
f 2913 	2914 	2880
f 2914 	2915 	2880
f 2915 	2916 	2880
f 2916 	2917 	2880
f 2917 	2918 	2880
f 2918 	2919 	2880
f 2919 	2920 	2880
f 2920 	2921 	2880
f 2921 	2922 	2880
f 2922 	2923 	2880
f 2923 	2924 	2880
f 2924 	2925 	2880
f 2925 	2926 	2880
f 2926 	2878 	2880
f 2830 	2829 	2829
f 2829 	2832 	2832
f 2832 	2833 	2833
f 2833 	2834 	2834
f 2834 	2835 	2835
f 2835 	2836 	2836
f 2836 	2837 	2837
f 2837 	2838 	2838
f 2838 	2839 	2839
f 2839 	2840 	2840
f 2840 	2841 	2841
f 2841 	2842 	2842
f 2842 	2843 	2843
f 2843 	2844 	2844
f 2844 	2845 	2845
f 2845 	2846 	2846
f 2846 	2847 	2847
f 2847 	2848 	2848
f 2848 	2849 	2849
f 2849 	2850 	2850
f 2850 	2851 	2851
f 2851 	2852 	2852
f 2852 	2853 	2853
f 2853 	2854 	2854
f 2854 	2855 	2855
f 2855 	2856 	2856
f 2856 	2857 	2857
f 2857 	2858 	2858
f 2858 	2859 	2859
f 2859 	2860 	2860
f 2860 	2861 	2861
f 2861 	2862 	2862
f 2862 	2863 	2863
f 2863 	2864 	2864
f 2864 	2865 	2865
f 2865 	2866 	2866
f 2866 	2867 	2867
f 2867 	2868 	2868
f 2868 	2869 	2869
f 2869 	2870 	2870
f 2870 	2871 	2871
f 2871 	2872 	2872
f 2872 	2873 	2873
f 2873 	2874 	2874
f 2874 	2875 	2875
f 2875 	2876 	2876
f 2876 	2877 	2877
f 2877 	2830 	2830
f 2830 	2829 	2879
f 2830 	2879 	2878
f 2829 	2832 	2881
f 2829 	2881 	2879
f 2832 	2833 	2882
f 2832 	2882 	2881
f 2833 	2834 	2883
f 2833 	2883 	2882
f 2834 	2835 	2884
f 2834 	2884 	2883
f 2835 	2836 	2885
f 2835 	2885 	2884
f 2836 	2837 	2886
f 2836 	2886 	2885
f 2837 	2838 	2887
f 2837 	2887 	2886
f 2838 	2839 	2888
f 2838 	2888 	2887
f 2839 	2840 	2889
f 2839 	2889 	2888
f 2840 	2841 	2890
f 2840 	2890 	2889
f 2841 	2842 	2891
f 2841 	2891 	2890
f 2842 	2843 	2892
f 2842 	2892 	2891
f 2843 	2844 	2893
f 2843 	2893 	2892
f 2844 	2845 	2894
f 2844 	2894 	2893
f 2845 	2846 	2895
f 2845 	2895 	2894
f 2846 	2847 	2896
f 2846 	2896 	2895
f 2847 	2848 	2897
f 2847 	2897 	2896
f 2848 	2849 	2898
f 2848 	2898 	2897
f 2849 	2850 	2899
f 2849 	2899 	2898
f 2850 	2851 	2900
f 2850 	2900 	2899
f 2851 	2852 	2901
f 2851 	2901 	2900
f 2852 	2853 	2902
f 2852 	2902 	2901
f 2853 	2854 	2903
f 2853 	2903 	2902
f 2854 	2855 	2904
f 2854 	2904 	2903
f 2855 	2856 	2905
f 2855 	2905 	2904
f 2856 	2857 	2906
f 2856 	2906 	2905
f 2857 	2858 	2907
f 2857 	2907 	2906
f 2858 	2859 	2908
f 2858 	2908 	2907
f 2859 	2860 	2909
f 2859 	2909 	2908
f 2860 	2861 	2910
f 2860 	2910 	2909
f 2861 	2862 	2911
f 2861 	2911 	2910
f 2862 	2863 	2912
f 2862 	2912 	2911
f 2863 	2864 	2913
f 2863 	2913 	2912
f 2864 	2865 	2914
f 2864 	2914 	2913
f 2865 	2866 	2915
f 2865 	2915 	2914
f 2866 	2867 	2916
f 2866 	2916 	2915
f 2867 	2868 	2917
f 2867 	2917 	2916
f 2868 	2869 	2918
f 2868 	2918 	2917
f 2869 	2870 	2919
f 2869 	2919 	2918
f 2870 	2871 	2920
f 2870 	2920 	2919
f 2871 	2872 	2921
f 2871 	2921 	2920
f 2872 	2873 	2922
f 2872 	2922 	2921
f 2873 	2874 	2923
f 2873 	2923 	2922
f 2874 	2875 	2924
f 2874 	2924 	2923
f 2875 	2876 	2925
f 2875 	2925 	2924
f 2876 	2877 	2926
f 2876 	2926 	2925
f 2877 	2830 	2878
f 2877 	2878 	2926
f 2878 	2879 	2879
f 2879 	2881 	2881
f 2881 	2882 	2882
f 2882 	2883 	2883
f 2883 	2884 	2884
f 2884 	2885 	2885
f 2885 	2886 	2886
f 2886 	2887 	2887
f 2887 	2888 	2888
f 2888 	2889 	2889
f 2889 	2890 	2890
f 2890 	2891 	2891
f 2891 	2892 	2892
f 2892 	2893 	2893
f 2893 	2894 	2894
f 2894 	2895 	2895
f 2895 	2896 	2896
f 2896 	2897 	2897
f 2897 	2898 	2898
f 2898 	2899 	2899
f 2899 	2900 	2900
f 2900 	2901 	2901
f 2901 	2902 	2902
f 2902 	2903 	2903
f 2903 	2904 	2904
f 2904 	2905 	2905
f 2905 	2906 	2906
f 2906 	2907 	2907
f 2907 	2908 	2908
f 2908 	2909 	2909
f 2909 	2910 	2910
f 2910 	2911 	2911
f 2911 	2912 	2912
f 2912 	2913 	2913
f 2913 	2914 	2914
f 2914 	2915 	2915
f 2915 	2916 	2916
f 2916 	2917 	2917
f 2917 	2918 	2918
f 2918 	2919 	2919
f 2919 	2920 	2920
f 2920 	2921 	2921
f 2921 	2922 	2922
f 2922 	2923 	2923
f 2923 	2924 	2924
f 2924 	2925 	2925
f 2925 	2926 	2926
f 2926 	2878 	2878
# 288 faces

 #end of obj_40

o obj_41
v -6.255 		-2.0885 		15.8567
v 1.5292 		-1.9201 		15.3567
v 1.5326 		-1.947 		15.361
v 1.536 		-1.9734 		15.3737
v 1.5392 		-1.999 		15.3947
v 1.5423 		-2.0231 		15.4237
v 1.5451 		-2.0455 		15.46
v 1.5477 		-2.0658 		15.5031
v 1.55 		-2.0836 		15.5523
v 1.5519 		-2.0986 		15.6067
v 1.5534 		-2.1105 		15.6653
v 1.5545 		-2.1191 		15.7273
v 1.5552 		-2.1244 		15.7914
v 1.5554 		-2.1262 		15.8567
v 1.5552 		-2.1244 		15.9219
v 1.5545 		-2.1191 		15.9861
v 1.5534 		-2.1105 		16.048
v 1.5519 		-2.0986 		16.1067
v 1.55 		-2.0836 		16.1611
v 1.5477 		-2.0658 		16.2102
v 1.5451 		-2.0455 		16.2534
v 1.5423 		-2.0231 		16.2897
v 1.5392 		-1.999 		16.3186
v 1.536 		-1.9734 		16.3396
v 1.5326 		-1.947 		16.3524
v 1.5292 		-1.9201 		16.3567
v 1.5258 		-1.8932 		16.3524
v 1.5224 		-1.8668 		16.3396
v 1.5192 		-1.8413 		16.3186
v 1.5161 		-1.8171 		16.2897
v 1.5133 		-1.7947 		16.2534
v 1.5107 		-1.7744 		16.2102
v 1.5085 		-1.7566 		16.1611
v 1.5065 		-1.7417 		16.1067
v 1.505 		-1.7298 		16.048
v 1.5039 		-1.7211 		15.9861
v 1.5033 		-1.7158 		15.9219
v 1.503 		-1.7141 		15.8567
v 1.5033 		-1.7158 		15.7914
v 1.5039 		-1.7211 		15.7273
v 1.505 		-1.7298 		15.6653
v 1.5065 		-1.7417 		15.6067
v 1.5085 		-1.7566 		15.5523
v 1.5107 		-1.7744 		15.5031
v 1.5133 		-1.7947 		15.46
v 1.5161 		-1.8171 		15.4237
v 1.5192 		-1.8413 		15.3947
v 1.5224 		-1.8668 		15.3737
v 1.5258 		-1.8932 		15.361
v 1.5292 		-1.9201 		15.8567
# 50 vertices

g group_41_16768282

usemtl color_16768282
s 0

f 2928 	2929 	2927
f 2929 	2930 	2927
f 2930 	2931 	2927
f 2931 	2932 	2927
f 2932 	2933 	2927
f 2933 	2934 	2927
f 2934 	2935 	2927
f 2935 	2936 	2927
f 2936 	2937 	2927
f 2937 	2938 	2927
f 2938 	2939 	2927
f 2939 	2940 	2927
f 2940 	2941 	2927
f 2941 	2942 	2927
f 2942 	2943 	2927
f 2943 	2944 	2927
f 2944 	2945 	2927
f 2945 	2946 	2927
f 2946 	2947 	2927
f 2947 	2948 	2927
f 2948 	2949 	2927
f 2949 	2950 	2927
f 2950 	2951 	2927
f 2951 	2952 	2927
f 2952 	2953 	2927
f 2953 	2954 	2927
f 2954 	2955 	2927
f 2955 	2956 	2927
f 2956 	2957 	2927
f 2957 	2958 	2927
f 2958 	2959 	2927
f 2959 	2960 	2927
f 2960 	2961 	2927
f 2961 	2962 	2927
f 2962 	2963 	2927
f 2963 	2964 	2927
f 2964 	2965 	2927
f 2965 	2966 	2927
f 2966 	2967 	2927
f 2967 	2968 	2927
f 2968 	2969 	2927
f 2969 	2970 	2927
f 2970 	2971 	2927
f 2971 	2972 	2927
f 2972 	2973 	2927
f 2973 	2974 	2927
f 2974 	2975 	2927
f 2975 	2928 	2927
f 2929 	2928 	2976
f 2930 	2929 	2976
f 2931 	2930 	2976
f 2932 	2931 	2976
f 2933 	2932 	2976
f 2934 	2933 	2976
f 2935 	2934 	2976
f 2936 	2935 	2976
f 2937 	2936 	2976
f 2938 	2937 	2976
f 2939 	2938 	2976
f 2940 	2939 	2976
f 2941 	2940 	2976
f 2942 	2941 	2976
f 2943 	2942 	2976
f 2944 	2943 	2976
f 2945 	2944 	2976
f 2946 	2945 	2976
f 2947 	2946 	2976
f 2948 	2947 	2976
f 2949 	2948 	2976
f 2950 	2949 	2976
f 2951 	2950 	2976
f 2952 	2951 	2976
f 2953 	2952 	2976
f 2954 	2953 	2976
f 2955 	2954 	2976
f 2956 	2955 	2976
f 2957 	2956 	2976
f 2958 	2957 	2976
f 2959 	2958 	2976
f 2960 	2959 	2976
f 2961 	2960 	2976
f 2962 	2961 	2976
f 2963 	2962 	2976
f 2964 	2963 	2976
f 2965 	2964 	2976
f 2966 	2965 	2976
f 2967 	2966 	2976
f 2968 	2967 	2976
f 2969 	2968 	2976
f 2970 	2969 	2976
f 2971 	2970 	2976
f 2972 	2971 	2976
f 2973 	2972 	2976
f 2974 	2973 	2976
f 2975 	2974 	2976
f 2928 	2975 	2976
# 96 faces

 #end of obj_41

o obj_42
v 7.6771 		-2.3588 		15.361
v 7.6737 		-2.3319 		15.3567
v 7.6737 		-2.3319 		15.8567
v 7.6804 		-2.3852 		15.3737
v 7.6837 		-2.4107 		15.3947
v 7.6867 		-2.4349 		15.4237
v 7.6896 		-2.4573 		15.46
v 7.6922 		-2.4776 		15.5031
v 7.6944 		-2.4953 		15.5523
v 7.6963 		-2.5103 		15.6067
v 7.6978 		-2.5222 		15.6653
v 7.6989 		-2.5309 		15.7273
v 7.6996 		-2.5362 		15.7914
v 7.6998 		-2.5379 		15.8567
v 7.6996 		-2.5362 		15.9219
v 7.6989 		-2.5309 		15.9861
v 7.6978 		-2.5222 		16.048
v 7.6963 		-2.5103 		16.1067
v 7.6944 		-2.4953 		16.1611
v 7.6922 		-2.4776 		16.2102
v 7.6896 		-2.4573 		16.2534
v 7.6867 		-2.4349 		16.2897
v 7.6837 		-2.4107 		16.3186
v 7.6804 		-2.3852 		16.3396
v 7.6771 		-2.3588 		16.3524
v 7.6737 		-2.3319 		16.3567
v 7.6702 		-2.305 		16.3524
v 7.6669 		-2.2785 		16.3396
v 7.6636 		-2.253 		16.3186
v 7.6606 		-2.2288 		16.2897
v 7.6577 		-2.2064 		16.2534
v 7.6552 		-2.1862 		16.2102
v 7.6529 		-2.1684 		16.1611
v 7.651 		-2.1534 		16.1067
v 7.6495 		-2.1415 		16.048
v 7.6484 		-2.1328 		15.9861
v 7.6477 		-2.1276 		15.9219
v 7.6475 		-2.1258 		15.8567
v 7.6477 		-2.1276 		15.7914
v 7.6484 		-2.1328 		15.7273
v 7.6495 		-2.1415 		15.6653
v 7.651 		-2.1534 		15.6067
v 7.6529 		-2.1684 		15.5523
v 7.6552 		-2.1862 		15.5031
v 7.6577 		-2.2064 		15.46
v 7.6606 		-2.2288 		15.4237
v 7.6636 		-2.253 		15.3947
v 7.6669 		-2.2785 		15.3737
v 7.6702 		-2.305 		15.361
v -0.5202 		-2.5091 		15.3567
v -0.5168 		-2.536 		15.361
v -0.5202 		-2.5091 		15.8567
v -0.5134 		-2.5624 		15.3737
v -0.5102 		-2.5879 		15.3947
v -0.5071 		-2.6121 		15.4237
v -0.5043 		-2.6345 		15.46
v -0.5017 		-2.6548 		15.5031
v -0.4995 		-2.6725 		15.5523
v -0.4976 		-2.6875 		15.6067
v -0.496 		-2.6994 		15.6653
v -0.4949 		-2.7081 		15.7273
v -0.4943 		-2.7134 		15.7914
v -0.4941 		-2.7151 		15.8567
v -0.4943 		-2.7134 		15.9219
v -0.4949 		-2.7081 		15.9861
v -0.496 		-2.6994 		16.048
v -0.4976 		-2.6875 		16.1067
v -0.4995 		-2.6725 		16.1611
v -0.5017 		-2.6548 		16.2102
v -0.5043 		-2.6345 		16.2534
v -0.5071 		-2.6121 		16.2897
v -0.5102 		-2.5879 		16.3186
v -0.5134 		-2.5624 		16.3396
v -0.5168 		-2.536 		16.3524
v -0.5202 		-2.5091 		16.3567
v -0.5236 		-2.4822 		16.3524
v -0.527 		-2.4557 		16.3396
v -0.5302 		-2.4302 		16.3186
v -0.5333 		-2.4061 		16.2897
v -0.5362 		-2.3836 		16.2534
v -0.5387 		-2.3634 		16.2102
v -0.541 		-2.3456 		16.1611
v -0.5429 		-2.3306 		16.1067
v -0.5444 		-2.3187 		16.048
v -0.5455 		-2.31 		15.9861
v -0.5462 		-2.3048 		15.9219
v -0.5464 		-2.303 		15.8567
v -0.5462 		-2.3048 		15.7914
v -0.5455 		-2.31 		15.7273
v -0.5444 		-2.3187 		15.6653
v -0.5429 		-2.3306 		15.6067
v -0.541 		-2.3456 		15.5523
v -0.5387 		-2.3634 		15.5031
v -0.5362 		-2.3836 		15.46
v -0.5333 		-2.4061 		15.4237
v -0.5302 		-2.4302 		15.3947
v -0.527 		-2.4557 		15.3737
v -0.5236 		-2.4822 		15.361
# 98 vertices

g group_42_16768282

usemtl color_16768282
s 0

f 2977 	2978 	2979
f 2980 	2977 	2979
f 2981 	2980 	2979
f 2982 	2981 	2979
f 2983 	2982 	2979
f 2984 	2983 	2979
f 2985 	2984 	2979
f 2986 	2985 	2979
f 2987 	2986 	2979
f 2988 	2987 	2979
f 2989 	2988 	2979
f 2990 	2989 	2979
f 2991 	2990 	2979
f 2992 	2991 	2979
f 2993 	2992 	2979
f 2994 	2993 	2979
f 2995 	2994 	2979
f 2996 	2995 	2979
f 2997 	2996 	2979
f 2998 	2997 	2979
f 2999 	2998 	2979
f 3000 	2999 	2979
f 3001 	3000 	2979
f 3002 	3001 	2979
f 3003 	3002 	2979
f 3004 	3003 	2979
f 3005 	3004 	2979
f 3006 	3005 	2979
f 3007 	3006 	2979
f 3008 	3007 	2979
f 3009 	3008 	2979
f 3010 	3009 	2979
f 3011 	3010 	2979
f 3012 	3011 	2979
f 3013 	3012 	2979
f 3014 	3013 	2979
f 3015 	3014 	2979
f 3016 	3015 	2979
f 3017 	3016 	2979
f 3018 	3017 	2979
f 3019 	3018 	2979
f 3020 	3019 	2979
f 3021 	3020 	2979
f 3022 	3021 	2979
f 3023 	3022 	2979
f 3024 	3023 	2979
f 3025 	3024 	2979
f 2978 	3025 	2979
f 3026 	3027 	3028
f 3027 	3029 	3028
f 3029 	3030 	3028
f 3030 	3031 	3028
f 3031 	3032 	3028
f 3032 	3033 	3028
f 3033 	3034 	3028
f 3034 	3035 	3028
f 3035 	3036 	3028
f 3036 	3037 	3028
f 3037 	3038 	3028
f 3038 	3039 	3028
f 3039 	3040 	3028
f 3040 	3041 	3028
f 3041 	3042 	3028
f 3042 	3043 	3028
f 3043 	3044 	3028
f 3044 	3045 	3028
f 3045 	3046 	3028
f 3046 	3047 	3028
f 3047 	3048 	3028
f 3048 	3049 	3028
f 3049 	3050 	3028
f 3050 	3051 	3028
f 3051 	3052 	3028
f 3052 	3053 	3028
f 3053 	3054 	3028
f 3054 	3055 	3028
f 3055 	3056 	3028
f 3056 	3057 	3028
f 3057 	3058 	3028
f 3058 	3059 	3028
f 3059 	3060 	3028
f 3060 	3061 	3028
f 3061 	3062 	3028
f 3062 	3063 	3028
f 3063 	3064 	3028
f 3064 	3065 	3028
f 3065 	3066 	3028
f 3066 	3067 	3028
f 3067 	3068 	3028
f 3068 	3069 	3028
f 3069 	3070 	3028
f 3070 	3071 	3028
f 3071 	3072 	3028
f 3072 	3073 	3028
f 3073 	3074 	3028
f 3074 	3026 	3028
f 2978 	2977 	2977
f 2977 	2980 	2980
f 2980 	2981 	2981
f 2981 	2982 	2982
f 2982 	2983 	2983
f 2983 	2984 	2984
f 2984 	2985 	2985
f 2985 	2986 	2986
f 2986 	2987 	2987
f 2987 	2988 	2988
f 2988 	2989 	2989
f 2989 	2990 	2990
f 2990 	2991 	2991
f 2991 	2992 	2992
f 2992 	2993 	2993
f 2993 	2994 	2994
f 2994 	2995 	2995
f 2995 	2996 	2996
f 2996 	2997 	2997
f 2997 	2998 	2998
f 2998 	2999 	2999
f 2999 	3000 	3000
f 3000 	3001 	3001
f 3001 	3002 	3002
f 3002 	3003 	3003
f 3003 	3004 	3004
f 3004 	3005 	3005
f 3005 	3006 	3006
f 3006 	3007 	3007
f 3007 	3008 	3008
f 3008 	3009 	3009
f 3009 	3010 	3010
f 3010 	3011 	3011
f 3011 	3012 	3012
f 3012 	3013 	3013
f 3013 	3014 	3014
f 3014 	3015 	3015
f 3015 	3016 	3016
f 3016 	3017 	3017
f 3017 	3018 	3018
f 3018 	3019 	3019
f 3019 	3020 	3020
f 3020 	3021 	3021
f 3021 	3022 	3022
f 3022 	3023 	3023
f 3023 	3024 	3024
f 3024 	3025 	3025
f 3025 	2978 	2978
f 2978 	2977 	3027
f 2978 	3027 	3026
f 2977 	2980 	3029
f 2977 	3029 	3027
f 2980 	2981 	3030
f 2980 	3030 	3029
f 2981 	2982 	3031
f 2981 	3031 	3030
f 2982 	2983 	3032
f 2982 	3032 	3031
f 2983 	2984 	3033
f 2983 	3033 	3032
f 2984 	2985 	3034
f 2984 	3034 	3033
f 2985 	2986 	3035
f 2985 	3035 	3034
f 2986 	2987 	3036
f 2986 	3036 	3035
f 2987 	2988 	3037
f 2987 	3037 	3036
f 2988 	2989 	3038
f 2988 	3038 	3037
f 2989 	2990 	3039
f 2989 	3039 	3038
f 2990 	2991 	3040
f 2990 	3040 	3039
f 2991 	2992 	3041
f 2991 	3041 	3040
f 2992 	2993 	3042
f 2992 	3042 	3041
f 2993 	2994 	3043
f 2993 	3043 	3042
f 2994 	2995 	3044
f 2994 	3044 	3043
f 2995 	2996 	3045
f 2995 	3045 	3044
f 2996 	2997 	3046
f 2996 	3046 	3045
f 2997 	2998 	3047
f 2997 	3047 	3046
f 2998 	2999 	3048
f 2998 	3048 	3047
f 2999 	3000 	3049
f 2999 	3049 	3048
f 3000 	3001 	3050
f 3000 	3050 	3049
f 3001 	3002 	3051
f 3001 	3051 	3050
f 3002 	3003 	3052
f 3002 	3052 	3051
f 3003 	3004 	3053
f 3003 	3053 	3052
f 3004 	3005 	3054
f 3004 	3054 	3053
f 3005 	3006 	3055
f 3005 	3055 	3054
f 3006 	3007 	3056
f 3006 	3056 	3055
f 3007 	3008 	3057
f 3007 	3057 	3056
f 3008 	3009 	3058
f 3008 	3058 	3057
f 3009 	3010 	3059
f 3009 	3059 	3058
f 3010 	3011 	3060
f 3010 	3060 	3059
f 3011 	3012 	3061
f 3011 	3061 	3060
f 3012 	3013 	3062
f 3012 	3062 	3061
f 3013 	3014 	3063
f 3013 	3063 	3062
f 3014 	3015 	3064
f 3014 	3064 	3063
f 3015 	3016 	3065
f 3015 	3065 	3064
f 3016 	3017 	3066
f 3016 	3066 	3065
f 3017 	3018 	3067
f 3017 	3067 	3066
f 3018 	3019 	3068
f 3018 	3068 	3067
f 3019 	3020 	3069
f 3019 	3069 	3068
f 3020 	3021 	3070
f 3020 	3070 	3069
f 3021 	3022 	3071
f 3021 	3071 	3070
f 3022 	3023 	3072
f 3022 	3072 	3071
f 3023 	3024 	3073
f 3023 	3073 	3072
f 3024 	3025 	3074
f 3024 	3074 	3073
f 3025 	2978 	3026
f 3025 	3026 	3074
f 3026 	3027 	3027
f 3027 	3029 	3029
f 3029 	3030 	3030
f 3030 	3031 	3031
f 3031 	3032 	3032
f 3032 	3033 	3033
f 3033 	3034 	3034
f 3034 	3035 	3035
f 3035 	3036 	3036
f 3036 	3037 	3037
f 3037 	3038 	3038
f 3038 	3039 	3039
f 3039 	3040 	3040
f 3040 	3041 	3041
f 3041 	3042 	3042
f 3042 	3043 	3043
f 3043 	3044 	3044
f 3044 	3045 	3045
f 3045 	3046 	3046
f 3046 	3047 	3047
f 3047 	3048 	3048
f 3048 	3049 	3049
f 3049 	3050 	3050
f 3050 	3051 	3051
f 3051 	3052 	3052
f 3052 	3053 	3053
f 3053 	3054 	3054
f 3054 	3055 	3055
f 3055 	3056 	3056
f 3056 	3057 	3057
f 3057 	3058 	3058
f 3058 	3059 	3059
f 3059 	3060 	3060
f 3060 	3061 	3061
f 3061 	3062 	3062
f 3062 	3063 	3063
f 3063 	3064 	3064
f 3064 	3065 	3065
f 3065 	3066 	3066
f 3066 	3067 	3067
f 3067 	3068 	3068
f 3068 	3069 	3069
f 3069 	3070 	3070
f 3070 	3071 	3071
f 3071 	3072 	3072
f 3072 	3073 	3073
f 3073 	3074 	3074
f 3074 	3026 	3026
# 288 faces

 #end of obj_42

o obj_43
v -8.3044 		-2.6774 		15.8567
v -0.5202 		-2.5091 		15.3567
v -0.5168 		-2.536 		15.361
v -0.5134 		-2.5624 		15.3737
v -0.5102 		-2.5879 		15.3947
v -0.5071 		-2.6121 		15.4237
v -0.5043 		-2.6345 		15.46
v -0.5017 		-2.6548 		15.5031
v -0.4995 		-2.6725 		15.5523
v -0.4976 		-2.6875 		15.6067
v -0.496 		-2.6994 		15.6653
v -0.4949 		-2.7081 		15.7273
v -0.4943 		-2.7134 		15.7914
v -0.4941 		-2.7151 		15.8567
v -0.4943 		-2.7134 		15.9219
v -0.4949 		-2.7081 		15.9861
v -0.496 		-2.6994 		16.048
v -0.4976 		-2.6875 		16.1067
v -0.4995 		-2.6725 		16.1611
v -0.5017 		-2.6548 		16.2102
v -0.5043 		-2.6345 		16.2534
v -0.5071 		-2.6121 		16.2897
v -0.5102 		-2.5879 		16.3186
v -0.5134 		-2.5624 		16.3396
v -0.5168 		-2.536 		16.3524
v -0.5202 		-2.5091 		16.3567
v -0.5236 		-2.4822 		16.3524
v -0.527 		-2.4557 		16.3396
v -0.5302 		-2.4302 		16.3186
v -0.5333 		-2.4061 		16.2897
v -0.5362 		-2.3836 		16.2534
v -0.5387 		-2.3634 		16.2102
v -0.541 		-2.3456 		16.1611
v -0.5429 		-2.3306 		16.1067
v -0.5444 		-2.3187 		16.048
v -0.5455 		-2.31 		15.9861
v -0.5462 		-2.3048 		15.9219
v -0.5464 		-2.303 		15.8567
v -0.5462 		-2.3048 		15.7914
v -0.5455 		-2.31 		15.7273
v -0.5444 		-2.3187 		15.6653
v -0.5429 		-2.3306 		15.6067
v -0.541 		-2.3456 		15.5523
v -0.5387 		-2.3634 		15.5031
v -0.5362 		-2.3836 		15.46
v -0.5333 		-2.4061 		15.4237
v -0.5302 		-2.4302 		15.3947
v -0.527 		-2.4557 		15.3737
v -0.5236 		-2.4822 		15.361
v -0.5202 		-2.5091 		15.8567
# 50 vertices

g group_43_16768282

usemtl color_16768282
s 0

f 3076 	3077 	3075
f 3077 	3078 	3075
f 3078 	3079 	3075
f 3079 	3080 	3075
f 3080 	3081 	3075
f 3081 	3082 	3075
f 3082 	3083 	3075
f 3083 	3084 	3075
f 3084 	3085 	3075
f 3085 	3086 	3075
f 3086 	3087 	3075
f 3087 	3088 	3075
f 3088 	3089 	3075
f 3089 	3090 	3075
f 3090 	3091 	3075
f 3091 	3092 	3075
f 3092 	3093 	3075
f 3093 	3094 	3075
f 3094 	3095 	3075
f 3095 	3096 	3075
f 3096 	3097 	3075
f 3097 	3098 	3075
f 3098 	3099 	3075
f 3099 	3100 	3075
f 3100 	3101 	3075
f 3101 	3102 	3075
f 3102 	3103 	3075
f 3103 	3104 	3075
f 3104 	3105 	3075
f 3105 	3106 	3075
f 3106 	3107 	3075
f 3107 	3108 	3075
f 3108 	3109 	3075
f 3109 	3110 	3075
f 3110 	3111 	3075
f 3111 	3112 	3075
f 3112 	3113 	3075
f 3113 	3114 	3075
f 3114 	3115 	3075
f 3115 	3116 	3075
f 3116 	3117 	3075
f 3117 	3118 	3075
f 3118 	3119 	3075
f 3119 	3120 	3075
f 3120 	3121 	3075
f 3121 	3122 	3075
f 3122 	3123 	3075
f 3123 	3076 	3075
f 3077 	3076 	3124
f 3078 	3077 	3124
f 3079 	3078 	3124
f 3080 	3079 	3124
f 3081 	3080 	3124
f 3082 	3081 	3124
f 3083 	3082 	3124
f 3084 	3083 	3124
f 3085 	3084 	3124
f 3086 	3085 	3124
f 3087 	3086 	3124
f 3088 	3087 	3124
f 3089 	3088 	3124
f 3090 	3089 	3124
f 3091 	3090 	3124
f 3092 	3091 	3124
f 3093 	3092 	3124
f 3094 	3093 	3124
f 3095 	3094 	3124
f 3096 	3095 	3124
f 3097 	3096 	3124
f 3098 	3097 	3124
f 3099 	3098 	3124
f 3100 	3099 	3124
f 3101 	3100 	3124
f 3102 	3101 	3124
f 3103 	3102 	3124
f 3104 	3103 	3124
f 3105 	3104 	3124
f 3106 	3105 	3124
f 3107 	3106 	3124
f 3108 	3107 	3124
f 3109 	3108 	3124
f 3110 	3109 	3124
f 3111 	3110 	3124
f 3112 	3111 	3124
f 3113 	3112 	3124
f 3114 	3113 	3124
f 3115 	3114 	3124
f 3116 	3115 	3124
f 3117 	3116 	3124
f 3118 	3117 	3124
f 3119 	3118 	3124
f 3120 	3119 	3124
f 3121 	3120 	3124
f 3122 	3121 	3124
f 3123 	3122 	3124
f 3076 	3123 	3124
# 96 faces

 #end of obj_43

o obj_44
v 9.9065 		-3.1871 		15.361
v 9.9031 		-3.1602 		15.3567
v 9.9031 		-3.1602 		15.8567
v 9.9099 		-3.2136 		15.3737
v 9.9131 		-3.2391 		15.3947
v 9.9162 		-3.2633 		15.4237
v 9.919 		-3.2857 		15.46
v 9.9216 		-3.3059 		15.5031
v 9.9239 		-3.3237 		15.5523
v 9.9258 		-3.3387 		15.6067
v 9.9273 		-3.3506 		15.6653
v 9.9284 		-3.3593 		15.7273
v 9.929 		-3.3645 		15.7914
v 9.9293 		-3.3663 		15.8567
v 9.929 		-3.3645 		15.9219
v 9.9284 		-3.3593 		15.9861
v 9.9273 		-3.3506 		16.048
v 9.9258 		-3.3387 		16.1067
v 9.9239 		-3.3237 		16.1611
v 9.9216 		-3.3059 		16.2102
v 9.919 		-3.2857 		16.2534
v 9.9162 		-3.2633 		16.2897
v 9.9131 		-3.2391 		16.3186
v 9.9099 		-3.2136 		16.3396
v 9.9065 		-3.1871 		16.3524
v 9.9031 		-3.1602 		16.3567
v 9.8997 		-3.1333 		16.3524
v 9.8963 		-3.1069 		16.3396
v 9.8931 		-3.0814 		16.3186
v 9.89 		-3.0572 		16.2897
v 9.8872 		-3.0348 		16.2534
v 9.8846 		-3.0145 		16.2102
v 9.8823 		-2.9968 		16.1611
v 9.8804 		-2.9818 		16.1067
v 9.8789 		-2.9699 		16.048
v 9.8778 		-2.9612 		15.9861
v 9.8772 		-2.956 		15.9219
v 9.8769 		-2.9542 		15.8567
v 9.8772 		-2.956 		15.7914
v 9.8778 		-2.9612 		15.7273
v 9.8789 		-2.9699 		15.6653
v 9.8804 		-2.9818 		15.6067
v 9.8823 		-2.9968 		15.5523
v 9.8846 		-3.0145 		15.5031
v 9.8872 		-3.0348 		15.46
v 9.89 		-3.0572 		15.4237
v 9.8931 		-3.0814 		15.3947
v 9.8963 		-3.1069 		15.3737
v 9.8997 		-3.1333 		15.361
v 1.7092 		-3.3374 		15.3567
v 1.7126 		-3.3643 		15.361
v 1.7092 		-3.3374 		15.8567
v 1.716 		-3.3908 		15.3737
v 1.7192 		-3.4163 		15.3947
v 1.7223 		-3.4405 		15.4237
v 1.7251 		-3.4629 		15.46
v 1.7277 		-3.4831 		15.5031
v 1.73 		-3.5009 		15.5523
v 1.7319 		-3.5159 		15.6067
v 1.7334 		-3.5278 		15.6653
v 1.7345 		-3.5365 		15.7273
v 1.7352 		-3.5417 		15.7914
v 1.7354 		-3.5435 		15.8567
v 1.7352 		-3.5417 		15.9219
v 1.7345 		-3.5365 		15.9861
v 1.7334 		-3.5278 		16.048
v 1.7319 		-3.5159 		16.1067
v 1.73 		-3.5009 		16.1611
v 1.7277 		-3.4831 		16.2102
v 1.7251 		-3.4629 		16.2534
v 1.7223 		-3.4405 		16.2897
v 1.7192 		-3.4163 		16.3186
v 1.716 		-3.3908 		16.3396
v 1.7126 		-3.3643 		16.3524
v 1.7092 		-3.3374 		16.3567
v 1.7058 		-3.3105 		16.3524
v 1.7024 		-3.2841 		16.3396
v 1.6992 		-3.2586 		16.3186
v 1.6961 		-3.2344 		16.2897
v 1.6933 		-3.212 		16.2534
v 1.6907 		-3.1917 		16.2102
v 1.6885 		-3.174 		16.1611
v 1.6866 		-3.159 		16.1067
v 1.685 		-3.1471 		16.048
v 1.6839 		-3.1384 		15.9861
v 1.6833 		-3.1332 		15.9219
v 1.683 		-3.1314 		15.8567
v 1.6833 		-3.1332 		15.7914
v 1.6839 		-3.1384 		15.7273
v 1.685 		-3.1471 		15.6653
v 1.6866 		-3.159 		15.6067
v 1.6885 		-3.174 		15.5523
v 1.6907 		-3.1917 		15.5031
v 1.6933 		-3.212 		15.46
v 1.6961 		-3.2344 		15.4237
v 1.6992 		-3.2586 		15.3947
v 1.7024 		-3.2841 		15.3737
v 1.7058 		-3.3105 		15.361
# 98 vertices

g group_44_16768282

usemtl color_16768282
s 0

f 3125 	3126 	3127
f 3128 	3125 	3127
f 3129 	3128 	3127
f 3130 	3129 	3127
f 3131 	3130 	3127
f 3132 	3131 	3127
f 3133 	3132 	3127
f 3134 	3133 	3127
f 3135 	3134 	3127
f 3136 	3135 	3127
f 3137 	3136 	3127
f 3138 	3137 	3127
f 3139 	3138 	3127
f 3140 	3139 	3127
f 3141 	3140 	3127
f 3142 	3141 	3127
f 3143 	3142 	3127
f 3144 	3143 	3127
f 3145 	3144 	3127
f 3146 	3145 	3127
f 3147 	3146 	3127
f 3148 	3147 	3127
f 3149 	3148 	3127
f 3150 	3149 	3127
f 3151 	3150 	3127
f 3152 	3151 	3127
f 3153 	3152 	3127
f 3154 	3153 	3127
f 3155 	3154 	3127
f 3156 	3155 	3127
f 3157 	3156 	3127
f 3158 	3157 	3127
f 3159 	3158 	3127
f 3160 	3159 	3127
f 3161 	3160 	3127
f 3162 	3161 	3127
f 3163 	3162 	3127
f 3164 	3163 	3127
f 3165 	3164 	3127
f 3166 	3165 	3127
f 3167 	3166 	3127
f 3168 	3167 	3127
f 3169 	3168 	3127
f 3170 	3169 	3127
f 3171 	3170 	3127
f 3172 	3171 	3127
f 3173 	3172 	3127
f 3126 	3173 	3127
f 3174 	3175 	3176
f 3175 	3177 	3176
f 3177 	3178 	3176
f 3178 	3179 	3176
f 3179 	3180 	3176
f 3180 	3181 	3176
f 3181 	3182 	3176
f 3182 	3183 	3176
f 3183 	3184 	3176
f 3184 	3185 	3176
f 3185 	3186 	3176
f 3186 	3187 	3176
f 3187 	3188 	3176
f 3188 	3189 	3176
f 3189 	3190 	3176
f 3190 	3191 	3176
f 3191 	3192 	3176
f 3192 	3193 	3176
f 3193 	3194 	3176
f 3194 	3195 	3176
f 3195 	3196 	3176
f 3196 	3197 	3176
f 3197 	3198 	3176
f 3198 	3199 	3176
f 3199 	3200 	3176
f 3200 	3201 	3176
f 3201 	3202 	3176
f 3202 	3203 	3176
f 3203 	3204 	3176
f 3204 	3205 	3176
f 3205 	3206 	3176
f 3206 	3207 	3176
f 3207 	3208 	3176
f 3208 	3209 	3176
f 3209 	3210 	3176
f 3210 	3211 	3176
f 3211 	3212 	3176
f 3212 	3213 	3176
f 3213 	3214 	3176
f 3214 	3215 	3176
f 3215 	3216 	3176
f 3216 	3217 	3176
f 3217 	3218 	3176
f 3218 	3219 	3176
f 3219 	3220 	3176
f 3220 	3221 	3176
f 3221 	3222 	3176
f 3222 	3174 	3176
f 3126 	3125 	3125
f 3125 	3128 	3128
f 3128 	3129 	3129
f 3129 	3130 	3130
f 3130 	3131 	3131
f 3131 	3132 	3132
f 3132 	3133 	3133
f 3133 	3134 	3134
f 3134 	3135 	3135
f 3135 	3136 	3136
f 3136 	3137 	3137
f 3137 	3138 	3138
f 3138 	3139 	3139
f 3139 	3140 	3140
f 3140 	3141 	3141
f 3141 	3142 	3142
f 3142 	3143 	3143
f 3143 	3144 	3144
f 3144 	3145 	3145
f 3145 	3146 	3146
f 3146 	3147 	3147
f 3147 	3148 	3148
f 3148 	3149 	3149
f 3149 	3150 	3150
f 3150 	3151 	3151
f 3151 	3152 	3152
f 3152 	3153 	3153
f 3153 	3154 	3154
f 3154 	3155 	3155
f 3155 	3156 	3156
f 3156 	3157 	3157
f 3157 	3158 	3158
f 3158 	3159 	3159
f 3159 	3160 	3160
f 3160 	3161 	3161
f 3161 	3162 	3162
f 3162 	3163 	3163
f 3163 	3164 	3164
f 3164 	3165 	3165
f 3165 	3166 	3166
f 3166 	3167 	3167
f 3167 	3168 	3168
f 3168 	3169 	3169
f 3169 	3170 	3170
f 3170 	3171 	3171
f 3171 	3172 	3172
f 3172 	3173 	3173
f 3173 	3126 	3126
f 3126 	3125 	3175
f 3126 	3175 	3174
f 3125 	3128 	3177
f 3125 	3177 	3175
f 3128 	3129 	3178
f 3128 	3178 	3177
f 3129 	3130 	3179
f 3129 	3179 	3178
f 3130 	3131 	3180
f 3130 	3180 	3179
f 3131 	3132 	3181
f 3131 	3181 	3180
f 3132 	3133 	3182
f 3132 	3182 	3181
f 3133 	3134 	3183
f 3133 	3183 	3182
f 3134 	3135 	3184
f 3134 	3184 	3183
f 3135 	3136 	3185
f 3135 	3185 	3184
f 3136 	3137 	3186
f 3136 	3186 	3185
f 3137 	3138 	3187
f 3137 	3187 	3186
f 3138 	3139 	3188
f 3138 	3188 	3187
f 3139 	3140 	3189
f 3139 	3189 	3188
f 3140 	3141 	3190
f 3140 	3190 	3189
f 3141 	3142 	3191
f 3141 	3191 	3190
f 3142 	3143 	3192
f 3142 	3192 	3191
f 3143 	3144 	3193
f 3143 	3193 	3192
f 3144 	3145 	3194
f 3144 	3194 	3193
f 3145 	3146 	3195
f 3145 	3195 	3194
f 3146 	3147 	3196
f 3146 	3196 	3195
f 3147 	3148 	3197
f 3147 	3197 	3196
f 3148 	3149 	3198
f 3148 	3198 	3197
f 3149 	3150 	3199
f 3149 	3199 	3198
f 3150 	3151 	3200
f 3150 	3200 	3199
f 3151 	3152 	3201
f 3151 	3201 	3200
f 3152 	3153 	3202
f 3152 	3202 	3201
f 3153 	3154 	3203
f 3153 	3203 	3202
f 3154 	3155 	3204
f 3154 	3204 	3203
f 3155 	3156 	3205
f 3155 	3205 	3204
f 3156 	3157 	3206
f 3156 	3206 	3205
f 3157 	3158 	3207
f 3157 	3207 	3206
f 3158 	3159 	3208
f 3158 	3208 	3207
f 3159 	3160 	3209
f 3159 	3209 	3208
f 3160 	3161 	3210
f 3160 	3210 	3209
f 3161 	3162 	3211
f 3161 	3211 	3210
f 3162 	3163 	3212
f 3162 	3212 	3211
f 3163 	3164 	3213
f 3163 	3213 	3212
f 3164 	3165 	3214
f 3164 	3214 	3213
f 3165 	3166 	3215
f 3165 	3215 	3214
f 3166 	3167 	3216
f 3166 	3216 	3215
f 3167 	3168 	3217
f 3167 	3217 	3216
f 3168 	3169 	3218
f 3168 	3218 	3217
f 3169 	3170 	3219
f 3169 	3219 	3218
f 3170 	3171 	3220
f 3170 	3220 	3219
f 3171 	3172 	3221
f 3171 	3221 	3220
f 3172 	3173 	3222
f 3172 	3222 	3221
f 3173 	3126 	3174
f 3173 	3174 	3222
f 3174 	3175 	3175
f 3175 	3177 	3177
f 3177 	3178 	3178
f 3178 	3179 	3179
f 3179 	3180 	3180
f 3180 	3181 	3181
f 3181 	3182 	3182
f 3182 	3183 	3183
f 3183 	3184 	3184
f 3184 	3185 	3185
f 3185 	3186 	3186
f 3186 	3187 	3187
f 3187 	3188 	3188
f 3188 	3189 	3189
f 3189 	3190 	3190
f 3190 	3191 	3191
f 3191 	3192 	3192
f 3192 	3193 	3193
f 3193 	3194 	3194
f 3194 	3195 	3195
f 3195 	3196 	3196
f 3196 	3197 	3197
f 3197 	3198 	3198
f 3198 	3199 	3199
f 3199 	3200 	3200
f 3200 	3201 	3201
f 3201 	3202 	3202
f 3202 	3203 	3203
f 3203 	3204 	3204
f 3204 	3205 	3205
f 3205 	3206 	3206
f 3206 	3207 	3207
f 3207 	3208 	3208
f 3208 	3209 	3209
f 3209 	3210 	3210
f 3210 	3211 	3211
f 3211 	3212 	3212
f 3212 	3213 	3213
f 3213 	3214 	3214
f 3214 	3215 	3215
f 3215 	3216 	3216
f 3216 	3217 	3217
f 3217 	3218 	3218
f 3218 	3219 	3219
f 3219 	3220 	3220
f 3220 	3221 	3221
f 3221 	3222 	3222
f 3222 	3174 	3174
# 288 faces

 #end of obj_44

o obj_45
v -6.075 		-3.5058 		15.8567
v 1.7092 		-3.3374 		15.3567
v 1.7126 		-3.3643 		15.361
v 1.716 		-3.3908 		15.3737
v 1.7192 		-3.4163 		15.3947
v 1.7223 		-3.4405 		15.4237
v 1.7251 		-3.4629 		15.46
v 1.7277 		-3.4831 		15.5031
v 1.73 		-3.5009 		15.5523
v 1.7319 		-3.5159 		15.6067
v 1.7334 		-3.5278 		15.6653
v 1.7345 		-3.5365 		15.7273
v 1.7352 		-3.5417 		15.7914
v 1.7354 		-3.5435 		15.8567
v 1.7352 		-3.5417 		15.9219
v 1.7345 		-3.5365 		15.9861
v 1.7334 		-3.5278 		16.048
v 1.7319 		-3.5159 		16.1067
v 1.73 		-3.5009 		16.1611
v 1.7277 		-3.4831 		16.2102
v 1.7251 		-3.4629 		16.2534
v 1.7223 		-3.4405 		16.2897
v 1.7192 		-3.4163 		16.3186
v 1.716 		-3.3908 		16.3396
v 1.7126 		-3.3643 		16.3524
v 1.7092 		-3.3374 		16.3567
v 1.7058 		-3.3105 		16.3524
v 1.7024 		-3.2841 		16.3396
v 1.6992 		-3.2586 		16.3186
v 1.6961 		-3.2344 		16.2897
v 1.6933 		-3.212 		16.2534
v 1.6907 		-3.1917 		16.2102
v 1.6885 		-3.174 		16.1611
v 1.6866 		-3.159 		16.1067
v 1.685 		-3.1471 		16.048
v 1.6839 		-3.1384 		15.9861
v 1.6833 		-3.1332 		15.9219
v 1.683 		-3.1314 		15.8567
v 1.6833 		-3.1332 		15.7914
v 1.6839 		-3.1384 		15.7273
v 1.685 		-3.1471 		15.6653
v 1.6866 		-3.159 		15.6067
v 1.6885 		-3.174 		15.5523
v 1.6907 		-3.1917 		15.5031
v 1.6933 		-3.212 		15.46
v 1.6961 		-3.2344 		15.4237
v 1.6992 		-3.2586 		15.3947
v 1.7024 		-3.2841 		15.3737
v 1.7058 		-3.3105 		15.361
v 1.7092 		-3.3374 		15.8567
# 50 vertices

g group_45_16768282

usemtl color_16768282
s 0

f 3224 	3225 	3223
f 3225 	3226 	3223
f 3226 	3227 	3223
f 3227 	3228 	3223
f 3228 	3229 	3223
f 3229 	3230 	3223
f 3230 	3231 	3223
f 3231 	3232 	3223
f 3232 	3233 	3223
f 3233 	3234 	3223
f 3234 	3235 	3223
f 3235 	3236 	3223
f 3236 	3237 	3223
f 3237 	3238 	3223
f 3238 	3239 	3223
f 3239 	3240 	3223
f 3240 	3241 	3223
f 3241 	3242 	3223
f 3242 	3243 	3223
f 3243 	3244 	3223
f 3244 	3245 	3223
f 3245 	3246 	3223
f 3246 	3247 	3223
f 3247 	3248 	3223
f 3248 	3249 	3223
f 3249 	3250 	3223
f 3250 	3251 	3223
f 3251 	3252 	3223
f 3252 	3253 	3223
f 3253 	3254 	3223
f 3254 	3255 	3223
f 3255 	3256 	3223
f 3256 	3257 	3223
f 3257 	3258 	3223
f 3258 	3259 	3223
f 3259 	3260 	3223
f 3260 	3261 	3223
f 3261 	3262 	3223
f 3262 	3263 	3223
f 3263 	3264 	3223
f 3264 	3265 	3223
f 3265 	3266 	3223
f 3266 	3267 	3223
f 3267 	3268 	3223
f 3268 	3269 	3223
f 3269 	3270 	3223
f 3270 	3271 	3223
f 3271 	3224 	3223
f 3225 	3224 	3272
f 3226 	3225 	3272
f 3227 	3226 	3272
f 3228 	3227 	3272
f 3229 	3228 	3272
f 3230 	3229 	3272
f 3231 	3230 	3272
f 3232 	3231 	3272
f 3233 	3232 	3272
f 3234 	3233 	3272
f 3235 	3234 	3272
f 3236 	3235 	3272
f 3237 	3236 	3272
f 3238 	3237 	3272
f 3239 	3238 	3272
f 3240 	3239 	3272
f 3241 	3240 	3272
f 3242 	3241 	3272
f 3243 	3242 	3272
f 3244 	3243 	3272
f 3245 	3244 	3272
f 3246 	3245 	3272
f 3247 	3246 	3272
f 3248 	3247 	3272
f 3249 	3248 	3272
f 3250 	3249 	3272
f 3251 	3250 	3272
f 3252 	3251 	3272
f 3253 	3252 	3272
f 3254 	3253 	3272
f 3255 	3254 	3272
f 3256 	3255 	3272
f 3257 	3256 	3272
f 3258 	3257 	3272
f 3259 	3258 	3272
f 3260 	3259 	3272
f 3261 	3260 	3272
f 3262 	3261 	3272
f 3263 	3262 	3272
f 3264 	3263 	3272
f 3265 	3264 	3272
f 3266 	3265 	3272
f 3267 	3266 	3272
f 3268 	3267 	3272
f 3269 	3268 	3272
f 3270 	3269 	3272
f 3271 	3270 	3272
f 3224 	3271 	3272
# 96 faces

 #end of obj_45

o obj_46
v 6.9571 		-0.1131 		15.361
v 6.9537 		-0.09 		15.3567
v 6.9537 		-0.09 		15.8567
v 6.9604 		-0.1358 		15.3737
v 6.9637 		-0.1577 		15.3947
v 6.9667 		-0.1785 		15.4237
v 6.9696 		-0.1977 		15.46
v 6.9722 		-0.2151 		15.5031
v 6.9744 		-0.2304 		15.5523
v 6.9763 		-0.2433 		15.6067
v 6.9778 		-0.2535 		15.6653
v 6.9789 		-0.2609 		15.7273
v 6.9796 		-0.2655 		15.7914
v 6.9798 		-0.267 		15.8567
v 6.9796 		-0.2655 		15.9219
v 6.9789 		-0.2609 		15.9861
v 6.9778 		-0.2535 		16.048
v 6.9763 		-0.2433 		16.1067
v 6.9744 		-0.2304 		16.1611
v 6.9722 		-0.2151 		16.2102
v 6.9696 		-0.1977 		16.2534
v 6.9667 		-0.1785 		16.2897
v 6.9637 		-0.1577 		16.3186
v 6.9604 		-0.1358 		16.3396
v 6.9571 		-0.1131 		16.3524
v 6.9537 		-0.09 		16.3567
v 6.9502 		-0.0669 		16.3524
v 6.9469 		-0.0442 		16.3396
v 6.9436 		-0.0223 		16.3186
v 6.9406 		-0.0015 		16.2897
v 6.9377 		0.0177 		16.2534
v 6.9352 		0.0351 		16.2102
v 6.9329 		0.0504 		16.1611
v 6.931 		0.0633 		16.1067
v 6.9295 		0.0735 		16.048
v 6.9284 		0.0809 		15.9861
v 6.9277 		0.0855 		15.9219
v 6.9275 		0.087 		15.8567
v 6.9277 		0.0855 		15.7914
v 6.9284 		0.0809 		15.7273
v 6.9295 		0.0735 		15.6653
v 6.931 		0.0633 		15.6067
v 6.9329 		0.0504 		15.5523
v 6.9352 		0.0351 		15.5031
v 6.9377 		0.0177 		15.46
v 6.9406 		-0.0015 		15.4237
v 6.9436 		-0.0223 		15.3947
v 6.9469 		-0.0442 		15.3737
v 6.9502 		-0.0669 		15.361
v -1.2402 		-0.2422 		15.3567
v -1.2368 		-0.2653 		15.361
v -1.2402 		-0.2422 		15.8567
v -1.2335 		-0.288 		15.3737
v -1.2302 		-0.3099 		15.3947
v -1.2271 		-0.3307 		15.4237
v -1.2243 		-0.3499 		15.46
v -1.2217 		-0.3673 		15.5031
v -1.2195 		-0.3826 		15.5523
v -1.2176 		-0.3955 		15.6067
v -1.2161 		-0.4057 		15.6653
v -1.215 		-0.4131 		15.7273
v -1.2143 		-0.4177 		15.7914
v -1.2141 		-0.4192 		15.8567
v -1.2143 		-0.4177 		15.9219
v -1.215 		-0.4131 		15.9861
v -1.2161 		-0.4057 		16.048
v -1.2176 		-0.3955 		16.1067
v -1.2195 		-0.3826 		16.1611
v -1.2217 		-0.3673 		16.2102
v -1.2243 		-0.3499 		16.2534
v -1.2271 		-0.3307 		16.2897
v -1.2302 		-0.3099 		16.3186
v -1.2335 		-0.288 		16.3396
v -1.2368 		-0.2653 		16.3524
v -1.2402 		-0.2422 		16.3567
v -1.2436 		-0.2191 		16.3524
v -1.247 		-0.1964 		16.3396
v -1.2502 		-0.1745 		16.3186
v -1.2533 		-0.1537 		16.2897
v -1.2562 		-0.1345 		16.2534
v -1.2587 		-0.1171 		16.2102
v -1.261 		-0.1018 		16.1611
v -1.2629 		-0.0889 		16.1067
v -1.2644 		-0.0787 		16.048
v -1.2655 		-0.0713 		15.9861
v -1.2662 		-0.0667 		15.9219
v -1.2664 		-0.0652 		15.8567
v -1.2662 		-0.0667 		15.7914
v -1.2655 		-0.0713 		15.7273
v -1.2644 		-0.0787 		15.6653
v -1.2629 		-0.0889 		15.6067
v -1.261 		-0.1018 		15.5523
v -1.2587 		-0.1171 		15.5031
v -1.2562 		-0.1345 		15.46
v -1.2533 		-0.1537 		15.4237
v -1.2502 		-0.1745 		15.3947
v -1.247 		-0.1964 		15.3737
v -1.2436 		-0.2191 		15.361
# 98 vertices

g group_46_16768282

usemtl color_16768282
s 0

f 3273 	3274 	3275
f 3276 	3273 	3275
f 3277 	3276 	3275
f 3278 	3277 	3275
f 3279 	3278 	3275
f 3280 	3279 	3275
f 3281 	3280 	3275
f 3282 	3281 	3275
f 3283 	3282 	3275
f 3284 	3283 	3275
f 3285 	3284 	3275
f 3286 	3285 	3275
f 3287 	3286 	3275
f 3288 	3287 	3275
f 3289 	3288 	3275
f 3290 	3289 	3275
f 3291 	3290 	3275
f 3292 	3291 	3275
f 3293 	3292 	3275
f 3294 	3293 	3275
f 3295 	3294 	3275
f 3296 	3295 	3275
f 3297 	3296 	3275
f 3298 	3297 	3275
f 3299 	3298 	3275
f 3300 	3299 	3275
f 3301 	3300 	3275
f 3302 	3301 	3275
f 3303 	3302 	3275
f 3304 	3303 	3275
f 3305 	3304 	3275
f 3306 	3305 	3275
f 3307 	3306 	3275
f 3308 	3307 	3275
f 3309 	3308 	3275
f 3310 	3309 	3275
f 3311 	3310 	3275
f 3312 	3311 	3275
f 3313 	3312 	3275
f 3314 	3313 	3275
f 3315 	3314 	3275
f 3316 	3315 	3275
f 3317 	3316 	3275
f 3318 	3317 	3275
f 3319 	3318 	3275
f 3320 	3319 	3275
f 3321 	3320 	3275
f 3274 	3321 	3275
f 3322 	3323 	3324
f 3323 	3325 	3324
f 3325 	3326 	3324
f 3326 	3327 	3324
f 3327 	3328 	3324
f 3328 	3329 	3324
f 3329 	3330 	3324
f 3330 	3331 	3324
f 3331 	3332 	3324
f 3332 	3333 	3324
f 3333 	3334 	3324
f 3334 	3335 	3324
f 3335 	3336 	3324
f 3336 	3337 	3324
f 3337 	3338 	3324
f 3338 	3339 	3324
f 3339 	3340 	3324
f 3340 	3341 	3324
f 3341 	3342 	3324
f 3342 	3343 	3324
f 3343 	3344 	3324
f 3344 	3345 	3324
f 3345 	3346 	3324
f 3346 	3347 	3324
f 3347 	3348 	3324
f 3348 	3349 	3324
f 3349 	3350 	3324
f 3350 	3351 	3324
f 3351 	3352 	3324
f 3352 	3353 	3324
f 3353 	3354 	3324
f 3354 	3355 	3324
f 3355 	3356 	3324
f 3356 	3357 	3324
f 3357 	3358 	3324
f 3358 	3359 	3324
f 3359 	3360 	3324
f 3360 	3361 	3324
f 3361 	3362 	3324
f 3362 	3363 	3324
f 3363 	3364 	3324
f 3364 	3365 	3324
f 3365 	3366 	3324
f 3366 	3367 	3324
f 3367 	3368 	3324
f 3368 	3369 	3324
f 3369 	3370 	3324
f 3370 	3322 	3324
f 3274 	3273 	3273
f 3273 	3276 	3276
f 3276 	3277 	3277
f 3277 	3278 	3278
f 3278 	3279 	3279
f 3279 	3280 	3280
f 3280 	3281 	3281
f 3281 	3282 	3282
f 3282 	3283 	3283
f 3283 	3284 	3284
f 3284 	3285 	3285
f 3285 	3286 	3286
f 3286 	3287 	3287
f 3287 	3288 	3288
f 3288 	3289 	3289
f 3289 	3290 	3290
f 3290 	3291 	3291
f 3291 	3292 	3292
f 3292 	3293 	3293
f 3293 	3294 	3294
f 3294 	3295 	3295
f 3295 	3296 	3296
f 3296 	3297 	3297
f 3297 	3298 	3298
f 3298 	3299 	3299
f 3299 	3300 	3300
f 3300 	3301 	3301
f 3301 	3302 	3302
f 3302 	3303 	3303
f 3303 	3304 	3304
f 3304 	3305 	3305
f 3305 	3306 	3306
f 3306 	3307 	3307
f 3307 	3308 	3308
f 3308 	3309 	3309
f 3309 	3310 	3310
f 3310 	3311 	3311
f 3311 	3312 	3312
f 3312 	3313 	3313
f 3313 	3314 	3314
f 3314 	3315 	3315
f 3315 	3316 	3316
f 3316 	3317 	3317
f 3317 	3318 	3318
f 3318 	3319 	3319
f 3319 	3320 	3320
f 3320 	3321 	3321
f 3321 	3274 	3274
f 3274 	3273 	3323
f 3274 	3323 	3322
f 3273 	3276 	3325
f 3273 	3325 	3323
f 3276 	3277 	3326
f 3276 	3326 	3325
f 3277 	3278 	3327
f 3277 	3327 	3326
f 3278 	3279 	3328
f 3278 	3328 	3327
f 3279 	3280 	3329
f 3279 	3329 	3328
f 3280 	3281 	3330
f 3280 	3330 	3329
f 3281 	3282 	3331
f 3281 	3331 	3330
f 3282 	3283 	3332
f 3282 	3332 	3331
f 3283 	3284 	3333
f 3283 	3333 	3332
f 3284 	3285 	3334
f 3284 	3334 	3333
f 3285 	3286 	3335
f 3285 	3335 	3334
f 3286 	3287 	3336
f 3286 	3336 	3335
f 3287 	3288 	3337
f 3287 	3337 	3336
f 3288 	3289 	3338
f 3288 	3338 	3337
f 3289 	3290 	3339
f 3289 	3339 	3338
f 3290 	3291 	3340
f 3290 	3340 	3339
f 3291 	3292 	3341
f 3291 	3341 	3340
f 3292 	3293 	3342
f 3292 	3342 	3341
f 3293 	3294 	3343
f 3293 	3343 	3342
f 3294 	3295 	3344
f 3294 	3344 	3343
f 3295 	3296 	3345
f 3295 	3345 	3344
f 3296 	3297 	3346
f 3296 	3346 	3345
f 3297 	3298 	3347
f 3297 	3347 	3346
f 3298 	3299 	3348
f 3298 	3348 	3347
f 3299 	3300 	3349
f 3299 	3349 	3348
f 3300 	3301 	3350
f 3300 	3350 	3349
f 3301 	3302 	3351
f 3301 	3351 	3350
f 3302 	3303 	3352
f 3302 	3352 	3351
f 3303 	3304 	3353
f 3303 	3353 	3352
f 3304 	3305 	3354
f 3304 	3354 	3353
f 3305 	3306 	3355
f 3305 	3355 	3354
f 3306 	3307 	3356
f 3306 	3356 	3355
f 3307 	3308 	3357
f 3307 	3357 	3356
f 3308 	3309 	3358
f 3308 	3358 	3357
f 3309 	3310 	3359
f 3309 	3359 	3358
f 3310 	3311 	3360
f 3310 	3360 	3359
f 3311 	3312 	3361
f 3311 	3361 	3360
f 3312 	3313 	3362
f 3312 	3362 	3361
f 3313 	3314 	3363
f 3313 	3363 	3362
f 3314 	3315 	3364
f 3314 	3364 	3363
f 3315 	3316 	3365
f 3315 	3365 	3364
f 3316 	3317 	3366
f 3316 	3366 	3365
f 3317 	3318 	3367
f 3317 	3367 	3366
f 3318 	3319 	3368
f 3318 	3368 	3367
f 3319 	3320 	3369
f 3319 	3369 	3368
f 3320 	3321 	3370
f 3320 	3370 	3369
f 3321 	3274 	3322
f 3321 	3322 	3370
f 3322 	3323 	3323
f 3323 	3325 	3325
f 3325 	3326 	3326
f 3326 	3327 	3327
f 3327 	3328 	3328
f 3328 	3329 	3329
f 3329 	3330 	3330
f 3330 	3331 	3331
f 3331 	3332 	3332
f 3332 	3333 	3333
f 3333 	3334 	3334
f 3334 	3335 	3335
f 3335 	3336 	3336
f 3336 	3337 	3337
f 3337 	3338 	3338
f 3338 	3339 	3339
f 3339 	3340 	3340
f 3340 	3341 	3341
f 3341 	3342 	3342
f 3342 	3343 	3343
f 3343 	3344 	3344
f 3344 	3345 	3345
f 3345 	3346 	3346
f 3346 	3347 	3347
f 3347 	3348 	3348
f 3348 	3349 	3349
f 3349 	3350 	3350
f 3350 	3351 	3351
f 3351 	3352 	3352
f 3352 	3353 	3353
f 3353 	3354 	3354
f 3354 	3355 	3355
f 3355 	3356 	3356
f 3356 	3357 	3357
f 3357 	3358 	3358
f 3358 	3359 	3359
f 3359 	3360 	3360
f 3360 	3361 	3361
f 3361 	3362 	3362
f 3362 	3363 	3363
f 3363 	3364 	3364
f 3364 	3365 	3365
f 3365 	3366 	3366
f 3366 	3367 	3367
f 3367 	3368 	3368
f 3368 	3369 	3369
f 3369 	3370 	3370
f 3370 	3322 	3322
# 288 faces

 #end of obj_46

o obj_47
v -6.795 		-1.0983 		15.8567
v 0.9892 		-0.9537 		15.3567
v 0.9926 		-0.9768 		15.361
v 0.996 		-0.9995 		15.3737
v 0.9992 		-1.0214 		15.3947
v 1.0023 		-1.0422 		15.4237
v 1.0051 		-1.0614 		15.46
v 1.0077 		-1.0788 		15.5031
v 1.01 		-1.0941 		15.5523
v 1.0119 		-1.1069 		15.6067
v 1.0134 		-1.1172 		15.6653
v 1.0145 		-1.1246 		15.7273
v 1.0152 		-1.1291 		15.7914
v 1.0154 		-1.1307 		15.8567
v 1.0152 		-1.1291 		15.9219
v 1.0145 		-1.1246 		15.9861
v 1.0134 		-1.1172 		16.048
v 1.0119 		-1.1069 		16.1067
v 1.01 		-1.0941 		16.1611
v 1.0077 		-1.0788 		16.2102
v 1.0051 		-1.0614 		16.2534
v 1.0023 		-1.0422 		16.2897
v 0.9992 		-1.0214 		16.3186
v 0.996 		-0.9995 		16.3396
v 0.9926 		-0.9768 		16.3524
v 0.9892 		-0.9537 		16.3567
v 0.9858 		-0.9306 		16.3524
v 0.9824 		-0.9079 		16.3396
v 0.9792 		-0.886 		16.3186
v 0.9761 		-0.8652 		16.2897
v 0.9733 		-0.8459 		16.2534
v 0.9707 		-0.8285 		16.2102
v 0.9684 		-0.8133 		16.1611
v 0.9665 		-0.8004 		16.1067
v 0.965 		-0.7902 		16.048
v 0.9639 		-0.7827 		15.9861
v 0.9633 		-0.7782 		15.9219
v 0.963 		-0.7767 		15.8567
v 0.9633 		-0.7782 		15.7914
v 0.9639 		-0.7827 		15.7273
v 0.965 		-0.7902 		15.6653
v 0.9665 		-0.8004 		15.6067
v 0.9684 		-0.8133 		15.5523
v 0.9707 		-0.8285 		15.5031
v 0.9733 		-0.8459 		15.46
v 0.9761 		-0.8652 		15.4237
v 0.9792 		-0.886 		15.3947
v 0.9824 		-0.9079 		15.3737
v 0.9858 		-0.9306 		15.361
v 0.9892 		-0.9537 		15.8567
# 50 vertices

g group_47_16768282

usemtl color_16768282
s 0

f 3372 	3373 	3371
f 3373 	3374 	3371
f 3374 	3375 	3371
f 3375 	3376 	3371
f 3376 	3377 	3371
f 3377 	3378 	3371
f 3378 	3379 	3371
f 3379 	3380 	3371
f 3380 	3381 	3371
f 3381 	3382 	3371
f 3382 	3383 	3371
f 3383 	3384 	3371
f 3384 	3385 	3371
f 3385 	3386 	3371
f 3386 	3387 	3371
f 3387 	3388 	3371
f 3388 	3389 	3371
f 3389 	3390 	3371
f 3390 	3391 	3371
f 3391 	3392 	3371
f 3392 	3393 	3371
f 3393 	3394 	3371
f 3394 	3395 	3371
f 3395 	3396 	3371
f 3396 	3397 	3371
f 3397 	3398 	3371
f 3398 	3399 	3371
f 3399 	3400 	3371
f 3400 	3401 	3371
f 3401 	3402 	3371
f 3402 	3403 	3371
f 3403 	3404 	3371
f 3404 	3405 	3371
f 3405 	3406 	3371
f 3406 	3407 	3371
f 3407 	3408 	3371
f 3408 	3409 	3371
f 3409 	3410 	3371
f 3410 	3411 	3371
f 3411 	3412 	3371
f 3412 	3413 	3371
f 3413 	3414 	3371
f 3414 	3415 	3371
f 3415 	3416 	3371
f 3416 	3417 	3371
f 3417 	3418 	3371
f 3418 	3419 	3371
f 3419 	3372 	3371
f 3373 	3372 	3420
f 3374 	3373 	3420
f 3375 	3374 	3420
f 3376 	3375 	3420
f 3377 	3376 	3420
f 3378 	3377 	3420
f 3379 	3378 	3420
f 3380 	3379 	3420
f 3381 	3380 	3420
f 3382 	3381 	3420
f 3383 	3382 	3420
f 3384 	3383 	3420
f 3385 	3384 	3420
f 3386 	3385 	3420
f 3387 	3386 	3420
f 3388 	3387 	3420
f 3389 	3388 	3420
f 3390 	3389 	3420
f 3391 	3390 	3420
f 3392 	3391 	3420
f 3393 	3392 	3420
f 3394 	3393 	3420
f 3395 	3394 	3420
f 3396 	3395 	3420
f 3397 	3396 	3420
f 3398 	3397 	3420
f 3399 	3398 	3420
f 3400 	3399 	3420
f 3401 	3400 	3420
f 3402 	3401 	3420
f 3403 	3402 	3420
f 3404 	3403 	3420
f 3405 	3404 	3420
f 3406 	3405 	3420
f 3407 	3406 	3420
f 3408 	3407 	3420
f 3409 	3408 	3420
f 3410 	3409 	3420
f 3411 	3410 	3420
f 3412 	3411 	3420
f 3413 	3412 	3420
f 3414 	3413 	3420
f 3415 	3414 	3420
f 3416 	3415 	3420
f 3417 	3416 	3420
f 3418 	3417 	3420
f 3419 	3418 	3420
f 3372 	3419 	3420
# 96 faces

 #end of obj_47

o obj_48
v 9.1865 		-0.8246 		15.361
v 9.1831 		-0.8015 		15.3567
v 9.1831 		-0.8015 		15.8567
v 9.1899 		-0.8473 		15.3737
v 9.1931 		-0.8692 		15.3947
v 9.1962 		-0.89 		15.4237
v 9.199 		-0.9092 		15.46
v 9.2016 		-0.9266 		15.5031
v 9.2039 		-0.9419 		15.5523
v 9.2058 		-0.9547 		15.6067
v 9.2073 		-0.965 		15.6653
v 9.2084 		-0.9724 		15.7273
v 9.209 		-0.9769 		15.7914
v 9.2093 		-0.9785 		15.8567
v 9.209 		-0.9769 		15.9219
v 9.2084 		-0.9724 		15.9861
v 9.2073 		-0.965 		16.048
v 9.2058 		-0.9547 		16.1067
v 9.2039 		-0.9419 		16.1611
v 9.2016 		-0.9266 		16.2102
v 9.199 		-0.9092 		16.2534
v 9.1962 		-0.89 		16.2897
v 9.1931 		-0.8692 		16.3186
v 9.1899 		-0.8473 		16.3396
v 9.1865 		-0.8246 		16.3524
v 9.1831 		-0.8015 		16.3567
v 9.1797 		-0.7784 		16.3524
v 9.1763 		-0.7557 		16.3396
v 9.1731 		-0.7338 		16.3186
v 9.17 		-0.713 		16.2897
v 9.1672 		-0.6937 		16.2534
v 9.1646 		-0.6763 		16.2102
v 9.1623 		-0.6611 		16.1611
v 9.1604 		-0.6482 		16.1067
v 9.1589 		-0.638 		16.048
v 9.1578 		-0.6305 		15.9861
v 9.1571 		-0.626 		15.9219
v 9.1569 		-0.6245 		15.8567
v 9.1571 		-0.626 		15.7914
v 9.1578 		-0.6305 		15.7273
v 9.1589 		-0.638 		15.6653
v 9.1604 		-0.6482 		15.6067
v 9.1623 		-0.6611 		15.5523
v 9.1646 		-0.6763 		15.5031
v 9.1672 		-0.6937 		15.46
v 9.17 		-0.713 		15.4237
v 9.1731 		-0.7338 		15.3947
v 9.1763 		-0.7557 		15.3737
v 9.1797 		-0.7784 		15.361
v 0.9892 		-0.9537 		15.3567
v 0.9926 		-0.9768 		15.361
v 0.9892 		-0.9537 		15.8567
v 0.996 		-0.9995 		15.3737
v 0.9992 		-1.0214 		15.3947
v 1.0023 		-1.0422 		15.4237
v 1.0051 		-1.0614 		15.46
v 1.0077 		-1.0788 		15.5031
v 1.01 		-1.0941 		15.5523
v 1.0119 		-1.1069 		15.6067
v 1.0134 		-1.1172 		15.6653
v 1.0145 		-1.1246 		15.7273
v 1.0152 		-1.1291 		15.7914
v 1.0154 		-1.1307 		15.8567
v 1.0152 		-1.1291 		15.9219
v 1.0145 		-1.1246 		15.9861
v 1.0134 		-1.1172 		16.048
v 1.0119 		-1.1069 		16.1067
v 1.01 		-1.0941 		16.1611
v 1.0077 		-1.0788 		16.2102
v 1.0051 		-1.0614 		16.2534
v 1.0023 		-1.0422 		16.2897
v 0.9992 		-1.0214 		16.3186
v 0.996 		-0.9995 		16.3396
v 0.9926 		-0.9768 		16.3524
v 0.9892 		-0.9537 		16.3567
v 0.9858 		-0.9306 		16.3524
v 0.9824 		-0.9079 		16.3396
v 0.9792 		-0.886 		16.3186
v 0.9761 		-0.8652 		16.2897
v 0.9733 		-0.8459 		16.2534
v 0.9707 		-0.8285 		16.2102
v 0.9684 		-0.8133 		16.1611
v 0.9665 		-0.8004 		16.1067
v 0.965 		-0.7902 		16.048
v 0.9639 		-0.7827 		15.9861
v 0.9633 		-0.7782 		15.9219
v 0.963 		-0.7767 		15.8567
v 0.9633 		-0.7782 		15.7914
v 0.9639 		-0.7827 		15.7273
v 0.965 		-0.7902 		15.6653
v 0.9665 		-0.8004 		15.6067
v 0.9684 		-0.8133 		15.5523
v 0.9707 		-0.8285 		15.5031
v 0.9733 		-0.8459 		15.46
v 0.9761 		-0.8652 		15.4237
v 0.9792 		-0.886 		15.3947
v 0.9824 		-0.9079 		15.3737
v 0.9858 		-0.9306 		15.361
# 98 vertices

g group_48_16768282

usemtl color_16768282
s 0

f 3421 	3422 	3423
f 3424 	3421 	3423
f 3425 	3424 	3423
f 3426 	3425 	3423
f 3427 	3426 	3423
f 3428 	3427 	3423
f 3429 	3428 	3423
f 3430 	3429 	3423
f 3431 	3430 	3423
f 3432 	3431 	3423
f 3433 	3432 	3423
f 3434 	3433 	3423
f 3435 	3434 	3423
f 3436 	3435 	3423
f 3437 	3436 	3423
f 3438 	3437 	3423
f 3439 	3438 	3423
f 3440 	3439 	3423
f 3441 	3440 	3423
f 3442 	3441 	3423
f 3443 	3442 	3423
f 3444 	3443 	3423
f 3445 	3444 	3423
f 3446 	3445 	3423
f 3447 	3446 	3423
f 3448 	3447 	3423
f 3449 	3448 	3423
f 3450 	3449 	3423
f 3451 	3450 	3423
f 3452 	3451 	3423
f 3453 	3452 	3423
f 3454 	3453 	3423
f 3455 	3454 	3423
f 3456 	3455 	3423
f 3457 	3456 	3423
f 3458 	3457 	3423
f 3459 	3458 	3423
f 3460 	3459 	3423
f 3461 	3460 	3423
f 3462 	3461 	3423
f 3463 	3462 	3423
f 3464 	3463 	3423
f 3465 	3464 	3423
f 3466 	3465 	3423
f 3467 	3466 	3423
f 3468 	3467 	3423
f 3469 	3468 	3423
f 3422 	3469 	3423
f 3470 	3471 	3472
f 3471 	3473 	3472
f 3473 	3474 	3472
f 3474 	3475 	3472
f 3475 	3476 	3472
f 3476 	3477 	3472
f 3477 	3478 	3472
f 3478 	3479 	3472
f 3479 	3480 	3472
f 3480 	3481 	3472
f 3481 	3482 	3472
f 3482 	3483 	3472
f 3483 	3484 	3472
f 3484 	3485 	3472
f 3485 	3486 	3472
f 3486 	3487 	3472
f 3487 	3488 	3472
f 3488 	3489 	3472
f 3489 	3490 	3472
f 3490 	3491 	3472
f 3491 	3492 	3472
f 3492 	3493 	3472
f 3493 	3494 	3472
f 3494 	3495 	3472
f 3495 	3496 	3472
f 3496 	3497 	3472
f 3497 	3498 	3472
f 3498 	3499 	3472
f 3499 	3500 	3472
f 3500 	3501 	3472
f 3501 	3502 	3472
f 3502 	3503 	3472
f 3503 	3504 	3472
f 3504 	3505 	3472
f 3505 	3506 	3472
f 3506 	3507 	3472
f 3507 	3508 	3472
f 3508 	3509 	3472
f 3509 	3510 	3472
f 3510 	3511 	3472
f 3511 	3512 	3472
f 3512 	3513 	3472
f 3513 	3514 	3472
f 3514 	3515 	3472
f 3515 	3516 	3472
f 3516 	3517 	3472
f 3517 	3518 	3472
f 3518 	3470 	3472
f 3422 	3421 	3421
f 3421 	3424 	3424
f 3424 	3425 	3425
f 3425 	3426 	3426
f 3426 	3427 	3427
f 3427 	3428 	3428
f 3428 	3429 	3429
f 3429 	3430 	3430
f 3430 	3431 	3431
f 3431 	3432 	3432
f 3432 	3433 	3433
f 3433 	3434 	3434
f 3434 	3435 	3435
f 3435 	3436 	3436
f 3436 	3437 	3437
f 3437 	3438 	3438
f 3438 	3439 	3439
f 3439 	3440 	3440
f 3440 	3441 	3441
f 3441 	3442 	3442
f 3442 	3443 	3443
f 3443 	3444 	3444
f 3444 	3445 	3445
f 3445 	3446 	3446
f 3446 	3447 	3447
f 3447 	3448 	3448
f 3448 	3449 	3449
f 3449 	3450 	3450
f 3450 	3451 	3451
f 3451 	3452 	3452
f 3452 	3453 	3453
f 3453 	3454 	3454
f 3454 	3455 	3455
f 3455 	3456 	3456
f 3456 	3457 	3457
f 3457 	3458 	3458
f 3458 	3459 	3459
f 3459 	3460 	3460
f 3460 	3461 	3461
f 3461 	3462 	3462
f 3462 	3463 	3463
f 3463 	3464 	3464
f 3464 	3465 	3465
f 3465 	3466 	3466
f 3466 	3467 	3467
f 3467 	3468 	3468
f 3468 	3469 	3469
f 3469 	3422 	3422
f 3422 	3421 	3471
f 3422 	3471 	3470
f 3421 	3424 	3473
f 3421 	3473 	3471
f 3424 	3425 	3474
f 3424 	3474 	3473
f 3425 	3426 	3475
f 3425 	3475 	3474
f 3426 	3427 	3476
f 3426 	3476 	3475
f 3427 	3428 	3477
f 3427 	3477 	3476
f 3428 	3429 	3478
f 3428 	3478 	3477
f 3429 	3430 	3479
f 3429 	3479 	3478
f 3430 	3431 	3480
f 3430 	3480 	3479
f 3431 	3432 	3481
f 3431 	3481 	3480
f 3432 	3433 	3482
f 3432 	3482 	3481
f 3433 	3434 	3483
f 3433 	3483 	3482
f 3434 	3435 	3484
f 3434 	3484 	3483
f 3435 	3436 	3485
f 3435 	3485 	3484
f 3436 	3437 	3486
f 3436 	3486 	3485
f 3437 	3438 	3487
f 3437 	3487 	3486
f 3438 	3439 	3488
f 3438 	3488 	3487
f 3439 	3440 	3489
f 3439 	3489 	3488
f 3440 	3441 	3490
f 3440 	3490 	3489
f 3441 	3442 	3491
f 3441 	3491 	3490
f 3442 	3443 	3492
f 3442 	3492 	3491
f 3443 	3444 	3493
f 3443 	3493 	3492
f 3444 	3445 	3494
f 3444 	3494 	3493
f 3445 	3446 	3495
f 3445 	3495 	3494
f 3446 	3447 	3496
f 3446 	3496 	3495
f 3447 	3448 	3497
f 3447 	3497 	3496
f 3448 	3449 	3498
f 3448 	3498 	3497
f 3449 	3450 	3499
f 3449 	3499 	3498
f 3450 	3451 	3500
f 3450 	3500 	3499
f 3451 	3452 	3501
f 3451 	3501 	3500
f 3452 	3453 	3502
f 3452 	3502 	3501
f 3453 	3454 	3503
f 3453 	3503 	3502
f 3454 	3455 	3504
f 3454 	3504 	3503
f 3455 	3456 	3505
f 3455 	3505 	3504
f 3456 	3457 	3506
f 3456 	3506 	3505
f 3457 	3458 	3507
f 3457 	3507 	3506
f 3458 	3459 	3508
f 3458 	3508 	3507
f 3459 	3460 	3509
f 3459 	3509 	3508
f 3460 	3461 	3510
f 3460 	3510 	3509
f 3461 	3462 	3511
f 3461 	3511 	3510
f 3462 	3463 	3512
f 3462 	3512 	3511
f 3463 	3464 	3513
f 3463 	3513 	3512
f 3464 	3465 	3514
f 3464 	3514 	3513
f 3465 	3466 	3515
f 3465 	3515 	3514
f 3466 	3467 	3516
f 3466 	3516 	3515
f 3467 	3468 	3517
f 3467 	3517 	3516
f 3468 	3469 	3518
f 3468 	3518 	3517
f 3469 	3422 	3470
f 3469 	3470 	3518
f 3470 	3471 	3471
f 3471 	3473 	3473
f 3473 	3474 	3474
f 3474 	3475 	3475
f 3475 	3476 	3476
f 3476 	3477 	3477
f 3477 	3478 	3478
f 3478 	3479 	3479
f 3479 	3480 	3480
f 3480 	3481 	3481
f 3481 	3482 	3482
f 3482 	3483 	3483
f 3483 	3484 	3484
f 3484 	3485 	3485
f 3485 	3486 	3486
f 3486 	3487 	3487
f 3487 	3488 	3488
f 3488 	3489 	3489
f 3489 	3490 	3490
f 3490 	3491 	3491
f 3491 	3492 	3492
f 3492 	3493 	3493
f 3493 	3494 	3494
f 3494 	3495 	3495
f 3495 	3496 	3496
f 3496 	3497 	3497
f 3497 	3498 	3498
f 3498 	3499 	3499
f 3499 	3500 	3500
f 3500 	3501 	3501
f 3501 	3502 	3502
f 3502 	3503 	3503
f 3503 	3504 	3504
f 3504 	3505 	3505
f 3505 	3506 	3506
f 3506 	3507 	3507
f 3507 	3508 	3508
f 3508 	3509 	3509
f 3509 	3510 	3510
f 3510 	3511 	3511
f 3511 	3512 	3512
f 3512 	3513 	3513
f 3513 	3514 	3514
f 3514 	3515 	3515
f 3515 	3516 	3516
f 3516 	3517 	3517
f 3517 	3518 	3518
f 3518 	3470 	3470
# 288 faces

 #end of obj_48

o obj_49
v -9.0244 		-0.3868 		15.8567
v -1.2402 		-0.2422 		15.3567
v -1.2368 		-0.2653 		15.361
v -1.2335 		-0.288 		15.3737
v -1.2302 		-0.3099 		15.3947
v -1.2271 		-0.3307 		15.4237
v -1.2243 		-0.3499 		15.46
v -1.2217 		-0.3673 		15.5031
v -1.2195 		-0.3826 		15.5523
v -1.2176 		-0.3955 		15.6067
v -1.2161 		-0.4057 		15.6653
v -1.215 		-0.4131 		15.7273
v -1.2143 		-0.4177 		15.7914
v -1.2141 		-0.4192 		15.8567
v -1.2143 		-0.4177 		15.9219
v -1.215 		-0.4131 		15.9861
v -1.2161 		-0.4057 		16.048
v -1.2176 		-0.3955 		16.1067
v -1.2195 		-0.3826 		16.1611
v -1.2217 		-0.3673 		16.2102
v -1.2243 		-0.3499 		16.2534
v -1.2271 		-0.3307 		16.2897
v -1.2302 		-0.3099 		16.3186
v -1.2335 		-0.288 		16.3396
v -1.2368 		-0.2653 		16.3524
v -1.2402 		-0.2422 		16.3567
v -1.2436 		-0.2191 		16.3524
v -1.247 		-0.1964 		16.3396
v -1.2502 		-0.1745 		16.3186
v -1.2533 		-0.1537 		16.2897
v -1.2562 		-0.1345 		16.2534
v -1.2587 		-0.1171 		16.2102
v -1.261 		-0.1018 		16.1611
v -1.2629 		-0.0889 		16.1067
v -1.2644 		-0.0787 		16.048
v -1.2655 		-0.0713 		15.9861
v -1.2662 		-0.0667 		15.9219
v -1.2664 		-0.0652 		15.8567
v -1.2662 		-0.0667 		15.7914
v -1.2655 		-0.0713 		15.7273
v -1.2644 		-0.0787 		15.6653
v -1.2629 		-0.0889 		15.6067
v -1.261 		-0.1018 		15.5523
v -1.2587 		-0.1171 		15.5031
v -1.2562 		-0.1345 		15.46
v -1.2533 		-0.1537 		15.4237
v -1.2502 		-0.1745 		15.3947
v -1.247 		-0.1964 		15.3737
v -1.2436 		-0.2191 		15.361
v -1.2402 		-0.2422 		15.8567
# 50 vertices

g group_49_16768282

usemtl color_16768282
s 0

f 3520 	3521 	3519
f 3521 	3522 	3519
f 3522 	3523 	3519
f 3523 	3524 	3519
f 3524 	3525 	3519
f 3525 	3526 	3519
f 3526 	3527 	3519
f 3527 	3528 	3519
f 3528 	3529 	3519
f 3529 	3530 	3519
f 3530 	3531 	3519
f 3531 	3532 	3519
f 3532 	3533 	3519
f 3533 	3534 	3519
f 3534 	3535 	3519
f 3535 	3536 	3519
f 3536 	3537 	3519
f 3537 	3538 	3519
f 3538 	3539 	3519
f 3539 	3540 	3519
f 3540 	3541 	3519
f 3541 	3542 	3519
f 3542 	3543 	3519
f 3543 	3544 	3519
f 3544 	3545 	3519
f 3545 	3546 	3519
f 3546 	3547 	3519
f 3547 	3548 	3519
f 3548 	3549 	3519
f 3549 	3550 	3519
f 3550 	3551 	3519
f 3551 	3552 	3519
f 3552 	3553 	3519
f 3553 	3554 	3519
f 3554 	3555 	3519
f 3555 	3556 	3519
f 3556 	3557 	3519
f 3557 	3558 	3519
f 3558 	3559 	3519
f 3559 	3560 	3519
f 3560 	3561 	3519
f 3561 	3562 	3519
f 3562 	3563 	3519
f 3563 	3564 	3519
f 3564 	3565 	3519
f 3565 	3566 	3519
f 3566 	3567 	3519
f 3567 	3520 	3519
f 3521 	3520 	3568
f 3522 	3521 	3568
f 3523 	3522 	3568
f 3524 	3523 	3568
f 3525 	3524 	3568
f 3526 	3525 	3568
f 3527 	3526 	3568
f 3528 	3527 	3568
f 3529 	3528 	3568
f 3530 	3529 	3568
f 3531 	3530 	3568
f 3532 	3531 	3568
f 3533 	3532 	3568
f 3534 	3533 	3568
f 3535 	3534 	3568
f 3536 	3535 	3568
f 3537 	3536 	3568
f 3538 	3537 	3568
f 3539 	3538 	3568
f 3540 	3539 	3568
f 3541 	3540 	3568
f 3542 	3541 	3568
f 3543 	3542 	3568
f 3544 	3543 	3568
f 3545 	3544 	3568
f 3546 	3545 	3568
f 3547 	3546 	3568
f 3548 	3547 	3568
f 3549 	3548 	3568
f 3550 	3549 	3568
f 3551 	3550 	3568
f 3552 	3551 	3568
f 3553 	3552 	3568
f 3554 	3553 	3568
f 3555 	3554 	3568
f 3556 	3555 	3568
f 3557 	3556 	3568
f 3558 	3557 	3568
f 3559 	3558 	3568
f 3560 	3559 	3568
f 3561 	3560 	3568
f 3562 	3561 	3568
f 3563 	3562 	3568
f 3564 	3563 	3568
f 3565 	3564 	3568
f 3566 	3565 	3568
f 3567 	3566 	3568
f 3520 	3567 	3568
# 96 faces

 #end of obj_49

o obj_50
v -8.8444 		-1.6041 		15.8567
v -1.0602 		-1.4595 		15.3567
v -1.0568 		-1.4826 		15.361
v -1.0535 		-1.5053 		15.3737
v -1.0502 		-1.5273 		15.3947
v -1.0471 		-1.548 		15.4237
v -1.0443 		-1.5673 		15.46
v -1.0417 		-1.5847 		15.5031
v -1.0395 		-1.5999 		15.5523
v -1.0376 		-1.6128 		15.6067
v -1.036 		-1.623 		15.6653
v -1.0349 		-1.6305 		15.7273
v -1.0343 		-1.635 		15.7914
v -1.0341 		-1.6365 		15.8567
v -1.0343 		-1.635 		15.9219
v -1.0349 		-1.6305 		15.9861
v -1.036 		-1.623 		16.048
v -1.0376 		-1.6128 		16.1067
v -1.0395 		-1.5999 		16.1611
v -1.0417 		-1.5847 		16.2102
v -1.0443 		-1.5673 		16.2534
v -1.0471 		-1.548 		16.2897
v -1.0502 		-1.5273 		16.3186
v -1.0535 		-1.5053 		16.3396
v -1.0568 		-1.4826 		16.3524
v -1.0602 		-1.4595 		16.3567
v -1.0636 		-1.4364 		16.3524
v -1.067 		-1.4137 		16.3396
v -1.0702 		-1.3918 		16.3186
v -1.0733 		-1.371 		16.2897
v -1.0762 		-1.3518 		16.2534
v -1.0787 		-1.3344 		16.2102
v -1.081 		-1.3191 		16.1611
v -1.0829 		-1.3063 		16.1067
v -1.0844 		-1.296 		16.048
v -1.0855 		-1.2886 		15.9861
v -1.0862 		-1.2841 		15.9219
v -1.0864 		-1.2826 		15.8567
v -1.0862 		-1.2841 		15.7914
v -1.0855 		-1.2886 		15.7273
v -1.0844 		-1.296 		15.6653
v -1.0829 		-1.3063 		15.6067
v -1.081 		-1.3191 		15.5523
v -1.0787 		-1.3344 		15.5031
v -1.0762 		-1.3518 		15.46
v -1.0733 		-1.371 		15.4237
v -1.0702 		-1.3918 		15.3947
v -1.067 		-1.4137 		15.3737
v -1.0636 		-1.4364 		15.361
v -1.0602 		-1.4595 		15.8567
# 50 vertices

g group_50_16768282

usemtl color_16768282
s 0

f 3570 	3571 	3569
f 3571 	3572 	3569
f 3572 	3573 	3569
f 3573 	3574 	3569
f 3574 	3575 	3569
f 3575 	3576 	3569
f 3576 	3577 	3569
f 3577 	3578 	3569
f 3578 	3579 	3569
f 3579 	3580 	3569
f 3580 	3581 	3569
f 3581 	3582 	3569
f 3582 	3583 	3569
f 3583 	3584 	3569
f 3584 	3585 	3569
f 3585 	3586 	3569
f 3586 	3587 	3569
f 3587 	3588 	3569
f 3588 	3589 	3569
f 3589 	3590 	3569
f 3590 	3591 	3569
f 3591 	3592 	3569
f 3592 	3593 	3569
f 3593 	3594 	3569
f 3594 	3595 	3569
f 3595 	3596 	3569
f 3596 	3597 	3569
f 3597 	3598 	3569
f 3598 	3599 	3569
f 3599 	3600 	3569
f 3600 	3601 	3569
f 3601 	3602 	3569
f 3602 	3603 	3569
f 3603 	3604 	3569
f 3604 	3605 	3569
f 3605 	3606 	3569
f 3606 	3607 	3569
f 3607 	3608 	3569
f 3608 	3609 	3569
f 3609 	3610 	3569
f 3610 	3611 	3569
f 3611 	3612 	3569
f 3612 	3613 	3569
f 3613 	3614 	3569
f 3614 	3615 	3569
f 3615 	3616 	3569
f 3616 	3617 	3569
f 3617 	3570 	3569
f 3571 	3570 	3618
f 3572 	3571 	3618
f 3573 	3572 	3618
f 3574 	3573 	3618
f 3575 	3574 	3618
f 3576 	3575 	3618
f 3577 	3576 	3618
f 3578 	3577 	3618
f 3579 	3578 	3618
f 3580 	3579 	3618
f 3581 	3580 	3618
f 3582 	3581 	3618
f 3583 	3582 	3618
f 3584 	3583 	3618
f 3585 	3584 	3618
f 3586 	3585 	3618
f 3587 	3586 	3618
f 3588 	3587 	3618
f 3589 	3588 	3618
f 3590 	3589 	3618
f 3591 	3590 	3618
f 3592 	3591 	3618
f 3593 	3592 	3618
f 3594 	3593 	3618
f 3595 	3594 	3618
f 3596 	3595 	3618
f 3597 	3596 	3618
f 3598 	3597 	3618
f 3599 	3598 	3618
f 3600 	3599 	3618
f 3601 	3600 	3618
f 3602 	3601 	3618
f 3603 	3602 	3618
f 3604 	3603 	3618
f 3605 	3604 	3618
f 3606 	3605 	3618
f 3607 	3606 	3618
f 3608 	3607 	3618
f 3609 	3608 	3618
f 3610 	3609 	3618
f 3611 	3610 	3618
f 3612 	3611 	3618
f 3613 	3612 	3618
f 3614 	3613 	3618
f 3615 	3614 	3618
f 3616 	3615 	3618
f 3617 	3616 	3618
f 3570 	3617 	3618
# 96 faces

 #end of obj_50

o obj_51
v 7.1371 		-1.3304 		15.361
v 7.1337 		-1.3073 		15.3567
v 7.1337 		-1.3073 		15.8567
v 7.1404 		-1.3531 		15.3737
v 7.1437 		-1.3751 		15.3947
v 7.1467 		-1.3958 		15.4237
v 7.1496 		-1.4151 		15.46
v 7.1522 		-1.4325 		15.5031
v 7.1544 		-1.4477 		15.5523
v 7.1563 		-1.4606 		15.6067
v 7.1578 		-1.4708 		15.6653
v 7.1589 		-1.4783 		15.7273
v 7.1596 		-1.4828 		15.7914
v 7.1598 		-1.4843 		15.8567
v 7.1596 		-1.4828 		15.9219
v 7.1589 		-1.4783 		15.9861
v 7.1578 		-1.4708 		16.048
v 7.1563 		-1.4606 		16.1067
v 7.1544 		-1.4477 		16.1611
v 7.1522 		-1.4325 		16.2102
v 7.1496 		-1.4151 		16.2534
v 7.1467 		-1.3958 		16.2897
v 7.1437 		-1.3751 		16.3186
v 7.1404 		-1.3531 		16.3396
v 7.1371 		-1.3304 		16.3524
v 7.1337 		-1.3073 		16.3567
v 7.1302 		-1.2842 		16.3524
v 7.1269 		-1.2615 		16.3396
v 7.1236 		-1.2396 		16.3186
v 7.1206 		-1.2188 		16.2897
v 7.1177 		-1.1996 		16.2534
v 7.1152 		-1.1822 		16.2102
v 7.1129 		-1.1669 		16.1611
v 7.111 		-1.1541 		16.1067
v 7.1095 		-1.1438 		16.048
v 7.1084 		-1.1364 		15.9861
v 7.1077 		-1.1319 		15.9219
v 7.1075 		-1.1304 		15.8567
v 7.1077 		-1.1319 		15.7914
v 7.1084 		-1.1364 		15.7273
v 7.1095 		-1.1438 		15.6653
v 7.111 		-1.1541 		15.6067
v 7.1129 		-1.1669 		15.5523
v 7.1152 		-1.1822 		15.5031
v 7.1177 		-1.1996 		15.46
v 7.1206 		-1.2188 		15.4237
v 7.1236 		-1.2396 		15.3947
v 7.1269 		-1.2615 		15.3737
v 7.1302 		-1.2842 		15.361
v -1.0602 		-1.4595 		15.3567
v -1.0568 		-1.4826 		15.361
v -1.0602 		-1.4595 		15.8567
v -1.0535 		-1.5053 		15.3737
v -1.0502 		-1.5273 		15.3947
v -1.0471 		-1.548 		15.4237
v -1.0443 		-1.5673 		15.46
v -1.0417 		-1.5847 		15.5031
v -1.0395 		-1.5999 		15.5523
v -1.0376 		-1.6128 		15.6067
v -1.036 		-1.623 		15.6653
v -1.0349 		-1.6305 		15.7273
v -1.0343 		-1.635 		15.7914
v -1.0341 		-1.6365 		15.8567
v -1.0343 		-1.635 		15.9219
v -1.0349 		-1.6305 		15.9861
v -1.036 		-1.623 		16.048
v -1.0376 		-1.6128 		16.1067
v -1.0395 		-1.5999 		16.1611
v -1.0417 		-1.5847 		16.2102
v -1.0443 		-1.5673 		16.2534
v -1.0471 		-1.548 		16.2897
v -1.0502 		-1.5273 		16.3186
v -1.0535 		-1.5053 		16.3396
v -1.0568 		-1.4826 		16.3524
v -1.0602 		-1.4595 		16.3567
v -1.0636 		-1.4364 		16.3524
v -1.067 		-1.4137 		16.3396
v -1.0702 		-1.3918 		16.3186
v -1.0733 		-1.371 		16.2897
v -1.0762 		-1.3518 		16.2534
v -1.0787 		-1.3344 		16.2102
v -1.081 		-1.3191 		16.1611
v -1.0829 		-1.3063 		16.1067
v -1.0844 		-1.296 		16.048
v -1.0855 		-1.2886 		15.9861
v -1.0862 		-1.2841 		15.9219
v -1.0864 		-1.2826 		15.8567
v -1.0862 		-1.2841 		15.7914
v -1.0855 		-1.2886 		15.7273
v -1.0844 		-1.296 		15.6653
v -1.0829 		-1.3063 		15.6067
v -1.081 		-1.3191 		15.5523
v -1.0787 		-1.3344 		15.5031
v -1.0762 		-1.3518 		15.46
v -1.0733 		-1.371 		15.4237
v -1.0702 		-1.3918 		15.3947
v -1.067 		-1.4137 		15.3737
v -1.0636 		-1.4364 		15.361
# 98 vertices

g group_51_16768282

usemtl color_16768282
s 0

f 3619 	3620 	3621
f 3622 	3619 	3621
f 3623 	3622 	3621
f 3624 	3623 	3621
f 3625 	3624 	3621
f 3626 	3625 	3621
f 3627 	3626 	3621
f 3628 	3627 	3621
f 3629 	3628 	3621
f 3630 	3629 	3621
f 3631 	3630 	3621
f 3632 	3631 	3621
f 3633 	3632 	3621
f 3634 	3633 	3621
f 3635 	3634 	3621
f 3636 	3635 	3621
f 3637 	3636 	3621
f 3638 	3637 	3621
f 3639 	3638 	3621
f 3640 	3639 	3621
f 3641 	3640 	3621
f 3642 	3641 	3621
f 3643 	3642 	3621
f 3644 	3643 	3621
f 3645 	3644 	3621
f 3646 	3645 	3621
f 3647 	3646 	3621
f 3648 	3647 	3621
f 3649 	3648 	3621
f 3650 	3649 	3621
f 3651 	3650 	3621
f 3652 	3651 	3621
f 3653 	3652 	3621
f 3654 	3653 	3621
f 3655 	3654 	3621
f 3656 	3655 	3621
f 3657 	3656 	3621
f 3658 	3657 	3621
f 3659 	3658 	3621
f 3660 	3659 	3621
f 3661 	3660 	3621
f 3662 	3661 	3621
f 3663 	3662 	3621
f 3664 	3663 	3621
f 3665 	3664 	3621
f 3666 	3665 	3621
f 3667 	3666 	3621
f 3620 	3667 	3621
f 3668 	3669 	3670
f 3669 	3671 	3670
f 3671 	3672 	3670
f 3672 	3673 	3670
f 3673 	3674 	3670
f 3674 	3675 	3670
f 3675 	3676 	3670
f 3676 	3677 	3670
f 3677 	3678 	3670
f 3678 	3679 	3670
f 3679 	3680 	3670
f 3680 	3681 	3670
f 3681 	3682 	3670
f 3682 	3683 	3670
f 3683 	3684 	3670
f 3684 	3685 	3670
f 3685 	3686 	3670
f 3686 	3687 	3670
f 3687 	3688 	3670
f 3688 	3689 	3670
f 3689 	3690 	3670
f 3690 	3691 	3670
f 3691 	3692 	3670
f 3692 	3693 	3670
f 3693 	3694 	3670
f 3694 	3695 	3670
f 3695 	3696 	3670
f 3696 	3697 	3670
f 3697 	3698 	3670
f 3698 	3699 	3670
f 3699 	3700 	3670
f 3700 	3701 	3670
f 3701 	3702 	3670
f 3702 	3703 	3670
f 3703 	3704 	3670
f 3704 	3705 	3670
f 3705 	3706 	3670
f 3706 	3707 	3670
f 3707 	3708 	3670
f 3708 	3709 	3670
f 3709 	3710 	3670
f 3710 	3711 	3670
f 3711 	3712 	3670
f 3712 	3713 	3670
f 3713 	3714 	3670
f 3714 	3715 	3670
f 3715 	3716 	3670
f 3716 	3668 	3670
f 3620 	3619 	3619
f 3619 	3622 	3622
f 3622 	3623 	3623
f 3623 	3624 	3624
f 3624 	3625 	3625
f 3625 	3626 	3626
f 3626 	3627 	3627
f 3627 	3628 	3628
f 3628 	3629 	3629
f 3629 	3630 	3630
f 3630 	3631 	3631
f 3631 	3632 	3632
f 3632 	3633 	3633
f 3633 	3634 	3634
f 3634 	3635 	3635
f 3635 	3636 	3636
f 3636 	3637 	3637
f 3637 	3638 	3638
f 3638 	3639 	3639
f 3639 	3640 	3640
f 3640 	3641 	3641
f 3641 	3642 	3642
f 3642 	3643 	3643
f 3643 	3644 	3644
f 3644 	3645 	3645
f 3645 	3646 	3646
f 3646 	3647 	3647
f 3647 	3648 	3648
f 3648 	3649 	3649
f 3649 	3650 	3650
f 3650 	3651 	3651
f 3651 	3652 	3652
f 3652 	3653 	3653
f 3653 	3654 	3654
f 3654 	3655 	3655
f 3655 	3656 	3656
f 3656 	3657 	3657
f 3657 	3658 	3658
f 3658 	3659 	3659
f 3659 	3660 	3660
f 3660 	3661 	3661
f 3661 	3662 	3662
f 3662 	3663 	3663
f 3663 	3664 	3664
f 3664 	3665 	3665
f 3665 	3666 	3666
f 3666 	3667 	3667
f 3667 	3620 	3620
f 3620 	3619 	3669
f 3620 	3669 	3668
f 3619 	3622 	3671
f 3619 	3671 	3669
f 3622 	3623 	3672
f 3622 	3672 	3671
f 3623 	3624 	3673
f 3623 	3673 	3672
f 3624 	3625 	3674
f 3624 	3674 	3673
f 3625 	3626 	3675
f 3625 	3675 	3674
f 3626 	3627 	3676
f 3626 	3676 	3675
f 3627 	3628 	3677
f 3627 	3677 	3676
f 3628 	3629 	3678
f 3628 	3678 	3677
f 3629 	3630 	3679
f 3629 	3679 	3678
f 3630 	3631 	3680
f 3630 	3680 	3679
f 3631 	3632 	3681
f 3631 	3681 	3680
f 3632 	3633 	3682
f 3632 	3682 	3681
f 3633 	3634 	3683
f 3633 	3683 	3682
f 3634 	3635 	3684
f 3634 	3684 	3683
f 3635 	3636 	3685
f 3635 	3685 	3684
f 3636 	3637 	3686
f 3636 	3686 	3685
f 3637 	3638 	3687
f 3637 	3687 	3686
f 3638 	3639 	3688
f 3638 	3688 	3687
f 3639 	3640 	3689
f 3639 	3689 	3688
f 3640 	3641 	3690
f 3640 	3690 	3689
f 3641 	3642 	3691
f 3641 	3691 	3690
f 3642 	3643 	3692
f 3642 	3692 	3691
f 3643 	3644 	3693
f 3643 	3693 	3692
f 3644 	3645 	3694
f 3644 	3694 	3693
f 3645 	3646 	3695
f 3645 	3695 	3694
f 3646 	3647 	3696
f 3646 	3696 	3695
f 3647 	3648 	3697
f 3647 	3697 	3696
f 3648 	3649 	3698
f 3648 	3698 	3697
f 3649 	3650 	3699
f 3649 	3699 	3698
f 3650 	3651 	3700
f 3650 	3700 	3699
f 3651 	3652 	3701
f 3651 	3701 	3700
f 3652 	3653 	3702
f 3652 	3702 	3701
f 3653 	3654 	3703
f 3653 	3703 	3702
f 3654 	3655 	3704
f 3654 	3704 	3703
f 3655 	3656 	3705
f 3655 	3705 	3704
f 3656 	3657 	3706
f 3656 	3706 	3705
f 3657 	3658 	3707
f 3657 	3707 	3706
f 3658 	3659 	3708
f 3658 	3708 	3707
f 3659 	3660 	3709
f 3659 	3709 	3708
f 3660 	3661 	3710
f 3660 	3710 	3709
f 3661 	3662 	3711
f 3661 	3711 	3710
f 3662 	3663 	3712
f 3662 	3712 	3711
f 3663 	3664 	3713
f 3663 	3713 	3712
f 3664 	3665 	3714
f 3664 	3714 	3713
f 3665 	3666 	3715
f 3665 	3715 	3714
f 3666 	3667 	3716
f 3666 	3716 	3715
f 3667 	3620 	3668
f 3667 	3668 	3716
f 3668 	3669 	3669
f 3669 	3671 	3671
f 3671 	3672 	3672
f 3672 	3673 	3673
f 3673 	3674 	3674
f 3674 	3675 	3675
f 3675 	3676 	3676
f 3676 	3677 	3677
f 3677 	3678 	3678
f 3678 	3679 	3679
f 3679 	3680 	3680
f 3680 	3681 	3681
f 3681 	3682 	3682
f 3682 	3683 	3683
f 3683 	3684 	3684
f 3684 	3685 	3685
f 3685 	3686 	3686
f 3686 	3687 	3687
f 3687 	3688 	3688
f 3688 	3689 	3689
f 3689 	3690 	3690
f 3690 	3691 	3691
f 3691 	3692 	3692
f 3692 	3693 	3693
f 3693 	3694 	3694
f 3694 	3695 	3695
f 3695 	3696 	3696
f 3696 	3697 	3697
f 3697 	3698 	3698
f 3698 	3699 	3699
f 3699 	3700 	3700
f 3700 	3701 	3701
f 3701 	3702 	3702
f 3702 	3703 	3703
f 3703 	3704 	3704
f 3704 	3705 	3705
f 3705 	3706 	3706
f 3706 	3707 	3707
f 3707 	3708 	3708
f 3708 	3709 	3709
f 3709 	3710 	3710
f 3710 	3711 	3711
f 3711 	3712 	3712
f 3712 	3713 	3713
f 3713 	3714 	3714
f 3714 	3715 	3715
f 3715 	3716 	3716
f 3716 	3668 	3668
# 288 faces

 #end of obj_51

o obj_52
v 9.3665 		-2.0419 		15.361
v 9.3631 		-2.0188 		15.3567
v 9.3631 		-2.0188 		15.8567
v 9.3699 		-2.0646 		15.3737
v 9.3731 		-2.0865 		15.3947
v 9.3762 		-2.1073 		15.4237
v 9.379 		-2.1265 		15.46
v 9.3816 		-2.144 		15.5031
v 9.3839 		-2.1592 		15.5523
v 9.3858 		-2.1721 		15.6067
v 9.3873 		-2.1823 		15.6653
v 9.3884 		-2.1898 		15.7273
v 9.389 		-2.1943 		15.7914
v 9.3893 		-2.1958 		15.8567
v 9.389 		-2.1943 		15.9219
v 9.3884 		-2.1898 		15.9861
v 9.3873 		-2.1823 		16.048
v 9.3858 		-2.1721 		16.1067
v 9.3839 		-2.1592 		16.1611
v 9.3816 		-2.144 		16.2102
v 9.379 		-2.1265 		16.2534
v 9.3762 		-2.1073 		16.2897
v 9.3731 		-2.0865 		16.3186
v 9.3699 		-2.0646 		16.3396
v 9.3665 		-2.0419 		16.3524
v 9.3631 		-2.0188 		16.3567
v 9.3597 		-1.9957 		16.3524
v 9.3563 		-1.973 		16.3396
v 9.3531 		-1.9511 		16.3186
v 9.35 		-1.9303 		16.2897
v 9.3472 		-1.9111 		16.2534
v 9.3446 		-1.8937 		16.2102
v 9.3423 		-1.8784 		16.1611
v 9.3404 		-1.8656 		16.1067
v 9.3389 		-1.8553 		16.048
v 9.3378 		-1.8479 		15.9861
v 9.3371 		-1.8434 		15.9219
v 9.3369 		-1.8418 		15.8567
v 9.3371 		-1.8434 		15.7914
v 9.3378 		-1.8479 		15.7273
v 9.3389 		-1.8553 		15.6653
v 9.3404 		-1.8656 		15.6067
v 9.3423 		-1.8784 		15.5523
v 9.3446 		-1.8937 		15.5031
v 9.3472 		-1.9111 		15.46
v 9.35 		-1.9303 		15.4237
v 9.3531 		-1.9511 		15.3947
v 9.3563 		-1.973 		15.3737
v 9.3597 		-1.9957 		15.361
v 1.1692 		-2.171 		15.3567
v 1.1726 		-2.1941 		15.361
v 1.1692 		-2.171 		15.8567
v 1.176 		-2.2168 		15.3737
v 1.1792 		-2.2387 		15.3947
v 1.1823 		-2.2595 		15.4237
v 1.1851 		-2.2788 		15.46
v 1.1877 		-2.2962 		15.5031
v 1.19 		-2.3114 		15.5523
v 1.1919 		-2.3243 		15.6067
v 1.1934 		-2.3345 		15.6653
v 1.1945 		-2.342 		15.7273
v 1.1952 		-2.3465 		15.7914
v 1.1954 		-2.348 		15.8567
v 1.1952 		-2.3465 		15.9219
v 1.1945 		-2.342 		15.9861
v 1.1934 		-2.3345 		16.048
v 1.1919 		-2.3243 		16.1067
v 1.19 		-2.3114 		16.1611
v 1.1877 		-2.2962 		16.2102
v 1.1851 		-2.2788 		16.2534
v 1.1823 		-2.2595 		16.2897
v 1.1792 		-2.2387 		16.3186
v 1.176 		-2.2168 		16.3396
v 1.1726 		-2.1941 		16.3524
v 1.1692 		-2.171 		16.3567
v 1.1658 		-2.1479 		16.3524
v 1.1624 		-2.1252 		16.3396
v 1.1592 		-2.1033 		16.3186
v 1.1561 		-2.0825 		16.2897
v 1.1533 		-2.0633 		16.2534
v 1.1507 		-2.0459 		16.2102
v 1.1484 		-2.0306 		16.1611
v 1.1465 		-2.0178 		16.1067
v 1.145 		-2.0075 		16.048
v 1.1439 		-2.0001 		15.9861
v 1.1433 		-1.9956 		15.9219
v 1.143 		-1.994 		15.8567
v 1.1433 		-1.9956 		15.7914
v 1.1439 		-2.0001 		15.7273
v 1.145 		-2.0075 		15.6653
v 1.1465 		-2.0178 		15.6067
v 1.1484 		-2.0306 		15.5523
v 1.1507 		-2.0459 		15.5031
v 1.1533 		-2.0633 		15.46
v 1.1561 		-2.0825 		15.4237
v 1.1592 		-2.1033 		15.3947
v 1.1624 		-2.1252 		15.3737
v 1.1658 		-2.1479 		15.361
# 98 vertices

g group_52_16768282

usemtl color_16768282
s 0

f 3717 	3718 	3719
f 3720 	3717 	3719
f 3721 	3720 	3719
f 3722 	3721 	3719
f 3723 	3722 	3719
f 3724 	3723 	3719
f 3725 	3724 	3719
f 3726 	3725 	3719
f 3727 	3726 	3719
f 3728 	3727 	3719
f 3729 	3728 	3719
f 3730 	3729 	3719
f 3731 	3730 	3719
f 3732 	3731 	3719
f 3733 	3732 	3719
f 3734 	3733 	3719
f 3735 	3734 	3719
f 3736 	3735 	3719
f 3737 	3736 	3719
f 3738 	3737 	3719
f 3739 	3738 	3719
f 3740 	3739 	3719
f 3741 	3740 	3719
f 3742 	3741 	3719
f 3743 	3742 	3719
f 3744 	3743 	3719
f 3745 	3744 	3719
f 3746 	3745 	3719
f 3747 	3746 	3719
f 3748 	3747 	3719
f 3749 	3748 	3719
f 3750 	3749 	3719
f 3751 	3750 	3719
f 3752 	3751 	3719
f 3753 	3752 	3719
f 3754 	3753 	3719
f 3755 	3754 	3719
f 3756 	3755 	3719
f 3757 	3756 	3719
f 3758 	3757 	3719
f 3759 	3758 	3719
f 3760 	3759 	3719
f 3761 	3760 	3719
f 3762 	3761 	3719
f 3763 	3762 	3719
f 3764 	3763 	3719
f 3765 	3764 	3719
f 3718 	3765 	3719
f 3766 	3767 	3768
f 3767 	3769 	3768
f 3769 	3770 	3768
f 3770 	3771 	3768
f 3771 	3772 	3768
f 3772 	3773 	3768
f 3773 	3774 	3768
f 3774 	3775 	3768
f 3775 	3776 	3768
f 3776 	3777 	3768
f 3777 	3778 	3768
f 3778 	3779 	3768
f 3779 	3780 	3768
f 3780 	3781 	3768
f 3781 	3782 	3768
f 3782 	3783 	3768
f 3783 	3784 	3768
f 3784 	3785 	3768
f 3785 	3786 	3768
f 3786 	3787 	3768
f 3787 	3788 	3768
f 3788 	3789 	3768
f 3789 	3790 	3768
f 3790 	3791 	3768
f 3791 	3792 	3768
f 3792 	3793 	3768
f 3793 	3794 	3768
f 3794 	3795 	3768
f 3795 	3796 	3768
f 3796 	3797 	3768
f 3797 	3798 	3768
f 3798 	3799 	3768
f 3799 	3800 	3768
f 3800 	3801 	3768
f 3801 	3802 	3768
f 3802 	3803 	3768
f 3803 	3804 	3768
f 3804 	3805 	3768
f 3805 	3806 	3768
f 3806 	3807 	3768
f 3807 	3808 	3768
f 3808 	3809 	3768
f 3809 	3810 	3768
f 3810 	3811 	3768
f 3811 	3812 	3768
f 3812 	3813 	3768
f 3813 	3814 	3768
f 3814 	3766 	3768
f 3718 	3717 	3717
f 3717 	3720 	3720
f 3720 	3721 	3721
f 3721 	3722 	3722
f 3722 	3723 	3723
f 3723 	3724 	3724
f 3724 	3725 	3725
f 3725 	3726 	3726
f 3726 	3727 	3727
f 3727 	3728 	3728
f 3728 	3729 	3729
f 3729 	3730 	3730
f 3730 	3731 	3731
f 3731 	3732 	3732
f 3732 	3733 	3733
f 3733 	3734 	3734
f 3734 	3735 	3735
f 3735 	3736 	3736
f 3736 	3737 	3737
f 3737 	3738 	3738
f 3738 	3739 	3739
f 3739 	3740 	3740
f 3740 	3741 	3741
f 3741 	3742 	3742
f 3742 	3743 	3743
f 3743 	3744 	3744
f 3744 	3745 	3745
f 3745 	3746 	3746
f 3746 	3747 	3747
f 3747 	3748 	3748
f 3748 	3749 	3749
f 3749 	3750 	3750
f 3750 	3751 	3751
f 3751 	3752 	3752
f 3752 	3753 	3753
f 3753 	3754 	3754
f 3754 	3755 	3755
f 3755 	3756 	3756
f 3756 	3757 	3757
f 3757 	3758 	3758
f 3758 	3759 	3759
f 3759 	3760 	3760
f 3760 	3761 	3761
f 3761 	3762 	3762
f 3762 	3763 	3763
f 3763 	3764 	3764
f 3764 	3765 	3765
f 3765 	3718 	3718
f 3718 	3717 	3767
f 3718 	3767 	3766
f 3717 	3720 	3769
f 3717 	3769 	3767
f 3720 	3721 	3770
f 3720 	3770 	3769
f 3721 	3722 	3771
f 3721 	3771 	3770
f 3722 	3723 	3772
f 3722 	3772 	3771
f 3723 	3724 	3773
f 3723 	3773 	3772
f 3724 	3725 	3774
f 3724 	3774 	3773
f 3725 	3726 	3775
f 3725 	3775 	3774
f 3726 	3727 	3776
f 3726 	3776 	3775
f 3727 	3728 	3777
f 3727 	3777 	3776
f 3728 	3729 	3778
f 3728 	3778 	3777
f 3729 	3730 	3779
f 3729 	3779 	3778
f 3730 	3731 	3780
f 3730 	3780 	3779
f 3731 	3732 	3781
f 3731 	3781 	3780
f 3732 	3733 	3782
f 3732 	3782 	3781
f 3733 	3734 	3783
f 3733 	3783 	3782
f 3734 	3735 	3784
f 3734 	3784 	3783
f 3735 	3736 	3785
f 3735 	3785 	3784
f 3736 	3737 	3786
f 3736 	3786 	3785
f 3737 	3738 	3787
f 3737 	3787 	3786
f 3738 	3739 	3788
f 3738 	3788 	3787
f 3739 	3740 	3789
f 3739 	3789 	3788
f 3740 	3741 	3790
f 3740 	3790 	3789
f 3741 	3742 	3791
f 3741 	3791 	3790
f 3742 	3743 	3792
f 3742 	3792 	3791
f 3743 	3744 	3793
f 3743 	3793 	3792
f 3744 	3745 	3794
f 3744 	3794 	3793
f 3745 	3746 	3795
f 3745 	3795 	3794
f 3746 	3747 	3796
f 3746 	3796 	3795
f 3747 	3748 	3797
f 3747 	3797 	3796
f 3748 	3749 	3798
f 3748 	3798 	3797
f 3749 	3750 	3799
f 3749 	3799 	3798
f 3750 	3751 	3800
f 3750 	3800 	3799
f 3751 	3752 	3801
f 3751 	3801 	3800
f 3752 	3753 	3802
f 3752 	3802 	3801
f 3753 	3754 	3803
f 3753 	3803 	3802
f 3754 	3755 	3804
f 3754 	3804 	3803
f 3755 	3756 	3805
f 3755 	3805 	3804
f 3756 	3757 	3806
f 3756 	3806 	3805
f 3757 	3758 	3807
f 3757 	3807 	3806
f 3758 	3759 	3808
f 3758 	3808 	3807
f 3759 	3760 	3809
f 3759 	3809 	3808
f 3760 	3761 	3810
f 3760 	3810 	3809
f 3761 	3762 	3811
f 3761 	3811 	3810
f 3762 	3763 	3812
f 3762 	3812 	3811
f 3763 	3764 	3813
f 3763 	3813 	3812
f 3764 	3765 	3814
f 3764 	3814 	3813
f 3765 	3718 	3766
f 3765 	3766 	3814
f 3766 	3767 	3767
f 3767 	3769 	3769
f 3769 	3770 	3770
f 3770 	3771 	3771
f 3771 	3772 	3772
f 3772 	3773 	3773
f 3773 	3774 	3774
f 3774 	3775 	3775
f 3775 	3776 	3776
f 3776 	3777 	3777
f 3777 	3778 	3778
f 3778 	3779 	3779
f 3779 	3780 	3780
f 3780 	3781 	3781
f 3781 	3782 	3782
f 3782 	3783 	3783
f 3783 	3784 	3784
f 3784 	3785 	3785
f 3785 	3786 	3786
f 3786 	3787 	3787
f 3787 	3788 	3788
f 3788 	3789 	3789
f 3789 	3790 	3790
f 3790 	3791 	3791
f 3791 	3792 	3792
f 3792 	3793 	3793
f 3793 	3794 	3794
f 3794 	3795 	3795
f 3795 	3796 	3796
f 3796 	3797 	3797
f 3797 	3798 	3798
f 3798 	3799 	3799
f 3799 	3800 	3800
f 3800 	3801 	3801
f 3801 	3802 	3802
f 3802 	3803 	3803
f 3803 	3804 	3804
f 3804 	3805 	3805
f 3805 	3806 	3806
f 3806 	3807 	3807
f 3807 	3808 	3808
f 3808 	3809 	3809
f 3809 	3810 	3810
f 3810 	3811 	3811
f 3811 	3812 	3812
f 3812 	3813 	3813
f 3813 	3814 	3814
f 3814 	3766 	3766
# 288 faces

 #end of obj_52

o obj_53
v -6.615 		-2.3156 		15.8567
v 1.1692 		-2.171 		15.3567
v 1.1726 		-2.1941 		15.361
v 1.176 		-2.2168 		15.3737
v 1.1792 		-2.2387 		15.3947
v 1.1823 		-2.2595 		15.4237
v 1.1851 		-2.2788 		15.46
v 1.1877 		-2.2962 		15.5031
v 1.19 		-2.3114 		15.5523
v 1.1919 		-2.3243 		15.6067
v 1.1934 		-2.3345 		15.6653
v 1.1945 		-2.342 		15.7273
v 1.1952 		-2.3465 		15.7914
v 1.1954 		-2.348 		15.8567
v 1.1952 		-2.3465 		15.9219
v 1.1945 		-2.342 		15.9861
v 1.1934 		-2.3345 		16.048
v 1.1919 		-2.3243 		16.1067
v 1.19 		-2.3114 		16.1611
v 1.1877 		-2.2962 		16.2102
v 1.1851 		-2.2788 		16.2534
v 1.1823 		-2.2595 		16.2897
v 1.1792 		-2.2387 		16.3186
v 1.176 		-2.2168 		16.3396
v 1.1726 		-2.1941 		16.3524
v 1.1692 		-2.171 		16.3567
v 1.1658 		-2.1479 		16.3524
v 1.1624 		-2.1252 		16.3396
v 1.1592 		-2.1033 		16.3186
v 1.1561 		-2.0825 		16.2897
v 1.1533 		-2.0633 		16.2534
v 1.1507 		-2.0459 		16.2102
v 1.1484 		-2.0306 		16.1611
v 1.1465 		-2.0178 		16.1067
v 1.145 		-2.0075 		16.048
v 1.1439 		-2.0001 		15.9861
v 1.1433 		-1.9956 		15.9219
v 1.143 		-1.994 		15.8567
v 1.1433 		-1.9956 		15.7914
v 1.1439 		-2.0001 		15.7273
v 1.145 		-2.0075 		15.6653
v 1.1465 		-2.0178 		15.6067
v 1.1484 		-2.0306 		15.5523
v 1.1507 		-2.0459 		15.5031
v 1.1533 		-2.0633 		15.46
v 1.1561 		-2.0825 		15.4237
v 1.1592 		-2.1033 		15.3947
v 1.1624 		-2.1252 		15.3737
v 1.1658 		-2.1479 		15.361
v 1.1692 		-2.171 		15.8567
# 50 vertices

g group_53_16768282

usemtl color_16768282
s 0

f 3816 	3817 	3815
f 3817 	3818 	3815
f 3818 	3819 	3815
f 3819 	3820 	3815
f 3820 	3821 	3815
f 3821 	3822 	3815
f 3822 	3823 	3815
f 3823 	3824 	3815
f 3824 	3825 	3815
f 3825 	3826 	3815
f 3826 	3827 	3815
f 3827 	3828 	3815
f 3828 	3829 	3815
f 3829 	3830 	3815
f 3830 	3831 	3815
f 3831 	3832 	3815
f 3832 	3833 	3815
f 3833 	3834 	3815
f 3834 	3835 	3815
f 3835 	3836 	3815
f 3836 	3837 	3815
f 3837 	3838 	3815
f 3838 	3839 	3815
f 3839 	3840 	3815
f 3840 	3841 	3815
f 3841 	3842 	3815
f 3842 	3843 	3815
f 3843 	3844 	3815
f 3844 	3845 	3815
f 3845 	3846 	3815
f 3846 	3847 	3815
f 3847 	3848 	3815
f 3848 	3849 	3815
f 3849 	3850 	3815
f 3850 	3851 	3815
f 3851 	3852 	3815
f 3852 	3853 	3815
f 3853 	3854 	3815
f 3854 	3855 	3815
f 3855 	3856 	3815
f 3856 	3857 	3815
f 3857 	3858 	3815
f 3858 	3859 	3815
f 3859 	3860 	3815
f 3860 	3861 	3815
f 3861 	3862 	3815
f 3862 	3863 	3815
f 3863 	3816 	3815
f 3817 	3816 	3864
f 3818 	3817 	3864
f 3819 	3818 	3864
f 3820 	3819 	3864
f 3821 	3820 	3864
f 3822 	3821 	3864
f 3823 	3822 	3864
f 3824 	3823 	3864
f 3825 	3824 	3864
f 3826 	3825 	3864
f 3827 	3826 	3864
f 3828 	3827 	3864
f 3829 	3828 	3864
f 3830 	3829 	3864
f 3831 	3830 	3864
f 3832 	3831 	3864
f 3833 	3832 	3864
f 3834 	3833 	3864
f 3835 	3834 	3864
f 3836 	3835 	3864
f 3837 	3836 	3864
f 3838 	3837 	3864
f 3839 	3838 	3864
f 3840 	3839 	3864
f 3841 	3840 	3864
f 3842 	3841 	3864
f 3843 	3842 	3864
f 3844 	3843 	3864
f 3845 	3844 	3864
f 3846 	3845 	3864
f 3847 	3846 	3864
f 3848 	3847 	3864
f 3849 	3848 	3864
f 3850 	3849 	3864
f 3851 	3850 	3864
f 3852 	3851 	3864
f 3853 	3852 	3864
f 3854 	3853 	3864
f 3855 	3854 	3864
f 3856 	3855 	3864
f 3857 	3856 	3864
f 3858 	3857 	3864
f 3859 	3858 	3864
f 3860 	3859 	3864
f 3861 	3860 	3864
f 3862 	3861 	3864
f 3863 	3862 	3864
f 3816 	3863 	3864
# 96 faces

 #end of obj_53

o obj_54
v -8.6644 		-2.8215 		15.8567
v -0.8802 		-2.6769 		15.3567
v -0.8768 		-2.7 		15.361
v -0.8735 		-2.7227 		15.3737
v -0.8702 		-2.7446 		15.3947
v -0.8671 		-2.7654 		15.4237
v -0.8643 		-2.7846 		15.46
v -0.8617 		-2.802 		15.5031
v -0.8595 		-2.8173 		15.5523
v -0.8576 		-2.8301 		15.6067
v -0.856 		-2.8404 		15.6653
v -0.8549 		-2.8478 		15.7273
v -0.8543 		-2.8523 		15.7914
v -0.8541 		-2.8538 		15.8567
v -0.8543 		-2.8523 		15.9219
v -0.8549 		-2.8478 		15.9861
v -0.856 		-2.8404 		16.048
v -0.8576 		-2.8301 		16.1067
v -0.8595 		-2.8173 		16.1611
v -0.8617 		-2.802 		16.2102
v -0.8643 		-2.7846 		16.2534
v -0.8671 		-2.7654 		16.2897
v -0.8702 		-2.7446 		16.3186
v -0.8735 		-2.7227 		16.3396
v -0.8768 		-2.7 		16.3524
v -0.8802 		-2.6769 		16.3567
v -0.8836 		-2.6538 		16.3524
v -0.887 		-2.6311 		16.3396
v -0.8902 		-2.6091 		16.3186
v -0.8933 		-2.5884 		16.2897
v -0.8962 		-2.5691 		16.2534
v -0.8987 		-2.5517 		16.2102
v -0.901 		-2.5365 		16.1611
v -0.9029 		-2.5236 		16.1067
v -0.9044 		-2.5134 		16.048
v -0.9055 		-2.5059 		15.9861
v -0.9062 		-2.5014 		15.9219
v -0.9064 		-2.4999 		15.8567
v -0.9062 		-2.5014 		15.7914
v -0.9055 		-2.5059 		15.7273
v -0.9044 		-2.5134 		15.6653
v -0.9029 		-2.5236 		15.6067
v -0.901 		-2.5365 		15.5523
v -0.8987 		-2.5517 		15.5031
v -0.8962 		-2.5691 		15.46
v -0.8933 		-2.5884 		15.4237
v -0.8902 		-2.6091 		15.3947
v -0.887 		-2.6311 		15.3737
v -0.8836 		-2.6538 		15.361
v -0.8802 		-2.6769 		15.8567
# 50 vertices

g group_54_16768282

usemtl color_16768282
s 0

f 3866 	3867 	3865
f 3867 	3868 	3865
f 3868 	3869 	3865
f 3869 	3870 	3865
f 3870 	3871 	3865
f 3871 	3872 	3865
f 3872 	3873 	3865
f 3873 	3874 	3865
f 3874 	3875 	3865
f 3875 	3876 	3865
f 3876 	3877 	3865
f 3877 	3878 	3865
f 3878 	3879 	3865
f 3879 	3880 	3865
f 3880 	3881 	3865
f 3881 	3882 	3865
f 3882 	3883 	3865
f 3883 	3884 	3865
f 3884 	3885 	3865
f 3885 	3886 	3865
f 3886 	3887 	3865
f 3887 	3888 	3865
f 3888 	3889 	3865
f 3889 	3890 	3865
f 3890 	3891 	3865
f 3891 	3892 	3865
f 3892 	3893 	3865
f 3893 	3894 	3865
f 3894 	3895 	3865
f 3895 	3896 	3865
f 3896 	3897 	3865
f 3897 	3898 	3865
f 3898 	3899 	3865
f 3899 	3900 	3865
f 3900 	3901 	3865
f 3901 	3902 	3865
f 3902 	3903 	3865
f 3903 	3904 	3865
f 3904 	3905 	3865
f 3905 	3906 	3865
f 3906 	3907 	3865
f 3907 	3908 	3865
f 3908 	3909 	3865
f 3909 	3910 	3865
f 3910 	3911 	3865
f 3911 	3912 	3865
f 3912 	3913 	3865
f 3913 	3866 	3865
f 3867 	3866 	3914
f 3868 	3867 	3914
f 3869 	3868 	3914
f 3870 	3869 	3914
f 3871 	3870 	3914
f 3872 	3871 	3914
f 3873 	3872 	3914
f 3874 	3873 	3914
f 3875 	3874 	3914
f 3876 	3875 	3914
f 3877 	3876 	3914
f 3878 	3877 	3914
f 3879 	3878 	3914
f 3880 	3879 	3914
f 3881 	3880 	3914
f 3882 	3881 	3914
f 3883 	3882 	3914
f 3884 	3883 	3914
f 3885 	3884 	3914
f 3886 	3885 	3914
f 3887 	3886 	3914
f 3888 	3887 	3914
f 3889 	3888 	3914
f 3890 	3889 	3914
f 3891 	3890 	3914
f 3892 	3891 	3914
f 3893 	3892 	3914
f 3894 	3893 	3914
f 3895 	3894 	3914
f 3896 	3895 	3914
f 3897 	3896 	3914
f 3898 	3897 	3914
f 3899 	3898 	3914
f 3900 	3899 	3914
f 3901 	3900 	3914
f 3902 	3901 	3914
f 3903 	3902 	3914
f 3904 	3903 	3914
f 3905 	3904 	3914
f 3906 	3905 	3914
f 3907 	3906 	3914
f 3908 	3907 	3914
f 3909 	3908 	3914
f 3910 	3909 	3914
f 3911 	3910 	3914
f 3912 	3911 	3914
f 3913 	3912 	3914
f 3866 	3913 	3914
# 96 faces

 #end of obj_54

o obj_55
v 7.3171 		-2.5478 		15.361
v 7.3137 		-2.5247 		15.3567
v 7.3137 		-2.5247 		15.8567
v 7.3204 		-2.5705 		15.3737
v 7.3237 		-2.5924 		15.3947
v 7.3267 		-2.6132 		15.4237
v 7.3296 		-2.6324 		15.46
v 7.3322 		-2.6498 		15.5031
v 7.3344 		-2.6651 		15.5523
v 7.3363 		-2.6779 		15.6067
v 7.3378 		-2.6882 		15.6653
v 7.3389 		-2.6956 		15.7273
v 7.3396 		-2.7001 		15.7914
v 7.3398 		-2.7016 		15.8567
v 7.3396 		-2.7001 		15.9219
v 7.3389 		-2.6956 		15.9861
v 7.3378 		-2.6882 		16.048
v 7.3363 		-2.6779 		16.1067
v 7.3344 		-2.6651 		16.1611
v 7.3322 		-2.6498 		16.2102
v 7.3296 		-2.6324 		16.2534
v 7.3267 		-2.6132 		16.2897
v 7.3237 		-2.5924 		16.3186
v 7.3204 		-2.5705 		16.3396
v 7.3171 		-2.5478 		16.3524
v 7.3137 		-2.5247 		16.3567
v 7.3102 		-2.5016 		16.3524
v 7.3069 		-2.4789 		16.3396
v 7.3036 		-2.4569 		16.3186
v 7.3006 		-2.4362 		16.2897
v 7.2977 		-2.4169 		16.2534
v 7.2952 		-2.3995 		16.2102
v 7.2929 		-2.3843 		16.1611
v 7.291 		-2.3714 		16.1067
v 7.2895 		-2.3612 		16.048
v 7.2884 		-2.3537 		15.9861
v 7.2877 		-2.3492 		15.9219
v 7.2875 		-2.3477 		15.8567
v 7.2877 		-2.3492 		15.7914
v 7.2884 		-2.3537 		15.7273
v 7.2895 		-2.3612 		15.6653
v 7.291 		-2.3714 		15.6067
v 7.2929 		-2.3843 		15.5523
v 7.2952 		-2.3995 		15.5031
v 7.2977 		-2.4169 		15.46
v 7.3006 		-2.4362 		15.4237
v 7.3036 		-2.4569 		15.3947
v 7.3069 		-2.4789 		15.3737
v 7.3102 		-2.5016 		15.361
v -0.8802 		-2.6769 		15.3567
v -0.8768 		-2.7 		15.361
v -0.8802 		-2.6769 		15.8567
v -0.8735 		-2.7227 		15.3737
v -0.8702 		-2.7446 		15.3947
v -0.8671 		-2.7654 		15.4237
v -0.8643 		-2.7846 		15.46
v -0.8617 		-2.802 		15.5031
v -0.8595 		-2.8173 		15.5523
v -0.8576 		-2.8301 		15.6067
v -0.856 		-2.8404 		15.6653
v -0.8549 		-2.8478 		15.7273
v -0.8543 		-2.8523 		15.7914
v -0.8541 		-2.8538 		15.8567
v -0.8543 		-2.8523 		15.9219
v -0.8549 		-2.8478 		15.9861
v -0.856 		-2.8404 		16.048
v -0.8576 		-2.8301 		16.1067
v -0.8595 		-2.8173 		16.1611
v -0.8617 		-2.802 		16.2102
v -0.8643 		-2.7846 		16.2534
v -0.8671 		-2.7654 		16.2897
v -0.8702 		-2.7446 		16.3186
v -0.8735 		-2.7227 		16.3396
v -0.8768 		-2.7 		16.3524
v -0.8802 		-2.6769 		16.3567
v -0.8836 		-2.6538 		16.3524
v -0.887 		-2.6311 		16.3396
v -0.8902 		-2.6091 		16.3186
v -0.8933 		-2.5884 		16.2897
v -0.8962 		-2.5691 		16.2534
v -0.8987 		-2.5517 		16.2102
v -0.901 		-2.5365 		16.1611
v -0.9029 		-2.5236 		16.1067
v -0.9044 		-2.5134 		16.048
v -0.9055 		-2.5059 		15.9861
v -0.9062 		-2.5014 		15.9219
v -0.9064 		-2.4999 		15.8567
v -0.9062 		-2.5014 		15.7914
v -0.9055 		-2.5059 		15.7273
v -0.9044 		-2.5134 		15.6653
v -0.9029 		-2.5236 		15.6067
v -0.901 		-2.5365 		15.5523
v -0.8987 		-2.5517 		15.5031
v -0.8962 		-2.5691 		15.46
v -0.8933 		-2.5884 		15.4237
v -0.8902 		-2.6091 		15.3947
v -0.887 		-2.6311 		15.3737
v -0.8836 		-2.6538 		15.361
# 98 vertices

g group_55_16768282

usemtl color_16768282
s 0

f 3915 	3916 	3917
f 3918 	3915 	3917
f 3919 	3918 	3917
f 3920 	3919 	3917
f 3921 	3920 	3917
f 3922 	3921 	3917
f 3923 	3922 	3917
f 3924 	3923 	3917
f 3925 	3924 	3917
f 3926 	3925 	3917
f 3927 	3926 	3917
f 3928 	3927 	3917
f 3929 	3928 	3917
f 3930 	3929 	3917
f 3931 	3930 	3917
f 3932 	3931 	3917
f 3933 	3932 	3917
f 3934 	3933 	3917
f 3935 	3934 	3917
f 3936 	3935 	3917
f 3937 	3936 	3917
f 3938 	3937 	3917
f 3939 	3938 	3917
f 3940 	3939 	3917
f 3941 	3940 	3917
f 3942 	3941 	3917
f 3943 	3942 	3917
f 3944 	3943 	3917
f 3945 	3944 	3917
f 3946 	3945 	3917
f 3947 	3946 	3917
f 3948 	3947 	3917
f 3949 	3948 	3917
f 3950 	3949 	3917
f 3951 	3950 	3917
f 3952 	3951 	3917
f 3953 	3952 	3917
f 3954 	3953 	3917
f 3955 	3954 	3917
f 3956 	3955 	3917
f 3957 	3956 	3917
f 3958 	3957 	3917
f 3959 	3958 	3917
f 3960 	3959 	3917
f 3961 	3960 	3917
f 3962 	3961 	3917
f 3963 	3962 	3917
f 3916 	3963 	3917
f 3964 	3965 	3966
f 3965 	3967 	3966
f 3967 	3968 	3966
f 3968 	3969 	3966
f 3969 	3970 	3966
f 3970 	3971 	3966
f 3971 	3972 	3966
f 3972 	3973 	3966
f 3973 	3974 	3966
f 3974 	3975 	3966
f 3975 	3976 	3966
f 3976 	3977 	3966
f 3977 	3978 	3966
f 3978 	3979 	3966
f 3979 	3980 	3966
f 3980 	3981 	3966
f 3981 	3982 	3966
f 3982 	3983 	3966
f 3983 	3984 	3966
f 3984 	3985 	3966
f 3985 	3986 	3966
f 3986 	3987 	3966
f 3987 	3988 	3966
f 3988 	3989 	3966
f 3989 	3990 	3966
f 3990 	3991 	3966
f 3991 	3992 	3966
f 3992 	3993 	3966
f 3993 	3994 	3966
f 3994 	3995 	3966
f 3995 	3996 	3966
f 3996 	3997 	3966
f 3997 	3998 	3966
f 3998 	3999 	3966
f 3999 	4000 	3966
f 4000 	4001 	3966
f 4001 	4002 	3966
f 4002 	4003 	3966
f 4003 	4004 	3966
f 4004 	4005 	3966
f 4005 	4006 	3966
f 4006 	4007 	3966
f 4007 	4008 	3966
f 4008 	4009 	3966
f 4009 	4010 	3966
f 4010 	4011 	3966
f 4011 	4012 	3966
f 4012 	3964 	3966
f 3916 	3915 	3915
f 3915 	3918 	3918
f 3918 	3919 	3919
f 3919 	3920 	3920
f 3920 	3921 	3921
f 3921 	3922 	3922
f 3922 	3923 	3923
f 3923 	3924 	3924
f 3924 	3925 	3925
f 3925 	3926 	3926
f 3926 	3927 	3927
f 3927 	3928 	3928
f 3928 	3929 	3929
f 3929 	3930 	3930
f 3930 	3931 	3931
f 3931 	3932 	3932
f 3932 	3933 	3933
f 3933 	3934 	3934
f 3934 	3935 	3935
f 3935 	3936 	3936
f 3936 	3937 	3937
f 3937 	3938 	3938
f 3938 	3939 	3939
f 3939 	3940 	3940
f 3940 	3941 	3941
f 3941 	3942 	3942
f 3942 	3943 	3943
f 3943 	3944 	3944
f 3944 	3945 	3945
f 3945 	3946 	3946
f 3946 	3947 	3947
f 3947 	3948 	3948
f 3948 	3949 	3949
f 3949 	3950 	3950
f 3950 	3951 	3951
f 3951 	3952 	3952
f 3952 	3953 	3953
f 3953 	3954 	3954
f 3954 	3955 	3955
f 3955 	3956 	3956
f 3956 	3957 	3957
f 3957 	3958 	3958
f 3958 	3959 	3959
f 3959 	3960 	3960
f 3960 	3961 	3961
f 3961 	3962 	3962
f 3962 	3963 	3963
f 3963 	3916 	3916
f 3916 	3915 	3965
f 3916 	3965 	3964
f 3915 	3918 	3967
f 3915 	3967 	3965
f 3918 	3919 	3968
f 3918 	3968 	3967
f 3919 	3920 	3969
f 3919 	3969 	3968
f 3920 	3921 	3970
f 3920 	3970 	3969
f 3921 	3922 	3971
f 3921 	3971 	3970
f 3922 	3923 	3972
f 3922 	3972 	3971
f 3923 	3924 	3973
f 3923 	3973 	3972
f 3924 	3925 	3974
f 3924 	3974 	3973
f 3925 	3926 	3975
f 3925 	3975 	3974
f 3926 	3927 	3976
f 3926 	3976 	3975
f 3927 	3928 	3977
f 3927 	3977 	3976
f 3928 	3929 	3978
f 3928 	3978 	3977
f 3929 	3930 	3979
f 3929 	3979 	3978
f 3930 	3931 	3980
f 3930 	3980 	3979
f 3931 	3932 	3981
f 3931 	3981 	3980
f 3932 	3933 	3982
f 3932 	3982 	3981
f 3933 	3934 	3983
f 3933 	3983 	3982
f 3934 	3935 	3984
f 3934 	3984 	3983
f 3935 	3936 	3985
f 3935 	3985 	3984
f 3936 	3937 	3986
f 3936 	3986 	3985
f 3937 	3938 	3987
f 3937 	3987 	3986
f 3938 	3939 	3988
f 3938 	3988 	3987
f 3939 	3940 	3989
f 3939 	3989 	3988
f 3940 	3941 	3990
f 3940 	3990 	3989
f 3941 	3942 	3991
f 3941 	3991 	3990
f 3942 	3943 	3992
f 3942 	3992 	3991
f 3943 	3944 	3993
f 3943 	3993 	3992
f 3944 	3945 	3994
f 3944 	3994 	3993
f 3945 	3946 	3995
f 3945 	3995 	3994
f 3946 	3947 	3996
f 3946 	3996 	3995
f 3947 	3948 	3997
f 3947 	3997 	3996
f 3948 	3949 	3998
f 3948 	3998 	3997
f 3949 	3950 	3999
f 3949 	3999 	3998
f 3950 	3951 	4000
f 3950 	4000 	3999
f 3951 	3952 	4001
f 3951 	4001 	4000
f 3952 	3953 	4002
f 3952 	4002 	4001
f 3953 	3954 	4003
f 3953 	4003 	4002
f 3954 	3955 	4004
f 3954 	4004 	4003
f 3955 	3956 	4005
f 3955 	4005 	4004
f 3956 	3957 	4006
f 3956 	4006 	4005
f 3957 	3958 	4007
f 3957 	4007 	4006
f 3958 	3959 	4008
f 3958 	4008 	4007
f 3959 	3960 	4009
f 3959 	4009 	4008
f 3960 	3961 	4010
f 3960 	4010 	4009
f 3961 	3962 	4011
f 3961 	4011 	4010
f 3962 	3963 	4012
f 3962 	4012 	4011
f 3963 	3916 	3964
f 3963 	3964 	4012
f 3964 	3965 	3965
f 3965 	3967 	3967
f 3967 	3968 	3968
f 3968 	3969 	3969
f 3969 	3970 	3970
f 3970 	3971 	3971
f 3971 	3972 	3972
f 3972 	3973 	3973
f 3973 	3974 	3974
f 3974 	3975 	3975
f 3975 	3976 	3976
f 3976 	3977 	3977
f 3977 	3978 	3978
f 3978 	3979 	3979
f 3979 	3980 	3980
f 3980 	3981 	3981
f 3981 	3982 	3982
f 3982 	3983 	3983
f 3983 	3984 	3984
f 3984 	3985 	3985
f 3985 	3986 	3986
f 3986 	3987 	3987
f 3987 	3988 	3988
f 3988 	3989 	3989
f 3989 	3990 	3990
f 3990 	3991 	3991
f 3991 	3992 	3992
f 3992 	3993 	3993
f 3993 	3994 	3994
f 3994 	3995 	3995
f 3995 	3996 	3996
f 3996 	3997 	3997
f 3997 	3998 	3998
f 3998 	3999 	3999
f 3999 	4000 	4000
f 4000 	4001 	4001
f 4001 	4002 	4002
f 4002 	4003 	4003
f 4003 	4004 	4004
f 4004 	4005 	4005
f 4005 	4006 	4006
f 4006 	4007 	4007
f 4007 	4008 	4008
f 4008 	4009 	4009
f 4009 	4010 	4010
f 4010 	4011 	4011
f 4011 	4012 	4012
f 4012 	3964 	3964
# 288 faces

 #end of obj_55

o obj_56
v 9.5465 		-3.2593 		15.361
v 9.5431 		-3.2362 		15.3567
v 9.5431 		-3.2362 		15.8567
v 9.5499 		-3.282 		15.3737
v 9.5531 		-3.3039 		15.3947
v 9.5562 		-3.3246 		15.4237
v 9.559 		-3.3439 		15.46
v 9.5616 		-3.3613 		15.5031
v 9.5639 		-3.3766 		15.5523
v 9.5658 		-3.3894 		15.6067
v 9.5673 		-3.3997 		15.6653
v 9.5684 		-3.4071 		15.7273
v 9.569 		-3.4116 		15.7914
v 9.5693 		-3.4131 		15.8567
v 9.569 		-3.4116 		15.9219
v 9.5684 		-3.4071 		15.9861
v 9.5673 		-3.3997 		16.048
v 9.5658 		-3.3894 		16.1067
v 9.5639 		-3.3766 		16.1611
v 9.5616 		-3.3613 		16.2102
v 9.559 		-3.3439 		16.2534
v 9.5562 		-3.3246 		16.2897
v 9.5531 		-3.3039 		16.3186
v 9.5499 		-3.282 		16.3396
v 9.5465 		-3.2593 		16.3524
v 9.5431 		-3.2362 		16.3567
v 9.5397 		-3.2131 		16.3524
v 9.5363 		-3.1903 		16.3396
v 9.5331 		-3.1684 		16.3186
v 9.53 		-3.1477 		16.2897
v 9.5272 		-3.1284 		16.2534
v 9.5246 		-3.111 		16.2102
v 9.5223 		-3.0958 		16.1611
v 9.5204 		-3.0829 		16.1067
v 9.5189 		-3.0727 		16.048
v 9.5178 		-3.0652 		15.9861
v 9.5171 		-3.0607 		15.9219
v 9.5169 		-3.0592 		15.8567
v 9.5171 		-3.0607 		15.7914
v 9.5178 		-3.0652 		15.7273
v 9.5189 		-3.0727 		15.6653
v 9.5204 		-3.0829 		15.6067
v 9.5223 		-3.0958 		15.5523
v 9.5246 		-3.111 		15.5031
v 9.5272 		-3.1284 		15.46
v 9.53 		-3.1477 		15.4237
v 9.5331 		-3.1684 		15.3947
v 9.5363 		-3.1903 		15.3737
v 9.5397 		-3.2131 		15.361
v 1.3492 		-3.3884 		15.3567
v 1.3526 		-3.4115 		15.361
v 1.3492 		-3.3884 		15.8567
v 1.356 		-3.4342 		15.3737
v 1.3592 		-3.4561 		15.3947
v 1.3623 		-3.4768 		15.4237
v 1.3651 		-3.4961 		15.46
v 1.3677 		-3.5135 		15.5031
v 1.37 		-3.5288 		15.5523
v 1.3719 		-3.5416 		15.6067
v 1.3734 		-3.5519 		15.6653
v 1.3745 		-3.5593 		15.7273
v 1.3752 		-3.5638 		15.7914
v 1.3754 		-3.5653 		15.8567
v 1.3752 		-3.5638 		15.9219
v 1.3745 		-3.5593 		15.9861
v 1.3734 		-3.5519 		16.048
v 1.3719 		-3.5416 		16.1067
v 1.37 		-3.5288 		16.1611
v 1.3677 		-3.5135 		16.2102
v 1.3651 		-3.4961 		16.2534
v 1.3623 		-3.4768 		16.2897
v 1.3592 		-3.4561 		16.3186
v 1.356 		-3.4342 		16.3396
v 1.3526 		-3.4115 		16.3524
v 1.3492 		-3.3884 		16.3567
v 1.3458 		-3.3653 		16.3524
v 1.3424 		-3.3425 		16.3396
v 1.3392 		-3.3206 		16.3186
v 1.3361 		-3.2999 		16.2897
v 1.3333 		-3.2806 		16.2534
v 1.3307 		-3.2632 		16.2102
v 1.3284 		-3.248 		16.1611
v 1.3265 		-3.2351 		16.1067
v 1.325 		-3.2249 		16.048
v 1.3239 		-3.2174 		15.9861
v 1.3233 		-3.2129 		15.9219
v 1.323 		-3.2114 		15.8567
v 1.3233 		-3.2129 		15.7914
v 1.3239 		-3.2174 		15.7273
v 1.325 		-3.2249 		15.6653
v 1.3265 		-3.2351 		15.6067
v 1.3284 		-3.248 		15.5523
v 1.3307 		-3.2632 		15.5031
v 1.3333 		-3.2806 		15.46
v 1.3361 		-3.2999 		15.4237
v 1.3392 		-3.3206 		15.3947
v 1.3424 		-3.3425 		15.3737
v 1.3458 		-3.3653 		15.361
# 98 vertices

g group_56_16768282

usemtl color_16768282
s 0

f 4013 	4014 	4015
f 4016 	4013 	4015
f 4017 	4016 	4015
f 4018 	4017 	4015
f 4019 	4018 	4015
f 4020 	4019 	4015
f 4021 	4020 	4015
f 4022 	4021 	4015
f 4023 	4022 	4015
f 4024 	4023 	4015
f 4025 	4024 	4015
f 4026 	4025 	4015
f 4027 	4026 	4015
f 4028 	4027 	4015
f 4029 	4028 	4015
f 4030 	4029 	4015
f 4031 	4030 	4015
f 4032 	4031 	4015
f 4033 	4032 	4015
f 4034 	4033 	4015
f 4035 	4034 	4015
f 4036 	4035 	4015
f 4037 	4036 	4015
f 4038 	4037 	4015
f 4039 	4038 	4015
f 4040 	4039 	4015
f 4041 	4040 	4015
f 4042 	4041 	4015
f 4043 	4042 	4015
f 4044 	4043 	4015
f 4045 	4044 	4015
f 4046 	4045 	4015
f 4047 	4046 	4015
f 4048 	4047 	4015
f 4049 	4048 	4015
f 4050 	4049 	4015
f 4051 	4050 	4015
f 4052 	4051 	4015
f 4053 	4052 	4015
f 4054 	4053 	4015
f 4055 	4054 	4015
f 4056 	4055 	4015
f 4057 	4056 	4015
f 4058 	4057 	4015
f 4059 	4058 	4015
f 4060 	4059 	4015
f 4061 	4060 	4015
f 4014 	4061 	4015
f 4062 	4063 	4064
f 4063 	4065 	4064
f 4065 	4066 	4064
f 4066 	4067 	4064
f 4067 	4068 	4064
f 4068 	4069 	4064
f 4069 	4070 	4064
f 4070 	4071 	4064
f 4071 	4072 	4064
f 4072 	4073 	4064
f 4073 	4074 	4064
f 4074 	4075 	4064
f 4075 	4076 	4064
f 4076 	4077 	4064
f 4077 	4078 	4064
f 4078 	4079 	4064
f 4079 	4080 	4064
f 4080 	4081 	4064
f 4081 	4082 	4064
f 4082 	4083 	4064
f 4083 	4084 	4064
f 4084 	4085 	4064
f 4085 	4086 	4064
f 4086 	4087 	4064
f 4087 	4088 	4064
f 4088 	4089 	4064
f 4089 	4090 	4064
f 4090 	4091 	4064
f 4091 	4092 	4064
f 4092 	4093 	4064
f 4093 	4094 	4064
f 4094 	4095 	4064
f 4095 	4096 	4064
f 4096 	4097 	4064
f 4097 	4098 	4064
f 4098 	4099 	4064
f 4099 	4100 	4064
f 4100 	4101 	4064
f 4101 	4102 	4064
f 4102 	4103 	4064
f 4103 	4104 	4064
f 4104 	4105 	4064
f 4105 	4106 	4064
f 4106 	4107 	4064
f 4107 	4108 	4064
f 4108 	4109 	4064
f 4109 	4110 	4064
f 4110 	4062 	4064
f 4014 	4013 	4013
f 4013 	4016 	4016
f 4016 	4017 	4017
f 4017 	4018 	4018
f 4018 	4019 	4019
f 4019 	4020 	4020
f 4020 	4021 	4021
f 4021 	4022 	4022
f 4022 	4023 	4023
f 4023 	4024 	4024
f 4024 	4025 	4025
f 4025 	4026 	4026
f 4026 	4027 	4027
f 4027 	4028 	4028
f 4028 	4029 	4029
f 4029 	4030 	4030
f 4030 	4031 	4031
f 4031 	4032 	4032
f 4032 	4033 	4033
f 4033 	4034 	4034
f 4034 	4035 	4035
f 4035 	4036 	4036
f 4036 	4037 	4037
f 4037 	4038 	4038
f 4038 	4039 	4039
f 4039 	4040 	4040
f 4040 	4041 	4041
f 4041 	4042 	4042
f 4042 	4043 	4043
f 4043 	4044 	4044
f 4044 	4045 	4045
f 4045 	4046 	4046
f 4046 	4047 	4047
f 4047 	4048 	4048
f 4048 	4049 	4049
f 4049 	4050 	4050
f 4050 	4051 	4051
f 4051 	4052 	4052
f 4052 	4053 	4053
f 4053 	4054 	4054
f 4054 	4055 	4055
f 4055 	4056 	4056
f 4056 	4057 	4057
f 4057 	4058 	4058
f 4058 	4059 	4059
f 4059 	4060 	4060
f 4060 	4061 	4061
f 4061 	4014 	4014
f 4014 	4013 	4063
f 4014 	4063 	4062
f 4013 	4016 	4065
f 4013 	4065 	4063
f 4016 	4017 	4066
f 4016 	4066 	4065
f 4017 	4018 	4067
f 4017 	4067 	4066
f 4018 	4019 	4068
f 4018 	4068 	4067
f 4019 	4020 	4069
f 4019 	4069 	4068
f 4020 	4021 	4070
f 4020 	4070 	4069
f 4021 	4022 	4071
f 4021 	4071 	4070
f 4022 	4023 	4072
f 4022 	4072 	4071
f 4023 	4024 	4073
f 4023 	4073 	4072
f 4024 	4025 	4074
f 4024 	4074 	4073
f 4025 	4026 	4075
f 4025 	4075 	4074
f 4026 	4027 	4076
f 4026 	4076 	4075
f 4027 	4028 	4077
f 4027 	4077 	4076
f 4028 	4029 	4078
f 4028 	4078 	4077
f 4029 	4030 	4079
f 4029 	4079 	4078
f 4030 	4031 	4080
f 4030 	4080 	4079
f 4031 	4032 	4081
f 4031 	4081 	4080
f 4032 	4033 	4082
f 4032 	4082 	4081
f 4033 	4034 	4083
f 4033 	4083 	4082
f 4034 	4035 	4084
f 4034 	4084 	4083
f 4035 	4036 	4085
f 4035 	4085 	4084
f 4036 	4037 	4086
f 4036 	4086 	4085
f 4037 	4038 	4087
f 4037 	4087 	4086
f 4038 	4039 	4088
f 4038 	4088 	4087
f 4039 	4040 	4089
f 4039 	4089 	4088
f 4040 	4041 	4090
f 4040 	4090 	4089
f 4041 	4042 	4091
f 4041 	4091 	4090
f 4042 	4043 	4092
f 4042 	4092 	4091
f 4043 	4044 	4093
f 4043 	4093 	4092
f 4044 	4045 	4094
f 4044 	4094 	4093
f 4045 	4046 	4095
f 4045 	4095 	4094
f 4046 	4047 	4096
f 4046 	4096 	4095
f 4047 	4048 	4097
f 4047 	4097 	4096
f 4048 	4049 	4098
f 4048 	4098 	4097
f 4049 	4050 	4099
f 4049 	4099 	4098
f 4050 	4051 	4100
f 4050 	4100 	4099
f 4051 	4052 	4101
f 4051 	4101 	4100
f 4052 	4053 	4102
f 4052 	4102 	4101
f 4053 	4054 	4103
f 4053 	4103 	4102
f 4054 	4055 	4104
f 4054 	4104 	4103
f 4055 	4056 	4105
f 4055 	4105 	4104
f 4056 	4057 	4106
f 4056 	4106 	4105
f 4057 	4058 	4107
f 4057 	4107 	4106
f 4058 	4059 	4108
f 4058 	4108 	4107
f 4059 	4060 	4109
f 4059 	4109 	4108
f 4060 	4061 	4110
f 4060 	4110 	4109
f 4061 	4014 	4062
f 4061 	4062 	4110
f 4062 	4063 	4063
f 4063 	4065 	4065
f 4065 	4066 	4066
f 4066 	4067 	4067
f 4067 	4068 	4068
f 4068 	4069 	4069
f 4069 	4070 	4070
f 4070 	4071 	4071
f 4071 	4072 	4072
f 4072 	4073 	4073
f 4073 	4074 	4074
f 4074 	4075 	4075
f 4075 	4076 	4076
f 4076 	4077 	4077
f 4077 	4078 	4078
f 4078 	4079 	4079
f 4079 	4080 	4080
f 4080 	4081 	4081
f 4081 	4082 	4082
f 4082 	4083 	4083
f 4083 	4084 	4084
f 4084 	4085 	4085
f 4085 	4086 	4086
f 4086 	4087 	4087
f 4087 	4088 	4088
f 4088 	4089 	4089
f 4089 	4090 	4090
f 4090 	4091 	4091
f 4091 	4092 	4092
f 4092 	4093 	4093
f 4093 	4094 	4094
f 4094 	4095 	4095
f 4095 	4096 	4096
f 4096 	4097 	4097
f 4097 	4098 	4098
f 4098 	4099 	4099
f 4099 	4100 	4100
f 4100 	4101 	4101
f 4101 	4102 	4102
f 4102 	4103 	4103
f 4103 	4104 	4104
f 4104 	4105 	4105
f 4105 	4106 	4106
f 4106 	4107 	4107
f 4107 	4108 	4108
f 4108 	4109 	4109
f 4109 	4110 	4110
f 4110 	4062 	4062
# 288 faces

 #end of obj_56

o obj_57
v -6.435 		-3.5329 		15.8567
v 1.3492 		-3.3884 		15.3567
v 1.3526 		-3.4115 		15.361
v 1.356 		-3.4342 		15.3737
v 1.3592 		-3.4561 		15.3947
v 1.3623 		-3.4768 		15.4237
v 1.3651 		-3.4961 		15.46
v 1.3677 		-3.5135 		15.5031
v 1.37 		-3.5288 		15.5523
v 1.3719 		-3.5416 		15.6067
v 1.3734 		-3.5519 		15.6653
v 1.3745 		-3.5593 		15.7273
v 1.3752 		-3.5638 		15.7914
v 1.3754 		-3.5653 		15.8567
v 1.3752 		-3.5638 		15.9219
v 1.3745 		-3.5593 		15.9861
v 1.3734 		-3.5519 		16.048
v 1.3719 		-3.5416 		16.1067
v 1.37 		-3.5288 		16.1611
v 1.3677 		-3.5135 		16.2102
v 1.3651 		-3.4961 		16.2534
v 1.3623 		-3.4768 		16.2897
v 1.3592 		-3.4561 		16.3186
v 1.356 		-3.4342 		16.3396
v 1.3526 		-3.4115 		16.3524
v 1.3492 		-3.3884 		16.3567
v 1.3458 		-3.3653 		16.3524
v 1.3424 		-3.3425 		16.3396
v 1.3392 		-3.3206 		16.3186
v 1.3361 		-3.2999 		16.2897
v 1.3333 		-3.2806 		16.2534
v 1.3307 		-3.2632 		16.2102
v 1.3284 		-3.248 		16.1611
v 1.3265 		-3.2351 		16.1067
v 1.325 		-3.2249 		16.048
v 1.3239 		-3.2174 		15.9861
v 1.3233 		-3.2129 		15.9219
v 1.323 		-3.2114 		15.8567
v 1.3233 		-3.2129 		15.7914
v 1.3239 		-3.2174 		15.7273
v 1.325 		-3.2249 		15.6653
v 1.3265 		-3.2351 		15.6067
v 1.3284 		-3.248 		15.5523
v 1.3307 		-3.2632 		15.5031
v 1.3333 		-3.2806 		15.46
v 1.3361 		-3.2999 		15.4237
v 1.3392 		-3.3206 		15.3947
v 1.3424 		-3.3425 		15.3737
v 1.3458 		-3.3653 		15.361
v 1.3492 		-3.3884 		15.8567
# 50 vertices

g group_57_16768282

usemtl color_16768282
s 0

f 4112 	4113 	4111
f 4113 	4114 	4111
f 4114 	4115 	4111
f 4115 	4116 	4111
f 4116 	4117 	4111
f 4117 	4118 	4111
f 4118 	4119 	4111
f 4119 	4120 	4111
f 4120 	4121 	4111
f 4121 	4122 	4111
f 4122 	4123 	4111
f 4123 	4124 	4111
f 4124 	4125 	4111
f 4125 	4126 	4111
f 4126 	4127 	4111
f 4127 	4128 	4111
f 4128 	4129 	4111
f 4129 	4130 	4111
f 4130 	4131 	4111
f 4131 	4132 	4111
f 4132 	4133 	4111
f 4133 	4134 	4111
f 4134 	4135 	4111
f 4135 	4136 	4111
f 4136 	4137 	4111
f 4137 	4138 	4111
f 4138 	4139 	4111
f 4139 	4140 	4111
f 4140 	4141 	4111
f 4141 	4142 	4111
f 4142 	4143 	4111
f 4143 	4144 	4111
f 4144 	4145 	4111
f 4145 	4146 	4111
f 4146 	4147 	4111
f 4147 	4148 	4111
f 4148 	4149 	4111
f 4149 	4150 	4111
f 4150 	4151 	4111
f 4151 	4152 	4111
f 4152 	4153 	4111
f 4153 	4154 	4111
f 4154 	4155 	4111
f 4155 	4156 	4111
f 4156 	4157 	4111
f 4157 	4158 	4111
f 4158 	4159 	4111
f 4159 	4112 	4111
f 4113 	4112 	4160
f 4114 	4113 	4160
f 4115 	4114 	4160
f 4116 	4115 	4160
f 4117 	4116 	4160
f 4118 	4117 	4160
f 4119 	4118 	4160
f 4120 	4119 	4160
f 4121 	4120 	4160
f 4122 	4121 	4160
f 4123 	4122 	4160
f 4124 	4123 	4160
f 4125 	4124 	4160
f 4126 	4125 	4160
f 4127 	4126 	4160
f 4128 	4127 	4160
f 4129 	4128 	4160
f 4130 	4129 	4160
f 4131 	4130 	4160
f 4132 	4131 	4160
f 4133 	4132 	4160
f 4134 	4133 	4160
f 4135 	4134 	4160
f 4136 	4135 	4160
f 4137 	4136 	4160
f 4138 	4137 	4160
f 4139 	4138 	4160
f 4140 	4139 	4160
f 4141 	4140 	4160
f 4142 	4141 	4160
f 4143 	4142 	4160
f 4144 	4143 	4160
f 4145 	4144 	4160
f 4146 	4145 	4160
f 4147 	4146 	4160
f 4148 	4147 	4160
f 4149 	4148 	4160
f 4150 	4149 	4160
f 4151 	4150 	4160
f 4152 	4151 	4160
f 4153 	4152 	4160
f 4154 	4153 	4160
f 4155 	4154 	4160
f 4156 	4155 	4160
f 4157 	4156 	4160
f 4158 	4157 	4160
f 4159 	4158 	4160
f 4112 	4159 	4160
# 96 faces

 #end of obj_57

o obj_58
v 7.4971 		-3.7651 		15.361
v 7.4937 		-3.742 		15.3567
v 7.4937 		-3.742 		15.8567
v 7.5004 		-3.7878 		15.3737
v 7.5037 		-3.8097 		15.3947
v 7.5067 		-3.8305 		15.4237
v 7.5096 		-3.8497 		15.46
v 7.5122 		-3.8671 		15.5031
v 7.5144 		-3.8824 		15.5523
v 7.5163 		-3.8953 		15.6067
v 7.5178 		-3.9055 		15.6653
v 7.5189 		-3.913 		15.7273
v 7.5196 		-3.9175 		15.7914
v 7.5198 		-3.919 		15.8567
v 7.5196 		-3.9175 		15.9219
v 7.5189 		-3.913 		15.9861
v 7.5178 		-3.9055 		16.048
v 7.5163 		-3.8953 		16.1067
v 7.5144 		-3.8824 		16.1611
v 7.5122 		-3.8671 		16.2102
v 7.5096 		-3.8497 		16.2534
v 7.5067 		-3.8305 		16.2897
v 7.5037 		-3.8097 		16.3186
v 7.5004 		-3.7878 		16.3396
v 7.4971 		-3.7651 		16.3524
v 7.4937 		-3.742 		16.3567
v 7.4902 		-3.7189 		16.3524
v 7.4869 		-3.6962 		16.3396
v 7.4836 		-3.6743 		16.3186
v 7.4806 		-3.6535 		16.2897
v 7.4777 		-3.6343 		16.2534
v 7.4752 		-3.6169 		16.2102
v 7.4729 		-3.6016 		16.1611
v 7.471 		-3.5887 		16.1067
v 7.4695 		-3.5785 		16.048
v 7.4684 		-3.5711 		15.9861
v 7.4677 		-3.5666 		15.9219
v 7.4675 		-3.565 		15.8567
v 7.4677 		-3.5666 		15.7914
v 7.4684 		-3.5711 		15.7273
v 7.4695 		-3.5785 		15.6653
v 7.471 		-3.5887 		15.6067
v 7.4729 		-3.6016 		15.5523
v 7.4752 		-3.6169 		15.5031
v 7.4777 		-3.6343 		15.46
v 7.4806 		-3.6535 		15.4237
v 7.4836 		-3.6743 		15.3947
v 7.4869 		-3.6962 		15.3737
v 7.4902 		-3.7189 		15.361
v -0.7002 		-3.8942 		15.3567
v -0.6968 		-3.9173 		15.361
v -0.7002 		-3.8942 		15.8567
v -0.6935 		-3.94 		15.3737
v -0.6902 		-3.9619 		15.3947
v -0.6871 		-3.9827 		15.4237
v -0.6843 		-4.0019 		15.46
v -0.6817 		-4.0193 		15.5031
v -0.6795 		-4.0346 		15.5523
v -0.6776 		-4.0475 		15.6067
v -0.676 		-4.0577 		15.6653
v -0.6749 		-4.0652 		15.7273
v -0.6743 		-4.0697 		15.7914
v -0.6741 		-4.0712 		15.8567
v -0.6743 		-4.0697 		15.9219
v -0.6749 		-4.0652 		15.9861
v -0.676 		-4.0577 		16.048
v -0.6776 		-4.0475 		16.1067
v -0.6795 		-4.0346 		16.1611
v -0.6817 		-4.0193 		16.2102
v -0.6843 		-4.0019 		16.2534
v -0.6871 		-3.9827 		16.2897
v -0.6902 		-3.9619 		16.3186
v -0.6935 		-3.94 		16.3396
v -0.6968 		-3.9173 		16.3524
v -0.7002 		-3.8942 		16.3567
v -0.7036 		-3.8711 		16.3524
v -0.707 		-3.8484 		16.3396
v -0.7102 		-3.8265 		16.3186
v -0.7133 		-3.8057 		16.2897
v -0.7162 		-3.7865 		16.2534
v -0.7187 		-3.7691 		16.2102
v -0.721 		-3.7538 		16.1611
v -0.7229 		-3.7409 		16.1067
v -0.7244 		-3.7307 		16.048
v -0.7255 		-3.7233 		15.9861
v -0.7262 		-3.7188 		15.9219
v -0.7264 		-3.7172 		15.8567
v -0.7262 		-3.7188 		15.7914
v -0.7255 		-3.7233 		15.7273
v -0.7244 		-3.7307 		15.6653
v -0.7229 		-3.7409 		15.6067
v -0.721 		-3.7538 		15.5523
v -0.7187 		-3.7691 		15.5031
v -0.7162 		-3.7865 		15.46
v -0.7133 		-3.8057 		15.4237
v -0.7102 		-3.8265 		15.3947
v -0.707 		-3.8484 		15.3737
v -0.7036 		-3.8711 		15.361
# 98 vertices

g group_58_16768282

usemtl color_16768282
s 0

f 4161 	4162 	4163
f 4164 	4161 	4163
f 4165 	4164 	4163
f 4166 	4165 	4163
f 4167 	4166 	4163
f 4168 	4167 	4163
f 4169 	4168 	4163
f 4170 	4169 	4163
f 4171 	4170 	4163
f 4172 	4171 	4163
f 4173 	4172 	4163
f 4174 	4173 	4163
f 4175 	4174 	4163
f 4176 	4175 	4163
f 4177 	4176 	4163
f 4178 	4177 	4163
f 4179 	4178 	4163
f 4180 	4179 	4163
f 4181 	4180 	4163
f 4182 	4181 	4163
f 4183 	4182 	4163
f 4184 	4183 	4163
f 4185 	4184 	4163
f 4186 	4185 	4163
f 4187 	4186 	4163
f 4188 	4187 	4163
f 4189 	4188 	4163
f 4190 	4189 	4163
f 4191 	4190 	4163
f 4192 	4191 	4163
f 4193 	4192 	4163
f 4194 	4193 	4163
f 4195 	4194 	4163
f 4196 	4195 	4163
f 4197 	4196 	4163
f 4198 	4197 	4163
f 4199 	4198 	4163
f 4200 	4199 	4163
f 4201 	4200 	4163
f 4202 	4201 	4163
f 4203 	4202 	4163
f 4204 	4203 	4163
f 4205 	4204 	4163
f 4206 	4205 	4163
f 4207 	4206 	4163
f 4208 	4207 	4163
f 4209 	4208 	4163
f 4162 	4209 	4163
f 4210 	4211 	4212
f 4211 	4213 	4212
f 4213 	4214 	4212
f 4214 	4215 	4212
f 4215 	4216 	4212
f 4216 	4217 	4212
f 4217 	4218 	4212
f 4218 	4219 	4212
f 4219 	4220 	4212
f 4220 	4221 	4212
f 4221 	4222 	4212
f 4222 	4223 	4212
f 4223 	4224 	4212
f 4224 	4225 	4212
f 4225 	4226 	4212
f 4226 	4227 	4212
f 4227 	4228 	4212
f 4228 	4229 	4212
f 4229 	4230 	4212
f 4230 	4231 	4212
f 4231 	4232 	4212
f 4232 	4233 	4212
f 4233 	4234 	4212
f 4234 	4235 	4212
f 4235 	4236 	4212
f 4236 	4237 	4212
f 4237 	4238 	4212
f 4238 	4239 	4212
f 4239 	4240 	4212
f 4240 	4241 	4212
f 4241 	4242 	4212
f 4242 	4243 	4212
f 4243 	4244 	4212
f 4244 	4245 	4212
f 4245 	4246 	4212
f 4246 	4247 	4212
f 4247 	4248 	4212
f 4248 	4249 	4212
f 4249 	4250 	4212
f 4250 	4251 	4212
f 4251 	4252 	4212
f 4252 	4253 	4212
f 4253 	4254 	4212
f 4254 	4255 	4212
f 4255 	4256 	4212
f 4256 	4257 	4212
f 4257 	4258 	4212
f 4258 	4210 	4212
f 4162 	4161 	4161
f 4161 	4164 	4164
f 4164 	4165 	4165
f 4165 	4166 	4166
f 4166 	4167 	4167
f 4167 	4168 	4168
f 4168 	4169 	4169
f 4169 	4170 	4170
f 4170 	4171 	4171
f 4171 	4172 	4172
f 4172 	4173 	4173
f 4173 	4174 	4174
f 4174 	4175 	4175
f 4175 	4176 	4176
f 4176 	4177 	4177
f 4177 	4178 	4178
f 4178 	4179 	4179
f 4179 	4180 	4180
f 4180 	4181 	4181
f 4181 	4182 	4182
f 4182 	4183 	4183
f 4183 	4184 	4184
f 4184 	4185 	4185
f 4185 	4186 	4186
f 4186 	4187 	4187
f 4187 	4188 	4188
f 4188 	4189 	4189
f 4189 	4190 	4190
f 4190 	4191 	4191
f 4191 	4192 	4192
f 4192 	4193 	4193
f 4193 	4194 	4194
f 4194 	4195 	4195
f 4195 	4196 	4196
f 4196 	4197 	4197
f 4197 	4198 	4198
f 4198 	4199 	4199
f 4199 	4200 	4200
f 4200 	4201 	4201
f 4201 	4202 	4202
f 4202 	4203 	4203
f 4203 	4204 	4204
f 4204 	4205 	4205
f 4205 	4206 	4206
f 4206 	4207 	4207
f 4207 	4208 	4208
f 4208 	4209 	4209
f 4209 	4162 	4162
f 4162 	4161 	4211
f 4162 	4211 	4210
f 4161 	4164 	4213
f 4161 	4213 	4211
f 4164 	4165 	4214
f 4164 	4214 	4213
f 4165 	4166 	4215
f 4165 	4215 	4214
f 4166 	4167 	4216
f 4166 	4216 	4215
f 4167 	4168 	4217
f 4167 	4217 	4216
f 4168 	4169 	4218
f 4168 	4218 	4217
f 4169 	4170 	4219
f 4169 	4219 	4218
f 4170 	4171 	4220
f 4170 	4220 	4219
f 4171 	4172 	4221
f 4171 	4221 	4220
f 4172 	4173 	4222
f 4172 	4222 	4221
f 4173 	4174 	4223
f 4173 	4223 	4222
f 4174 	4175 	4224
f 4174 	4224 	4223
f 4175 	4176 	4225
f 4175 	4225 	4224
f 4176 	4177 	4226
f 4176 	4226 	4225
f 4177 	4178 	4227
f 4177 	4227 	4226
f 4178 	4179 	4228
f 4178 	4228 	4227
f 4179 	4180 	4229
f 4179 	4229 	4228
f 4180 	4181 	4230
f 4180 	4230 	4229
f 4181 	4182 	4231
f 4181 	4231 	4230
f 4182 	4183 	4232
f 4182 	4232 	4231
f 4183 	4184 	4233
f 4183 	4233 	4232
f 4184 	4185 	4234
f 4184 	4234 	4233
f 4185 	4186 	4235
f 4185 	4235 	4234
f 4186 	4187 	4236
f 4186 	4236 	4235
f 4187 	4188 	4237
f 4187 	4237 	4236
f 4188 	4189 	4238
f 4188 	4238 	4237
f 4189 	4190 	4239
f 4189 	4239 	4238
f 4190 	4191 	4240
f 4190 	4240 	4239
f 4191 	4192 	4241
f 4191 	4241 	4240
f 4192 	4193 	4242
f 4192 	4242 	4241
f 4193 	4194 	4243
f 4193 	4243 	4242
f 4194 	4195 	4244
f 4194 	4244 	4243
f 4195 	4196 	4245
f 4195 	4245 	4244
f 4196 	4197 	4246
f 4196 	4246 	4245
f 4197 	4198 	4247
f 4197 	4247 	4246
f 4198 	4199 	4248
f 4198 	4248 	4247
f 4199 	4200 	4249
f 4199 	4249 	4248
f 4200 	4201 	4250
f 4200 	4250 	4249
f 4201 	4202 	4251
f 4201 	4251 	4250
f 4202 	4203 	4252
f 4202 	4252 	4251
f 4203 	4204 	4253
f 4203 	4253 	4252
f 4204 	4205 	4254
f 4204 	4254 	4253
f 4205 	4206 	4255
f 4205 	4255 	4254
f 4206 	4207 	4256
f 4206 	4256 	4255
f 4207 	4208 	4257
f 4207 	4257 	4256
f 4208 	4209 	4258
f 4208 	4258 	4257
f 4209 	4162 	4210
f 4209 	4210 	4258
f 4210 	4211 	4211
f 4211 	4213 	4213
f 4213 	4214 	4214
f 4214 	4215 	4215
f 4215 	4216 	4216
f 4216 	4217 	4217
f 4217 	4218 	4218
f 4218 	4219 	4219
f 4219 	4220 	4220
f 4220 	4221 	4221
f 4221 	4222 	4222
f 4222 	4223 	4223
f 4223 	4224 	4224
f 4224 	4225 	4225
f 4225 	4226 	4226
f 4226 	4227 	4227
f 4227 	4228 	4228
f 4228 	4229 	4229
f 4229 	4230 	4230
f 4230 	4231 	4231
f 4231 	4232 	4232
f 4232 	4233 	4233
f 4233 	4234 	4234
f 4234 	4235 	4235
f 4235 	4236 	4236
f 4236 	4237 	4237
f 4237 	4238 	4238
f 4238 	4239 	4239
f 4239 	4240 	4240
f 4240 	4241 	4241
f 4241 	4242 	4242
f 4242 	4243 	4243
f 4243 	4244 	4244
f 4244 	4245 	4245
f 4245 	4246 	4246
f 4246 	4247 	4247
f 4247 	4248 	4248
f 4248 	4249 	4249
f 4249 	4250 	4250
f 4250 	4251 	4251
f 4251 	4252 	4252
f 4252 	4253 	4253
f 4253 	4254 	4254
f 4254 	4255 	4255
f 4255 	4256 	4256
f 4256 	4257 	4257
f 4257 	4258 	4258
f 4258 	4210 	4210
# 288 faces

 #end of obj_58

o obj_59
v -8.4844 		-4.0388 		15.8567
v -0.7002 		-3.8942 		15.3567
v -0.6968 		-3.9173 		15.361
v -0.6935 		-3.94 		15.3737
v -0.6902 		-3.9619 		15.3947
v -0.6871 		-3.9827 		15.4237
v -0.6843 		-4.0019 		15.46
v -0.6817 		-4.0193 		15.5031
v -0.6795 		-4.0346 		15.5523
v -0.6776 		-4.0475 		15.6067
v -0.676 		-4.0577 		15.6653
v -0.6749 		-4.0652 		15.7273
v -0.6743 		-4.0697 		15.7914
v -0.6741 		-4.0712 		15.8567
v -0.6743 		-4.0697 		15.9219
v -0.6749 		-4.0652 		15.9861
v -0.676 		-4.0577 		16.048
v -0.6776 		-4.0475 		16.1067
v -0.6795 		-4.0346 		16.1611
v -0.6817 		-4.0193 		16.2102
v -0.6843 		-4.0019 		16.2534
v -0.6871 		-3.9827 		16.2897
v -0.6902 		-3.9619 		16.3186
v -0.6935 		-3.94 		16.3396
v -0.6968 		-3.9173 		16.3524
v -0.7002 		-3.8942 		16.3567
v -0.7036 		-3.8711 		16.3524
v -0.707 		-3.8484 		16.3396
v -0.7102 		-3.8265 		16.3186
v -0.7133 		-3.8057 		16.2897
v -0.7162 		-3.7865 		16.2534
v -0.7187 		-3.7691 		16.2102
v -0.721 		-3.7538 		16.1611
v -0.7229 		-3.7409 		16.1067
v -0.7244 		-3.7307 		16.048
v -0.7255 		-3.7233 		15.9861
v -0.7262 		-3.7188 		15.9219
v -0.7264 		-3.7172 		15.8567
v -0.7262 		-3.7188 		15.7914
v -0.7255 		-3.7233 		15.7273
v -0.7244 		-3.7307 		15.6653
v -0.7229 		-3.7409 		15.6067
v -0.721 		-3.7538 		15.5523
v -0.7187 		-3.7691 		15.5031
v -0.7162 		-3.7865 		15.46
v -0.7133 		-3.8057 		15.4237
v -0.7102 		-3.8265 		15.3947
v -0.707 		-3.8484 		15.3737
v -0.7036 		-3.8711 		15.361
v -0.7002 		-3.8942 		15.8567
# 50 vertices

g group_59_16768282

usemtl color_16768282
s 0

f 4260 	4261 	4259
f 4261 	4262 	4259
f 4262 	4263 	4259
f 4263 	4264 	4259
f 4264 	4265 	4259
f 4265 	4266 	4259
f 4266 	4267 	4259
f 4267 	4268 	4259
f 4268 	4269 	4259
f 4269 	4270 	4259
f 4270 	4271 	4259
f 4271 	4272 	4259
f 4272 	4273 	4259
f 4273 	4274 	4259
f 4274 	4275 	4259
f 4275 	4276 	4259
f 4276 	4277 	4259
f 4277 	4278 	4259
f 4278 	4279 	4259
f 4279 	4280 	4259
f 4280 	4281 	4259
f 4281 	4282 	4259
f 4282 	4283 	4259
f 4283 	4284 	4259
f 4284 	4285 	4259
f 4285 	4286 	4259
f 4286 	4287 	4259
f 4287 	4288 	4259
f 4288 	4289 	4259
f 4289 	4290 	4259
f 4290 	4291 	4259
f 4291 	4292 	4259
f 4292 	4293 	4259
f 4293 	4294 	4259
f 4294 	4295 	4259
f 4295 	4296 	4259
f 4296 	4297 	4259
f 4297 	4298 	4259
f 4298 	4299 	4259
f 4299 	4300 	4259
f 4300 	4301 	4259
f 4301 	4302 	4259
f 4302 	4303 	4259
f 4303 	4304 	4259
f 4304 	4305 	4259
f 4305 	4306 	4259
f 4306 	4307 	4259
f 4307 	4260 	4259
f 4261 	4260 	4308
f 4262 	4261 	4308
f 4263 	4262 	4308
f 4264 	4263 	4308
f 4265 	4264 	4308
f 4266 	4265 	4308
f 4267 	4266 	4308
f 4268 	4267 	4308
f 4269 	4268 	4308
f 4270 	4269 	4308
f 4271 	4270 	4308
f 4272 	4271 	4308
f 4273 	4272 	4308
f 4274 	4273 	4308
f 4275 	4274 	4308
f 4276 	4275 	4308
f 4277 	4276 	4308
f 4278 	4277 	4308
f 4279 	4278 	4308
f 4280 	4279 	4308
f 4281 	4280 	4308
f 4282 	4281 	4308
f 4283 	4282 	4308
f 4284 	4283 	4308
f 4285 	4284 	4308
f 4286 	4285 	4308
f 4287 	4286 	4308
f 4288 	4287 	4308
f 4289 	4288 	4308
f 4290 	4289 	4308
f 4291 	4290 	4308
f 4292 	4291 	4308
f 4293 	4292 	4308
f 4294 	4293 	4308
f 4295 	4294 	4308
f 4296 	4295 	4308
f 4297 	4296 	4308
f 4298 	4297 	4308
f 4299 	4298 	4308
f 4300 	4299 	4308
f 4301 	4300 	4308
f 4302 	4301 	4308
f 4303 	4302 	4308
f 4304 	4303 	4308
f 4305 	4304 	4308
f 4306 	4305 	4308
f 4307 	4306 	4308
f 4260 	4307 	4308
# 96 faces

 #end of obj_59

o obj_60
v 9.7265 		-4.4766 		15.361
v 9.7231 		-4.4535 		15.3567
v 9.7231 		-4.4535 		15.8567
v 9.7299 		-4.4993 		15.3737
v 9.7331 		-4.5212 		15.3947
v 9.7362 		-4.542 		15.4237
v 9.739 		-4.5612 		15.46
v 9.7416 		-4.5786 		15.5031
v 9.7439 		-4.5939 		15.5523
v 9.7458 		-4.6068 		15.6067
v 9.7473 		-4.617 		15.6653
v 9.7484 		-4.6244 		15.7273
v 9.749 		-4.6289 		15.7914
v 9.7493 		-4.6305 		15.8567
v 9.749 		-4.6289 		15.9219
v 9.7484 		-4.6244 		15.9861
v 9.7473 		-4.617 		16.048
v 9.7458 		-4.6068 		16.1067
v 9.7439 		-4.5939 		16.1611
v 9.7416 		-4.5786 		16.2102
v 9.739 		-4.5612 		16.2534
v 9.7362 		-4.542 		16.2897
v 9.7331 		-4.5212 		16.3186
v 9.7299 		-4.4993 		16.3396
v 9.7265 		-4.4766 		16.3524
v 9.7231 		-4.4535 		16.3567
v 9.7197 		-4.4304 		16.3524
v 9.7163 		-4.4077 		16.3396
v 9.7131 		-4.3858 		16.3186
v 9.71 		-4.365 		16.2897
v 9.7072 		-4.3458 		16.2534
v 9.7046 		-4.3284 		16.2102
v 9.7023 		-4.3131 		16.1611
v 9.7004 		-4.3002 		16.1067
v 9.6989 		-4.29 		16.048
v 9.6978 		-4.2825 		15.9861
v 9.6972 		-4.278 		15.9219
v 9.6969 		-4.2765 		15.8567
v 9.6972 		-4.278 		15.7914
v 9.6978 		-4.2825 		15.7273
v 9.6989 		-4.29 		15.6653
v 9.7004 		-4.3002 		15.6067
v 9.7023 		-4.3131 		15.5523
v 9.7046 		-4.3284 		15.5031
v 9.7072 		-4.3458 		15.46
v 9.71 		-4.365 		15.4237
v 9.7131 		-4.3858 		15.3947
v 9.7163 		-4.4077 		15.3737
v 9.7197 		-4.4304 		15.361
v 1.5292 		-4.6057 		15.3567
v 1.5326 		-4.6288 		15.361
v 1.5292 		-4.6057 		15.8567
v 1.536 		-4.6515 		15.3737
v 1.5392 		-4.6734 		15.3947
v 1.5423 		-4.6942 		15.4237
v 1.5451 		-4.7134 		15.46
v 1.5477 		-4.7308 		15.5031
v 1.55 		-4.7461 		15.5523
v 1.5519 		-4.759 		15.6067
v 1.5534 		-4.7692 		15.6653
v 1.5545 		-4.7766 		15.7273
v 1.5552 		-4.7811 		15.7914
v 1.5554 		-4.7827 		15.8567
v 1.5552 		-4.7811 		15.9219
v 1.5545 		-4.7766 		15.9861
v 1.5534 		-4.7692 		16.048
v 1.5519 		-4.759 		16.1067
v 1.55 		-4.7461 		16.1611
v 1.5477 		-4.7308 		16.2102
v 1.5451 		-4.7134 		16.2534
v 1.5423 		-4.6942 		16.2897
v 1.5392 		-4.6734 		16.3186
v 1.536 		-4.6515 		16.3396
v 1.5326 		-4.6288 		16.3524
v 1.5292 		-4.6057 		16.3567
v 1.5258 		-4.5826 		16.3524
v 1.5224 		-4.5599 		16.3396
v 1.5192 		-4.538 		16.3186
v 1.5161 		-4.5172 		16.2897
v 1.5133 		-4.498 		16.2534
v 1.5107 		-4.4806 		16.2102
v 1.5085 		-4.4653 		16.1611
v 1.5065 		-4.4524 		16.1067
v 1.505 		-4.4422 		16.048
v 1.5039 		-4.4347 		15.9861
v 1.5033 		-4.4302 		15.9219
v 1.503 		-4.4287 		15.8567
v 1.5033 		-4.4302 		15.7914
v 1.5039 		-4.4347 		15.7273
v 1.505 		-4.4422 		15.6653
v 1.5065 		-4.4524 		15.6067
v 1.5085 		-4.4653 		15.5523
v 1.5107 		-4.4806 		15.5031
v 1.5133 		-4.498 		15.46
v 1.5161 		-4.5172 		15.4237
v 1.5192 		-4.538 		15.3947
v 1.5224 		-4.5599 		15.3737
v 1.5258 		-4.5826 		15.361
# 98 vertices

g group_60_16768282

usemtl color_16768282
s 0

f 4309 	4310 	4311
f 4312 	4309 	4311
f 4313 	4312 	4311
f 4314 	4313 	4311
f 4315 	4314 	4311
f 4316 	4315 	4311
f 4317 	4316 	4311
f 4318 	4317 	4311
f 4319 	4318 	4311
f 4320 	4319 	4311
f 4321 	4320 	4311
f 4322 	4321 	4311
f 4323 	4322 	4311
f 4324 	4323 	4311
f 4325 	4324 	4311
f 4326 	4325 	4311
f 4327 	4326 	4311
f 4328 	4327 	4311
f 4329 	4328 	4311
f 4330 	4329 	4311
f 4331 	4330 	4311
f 4332 	4331 	4311
f 4333 	4332 	4311
f 4334 	4333 	4311
f 4335 	4334 	4311
f 4336 	4335 	4311
f 4337 	4336 	4311
f 4338 	4337 	4311
f 4339 	4338 	4311
f 4340 	4339 	4311
f 4341 	4340 	4311
f 4342 	4341 	4311
f 4343 	4342 	4311
f 4344 	4343 	4311
f 4345 	4344 	4311
f 4346 	4345 	4311
f 4347 	4346 	4311
f 4348 	4347 	4311
f 4349 	4348 	4311
f 4350 	4349 	4311
f 4351 	4350 	4311
f 4352 	4351 	4311
f 4353 	4352 	4311
f 4354 	4353 	4311
f 4355 	4354 	4311
f 4356 	4355 	4311
f 4357 	4356 	4311
f 4310 	4357 	4311
f 4358 	4359 	4360
f 4359 	4361 	4360
f 4361 	4362 	4360
f 4362 	4363 	4360
f 4363 	4364 	4360
f 4364 	4365 	4360
f 4365 	4366 	4360
f 4366 	4367 	4360
f 4367 	4368 	4360
f 4368 	4369 	4360
f 4369 	4370 	4360
f 4370 	4371 	4360
f 4371 	4372 	4360
f 4372 	4373 	4360
f 4373 	4374 	4360
f 4374 	4375 	4360
f 4375 	4376 	4360
f 4376 	4377 	4360
f 4377 	4378 	4360
f 4378 	4379 	4360
f 4379 	4380 	4360
f 4380 	4381 	4360
f 4381 	4382 	4360
f 4382 	4383 	4360
f 4383 	4384 	4360
f 4384 	4385 	4360
f 4385 	4386 	4360
f 4386 	4387 	4360
f 4387 	4388 	4360
f 4388 	4389 	4360
f 4389 	4390 	4360
f 4390 	4391 	4360
f 4391 	4392 	4360
f 4392 	4393 	4360
f 4393 	4394 	4360
f 4394 	4395 	4360
f 4395 	4396 	4360
f 4396 	4397 	4360
f 4397 	4398 	4360
f 4398 	4399 	4360
f 4399 	4400 	4360
f 4400 	4401 	4360
f 4401 	4402 	4360
f 4402 	4403 	4360
f 4403 	4404 	4360
f 4404 	4405 	4360
f 4405 	4406 	4360
f 4406 	4358 	4360
f 4310 	4309 	4309
f 4309 	4312 	4312
f 4312 	4313 	4313
f 4313 	4314 	4314
f 4314 	4315 	4315
f 4315 	4316 	4316
f 4316 	4317 	4317
f 4317 	4318 	4318
f 4318 	4319 	4319
f 4319 	4320 	4320
f 4320 	4321 	4321
f 4321 	4322 	4322
f 4322 	4323 	4323
f 4323 	4324 	4324
f 4324 	4325 	4325
f 4325 	4326 	4326
f 4326 	4327 	4327
f 4327 	4328 	4328
f 4328 	4329 	4329
f 4329 	4330 	4330
f 4330 	4331 	4331
f 4331 	4332 	4332
f 4332 	4333 	4333
f 4333 	4334 	4334
f 4334 	4335 	4335
f 4335 	4336 	4336
f 4336 	4337 	4337
f 4337 	4338 	4338
f 4338 	4339 	4339
f 4339 	4340 	4340
f 4340 	4341 	4341
f 4341 	4342 	4342
f 4342 	4343 	4343
f 4343 	4344 	4344
f 4344 	4345 	4345
f 4345 	4346 	4346
f 4346 	4347 	4347
f 4347 	4348 	4348
f 4348 	4349 	4349
f 4349 	4350 	4350
f 4350 	4351 	4351
f 4351 	4352 	4352
f 4352 	4353 	4353
f 4353 	4354 	4354
f 4354 	4355 	4355
f 4355 	4356 	4356
f 4356 	4357 	4357
f 4357 	4310 	4310
f 4310 	4309 	4359
f 4310 	4359 	4358
f 4309 	4312 	4361
f 4309 	4361 	4359
f 4312 	4313 	4362
f 4312 	4362 	4361
f 4313 	4314 	4363
f 4313 	4363 	4362
f 4314 	4315 	4364
f 4314 	4364 	4363
f 4315 	4316 	4365
f 4315 	4365 	4364
f 4316 	4317 	4366
f 4316 	4366 	4365
f 4317 	4318 	4367
f 4317 	4367 	4366
f 4318 	4319 	4368
f 4318 	4368 	4367
f 4319 	4320 	4369
f 4319 	4369 	4368
f 4320 	4321 	4370
f 4320 	4370 	4369
f 4321 	4322 	4371
f 4321 	4371 	4370
f 4322 	4323 	4372
f 4322 	4372 	4371
f 4323 	4324 	4373
f 4323 	4373 	4372
f 4324 	4325 	4374
f 4324 	4374 	4373
f 4325 	4326 	4375
f 4325 	4375 	4374
f 4326 	4327 	4376
f 4326 	4376 	4375
f 4327 	4328 	4377
f 4327 	4377 	4376
f 4328 	4329 	4378
f 4328 	4378 	4377
f 4329 	4330 	4379
f 4329 	4379 	4378
f 4330 	4331 	4380
f 4330 	4380 	4379
f 4331 	4332 	4381
f 4331 	4381 	4380
f 4332 	4333 	4382
f 4332 	4382 	4381
f 4333 	4334 	4383
f 4333 	4383 	4382
f 4334 	4335 	4384
f 4334 	4384 	4383
f 4335 	4336 	4385
f 4335 	4385 	4384
f 4336 	4337 	4386
f 4336 	4386 	4385
f 4337 	4338 	4387
f 4337 	4387 	4386
f 4338 	4339 	4388
f 4338 	4388 	4387
f 4339 	4340 	4389
f 4339 	4389 	4388
f 4340 	4341 	4390
f 4340 	4390 	4389
f 4341 	4342 	4391
f 4341 	4391 	4390
f 4342 	4343 	4392
f 4342 	4392 	4391
f 4343 	4344 	4393
f 4343 	4393 	4392
f 4344 	4345 	4394
f 4344 	4394 	4393
f 4345 	4346 	4395
f 4345 	4395 	4394
f 4346 	4347 	4396
f 4346 	4396 	4395
f 4347 	4348 	4397
f 4347 	4397 	4396
f 4348 	4349 	4398
f 4348 	4398 	4397
f 4349 	4350 	4399
f 4349 	4399 	4398
f 4350 	4351 	4400
f 4350 	4400 	4399
f 4351 	4352 	4401
f 4351 	4401 	4400
f 4352 	4353 	4402
f 4352 	4402 	4401
f 4353 	4354 	4403
f 4353 	4403 	4402
f 4354 	4355 	4404
f 4354 	4404 	4403
f 4355 	4356 	4405
f 4355 	4405 	4404
f 4356 	4357 	4406
f 4356 	4406 	4405
f 4357 	4310 	4358
f 4357 	4358 	4406
f 4358 	4359 	4359
f 4359 	4361 	4361
f 4361 	4362 	4362
f 4362 	4363 	4363
f 4363 	4364 	4364
f 4364 	4365 	4365
f 4365 	4366 	4366
f 4366 	4367 	4367
f 4367 	4368 	4368
f 4368 	4369 	4369
f 4369 	4370 	4370
f 4370 	4371 	4371
f 4371 	4372 	4372
f 4372 	4373 	4373
f 4373 	4374 	4374
f 4374 	4375 	4375
f 4375 	4376 	4376
f 4376 	4377 	4377
f 4377 	4378 	4378
f 4378 	4379 	4379
f 4379 	4380 	4380
f 4380 	4381 	4381
f 4381 	4382 	4382
f 4382 	4383 	4383
f 4383 	4384 	4384
f 4384 	4385 	4385
f 4385 	4386 	4386
f 4386 	4387 	4387
f 4387 	4388 	4388
f 4388 	4389 	4389
f 4389 	4390 	4390
f 4390 	4391 	4391
f 4391 	4392 	4392
f 4392 	4393 	4393
f 4393 	4394 	4394
f 4394 	4395 	4395
f 4395 	4396 	4396
f 4396 	4397 	4397
f 4397 	4398 	4398
f 4398 	4399 	4399
f 4399 	4400 	4400
f 4400 	4401 	4401
f 4401 	4402 	4402
f 4402 	4403 	4403
f 4403 	4404 	4404
f 4404 	4405 	4405
f 4405 	4406 	4406
f 4406 	4358 	4358
# 288 faces

 #end of obj_60

o obj_61
v -6.255 		-4.7503 		15.8567
v 1.5292 		-4.6057 		15.3567
v 1.5326 		-4.6288 		15.361
v 1.536 		-4.6515 		15.3737
v 1.5392 		-4.6734 		15.3947
v 1.5423 		-4.6942 		15.4237
v 1.5451 		-4.7134 		15.46
v 1.5477 		-4.7308 		15.5031
v 1.55 		-4.7461 		15.5523
v 1.5519 		-4.759 		15.6067
v 1.5534 		-4.7692 		15.6653
v 1.5545 		-4.7766 		15.7273
v 1.5552 		-4.7811 		15.7914
v 1.5554 		-4.7827 		15.8567
v 1.5552 		-4.7811 		15.9219
v 1.5545 		-4.7766 		15.9861
v 1.5534 		-4.7692 		16.048
v 1.5519 		-4.759 		16.1067
v 1.55 		-4.7461 		16.1611
v 1.5477 		-4.7308 		16.2102
v 1.5451 		-4.7134 		16.2534
v 1.5423 		-4.6942 		16.2897
v 1.5392 		-4.6734 		16.3186
v 1.536 		-4.6515 		16.3396
v 1.5326 		-4.6288 		16.3524
v 1.5292 		-4.6057 		16.3567
v 1.5258 		-4.5826 		16.3524
v 1.5224 		-4.5599 		16.3396
v 1.5192 		-4.538 		16.3186
v 1.5161 		-4.5172 		16.2897
v 1.5133 		-4.498 		16.2534
v 1.5107 		-4.4806 		16.2102
v 1.5085 		-4.4653 		16.1611
v 1.5065 		-4.4524 		16.1067
v 1.505 		-4.4422 		16.048
v 1.5039 		-4.4347 		15.9861
v 1.5033 		-4.4302 		15.9219
v 1.503 		-4.4287 		15.8567
v 1.5033 		-4.4302 		15.7914
v 1.5039 		-4.4347 		15.7273
v 1.505 		-4.4422 		15.6653
v 1.5065 		-4.4524 		15.6067
v 1.5085 		-4.4653 		15.5523
v 1.5107 		-4.4806 		15.5031
v 1.5133 		-4.498 		15.46
v 1.5161 		-4.5172 		15.4237
v 1.5192 		-4.538 		15.3947
v 1.5224 		-4.5599 		15.3737
v 1.5258 		-4.5826 		15.361
v 1.5292 		-4.6057 		15.8567
# 50 vertices

g group_61_16768282

usemtl color_16768282
s 0

f 4408 	4409 	4407
f 4409 	4410 	4407
f 4410 	4411 	4407
f 4411 	4412 	4407
f 4412 	4413 	4407
f 4413 	4414 	4407
f 4414 	4415 	4407
f 4415 	4416 	4407
f 4416 	4417 	4407
f 4417 	4418 	4407
f 4418 	4419 	4407
f 4419 	4420 	4407
f 4420 	4421 	4407
f 4421 	4422 	4407
f 4422 	4423 	4407
f 4423 	4424 	4407
f 4424 	4425 	4407
f 4425 	4426 	4407
f 4426 	4427 	4407
f 4427 	4428 	4407
f 4428 	4429 	4407
f 4429 	4430 	4407
f 4430 	4431 	4407
f 4431 	4432 	4407
f 4432 	4433 	4407
f 4433 	4434 	4407
f 4434 	4435 	4407
f 4435 	4436 	4407
f 4436 	4437 	4407
f 4437 	4438 	4407
f 4438 	4439 	4407
f 4439 	4440 	4407
f 4440 	4441 	4407
f 4441 	4442 	4407
f 4442 	4443 	4407
f 4443 	4444 	4407
f 4444 	4445 	4407
f 4445 	4446 	4407
f 4446 	4447 	4407
f 4447 	4448 	4407
f 4448 	4449 	4407
f 4449 	4450 	4407
f 4450 	4451 	4407
f 4451 	4452 	4407
f 4452 	4453 	4407
f 4453 	4454 	4407
f 4454 	4455 	4407
f 4455 	4408 	4407
f 4409 	4408 	4456
f 4410 	4409 	4456
f 4411 	4410 	4456
f 4412 	4411 	4456
f 4413 	4412 	4456
f 4414 	4413 	4456
f 4415 	4414 	4456
f 4416 	4415 	4456
f 4417 	4416 	4456
f 4418 	4417 	4456
f 4419 	4418 	4456
f 4420 	4419 	4456
f 4421 	4420 	4456
f 4422 	4421 	4456
f 4423 	4422 	4456
f 4424 	4423 	4456
f 4425 	4424 	4456
f 4426 	4425 	4456
f 4427 	4426 	4456
f 4428 	4427 	4456
f 4429 	4428 	4456
f 4430 	4429 	4456
f 4431 	4430 	4456
f 4432 	4431 	4456
f 4433 	4432 	4456
f 4434 	4433 	4456
f 4435 	4434 	4456
f 4436 	4435 	4456
f 4437 	4436 	4456
f 4438 	4437 	4456
f 4439 	4438 	4456
f 4440 	4439 	4456
f 4441 	4440 	4456
f 4442 	4441 	4456
f 4443 	4442 	4456
f 4444 	4443 	4456
f 4445 	4444 	4456
f 4446 	4445 	4456
f 4447 	4446 	4456
f 4448 	4447 	4456
f 4449 	4448 	4456
f 4450 	4449 	4456
f 4451 	4450 	4456
f 4452 	4451 	4456
f 4453 	4452 	4456
f 4454 	4453 	4456
f 4455 	4454 	4456
f 4408 	4455 	4456
# 96 faces

 #end of obj_61

o obj_62
v 7.6771 		-4.9824 		15.361
v 7.6737 		-4.9593 		15.3567
v 7.6737 		-4.9593 		15.8567
v 7.6804 		-5.0051 		15.3737
v 7.6837 		-5.0271 		15.3947
v 7.6867 		-5.0478 		15.4237
v 7.6896 		-5.0671 		15.46
v 7.6922 		-5.0845 		15.5031
v 7.6944 		-5.0997 		15.5523
v 7.6963 		-5.1126 		15.6067
v 7.6978 		-5.1228 		15.6653
v 7.6989 		-5.1303 		15.7273
v 7.6996 		-5.1348 		15.7914
v 7.6998 		-5.1363 		15.8567
v 7.6996 		-5.1348 		15.9219
v 7.6989 		-5.1303 		15.9861
v 7.6978 		-5.1228 		16.048
v 7.6963 		-5.1126 		16.1067
v 7.6944 		-5.0997 		16.1611
v 7.6922 		-5.0845 		16.2102
v 7.6896 		-5.0671 		16.2534
v 7.6867 		-5.0478 		16.2897
v 7.6837 		-5.0271 		16.3186
v 7.6804 		-5.0051 		16.3396
v 7.6771 		-4.9824 		16.3524
v 7.6737 		-4.9593 		16.3567
v 7.6702 		-4.9362 		16.3524
v 7.6669 		-4.9135 		16.3396
v 7.6636 		-4.8916 		16.3186
v 7.6606 		-4.8709 		16.2897
v 7.6577 		-4.8516 		16.2534
v 7.6552 		-4.8342 		16.2102
v 7.6529 		-4.8189 		16.1611
v 7.651 		-4.8061 		16.1067
v 7.6495 		-4.7958 		16.048
v 7.6484 		-4.7884 		15.9861
v 7.6477 		-4.7839 		15.9219
v 7.6475 		-4.7824 		15.8567
v 7.6477 		-4.7839 		15.7914
v 7.6484 		-4.7884 		15.7273
v 7.6495 		-4.7958 		15.6653
v 7.651 		-4.8061 		15.6067
v 7.6529 		-4.8189 		15.5523
v 7.6552 		-4.8342 		15.5031
v 7.6577 		-4.8516 		15.46
v 7.6606 		-4.8709 		15.4237
v 7.6636 		-4.8916 		15.3947
v 7.6669 		-4.9135 		15.3737
v 7.6702 		-4.9362 		15.361
v -0.5202 		-5.1115 		15.3567
v -0.5168 		-5.1346 		15.361
v -0.5202 		-5.1115 		15.8567
v -0.5134 		-5.1574 		15.3737
v -0.5102 		-5.1793 		15.3947
v -0.5071 		-5.2 		15.4237
v -0.5043 		-5.2193 		15.46
v -0.5017 		-5.2367 		15.5031
v -0.4995 		-5.2519 		15.5523
v -0.4976 		-5.2648 		15.6067
v -0.496 		-5.275 		15.6653
v -0.4949 		-5.2825 		15.7273
v -0.4943 		-5.287 		15.7914
v -0.4941 		-5.2885 		15.8567
v -0.4943 		-5.287 		15.9219
v -0.4949 		-5.2825 		15.9861
v -0.496 		-5.275 		16.048
v -0.4976 		-5.2648 		16.1067
v -0.4995 		-5.2519 		16.1611
v -0.5017 		-5.2367 		16.2102
v -0.5043 		-5.2193 		16.2534
v -0.5071 		-5.2 		16.2897
v -0.5102 		-5.1793 		16.3186
v -0.5134 		-5.1574 		16.3396
v -0.5168 		-5.1346 		16.3524
v -0.5202 		-5.1115 		16.3567
v -0.5236 		-5.0884 		16.3524
v -0.527 		-5.0657 		16.3396
v -0.5302 		-5.0438 		16.3186
v -0.5333 		-5.0231 		16.2897
v -0.5362 		-5.0038 		16.2534
v -0.5387 		-4.9864 		16.2102
v -0.541 		-4.9711 		16.1611
v -0.5429 		-4.9583 		16.1067
v -0.5444 		-4.948 		16.048
v -0.5455 		-4.9406 		15.9861
v -0.5462 		-4.9361 		15.9219
v -0.5464 		-4.9346 		15.8567
v -0.5462 		-4.9361 		15.7914
v -0.5455 		-4.9406 		15.7273
v -0.5444 		-4.948 		15.6653
v -0.5429 		-4.9583 		15.6067
v -0.541 		-4.9711 		15.5523
v -0.5387 		-4.9864 		15.5031
v -0.5362 		-5.0038 		15.46
v -0.5333 		-5.0231 		15.4237
v -0.5302 		-5.0438 		15.3947
v -0.527 		-5.0657 		15.3737
v -0.5236 		-5.0884 		15.361
# 98 vertices

g group_62_16768282

usemtl color_16768282
s 0

f 4457 	4458 	4459
f 4460 	4457 	4459
f 4461 	4460 	4459
f 4462 	4461 	4459
f 4463 	4462 	4459
f 4464 	4463 	4459
f 4465 	4464 	4459
f 4466 	4465 	4459
f 4467 	4466 	4459
f 4468 	4467 	4459
f 4469 	4468 	4459
f 4470 	4469 	4459
f 4471 	4470 	4459
f 4472 	4471 	4459
f 4473 	4472 	4459
f 4474 	4473 	4459
f 4475 	4474 	4459
f 4476 	4475 	4459
f 4477 	4476 	4459
f 4478 	4477 	4459
f 4479 	4478 	4459
f 4480 	4479 	4459
f 4481 	4480 	4459
f 4482 	4481 	4459
f 4483 	4482 	4459
f 4484 	4483 	4459
f 4485 	4484 	4459
f 4486 	4485 	4459
f 4487 	4486 	4459
f 4488 	4487 	4459
f 4489 	4488 	4459
f 4490 	4489 	4459
f 4491 	4490 	4459
f 4492 	4491 	4459
f 4493 	4492 	4459
f 4494 	4493 	4459
f 4495 	4494 	4459
f 4496 	4495 	4459
f 4497 	4496 	4459
f 4498 	4497 	4459
f 4499 	4498 	4459
f 4500 	4499 	4459
f 4501 	4500 	4459
f 4502 	4501 	4459
f 4503 	4502 	4459
f 4504 	4503 	4459
f 4505 	4504 	4459
f 4458 	4505 	4459
f 4506 	4507 	4508
f 4507 	4509 	4508
f 4509 	4510 	4508
f 4510 	4511 	4508
f 4511 	4512 	4508
f 4512 	4513 	4508
f 4513 	4514 	4508
f 4514 	4515 	4508
f 4515 	4516 	4508
f 4516 	4517 	4508
f 4517 	4518 	4508
f 4518 	4519 	4508
f 4519 	4520 	4508
f 4520 	4521 	4508
f 4521 	4522 	4508
f 4522 	4523 	4508
f 4523 	4524 	4508
f 4524 	4525 	4508
f 4525 	4526 	4508
f 4526 	4527 	4508
f 4527 	4528 	4508
f 4528 	4529 	4508
f 4529 	4530 	4508
f 4530 	4531 	4508
f 4531 	4532 	4508
f 4532 	4533 	4508
f 4533 	4534 	4508
f 4534 	4535 	4508
f 4535 	4536 	4508
f 4536 	4537 	4508
f 4537 	4538 	4508
f 4538 	4539 	4508
f 4539 	4540 	4508
f 4540 	4541 	4508
f 4541 	4542 	4508
f 4542 	4543 	4508
f 4543 	4544 	4508
f 4544 	4545 	4508
f 4545 	4546 	4508
f 4546 	4547 	4508
f 4547 	4548 	4508
f 4548 	4549 	4508
f 4549 	4550 	4508
f 4550 	4551 	4508
f 4551 	4552 	4508
f 4552 	4553 	4508
f 4553 	4554 	4508
f 4554 	4506 	4508
f 4458 	4457 	4457
f 4457 	4460 	4460
f 4460 	4461 	4461
f 4461 	4462 	4462
f 4462 	4463 	4463
f 4463 	4464 	4464
f 4464 	4465 	4465
f 4465 	4466 	4466
f 4466 	4467 	4467
f 4467 	4468 	4468
f 4468 	4469 	4469
f 4469 	4470 	4470
f 4470 	4471 	4471
f 4471 	4472 	4472
f 4472 	4473 	4473
f 4473 	4474 	4474
f 4474 	4475 	4475
f 4475 	4476 	4476
f 4476 	4477 	4477
f 4477 	4478 	4478
f 4478 	4479 	4479
f 4479 	4480 	4480
f 4480 	4481 	4481
f 4481 	4482 	4482
f 4482 	4483 	4483
f 4483 	4484 	4484
f 4484 	4485 	4485
f 4485 	4486 	4486
f 4486 	4487 	4487
f 4487 	4488 	4488
f 4488 	4489 	4489
f 4489 	4490 	4490
f 4490 	4491 	4491
f 4491 	4492 	4492
f 4492 	4493 	4493
f 4493 	4494 	4494
f 4494 	4495 	4495
f 4495 	4496 	4496
f 4496 	4497 	4497
f 4497 	4498 	4498
f 4498 	4499 	4499
f 4499 	4500 	4500
f 4500 	4501 	4501
f 4501 	4502 	4502
f 4502 	4503 	4503
f 4503 	4504 	4504
f 4504 	4505 	4505
f 4505 	4458 	4458
f 4458 	4457 	4507
f 4458 	4507 	4506
f 4457 	4460 	4509
f 4457 	4509 	4507
f 4460 	4461 	4510
f 4460 	4510 	4509
f 4461 	4462 	4511
f 4461 	4511 	4510
f 4462 	4463 	4512
f 4462 	4512 	4511
f 4463 	4464 	4513
f 4463 	4513 	4512
f 4464 	4465 	4514
f 4464 	4514 	4513
f 4465 	4466 	4515
f 4465 	4515 	4514
f 4466 	4467 	4516
f 4466 	4516 	4515
f 4467 	4468 	4517
f 4467 	4517 	4516
f 4468 	4469 	4518
f 4468 	4518 	4517
f 4469 	4470 	4519
f 4469 	4519 	4518
f 4470 	4471 	4520
f 4470 	4520 	4519
f 4471 	4472 	4521
f 4471 	4521 	4520
f 4472 	4473 	4522
f 4472 	4522 	4521
f 4473 	4474 	4523
f 4473 	4523 	4522
f 4474 	4475 	4524
f 4474 	4524 	4523
f 4475 	4476 	4525
f 4475 	4525 	4524
f 4476 	4477 	4526
f 4476 	4526 	4525
f 4477 	4478 	4527
f 4477 	4527 	4526
f 4478 	4479 	4528
f 4478 	4528 	4527
f 4479 	4480 	4529
f 4479 	4529 	4528
f 4480 	4481 	4530
f 4480 	4530 	4529
f 4481 	4482 	4531
f 4481 	4531 	4530
f 4482 	4483 	4532
f 4482 	4532 	4531
f 4483 	4484 	4533
f 4483 	4533 	4532
f 4484 	4485 	4534
f 4484 	4534 	4533
f 4485 	4486 	4535
f 4485 	4535 	4534
f 4486 	4487 	4536
f 4486 	4536 	4535
f 4487 	4488 	4537
f 4487 	4537 	4536
f 4488 	4489 	4538
f 4488 	4538 	4537
f 4489 	4490 	4539
f 4489 	4539 	4538
f 4490 	4491 	4540
f 4490 	4540 	4539
f 4491 	4492 	4541
f 4491 	4541 	4540
f 4492 	4493 	4542
f 4492 	4542 	4541
f 4493 	4494 	4543
f 4493 	4543 	4542
f 4494 	4495 	4544
f 4494 	4544 	4543
f 4495 	4496 	4545
f 4495 	4545 	4544
f 4496 	4497 	4546
f 4496 	4546 	4545
f 4497 	4498 	4547
f 4497 	4547 	4546
f 4498 	4499 	4548
f 4498 	4548 	4547
f 4499 	4500 	4549
f 4499 	4549 	4548
f 4500 	4501 	4550
f 4500 	4550 	4549
f 4501 	4502 	4551
f 4501 	4551 	4550
f 4502 	4503 	4552
f 4502 	4552 	4551
f 4503 	4504 	4553
f 4503 	4553 	4552
f 4504 	4505 	4554
f 4504 	4554 	4553
f 4505 	4458 	4506
f 4505 	4506 	4554
f 4506 	4507 	4507
f 4507 	4509 	4509
f 4509 	4510 	4510
f 4510 	4511 	4511
f 4511 	4512 	4512
f 4512 	4513 	4513
f 4513 	4514 	4514
f 4514 	4515 	4515
f 4515 	4516 	4516
f 4516 	4517 	4517
f 4517 	4518 	4518
f 4518 	4519 	4519
f 4519 	4520 	4520
f 4520 	4521 	4521
f 4521 	4522 	4522
f 4522 	4523 	4523
f 4523 	4524 	4524
f 4524 	4525 	4525
f 4525 	4526 	4526
f 4526 	4527 	4527
f 4527 	4528 	4528
f 4528 	4529 	4529
f 4529 	4530 	4530
f 4530 	4531 	4531
f 4531 	4532 	4532
f 4532 	4533 	4533
f 4533 	4534 	4534
f 4534 	4535 	4535
f 4535 	4536 	4536
f 4536 	4537 	4537
f 4537 	4538 	4538
f 4538 	4539 	4539
f 4539 	4540 	4540
f 4540 	4541 	4541
f 4541 	4542 	4542
f 4542 	4543 	4543
f 4543 	4544 	4544
f 4544 	4545 	4545
f 4545 	4546 	4546
f 4546 	4547 	4547
f 4547 	4548 	4548
f 4548 	4549 	4549
f 4549 	4550 	4550
f 4550 	4551 	4551
f 4551 	4552 	4552
f 4552 	4553 	4553
f 4553 	4554 	4554
f 4554 	4506 	4506
# 288 faces

 #end of obj_62

o obj_63
v -8.3044 		-5.2561 		15.8567
v -0.5202 		-5.1115 		15.3567
v -0.5168 		-5.1346 		15.361
v -0.5134 		-5.1574 		15.3737
v -0.5102 		-5.1793 		15.3947
v -0.5071 		-5.2 		15.4237
v -0.5043 		-5.2193 		15.46
v -0.5017 		-5.2367 		15.5031
v -0.4995 		-5.2519 		15.5523
v -0.4976 		-5.2648 		15.6067
v -0.496 		-5.275 		15.6653
v -0.4949 		-5.2825 		15.7273
v -0.4943 		-5.287 		15.7914
v -0.4941 		-5.2885 		15.8567
v -0.4943 		-5.287 		15.9219
v -0.4949 		-5.2825 		15.9861
v -0.496 		-5.275 		16.048
v -0.4976 		-5.2648 		16.1067
v -0.4995 		-5.2519 		16.1611
v -0.5017 		-5.2367 		16.2102
v -0.5043 		-5.2193 		16.2534
v -0.5071 		-5.2 		16.2897
v -0.5102 		-5.1793 		16.3186
v -0.5134 		-5.1574 		16.3396
v -0.5168 		-5.1346 		16.3524
v -0.5202 		-5.1115 		16.3567
v -0.5236 		-5.0884 		16.3524
v -0.527 		-5.0657 		16.3396
v -0.5302 		-5.0438 		16.3186
v -0.5333 		-5.0231 		16.2897
v -0.5362 		-5.0038 		16.2534
v -0.5387 		-4.9864 		16.2102
v -0.541 		-4.9711 		16.1611
v -0.5429 		-4.9583 		16.1067
v -0.5444 		-4.948 		16.048
v -0.5455 		-4.9406 		15.9861
v -0.5462 		-4.9361 		15.9219
v -0.5464 		-4.9346 		15.8567
v -0.5462 		-4.9361 		15.7914
v -0.5455 		-4.9406 		15.7273
v -0.5444 		-4.948 		15.6653
v -0.5429 		-4.9583 		15.6067
v -0.541 		-4.9711 		15.5523
v -0.5387 		-4.9864 		15.5031
v -0.5362 		-5.0038 		15.46
v -0.5333 		-5.0231 		15.4237
v -0.5302 		-5.0438 		15.3947
v -0.527 		-5.0657 		15.3737
v -0.5236 		-5.0884 		15.361
v -0.5202 		-5.1115 		15.8567
# 50 vertices

g group_63_16768282

usemtl color_16768282
s 0

f 4556 	4557 	4555
f 4557 	4558 	4555
f 4558 	4559 	4555
f 4559 	4560 	4555
f 4560 	4561 	4555
f 4561 	4562 	4555
f 4562 	4563 	4555
f 4563 	4564 	4555
f 4564 	4565 	4555
f 4565 	4566 	4555
f 4566 	4567 	4555
f 4567 	4568 	4555
f 4568 	4569 	4555
f 4569 	4570 	4555
f 4570 	4571 	4555
f 4571 	4572 	4555
f 4572 	4573 	4555
f 4573 	4574 	4555
f 4574 	4575 	4555
f 4575 	4576 	4555
f 4576 	4577 	4555
f 4577 	4578 	4555
f 4578 	4579 	4555
f 4579 	4580 	4555
f 4580 	4581 	4555
f 4581 	4582 	4555
f 4582 	4583 	4555
f 4583 	4584 	4555
f 4584 	4585 	4555
f 4585 	4586 	4555
f 4586 	4587 	4555
f 4587 	4588 	4555
f 4588 	4589 	4555
f 4589 	4590 	4555
f 4590 	4591 	4555
f 4591 	4592 	4555
f 4592 	4593 	4555
f 4593 	4594 	4555
f 4594 	4595 	4555
f 4595 	4596 	4555
f 4596 	4597 	4555
f 4597 	4598 	4555
f 4598 	4599 	4555
f 4599 	4600 	4555
f 4600 	4601 	4555
f 4601 	4602 	4555
f 4602 	4603 	4555
f 4603 	4556 	4555
f 4557 	4556 	4604
f 4558 	4557 	4604
f 4559 	4558 	4604
f 4560 	4559 	4604
f 4561 	4560 	4604
f 4562 	4561 	4604
f 4563 	4562 	4604
f 4564 	4563 	4604
f 4565 	4564 	4604
f 4566 	4565 	4604
f 4567 	4566 	4604
f 4568 	4567 	4604
f 4569 	4568 	4604
f 4570 	4569 	4604
f 4571 	4570 	4604
f 4572 	4571 	4604
f 4573 	4572 	4604
f 4574 	4573 	4604
f 4575 	4574 	4604
f 4576 	4575 	4604
f 4577 	4576 	4604
f 4578 	4577 	4604
f 4579 	4578 	4604
f 4580 	4579 	4604
f 4581 	4580 	4604
f 4582 	4581 	4604
f 4583 	4582 	4604
f 4584 	4583 	4604
f 4585 	4584 	4604
f 4586 	4585 	4604
f 4587 	4586 	4604
f 4588 	4587 	4604
f 4589 	4588 	4604
f 4590 	4589 	4604
f 4591 	4590 	4604
f 4592 	4591 	4604
f 4593 	4592 	4604
f 4594 	4593 	4604
f 4595 	4594 	4604
f 4596 	4595 	4604
f 4597 	4596 	4604
f 4598 	4597 	4604
f 4599 	4598 	4604
f 4600 	4599 	4604
f 4601 	4600 	4604
f 4602 	4601 	4604
f 4603 	4602 	4604
f 4556 	4603 	4604
# 96 faces

 #end of obj_63

o obj_64
v 9.9065 		-5.6939 		15.361
v 9.9031 		-5.6708 		15.3567
v 9.9031 		-5.6708 		15.8567
v 9.9099 		-5.7166 		15.3737
v 9.9131 		-5.7386 		15.3947
v 9.9162 		-5.7593 		15.4237
v 9.919 		-5.7786 		15.46
v 9.9216 		-5.796 		15.5031
v 9.9239 		-5.8112 		15.5523
v 9.9258 		-5.8241 		15.6067
v 9.9273 		-5.8343 		15.6653
v 9.9284 		-5.8418 		15.7273
v 9.929 		-5.8463 		15.7914
v 9.9293 		-5.8478 		15.8567
v 9.929 		-5.8463 		15.9219
v 9.9284 		-5.8418 		15.9861
v 9.9273 		-5.8343 		16.048
v 9.9258 		-5.8241 		16.1067
v 9.9239 		-5.8112 		16.1611
v 9.9216 		-5.796 		16.2102
v 9.919 		-5.7786 		16.2534
v 9.9162 		-5.7593 		16.2897
v 9.9131 		-5.7386 		16.3186
v 9.9099 		-5.7166 		16.3396
v 9.9065 		-5.6939 		16.3524
v 9.9031 		-5.6708 		16.3567
v 9.8997 		-5.6477 		16.3524
v 9.8963 		-5.625 		16.3396
v 9.8931 		-5.6031 		16.3186
v 9.89 		-5.5823 		16.2897
v 9.8872 		-5.5631 		16.2534
v 9.8846 		-5.5457 		16.2102
v 9.8823 		-5.5304 		16.1611
v 9.8804 		-5.5176 		16.1067
v 9.8789 		-5.5073 		16.048
v 9.8778 		-5.4999 		15.9861
v 9.8772 		-5.4954 		15.9219
v 9.8769 		-5.4939 		15.8567
v 9.8772 		-5.4954 		15.7914
v 9.8778 		-5.4999 		15.7273
v 9.8789 		-5.5073 		15.6653
v 9.8804 		-5.5176 		15.6067
v 9.8823 		-5.5304 		15.5523
v 9.8846 		-5.5457 		15.5031
v 9.8872 		-5.5631 		15.46
v 9.89 		-5.5823 		15.4237
v 9.8931 		-5.6031 		15.3947
v 9.8963 		-5.625 		15.3737
v 9.8997 		-5.6477 		15.361
v 1.7092 		-5.823 		15.3567
v 1.7126 		-5.8461 		15.361
v 1.7092 		-5.823 		15.8567
v 1.716 		-5.8688 		15.3737
v 1.7192 		-5.8908 		15.3947
v 1.7223 		-5.9115 		15.4237
v 1.7251 		-5.9308 		15.46
v 1.7277 		-5.9482 		15.5031
v 1.73 		-5.9634 		15.5523
v 1.7319 		-5.9763 		15.6067
v 1.7334 		-5.9865 		15.6653
v 1.7345 		-5.994 		15.7273
v 1.7352 		-5.9985 		15.7914
v 1.7354 		-6 		15.8567
v 1.7352 		-5.9985 		15.9219
v 1.7345 		-5.994 		15.9861
v 1.7334 		-5.9865 		16.048
v 1.7319 		-5.9763 		16.1067
v 1.73 		-5.9634 		16.1611
v 1.7277 		-5.9482 		16.2102
v 1.7251 		-5.9308 		16.2534
v 1.7223 		-5.9115 		16.2897
v 1.7192 		-5.8908 		16.3186
v 1.716 		-5.8688 		16.3396
v 1.7126 		-5.8461 		16.3524
v 1.7092 		-5.823 		16.3567
v 1.7058 		-5.7999 		16.3524
v 1.7024 		-5.7772 		16.3396
v 1.6992 		-5.7553 		16.3186
v 1.6961 		-5.7345 		16.2897
v 1.6933 		-5.7153 		16.2534
v 1.6907 		-5.6979 		16.2102
v 1.6885 		-5.6826 		16.1611
v 1.6866 		-5.6698 		16.1067
v 1.685 		-5.6595 		16.048
v 1.6839 		-5.6521 		15.9861
v 1.6833 		-5.6476 		15.9219
v 1.683 		-5.6461 		15.8567
v 1.6833 		-5.6476 		15.7914
v 1.6839 		-5.6521 		15.7273
v 1.685 		-5.6595 		15.6653
v 1.6866 		-5.6698 		15.6067
v 1.6885 		-5.6826 		15.5523
v 1.6907 		-5.6979 		15.5031
v 1.6933 		-5.7153 		15.46
v 1.6961 		-5.7345 		15.4237
v 1.6992 		-5.7553 		15.3947
v 1.7024 		-5.7772 		15.3737
v 1.7058 		-5.7999 		15.361
# 98 vertices

g group_64_16768282

usemtl color_16768282
s 0

f 4605 	4606 	4607
f 4608 	4605 	4607
f 4609 	4608 	4607
f 4610 	4609 	4607
f 4611 	4610 	4607
f 4612 	4611 	4607
f 4613 	4612 	4607
f 4614 	4613 	4607
f 4615 	4614 	4607
f 4616 	4615 	4607
f 4617 	4616 	4607
f 4618 	4617 	4607
f 4619 	4618 	4607
f 4620 	4619 	4607
f 4621 	4620 	4607
f 4622 	4621 	4607
f 4623 	4622 	4607
f 4624 	4623 	4607
f 4625 	4624 	4607
f 4626 	4625 	4607
f 4627 	4626 	4607
f 4628 	4627 	4607
f 4629 	4628 	4607
f 4630 	4629 	4607
f 4631 	4630 	4607
f 4632 	4631 	4607
f 4633 	4632 	4607
f 4634 	4633 	4607
f 4635 	4634 	4607
f 4636 	4635 	4607
f 4637 	4636 	4607
f 4638 	4637 	4607
f 4639 	4638 	4607
f 4640 	4639 	4607
f 4641 	4640 	4607
f 4642 	4641 	4607
f 4643 	4642 	4607
f 4644 	4643 	4607
f 4645 	4644 	4607
f 4646 	4645 	4607
f 4647 	4646 	4607
f 4648 	4647 	4607
f 4649 	4648 	4607
f 4650 	4649 	4607
f 4651 	4650 	4607
f 4652 	4651 	4607
f 4653 	4652 	4607
f 4606 	4653 	4607
f 4654 	4655 	4656
f 4655 	4657 	4656
f 4657 	4658 	4656
f 4658 	4659 	4656
f 4659 	4660 	4656
f 4660 	4661 	4656
f 4661 	4662 	4656
f 4662 	4663 	4656
f 4663 	4664 	4656
f 4664 	4665 	4656
f 4665 	4666 	4656
f 4666 	4667 	4656
f 4667 	4668 	4656
f 4668 	4669 	4656
f 4669 	4670 	4656
f 4670 	4671 	4656
f 4671 	4672 	4656
f 4672 	4673 	4656
f 4673 	4674 	4656
f 4674 	4675 	4656
f 4675 	4676 	4656
f 4676 	4677 	4656
f 4677 	4678 	4656
f 4678 	4679 	4656
f 4679 	4680 	4656
f 4680 	4681 	4656
f 4681 	4682 	4656
f 4682 	4683 	4656
f 4683 	4684 	4656
f 4684 	4685 	4656
f 4685 	4686 	4656
f 4686 	4687 	4656
f 4687 	4688 	4656
f 4688 	4689 	4656
f 4689 	4690 	4656
f 4690 	4691 	4656
f 4691 	4692 	4656
f 4692 	4693 	4656
f 4693 	4694 	4656
f 4694 	4695 	4656
f 4695 	4696 	4656
f 4696 	4697 	4656
f 4697 	4698 	4656
f 4698 	4699 	4656
f 4699 	4700 	4656
f 4700 	4701 	4656
f 4701 	4702 	4656
f 4702 	4654 	4656
f 4606 	4605 	4605
f 4605 	4608 	4608
f 4608 	4609 	4609
f 4609 	4610 	4610
f 4610 	4611 	4611
f 4611 	4612 	4612
f 4612 	4613 	4613
f 4613 	4614 	4614
f 4614 	4615 	4615
f 4615 	4616 	4616
f 4616 	4617 	4617
f 4617 	4618 	4618
f 4618 	4619 	4619
f 4619 	4620 	4620
f 4620 	4621 	4621
f 4621 	4622 	4622
f 4622 	4623 	4623
f 4623 	4624 	4624
f 4624 	4625 	4625
f 4625 	4626 	4626
f 4626 	4627 	4627
f 4627 	4628 	4628
f 4628 	4629 	4629
f 4629 	4630 	4630
f 4630 	4631 	4631
f 4631 	4632 	4632
f 4632 	4633 	4633
f 4633 	4634 	4634
f 4634 	4635 	4635
f 4635 	4636 	4636
f 4636 	4637 	4637
f 4637 	4638 	4638
f 4638 	4639 	4639
f 4639 	4640 	4640
f 4640 	4641 	4641
f 4641 	4642 	4642
f 4642 	4643 	4643
f 4643 	4644 	4644
f 4644 	4645 	4645
f 4645 	4646 	4646
f 4646 	4647 	4647
f 4647 	4648 	4648
f 4648 	4649 	4649
f 4649 	4650 	4650
f 4650 	4651 	4651
f 4651 	4652 	4652
f 4652 	4653 	4653
f 4653 	4606 	4606
f 4606 	4605 	4655
f 4606 	4655 	4654
f 4605 	4608 	4657
f 4605 	4657 	4655
f 4608 	4609 	4658
f 4608 	4658 	4657
f 4609 	4610 	4659
f 4609 	4659 	4658
f 4610 	4611 	4660
f 4610 	4660 	4659
f 4611 	4612 	4661
f 4611 	4661 	4660
f 4612 	4613 	4662
f 4612 	4662 	4661
f 4613 	4614 	4663
f 4613 	4663 	4662
f 4614 	4615 	4664
f 4614 	4664 	4663
f 4615 	4616 	4665
f 4615 	4665 	4664
f 4616 	4617 	4666
f 4616 	4666 	4665
f 4617 	4618 	4667
f 4617 	4667 	4666
f 4618 	4619 	4668
f 4618 	4668 	4667
f 4619 	4620 	4669
f 4619 	4669 	4668
f 4620 	4621 	4670
f 4620 	4670 	4669
f 4621 	4622 	4671
f 4621 	4671 	4670
f 4622 	4623 	4672
f 4622 	4672 	4671
f 4623 	4624 	4673
f 4623 	4673 	4672
f 4624 	4625 	4674
f 4624 	4674 	4673
f 4625 	4626 	4675
f 4625 	4675 	4674
f 4626 	4627 	4676
f 4626 	4676 	4675
f 4627 	4628 	4677
f 4627 	4677 	4676
f 4628 	4629 	4678
f 4628 	4678 	4677
f 4629 	4630 	4679
f 4629 	4679 	4678
f 4630 	4631 	4680
f 4630 	4680 	4679
f 4631 	4632 	4681
f 4631 	4681 	4680
f 4632 	4633 	4682
f 4632 	4682 	4681
f 4633 	4634 	4683
f 4633 	4683 	4682
f 4634 	4635 	4684
f 4634 	4684 	4683
f 4635 	4636 	4685
f 4635 	4685 	4684
f 4636 	4637 	4686
f 4636 	4686 	4685
f 4637 	4638 	4687
f 4637 	4687 	4686
f 4638 	4639 	4688
f 4638 	4688 	4687
f 4639 	4640 	4689
f 4639 	4689 	4688
f 4640 	4641 	4690
f 4640 	4690 	4689
f 4641 	4642 	4691
f 4641 	4691 	4690
f 4642 	4643 	4692
f 4642 	4692 	4691
f 4643 	4644 	4693
f 4643 	4693 	4692
f 4644 	4645 	4694
f 4644 	4694 	4693
f 4645 	4646 	4695
f 4645 	4695 	4694
f 4646 	4647 	4696
f 4646 	4696 	4695
f 4647 	4648 	4697
f 4647 	4697 	4696
f 4648 	4649 	4698
f 4648 	4698 	4697
f 4649 	4650 	4699
f 4649 	4699 	4698
f 4650 	4651 	4700
f 4650 	4700 	4699
f 4651 	4652 	4701
f 4651 	4701 	4700
f 4652 	4653 	4702
f 4652 	4702 	4701
f 4653 	4606 	4654
f 4653 	4654 	4702
f 4654 	4655 	4655
f 4655 	4657 	4657
f 4657 	4658 	4658
f 4658 	4659 	4659
f 4659 	4660 	4660
f 4660 	4661 	4661
f 4661 	4662 	4662
f 4662 	4663 	4663
f 4663 	4664 	4664
f 4664 	4665 	4665
f 4665 	4666 	4666
f 4666 	4667 	4667
f 4667 	4668 	4668
f 4668 	4669 	4669
f 4669 	4670 	4670
f 4670 	4671 	4671
f 4671 	4672 	4672
f 4672 	4673 	4673
f 4673 	4674 	4674
f 4674 	4675 	4675
f 4675 	4676 	4676
f 4676 	4677 	4677
f 4677 	4678 	4678
f 4678 	4679 	4679
f 4679 	4680 	4680
f 4680 	4681 	4681
f 4681 	4682 	4682
f 4682 	4683 	4683
f 4683 	4684 	4684
f 4684 	4685 	4685
f 4685 	4686 	4686
f 4686 	4687 	4687
f 4687 	4688 	4688
f 4688 	4689 	4689
f 4689 	4690 	4690
f 4690 	4691 	4691
f 4691 	4692 	4692
f 4692 	4693 	4693
f 4693 	4694 	4694
f 4694 	4695 	4695
f 4695 	4696 	4696
f 4696 	4697 	4697
f 4697 	4698 	4698
f 4698 	4699 	4699
f 4699 	4700 	4700
f 4700 	4701 	4701
f 4701 	4702 	4702
f 4702 	4654 	4654
# 288 faces

 #end of obj_64

o obj_65
v -6.075 		-5.9676 		15.8567
v 1.7092 		-5.823 		15.3567
v 1.7126 		-5.8461 		15.361
v 1.716 		-5.8688 		15.3737
v 1.7192 		-5.8908 		15.3947
v 1.7223 		-5.9115 		15.4237
v 1.7251 		-5.9308 		15.46
v 1.7277 		-5.9482 		15.5031
v 1.73 		-5.9634 		15.5523
v 1.7319 		-5.9763 		15.6067
v 1.7334 		-5.9865 		15.6653
v 1.7345 		-5.994 		15.7273
v 1.7352 		-5.9985 		15.7914
v 1.7354 		-6 		15.8567
v 1.7352 		-5.9985 		15.9219
v 1.7345 		-5.994 		15.9861
v 1.7334 		-5.9865 		16.048
v 1.7319 		-5.9763 		16.1067
v 1.73 		-5.9634 		16.1611
v 1.7277 		-5.9482 		16.2102
v 1.7251 		-5.9308 		16.2534
v 1.7223 		-5.9115 		16.2897
v 1.7192 		-5.8908 		16.3186
v 1.716 		-5.8688 		16.3396
v 1.7126 		-5.8461 		16.3524
v 1.7092 		-5.823 		16.3567
v 1.7058 		-5.7999 		16.3524
v 1.7024 		-5.7772 		16.3396
v 1.6992 		-5.7553 		16.3186
v 1.6961 		-5.7345 		16.2897
v 1.6933 		-5.7153 		16.2534
v 1.6907 		-5.6979 		16.2102
v 1.6885 		-5.6826 		16.1611
v 1.6866 		-5.6698 		16.1067
v 1.685 		-5.6595 		16.048
v 1.6839 		-5.6521 		15.9861
v 1.6833 		-5.6476 		15.9219
v 1.683 		-5.6461 		15.8567
v 1.6833 		-5.6476 		15.7914
v 1.6839 		-5.6521 		15.7273
v 1.685 		-5.6595 		15.6653
v 1.6866 		-5.6698 		15.6067
v 1.6885 		-5.6826 		15.5523
v 1.6907 		-5.6979 		15.5031
v 1.6933 		-5.7153 		15.46
v 1.6961 		-5.7345 		15.4237
v 1.6992 		-5.7553 		15.3947
v 1.7024 		-5.7772 		15.3737
v 1.7058 		-5.7999 		15.361
v 1.7092 		-5.823 		15.8567
# 50 vertices

g group_65_16768282

usemtl color_16768282
s 0

f 4704 	4705 	4703
f 4705 	4706 	4703
f 4706 	4707 	4703
f 4707 	4708 	4703
f 4708 	4709 	4703
f 4709 	4710 	4703
f 4710 	4711 	4703
f 4711 	4712 	4703
f 4712 	4713 	4703
f 4713 	4714 	4703
f 4714 	4715 	4703
f 4715 	4716 	4703
f 4716 	4717 	4703
f 4717 	4718 	4703
f 4718 	4719 	4703
f 4719 	4720 	4703
f 4720 	4721 	4703
f 4721 	4722 	4703
f 4722 	4723 	4703
f 4723 	4724 	4703
f 4724 	4725 	4703
f 4725 	4726 	4703
f 4726 	4727 	4703
f 4727 	4728 	4703
f 4728 	4729 	4703
f 4729 	4730 	4703
f 4730 	4731 	4703
f 4731 	4732 	4703
f 4732 	4733 	4703
f 4733 	4734 	4703
f 4734 	4735 	4703
f 4735 	4736 	4703
f 4736 	4737 	4703
f 4737 	4738 	4703
f 4738 	4739 	4703
f 4739 	4740 	4703
f 4740 	4741 	4703
f 4741 	4742 	4703
f 4742 	4743 	4703
f 4743 	4744 	4703
f 4744 	4745 	4703
f 4745 	4746 	4703
f 4746 	4747 	4703
f 4747 	4748 	4703
f 4748 	4749 	4703
f 4749 	4750 	4703
f 4750 	4751 	4703
f 4751 	4704 	4703
f 4705 	4704 	4752
f 4706 	4705 	4752
f 4707 	4706 	4752
f 4708 	4707 	4752
f 4709 	4708 	4752
f 4710 	4709 	4752
f 4711 	4710 	4752
f 4712 	4711 	4752
f 4713 	4712 	4752
f 4714 	4713 	4752
f 4715 	4714 	4752
f 4716 	4715 	4752
f 4717 	4716 	4752
f 4718 	4717 	4752
f 4719 	4718 	4752
f 4720 	4719 	4752
f 4721 	4720 	4752
f 4722 	4721 	4752
f 4723 	4722 	4752
f 4724 	4723 	4752
f 4725 	4724 	4752
f 4726 	4725 	4752
f 4727 	4726 	4752
f 4728 	4727 	4752
f 4729 	4728 	4752
f 4730 	4729 	4752
f 4731 	4730 	4752
f 4732 	4731 	4752
f 4733 	4732 	4752
f 4734 	4733 	4752
f 4735 	4734 	4752
f 4736 	4735 	4752
f 4737 	4736 	4752
f 4738 	4737 	4752
f 4739 	4738 	4752
f 4740 	4739 	4752
f 4741 	4740 	4752
f 4742 	4741 	4752
f 4743 	4742 	4752
f 4744 	4743 	4752
f 4745 	4744 	4752
f 4746 	4745 	4752
f 4747 	4746 	4752
f 4748 	4747 	4752
f 4749 	4748 	4752
f 4750 	4749 	4752
f 4751 	4750 	4752
f 4704 	4751 	4752
# 96 faces

 #end of obj_65

